[PMAC_HARDWARE]
Gate1AutoDetect=0x0
Gate2AutoDetect=0x0
Gate3AutoDetect=0x0
CardIOAutoDetect=0x0
CardDPRAutoDetect=0x0
Success: Loading usralgo.ko
Success: Loading RT Address of CfromScript
Success: Loading RT Address of CaptCompISR
[PMAC_CONFIG]
// *** EOF 
Successful Configuration using "/var/ftp/usrflash/Project/Configuration/pp_save.cfg"
// *** EOF 
Successful Custom Configuration using "/var/ftp/usrflash/Project/Configuration/pp_custom_save.cfg"
[PMAC_PROJECT]
Start of Project Loading using INI File: "/var/ftp/usrflash/Project/Configuration/pp_proj.ini"
Success: Loading usralgo.ko
Success: Loading RT Address of CfromScript
Success: Loading RT Address of CaptCompISR
Including Project File: /var/ftp/usrflash/Project/Configuration/pp_disable.txt 
Including Project File: /var/ftp/usrflash/Project/PMAC Script Language/Global Includes/ECATMap.pmh 
Including Project File: /var/ftp/usrflash/Project/PMAC Script Language/Global Includes/AX1515_Mapping.pmh 
Including Project File: /var/ftp/usrflash/Project/PMAC Script Language/Global Includes/H00_Setup_System.pmh 
Including Project File: /var/ftp/usrflash/Project/PMAC Script Language/Global Includes/H01_Setup_EncTable.pmh 
Including Project File: /var/ftp/usrflash/Project/PMAC Script Language/Global Includes/H02_Setup_Motor.pmh 
Including Project File: /var/ftp/usrflash/Project/PMAC Script Language/Global Includes/H03_Setup_Coord.pmh 
Including Project File: /var/ftp/usrflash/Project/PMAC Script Language/Global Includes/H04_Setup_Ecat.pmh 
Including Project File: /var/ftp/usrflash/Project/PMAC Script Language/Global Includes/H05_Setup_Gpio.pmh 
Including Project File: /var/ftp/usrflash/Project/PMAC Script Language/Global Includes/H06_Variable_Umem.pmh 
Including Project File: /var/ftp/usrflash/Project/PMAC Script Language/Global Includes/H07_Variable_UmemArray.pmh 
Including Project File: /var/ftp/usrflash/Project/PMAC Script Language/Global Includes/H08_Variable_Prog.pmh 
Including Project File: /var/ftp/usrflash/Project/PMAC Script Language/Global Includes/H09_Kinematics.pmh 
Including Project File: /var/ftp/usrflash/Project/PMAC Script Language/Global Includes/H10_Nc.pmh 
Including Project File: /var/ftp/usrflash/Project/PMAC Script Language/Kinematic Routines/Forward1.kin 
Including Project File: /var/ftp/usrflash/Project/PMAC Script Language/Kinematic Routines/Inverse1.kin 
Including Project File: /var/ftp/usrflash/Project/PMAC Script Language/Kinematic Routines/Forward2.kin 
Including Project File: /var/ftp/usrflash/Project/PMAC Script Language/Kinematic Routines/Inverse2.kin 
Including Project File: /var/ftp/usrflash/Project/PMAC Script Language/Kinematic Routines/Forward3.kin 
Including Project File: /var/ftp/usrflash/Project/PMAC Script Language/Kinematic Routines/Inverse3.kin 
Including Project File: /var/ftp/usrflash/Project/PMAC Script Language/Libraries/timer.pmc 
Including Project File: /var/ftp/usrflash/Project/PMAC Script Language/Libraries/SPG_Gcode.pmc 
Including Project File: /var/ftp/usrflash/Project/PMAC Script Language/Libraries/SPG_Mcode.pmc 
Including Project File: /var/ftp/usrflash/Project/PMAC Script Language/Libraries/SPG_InitMotor.pmc 
Including Project File: /var/ftp/usrflash/Project/PMAC Script Language/Libraries/SPG_InitScanner.pmc 
Including Project File: /var/ftp/usrflash/Project/PMAC Script Language/Libraries/SPG_InitECylinder.pmc 
Including Project File: /var/ftp/usrflash/Project/PMAC Script Language/Libraries/SPG_InitRequest.pmc 
Including Project File: /var/ftp/usrflash/Project/PMAC Script Language/Libraries/SPG_InitSeqParam.pmc 
Including Project File: /var/ftp/usrflash/Project/PMAC Script Language/Libraries/SPG_SetDefaultParam.pmc 
Including Project File: /var/ftp/usrflash/Project/PMAC Script Language/Libraries/SPG_SetEquOut.pmc 
Including Project File: /var/ftp/usrflash/Project/PMAC Script Language/Libraries/SPG_SetWsLdParam.pmc 
Including Project File: /var/ftp/usrflash/Project/PMAC Script Language/Libraries/SPG_SetWsRdParam.pmc 
Including Project File: /var/ftp/usrflash/Project/PMAC Script Language/Libraries/SPG_SetWsWdParam.pmc 
Including Project File: /var/ftp/usrflash/Project/PMAC Script Language/Libraries/SPG_SetWsWtParam.pmc 
Including Project File: /var/ftp/usrflash/Project/PMAC Script Language/Libraries/SPG_SetWsUdParam.pmc 
Including Project File: /var/ftp/usrflash/Project/PMAC Script Language/Libraries/SPG_SetWsRjParam.pmc 
Including Project File: /var/ftp/usrflash/Project/PMAC Script Language/Libraries/SPG_SetVsLdParam.pmc 
Including Project File: /var/ftp/usrflash/Project/PMAC Script Language/Libraries/SPG_SetVsRdParam.pmc 
Including Project File: /var/ftp/usrflash/Project/PMAC Script Language/Libraries/SPG_SetVsVnParam.pmc 
Including Project File: /var/ftp/usrflash/Project/PMAC Script Language/Libraries/SPG_SetVsWtParam.pmc 
Including Project File: /var/ftp/usrflash/Project/PMAC Script Language/Libraries/SPG_SetVsUdParam.pmc 
Including Project File: /var/ftp/usrflash/Project/PMAC Script Language/Libraries/SPG_SetVsRjParam.pmc 
Including Project File: /var/ftp/usrflash/Project/PMAC Script Language/Libraries/SPG_AbortWsHomeSeq.pmc 
Including Project File: /var/ftp/usrflash/Project/PMAC Script Language/Libraries/SPG_AbortVsHomeSeq.pmc 
Including Project File: /var/ftp/usrflash/Project/PMAC Script Language/Motion Programs/PRG01_Test1.pmc 
Including Project File: /var/ftp/usrflash/Project/PMAC Script Language/Motion Programs/PRG02_Test2.pmc 
Including Project File: /var/ftp/usrflash/Project/PMAC Script Language/Motion Programs/PRG03_Test3.pmc 
Including Project File: /var/ftp/usrflash/Project/PMAC Script Language/Motion Programs/PRG04_Test4.pmc 
Including Project File: /var/ftp/usrflash/Project/PMAC Script Language/Motion Programs/PRG05_Test5.pmc 
Including Project File: /var/ftp/usrflash/Project/PMAC Script Language/Motion Programs/PRG19_Zero.pmc 
Including Project File: /var/ftp/usrflash/Project/PMAC Script Language/Motion Programs/PRG20_Welding.pmc 
Including Project File: /var/ftp/usrflash/Project/PMAC Script Language/Motion Programs/PRG21_Circle.pmc 
Including Project File: /var/ftp/usrflash/Project/PMAC Script Language/Motion Programs/PRG22_SnowMan.pmc 
Including Project File: /var/ftp/usrflash/Project/PMAC Script Language/Motion Programs/PRG23_ButterFly.pmc 
Including Project File: /var/ftp/usrflash/Project/PMAC Script Language/Motion Programs/PRG24_Column.pmc 
Including Project File: /var/ftp/usrflash/Project/PMAC Script Language/Motion Programs/PRG25_Row.pmc 
Including Project File: /var/ftp/usrflash/Project/PMAC Script Language/Motion Programs/PRG30_Vision.pmc 
Including Project File: /var/ftp/usrflash/Project/PMAC Script Language/Motion Programs/PRG50_Test.pmc 
Including Project File: /var/ftp/usrflash/Project/PMAC Script Language/PLC Programs/PLC00_RTI.plc 
Including Project File: /var/ftp/usrflash/Project/PMAC Script Language/PLC Programs/PLC01_Init.plc 
Including Project File: /var/ftp/usrflash/Project/PMAC Script Language/PLC Programs/PLC02_Sta.plc 
Including Project File: /var/ftp/usrflash/Project/PMAC Script Language/PLC Programs/PLC03_Cmd.plc 
Including Project File: /var/ftp/usrflash/Project/PMAC Script Language/PLC Programs/PLC04_Safety.plc 
Including Project File: /var/ftp/usrflash/Project/PMAC Script Language/PLC Programs/PLC05_Ecat.plc 
Including Project File: /var/ftp/usrflash/Project/PMAC Script Language/PLC Programs/PLC06_IoCom.plc 
Including Project File: /var/ftp/usrflash/Project/PMAC Script Language/PLC Programs/PLC10_Home.plc 
Including Project File: /var/ftp/usrflash/Project/PMAC Script Language/PLC Programs/PLC11_Jog.plc 
Including Project File: /var/ftp/usrflash/Project/PMAC Script Language/PLC Programs/PLC12_SeqMc.plc 
Including Project File: /var/ftp/usrflash/Project/PMAC Script Language/PLC Programs/PLC13_SeqWs.plc 
Including Project File: /var/ftp/usrflash/Project/PMAC Script Language/PLC Programs/PLC14_SeqVs.plc 
Including Project File: /var/ftp/usrflash/Project/PMAC Script Language/PLC Programs/PLC20_Cylinder.plc 
Including Project File: /var/ftp/usrflash/Project/PMAC Script Language/PLC Programs/PLC21_TestShot.plc 
Including Project File: /var/ftp/usrflash/Project/PMAC Script Language/PLC Programs/PLC22_InitIo.plc 
Including Project File: /var/ftp/usrflash/Project/PMAC Script Language/PLC Programs/PLC23_InitLaser.plc 
Including Project File: /var/ftp/usrflash/Project/PMAC Script Language/PLC Programs/PLC24_Cover.plc 
Including Project File: /var/ftp/usrflash/Project/PMAC Script Language/PLC Programs/PLC28_Test.plc 
Including Project File: /var/ftp/usrflash/Project/PMAC Script Language/PLC Programs/PLC29_Buf.plc 
Including Project File: /var/ftp/usrflash/Project/PMAC Script Language/PLC Programs/PLC30_Test.plc 
Including Project File: /var/ftp/usrflash/Project/PMAC Script Language/PLC Programs/PLC31_ReqSim.plc 
Including Project File: /var/ftp/usrflash/Project/Configuration/pp_startup.txt 
3251 Project Symbols were created for gpascii -2 communication
Status: Successful load of preprocessed File: "/var/ftp/usrflash/Temp/pp_proj.pma"
[PMAC_PROJECT]
Start of Project Loading using INI File: "/var/ftp/usrflash/Project/Configuration/pp_proj.ini"
Including Project File: /var/ftp/usrflash/Project/Configuration/pp_disable.txt 
Including Project File: /var/ftp/usrflash/Project/PMAC Script Language/Global Includes/ECATMap.pmh 
Including Project File: /var/ftp/usrflash/Project/PMAC Script Language/Global Includes/AX1515_Mapping.pmh 
Including Project File: /var/ftp/usrflash/Project/PMAC Script Language/Global Includes/H00_Setup_System.pmh 
Including Project File: /var/ftp/usrflash/Project/PMAC Script Language/Global Includes/H01_Setup_EncTable.pmh 
Including Project File: /var/ftp/usrflash/Project/PMAC Script Language/Global Includes/H02_Setup_Motor.pmh 
Including Project File: /var/ftp/usrflash/Project/PMAC Script Language/Global Includes/H03_Setup_Coord.pmh 
Including Project File: /var/ftp/usrflash/Project/PMAC Script Language/Global Includes/H04_Setup_Ecat.pmh 
Including Project File: /var/ftp/usrflash/Project/PMAC Script Language/Global Includes/H05_Setup_Gpio.pmh 
Including Project File: /var/ftp/usrflash/Project/PMAC Script Language/Global Includes/H06_Variable_Umem.pmh 
Including Project File: /var/ftp/usrflash/Project/PMAC Script Language/Global Includes/H07_Variable_UmemArray.pmh 
Including Project File: /var/ftp/usrflash/Project/PMAC Script Language/Global Includes/H08_Variable_Prog.pmh 
Including Project File: /var/ftp/usrflash/Project/PMAC Script Language/Global Includes/H09_Kinematics.pmh 
Including Project File: /var/ftp/usrflash/Project/PMAC Script Language/Global Includes/H10_Nc.pmh 
Including Project File: /var/ftp/usrflash/Project/PMAC Script Language/Kinematic Routines/Forward1.kin 
Including Project File: /var/ftp/usrflash/Project/PMAC Script Language/Kinematic Routines/Inverse1.kin 
Including Project File: /var/ftp/usrflash/Project/PMAC Script Language/Kinematic Routines/Forward2.kin 
Including Project File: /var/ftp/usrflash/Project/PMAC Script Language/Kinematic Routines/Inverse2.kin 
Including Project File: /var/ftp/usrflash/Project/PMAC Script Language/Kinematic Routines/Forward3.kin 
Including Project File: /var/ftp/usrflash/Project/PMAC Script Language/Kinematic Routines/Inverse3.kin 
Including Project File: /var/ftp/usrflash/Project/PMAC Script Language/Libraries/timer.pmc 
Including Project File: /var/ftp/usrflash/Project/PMAC Script Language/Libraries/SPG_Gcode.pmc 
Including Project File: /var/ftp/usrflash/Project/PMAC Script Language/Libraries/SPG_Mcode.pmc 
Including Project File: /var/ftp/usrflash/Project/PMAC Script Language/Libraries/SPG_InitMotor.pmc 
Including Project File: /var/ftp/usrflash/Project/PMAC Script Language/Libraries/SPG_InitScanner.pmc 
Including Project File: /var/ftp/usrflash/Project/PMAC Script Language/Libraries/SPG_InitECylinder.pmc 
Including Project File: /var/ftp/usrflash/Project/PMAC Script Language/Libraries/SPG_InitRequest.pmc 
Including Project File: /var/ftp/usrflash/Project/PMAC Script Language/Libraries/SPG_InitSeqParam.pmc 
Including Project File: /var/ftp/usrflash/Project/PMAC Script Language/Libraries/SPG_SetDefaultParam.pmc 
Including Project File: /var/ftp/usrflash/Project/PMAC Script Language/Libraries/SPG_SetEquOut.pmc 
Including Project File: /var/ftp/usrflash/Project/PMAC Script Language/Libraries/SPG_SetWsLdParam.pmc 
Including Project File: /var/ftp/usrflash/Project/PMAC Script Language/Libraries/SPG_SetWsRdParam.pmc 
Including Project File: /var/ftp/usrflash/Project/PMAC Script Language/Libraries/SPG_SetWsWdParam.pmc 
Including Project File: /var/ftp/usrflash/Project/PMAC Script Language/Libraries/SPG_SetWsWtParam.pmc 
Including Project File: /var/ftp/usrflash/Project/PMAC Script Language/Libraries/SPG_SetWsUdParam.pmc 
Including Project File: /var/ftp/usrflash/Project/PMAC Script Language/Libraries/SPG_SetWsRjParam.pmc 
Including Project File: /var/ftp/usrflash/Project/PMAC Script Language/Libraries/SPG_SetVsLdParam.pmc 
Including Project File: /var/ftp/usrflash/Project/PMAC Script Language/Libraries/SPG_SetVsRdParam.pmc 
Including Project File: /var/ftp/usrflash/Project/PMAC Script Language/Libraries/SPG_SetVsVnParam.pmc 
Including Project File: /var/ftp/usrflash/Project/PMAC Script Language/Libraries/SPG_SetVsWtParam.pmc 
Including Project File: /var/ftp/usrflash/Project/PMAC Script Language/Libraries/SPG_SetVsUdParam.pmc 
Including Project File: /var/ftp/usrflash/Project/PMAC Script Language/Libraries/SPG_SetVsRjParam.pmc 
Including Project File: /var/ftp/usrflash/Project/PMAC Script Language/Libraries/SPG_AbortWsHomeSeq.pmc 
Including Project File: /var/ftp/usrflash/Project/PMAC Script Language/Libraries/SPG_AbortVsHomeSeq.pmc 
Including Project File: /var/ftp/usrflash/Project/PMAC Script Language/Motion Programs/PRG01_Test1.pmc 
Including Project File: /var/ftp/usrflash/Project/PMAC Script Language/Motion Programs/PRG02_Test2.pmc 
Including Project File: /var/ftp/usrflash/Project/PMAC Script Language/Motion Programs/PRG03_Test3.pmc 
Including Project File: /var/ftp/usrflash/Project/PMAC Script Language/Motion Programs/PRG04_Test4.pmc 
Including Project File: /var/ftp/usrflash/Project/PMAC Script Language/Motion Programs/PRG05_Test5.pmc 
Including Project File: /var/ftp/usrflash/Project/PMAC Script Language/Motion Programs/PRG19_Zero.pmc 
Including Project File: /var/ftp/usrflash/Project/PMAC Script Language/Motion Programs/PRG20_Welding.pmc 
Including Project File: /var/ftp/usrflash/Project/PMAC Script Language/Motion Programs/PRG21_Circle.pmc 
Including Project File: /var/ftp/usrflash/Project/PMAC Script Language/Motion Programs/PRG22_SnowMan.pmc 
Including Project File: /var/ftp/usrflash/Project/PMAC Script Language/Motion Programs/PRG23_ButterFly.pmc 
Including Project File: /var/ftp/usrflash/Project/PMAC Script Language/Motion Programs/PRG24_Column.pmc 
Including Project File: /var/ftp/usrflash/Project/PMAC Script Language/Motion Programs/PRG25_Row.pmc 
Including Project File: /var/ftp/usrflash/Project/PMAC Script Language/Motion Programs/PRG30_Vision.pmc 
Including Project File: /var/ftp/usrflash/Project/PMAC Script Language/Motion Programs/PRG50_Test.pmc 
Including Project File: /var/ftp/usrflash/Project/PMAC Script Language/PLC Programs/PLC00_RTI.plc 
Including Project File: /var/ftp/usrflash/Project/PMAC Script Language/PLC Programs/PLC01_Init.plc 
Including Project File: /var/ftp/usrflash/Project/PMAC Script Language/PLC Programs/PLC02_Sta.plc 
Including Project File: /var/ftp/usrflash/Project/PMAC Script Language/PLC Programs/PLC03_Cmd.plc 
Including Project File: /var/ftp/usrflash/Project/PMAC Script Language/PLC Programs/PLC04_Safety.plc 
Including Project File: /var/ftp/usrflash/Project/PMAC Script Language/PLC Programs/PLC05_Ecat.plc 
Including Project File: /var/ftp/usrflash/Project/PMAC Script Language/PLC Programs/PLC06_IoCom.plc 
Including Project File: /var/ftp/usrflash/Project/PMAC Script Language/PLC Programs/PLC10_Home.plc 
Including Project File: /var/ftp/usrflash/Project/PMAC Script Language/PLC Programs/PLC11_Jog.plc 
Including Project File: /var/ftp/usrflash/Project/PMAC Script Language/PLC Programs/PLC12_SeqMc.plc 
Including Project File: /var/ftp/usrflash/Project/PMAC Script Language/PLC Programs/PLC13_SeqWs.plc 
Including Project File: /var/ftp/usrflash/Project/PMAC Script Language/PLC Programs/PLC14_SeqVs.plc 
Including Project File: /var/ftp/usrflash/Project/PMAC Script Language/PLC Programs/PLC20_Cylinder.plc 
Including Project File: /var/ftp/usrflash/Project/PMAC Script Language/PLC Programs/PLC21_TestShot.plc 
Including Project File: /var/ftp/usrflash/Project/PMAC Script Language/PLC Programs/PLC22_InitIo.plc 
Including Project File: /var/ftp/usrflash/Project/PMAC Script Language/PLC Programs/PLC23_InitLaser.plc 
Including Project File: /var/ftp/usrflash/Project/PMAC Script Language/PLC Programs/PLC24_Cover.plc 
Including Project File: /var/ftp/usrflash/Project/PMAC Script Language/PLC Programs/PLC28_Test.plc 
Including Project File: /var/ftp/usrflash/Project/PMAC Script Language/PLC Programs/PLC29_Buf.plc 
Including Project File: /var/ftp/usrflash/Project/PMAC Script Language/PLC Programs/PLC30_Test.plc 
Including Project File: /var/ftp/usrflash/Project/PMAC Script Language/PLC Programs/PLC31_ReqSim.plc 
Including Project File: /var/ftp/usrflash/Project/Configuration/pp_startup.txt 
3251 Project Symbols were created for gpascii -2 communication
[PMAC_PROJECT]
Start of Project Loading using INI File: "/var/ftp/usrflash/Project/Configuration/pp_proj.ini"
Success: Loading usralgo.ko
Success: Loading RT Address of CfromScript
Success: Loading RT Address of CaptCompISR
LoadRTUserCode() Delta Time (sec) = 2.554323
Including Project File: /var/ftp/usrflash/Project/Configuration/pp_disable.txt 
Including Project File: /var/ftp/usrflash/Project/PMAC Script Language/Global Includes/ECATMap.pmh 
Including Project File: /var/ftp/usrflash/Project/PMAC Script Language/Global Includes/AX1515_Mapping.pmh 
Including Project File: /var/ftp/usrflash/Project/PMAC Script Language/Global Includes/H00_Setup_System.pmh 
Including Project File: /var/ftp/usrflash/Project/PMAC Script Language/Global Includes/H01_Setup_EncTable.pmh 
Including Project File: /var/ftp/usrflash/Project/PMAC Script Language/Global Includes/H02_Setup_Motor.pmh 
Including Project File: /var/ftp/usrflash/Project/PMAC Script Language/Global Includes/H03_Setup_Coord.pmh 
Including Project File: /var/ftp/usrflash/Project/PMAC Script Language/Global Includes/H04_Setup_Ecat.pmh 
Including Project File: /var/ftp/usrflash/Project/PMAC Script Language/Global Includes/H05_Setup_Gpio.pmh 
Including Project File: /var/ftp/usrflash/Project/PMAC Script Language/Global Includes/H06_Variable_Umem.pmh 
Including Project File: /var/ftp/usrflash/Project/PMAC Script Language/Global Includes/H07_Variable_UmemArray.pmh 
Including Project File: /var/ftp/usrflash/Project/PMAC Script Language/Global Includes/H08_Variable_Prog.pmh 
Including Project File: /var/ftp/usrflash/Project/PMAC Script Language/Global Includes/H09_Kinematics.pmh 
Including Project File: /var/ftp/usrflash/Project/PMAC Script Language/Global Includes/H10_Nc.pmh 
Including Project File: /var/ftp/usrflash/Project/PMAC Script Language/Kinematic Routines/Forward1.kin 
Including Project File: /var/ftp/usrflash/Project/PMAC Script Language/Kinematic Routines/Inverse1.kin 
Including Project File: /var/ftp/usrflash/Project/PMAC Script Language/Kinematic Routines/Forward2.kin 
Including Project File: /var/ftp/usrflash/Project/PMAC Script Language/Kinematic Routines/Inverse2.kin 
Including Project File: /var/ftp/usrflash/Project/PMAC Script Language/Kinematic Routines/Forward3.kin 
Including Project File: /var/ftp/usrflash/Project/PMAC Script Language/Kinematic Routines/Inverse3.kin 
Including Project File: /var/ftp/usrflash/Project/PMAC Script Language/Libraries/timer.pmc 
Including Project File: /var/ftp/usrflash/Project/PMAC Script Language/Libraries/SPG_Gcode.pmc 
Including Project File: /var/ftp/usrflash/Project/PMAC Script Language/Libraries/SPG_Mcode.pmc 
Including Project File: /var/ftp/usrflash/Project/PMAC Script Language/Libraries/SPG_InitMotor.pmc 
Including Project File: /var/ftp/usrflash/Project/PMAC Script Language/Libraries/SPG_InitScanner.pmc 
Including Project File: /var/ftp/usrflash/Project/PMAC Script Language/Libraries/SPG_InitECylinder.pmc 
Including Project File: /var/ftp/usrflash/Project/PMAC Script Language/Libraries/SPG_InitRequest.pmc 
Including Project File: /var/ftp/usrflash/Project/PMAC Script Language/Libraries/SPG_InitSeqParam.pmc 
Including Project File: /var/ftp/usrflash/Project/PMAC Script Language/Libraries/SPG_SetDefaultParam.pmc 
Including Project File: /var/ftp/usrflash/Project/PMAC Script Language/Libraries/SPG_SetEquOut.pmc 
Including Project File: /var/ftp/usrflash/Project/PMAC Script Language/Libraries/SPG_SetWsLdParam.pmc 
Including Project File: /var/ftp/usrflash/Project/PMAC Script Language/Libraries/SPG_SetWsRdParam.pmc 
Including Project File: /var/ftp/usrflash/Project/PMAC Script Language/Libraries/SPG_SetWsWdParam.pmc 
Including Project File: /var/ftp/usrflash/Project/PMAC Script Language/Libraries/SPG_SetWsWtParam.pmc 
Including Project File: /var/ftp/usrflash/Project/PMAC Script Language/Libraries/SPG_SetWsUdParam.pmc 
Including Project File: /var/ftp/usrflash/Project/PMAC Script Language/Libraries/SPG_SetWsRjParam.pmc 
Including Project File: /var/ftp/usrflash/Project/PMAC Script Language/Libraries/SPG_SetVsLdParam.pmc 
Including Project File: /var/ftp/usrflash/Project/PMAC Script Language/Libraries/SPG_SetVsRdParam.pmc 
Including Project File: /var/ftp/usrflash/Project/PMAC Script Language/Libraries/SPG_SetVsVnParam.pmc 
Including Project File: /var/ftp/usrflash/Project/PMAC Script Language/Libraries/SPG_SetVsWtParam.pmc 
Including Project File: /var/ftp/usrflash/Project/PMAC Script Language/Libraries/SPG_SetVsUdParam.pmc 
Including Project File: /var/ftp/usrflash/Project/PMAC Script Language/Libraries/SPG_SetVsRjParam.pmc 
Including Project File: /var/ftp/usrflash/Project/PMAC Script Language/Libraries/SPG_AbortWsHomeSeq.pmc 
Including Project File: /var/ftp/usrflash/Project/PMAC Script Language/Libraries/SPG_AbortVsHomeSeq.pmc 
Including Project File: /var/ftp/usrflash/Project/PMAC Script Language/Motion Programs/PRG01_Test1.pmc 
Including Project File: /var/ftp/usrflash/Project/PMAC Script Language/Motion Programs/PRG02_Test2.pmc 
Including Project File: /var/ftp/usrflash/Project/PMAC Script Language/Motion Programs/PRG03_Test3.pmc 
Including Project File: /var/ftp/usrflash/Project/PMAC Script Language/Motion Programs/PRG04_Test4.pmc 
Including Project File: /var/ftp/usrflash/Project/PMAC Script Language/Motion Programs/PRG05_Test5.pmc 
Including Project File: /var/ftp/usrflash/Project/PMAC Script Language/Motion Programs/PRG19_Zero.pmc 
Including Project File: /var/ftp/usrflash/Project/PMAC Script Language/Motion Programs/PRG20_Welding.pmc 
Including Project File: /var/ftp/usrflash/Project/PMAC Script Language/Motion Programs/PRG21_Circle.pmc 
Including Project File: /var/ftp/usrflash/Project/PMAC Script Language/Motion Programs/PRG22_SnowMan.pmc 
Including Project File: /var/ftp/usrflash/Project/PMAC Script Language/Motion Programs/PRG23_ButterFly.pmc 
Including Project File: /var/ftp/usrflash/Project/PMAC Script Language/Motion Programs/PRG24_Column.pmc 
Including Project File: /var/ftp/usrflash/Project/PMAC Script Language/Motion Programs/PRG25_Row.pmc 
Including Project File: /var/ftp/usrflash/Project/PMAC Script Language/Motion Programs/PRG30_Vision.pmc 
Including Project File: /var/ftp/usrflash/Project/PMAC Script Language/Motion Programs/PRG50_Test.pmc 
Including Project File: /var/ftp/usrflash/Project/PMAC Script Language/PLC Programs/PLC00_RTI.plc 
Including Project File: /var/ftp/usrflash/Project/PMAC Script Language/PLC Programs/PLC01_Init.plc 
Including Project File: /var/ftp/usrflash/Project/PMAC Script Language/PLC Programs/PLC02_Sta.plc 
Including Project File: /var/ftp/usrflash/Project/PMAC Script Language/PLC Programs/PLC03_Cmd.plc 
Including Project File: /var/ftp/usrflash/Project/PMAC Script Language/PLC Programs/PLC04_Safety.plc 
Including Project File: /var/ftp/usrflash/Project/PMAC Script Language/PLC Programs/PLC05_Ecat.plc 
Including Project File: /var/ftp/usrflash/Project/PMAC Script Language/PLC Programs/PLC06_IoCom.plc 
Including Project File: /var/ftp/usrflash/Project/PMAC Script Language/PLC Programs/PLC10_Home.plc 
Including Project File: /var/ftp/usrflash/Project/PMAC Script Language/PLC Programs/PLC11_Jog.plc 
Including Project File: /var/ftp/usrflash/Project/PMAC Script Language/PLC Programs/PLC12_SeqMc.plc 
Including Project File: /var/ftp/usrflash/Project/PMAC Script Language/PLC Programs/PLC13_SeqWs.plc 
Including Project File: /var/ftp/usrflash/Project/PMAC Script Language/PLC Programs/PLC14_SeqVs.plc 
Including Project File: /var/ftp/usrflash/Project/PMAC Script Language/PLC Programs/PLC20_Cylinder.plc 
Including Project File: /var/ftp/usrflash/Project/PMAC Script Language/PLC Programs/PLC21_TestShot.plc 
Including Project File: /var/ftp/usrflash/Project/PMAC Script Language/PLC Programs/PLC22_InitIo.plc 
Including Project File: /var/ftp/usrflash/Project/PMAC Script Language/PLC Programs/PLC23_InitLaser.plc 
Including Project File: /var/ftp/usrflash/Project/PMAC Script Language/PLC Programs/PLC24_Cover.plc 
Including Project File: /var/ftp/usrflash/Project/PMAC Script Language/PLC Programs/PLC28_Test.plc 
Including Project File: /var/ftp/usrflash/Project/PMAC Script Language/PLC Programs/PLC29_Buf.plc 
Including Project File: /var/ftp/usrflash/Project/PMAC Script Language/PLC Programs/PLC30_Test.plc 
Including Project File: /var/ftp/usrflash/Project/PMAC Script Language/PLC Programs/PLC31_ReqSim.plc 
Including Project File: /var/ftp/usrflash/Project/Configuration/pp_startup.txt 
Status: Pass 1 Create debug file, #defines, *.h & .sym files, Time (sec) = 1.472598
Status: Pass 2 Verify prog calls, local stack & labels, Time (sec)  = 0.724781
3251 Project Symbols were created for gpascii -2 communication
Status: Create PPMAC Symbol Table & Run CPP Time (sec) = 4.068705
Status: Successful load of preprocessed File: "/var/ftp/usrflash/Temp/pp_proj.pma"
Status: Download to PPMAC Command Processor, Time (sec) = 0.850372
Status: Final pp_proj.h & Run Background C Apps, Time (sec) = 0.471621
Project Preprocessing & Load Total Time (sec) = 10.142665
[PMAC_PROJECT]
Start of Project Loading using INI File: "/var/ftp/usrflash/Project/Configuration/pp_proj.ini"
Including Project File: /var/ftp/usrflash/Project/Configuration/pp_disable.txt 
Including Project File: /var/ftp/usrflash/Project/PMAC Script Language/Global Includes/ECATMap.pmh 
Including Project File: /var/ftp/usrflash/Project/PMAC Script Language/Global Includes/AX1515_Mapping.pmh 
Including Project File: /var/ftp/usrflash/Project/PMAC Script Language/Global Includes/H00_Setup_System.pmh 
Including Project File: /var/ftp/usrflash/Project/PMAC Script Language/Global Includes/H01_Setup_EncTable.pmh 
Including Project File: /var/ftp/usrflash/Project/PMAC Script Language/Global Includes/H02_Setup_Motor.pmh 
Including Project File: /var/ftp/usrflash/Project/PMAC Script Language/Global Includes/H03_Setup_Coord.pmh 
Including Project File: /var/ftp/usrflash/Project/PMAC Script Language/Global Includes/H04_Setup_Ecat.pmh 
Including Project File: /var/ftp/usrflash/Project/PMAC Script Language/Global Includes/H05_Setup_Gpio.pmh 
Including Project File: /var/ftp/usrflash/Project/PMAC Script Language/Global Includes/H06_Variable_Umem.pmh 
Including Project File: /var/ftp/usrflash/Project/PMAC Script Language/Global Includes/H07_Variable_UmemArray.pmh 
Including Project File: /var/ftp/usrflash/Project/PMAC Script Language/Global Includes/H08_Variable_Prog.pmh 
Including Project File: /var/ftp/usrflash/Project/PMAC Script Language/Global Includes/H09_Kinematics.pmh 
Including Project File: /var/ftp/usrflash/Project/PMAC Script Language/Global Includes/H10_Nc.pmh 
Including Project File: /var/ftp/usrflash/Project/PMAC Script Language/Kinematic Routines/Forward1.kin 
Including Project File: /var/ftp/usrflash/Project/PMAC Script Language/Kinematic Routines/Inverse1.kin 
Including Project File: /var/ftp/usrflash/Project/PMAC Script Language/Kinematic Routines/Forward2.kin 
Including Project File: /var/ftp/usrflash/Project/PMAC Script Language/Kinematic Routines/Inverse2.kin 
Including Project File: /var/ftp/usrflash/Project/PMAC Script Language/Kinematic Routines/Forward3.kin 
Including Project File: /var/ftp/usrflash/Project/PMAC Script Language/Kinematic Routines/Inverse3.kin 
Including Project File: /var/ftp/usrflash/Project/PMAC Script Language/Libraries/timer.pmc 
Including Project File: /var/ftp/usrflash/Project/PMAC Script Language/Libraries/SPG_Gcode.pmc 
Including Project File: /var/ftp/usrflash/Project/PMAC Script Language/Libraries/SPG_Mcode.pmc 
Including Project File: /var/ftp/usrflash/Project/PMAC Script Language/Libraries/SPG_InitMotor.pmc 
Including Project File: /var/ftp/usrflash/Project/PMAC Script Language/Libraries/SPG_InitScanner.pmc 
Including Project File: /var/ftp/usrflash/Project/PMAC Script Language/Libraries/SPG_InitECylinder.pmc 
Including Project File: /var/ftp/usrflash/Project/PMAC Script Language/Libraries/SPG_InitRequest.pmc 
Including Project File: /var/ftp/usrflash/Project/PMAC Script Language/Libraries/SPG_InitSeqParam.pmc 
Including Project File: /var/ftp/usrflash/Project/PMAC Script Language/Libraries/SPG_SetDefaultParam.pmc 
Including Project File: /var/ftp/usrflash/Project/PMAC Script Language/Libraries/SPG_SetEquOut.pmc 
Including Project File: /var/ftp/usrflash/Project/PMAC Script Language/Libraries/SPG_SetWsLdParam.pmc 
Including Project File: /var/ftp/usrflash/Project/PMAC Script Language/Libraries/SPG_SetWsRdParam.pmc 
Including Project File: /var/ftp/usrflash/Project/PMAC Script Language/Libraries/SPG_SetWsWdParam.pmc 
Including Project File: /var/ftp/usrflash/Project/PMAC Script Language/Libraries/SPG_SetWsWtParam.pmc 
Including Project File: /var/ftp/usrflash/Project/PMAC Script Language/Libraries/SPG_SetWsUdParam.pmc 
Including Project File: /var/ftp/usrflash/Project/PMAC Script Language/Libraries/SPG_SetWsRjParam.pmc 
Including Project File: /var/ftp/usrflash/Project/PMAC Script Language/Libraries/SPG_SetVsLdParam.pmc 
Including Project File: /var/ftp/usrflash/Project/PMAC Script Language/Libraries/SPG_SetVsRdParam.pmc 
Including Project File: /var/ftp/usrflash/Project/PMAC Script Language/Libraries/SPG_SetVsVnParam.pmc 
Including Project File: /var/ftp/usrflash/Project/PMAC Script Language/Libraries/SPG_SetVsWtParam.pmc 
Including Project File: /var/ftp/usrflash/Project/PMAC Script Language/Libraries/SPG_SetVsUdParam.pmc 
Including Project File: /var/ftp/usrflash/Project/PMAC Script Language/Libraries/SPG_SetVsRjParam.pmc 
Including Project File: /var/ftp/usrflash/Project/PMAC Script Language/Libraries/SPG_AbortWsHomeSeq.pmc 
Including Project File: /var/ftp/usrflash/Project/PMAC Script Language/Libraries/SPG_AbortVsHomeSeq.pmc 
Including Project File: /var/ftp/usrflash/Project/PMAC Script Language/Motion Programs/PRG01_Test1.pmc 
Including Project File: /var/ftp/usrflash/Project/PMAC Script Language/Motion Programs/PRG02_Test2.pmc 
Including Project File: /var/ftp/usrflash/Project/PMAC Script Language/Motion Programs/PRG03_Test3.pmc 
Including Project File: /var/ftp/usrflash/Project/PMAC Script Language/Motion Programs/PRG04_Test4.pmc 
Including Project File: /var/ftp/usrflash/Project/PMAC Script Language/Motion Programs/PRG05_Test5.pmc 
Including Project File: /var/ftp/usrflash/Project/PMAC Script Language/Motion Programs/PRG19_Zero.pmc 
Including Project File: /var/ftp/usrflash/Project/PMAC Script Language/Motion Programs/PRG20_Welding.pmc 
Including Project File: /var/ftp/usrflash/Project/PMAC Script Language/Motion Programs/PRG21_Circle.pmc 
Including Project File: /var/ftp/usrflash/Project/PMAC Script Language/Motion Programs/PRG22_SnowMan.pmc 
Including Project File: /var/ftp/usrflash/Project/PMAC Script Language/Motion Programs/PRG23_ButterFly.pmc 
Including Project File: /var/ftp/usrflash/Project/PMAC Script Language/Motion Programs/PRG24_Column.pmc 
Including Project File: /var/ftp/usrflash/Project/PMAC Script Language/Motion Programs/PRG25_Row.pmc 
Including Project File: /var/ftp/usrflash/Project/PMAC Script Language/Motion Programs/PRG30_Vision.pmc 
Including Project File: /var/ftp/usrflash/Project/PMAC Script Language/Motion Programs/PRG50_Test.pmc 
Including Project File: /var/ftp/usrflash/Project/PMAC Script Language/PLC Programs/PLC00_RTI.plc 
Including Project File: /var/ftp/usrflash/Project/PMAC Script Language/PLC Programs/PLC01_Init.plc 
Including Project File: /var/ftp/usrflash/Project/PMAC Script Language/PLC Programs/PLC02_Sta.plc 
Including Project File: /var/ftp/usrflash/Project/PMAC Script Language/PLC Programs/PLC03_Cmd.plc 
Including Project File: /var/ftp/usrflash/Project/PMAC Script Language/PLC Programs/PLC04_Safety.plc 
Including Project File: /var/ftp/usrflash/Project/PMAC Script Language/PLC Programs/PLC05_Ecat.plc 
Including Project File: /var/ftp/usrflash/Project/PMAC Script Language/PLC Programs/PLC06_IoCom.plc 
Including Project File: /var/ftp/usrflash/Project/PMAC Script Language/PLC Programs/PLC10_Home.plc 
Including Project File: /var/ftp/usrflash/Project/PMAC Script Language/PLC Programs/PLC11_Jog.plc 
Including Project File: /var/ftp/usrflash/Project/PMAC Script Language/PLC Programs/PLC12_SeqMc.plc 
Including Project File: /var/ftp/usrflash/Project/PMAC Script Language/PLC Programs/PLC13_SeqWs.plc 
Including Project File: /var/ftp/usrflash/Project/PMAC Script Language/PLC Programs/PLC14_SeqVs.plc 
Including Project File: /var/ftp/usrflash/Project/PMAC Script Language/PLC Programs/PLC20_Cylinder.plc 
Including Project File: /var/ftp/usrflash/Project/PMAC Script Language/PLC Programs/PLC21_TestShot.plc 
Including Project File: /var/ftp/usrflash/Project/PMAC Script Language/PLC Programs/PLC22_InitIo.plc 
Including Project File: /var/ftp/usrflash/Project/PMAC Script Language/PLC Programs/PLC23_InitLaser.plc 
Including Project File: /var/ftp/usrflash/Project/PMAC Script Language/PLC Programs/PLC24_Cover.plc 
Including Project File: /var/ftp/usrflash/Project/PMAC Script Language/PLC Programs/PLC28_Test.plc 
Including Project File: /var/ftp/usrflash/Project/PMAC Script Language/PLC Programs/PLC29_Buf.plc 
Including Project File: /var/ftp/usrflash/Project/PMAC Script Language/PLC Programs/PLC30_Test.plc 
Including Project File: /var/ftp/usrflash/Project/PMAC Script Language/PLC Programs/PLC31_ReqSim.plc 
Including Project File: /var/ftp/usrflash/Project/Configuration/pp_startup.txt 
3251 Project Symbols were created for gpascii -2 communication
[PMAC_PROJECT]
Start of Project Loading using INI File: "/var/ftp/usrflash/Project/Configuration/pp_proj.ini"
Success: Loading usralgo.ko
Success: Loading RT Address of CfromScript
Success: Loading RT Address of CaptCompISR
LoadRTUserCode() Delta Time (sec) = 2.808105
Including Project File: /var/ftp/usrflash/Project/Configuration/pp_disable.txt 
Including Project File: /var/ftp/usrflash/Project/PMAC Script Language/Global Includes/ECATMap.pmh 
Including Project File: /var/ftp/usrflash/Project/PMAC Script Language/Global Includes/AX1515_Mapping.pmh 
Including Project File: /var/ftp/usrflash/Project/PMAC Script Language/Global Includes/H00_Setup_System.pmh 
Including Project File: /var/ftp/usrflash/Project/PMAC Script Language/Global Includes/H01_Setup_EncTable.pmh 
Including Project File: /var/ftp/usrflash/Project/PMAC Script Language/Global Includes/H02_Setup_Motor.pmh 
Including Project File: /var/ftp/usrflash/Project/PMAC Script Language/Global Includes/H03_Setup_Coord.pmh 
Including Project File: /var/ftp/usrflash/Project/PMAC Script Language/Global Includes/H04_Setup_Ecat.pmh 
Including Project File: /var/ftp/usrflash/Project/PMAC Script Language/Global Includes/H05_Setup_Gpio.pmh 
Including Project File: /var/ftp/usrflash/Project/PMAC Script Language/Global Includes/H06_Variable_Umem.pmh 
Including Project File: /var/ftp/usrflash/Project/PMAC Script Language/Global Includes/H07_Variable_UmemArray.pmh 
Including Project File: /var/ftp/usrflash/Project/PMAC Script Language/Global Includes/H08_Variable_Prog.pmh 
Including Project File: /var/ftp/usrflash/Project/PMAC Script Language/Global Includes/H09_Kinematics.pmh 
Including Project File: /var/ftp/usrflash/Project/PMAC Script Language/Global Includes/H10_Nc.pmh 
Including Project File: /var/ftp/usrflash/Project/PMAC Script Language/Kinematic Routines/Forward1.kin 
Including Project File: /var/ftp/usrflash/Project/PMAC Script Language/Kinematic Routines/Inverse1.kin 
Including Project File: /var/ftp/usrflash/Project/PMAC Script Language/Kinematic Routines/Forward2.kin 
Including Project File: /var/ftp/usrflash/Project/PMAC Script Language/Kinematic Routines/Inverse2.kin 
Including Project File: /var/ftp/usrflash/Project/PMAC Script Language/Kinematic Routines/Forward3.kin 
Including Project File: /var/ftp/usrflash/Project/PMAC Script Language/Kinematic Routines/Inverse3.kin 
Including Project File: /var/ftp/usrflash/Project/PMAC Script Language/Libraries/timer.pmc 
Including Project File: /var/ftp/usrflash/Project/PMAC Script Language/Libraries/SPG_Gcode.pmc 
Including Project File: /var/ftp/usrflash/Project/PMAC Script Language/Libraries/SPG_Mcode.pmc 
Including Project File: /var/ftp/usrflash/Project/PMAC Script Language/Libraries/SPG_InitMotor.pmc 
Including Project File: /var/ftp/usrflash/Project/PMAC Script Language/Libraries/SPG_InitScanner.pmc 
Including Project File: /var/ftp/usrflash/Project/PMAC Script Language/Libraries/SPG_InitECylinder.pmc 
Including Project File: /var/ftp/usrflash/Project/PMAC Script Language/Libraries/SPG_InitRequest.pmc 
Including Project File: /var/ftp/usrflash/Project/PMAC Script Language/Libraries/SPG_InitSeqParam.pmc 
Including Project File: /var/ftp/usrflash/Project/PMAC Script Language/Libraries/SPG_SetDefaultParam.pmc 
Including Project File: /var/ftp/usrflash/Project/PMAC Script Language/Libraries/SPG_SetEquOut.pmc 
Including Project File: /var/ftp/usrflash/Project/PMAC Script Language/Libraries/SPG_SetWsLdParam.pmc 
Including Project File: /var/ftp/usrflash/Project/PMAC Script Language/Libraries/SPG_SetWsRdParam.pmc 
Including Project File: /var/ftp/usrflash/Project/PMAC Script Language/Libraries/SPG_SetWsWdParam.pmc 
Including Project File: /var/ftp/usrflash/Project/PMAC Script Language/Libraries/SPG_SetWsWtParam.pmc 
Including Project File: /var/ftp/usrflash/Project/PMAC Script Language/Libraries/SPG_SetWsUdParam.pmc 
Including Project File: /var/ftp/usrflash/Project/PMAC Script Language/Libraries/SPG_SetWsRjParam.pmc 
Including Project File: /var/ftp/usrflash/Project/PMAC Script Language/Libraries/SPG_SetVsLdParam.pmc 
Including Project File: /var/ftp/usrflash/Project/PMAC Script Language/Libraries/SPG_SetVsRdParam.pmc 
Including Project File: /var/ftp/usrflash/Project/PMAC Script Language/Libraries/SPG_SetVsVnParam.pmc 
Including Project File: /var/ftp/usrflash/Project/PMAC Script Language/Libraries/SPG_SetVsWtParam.pmc 
Including Project File: /var/ftp/usrflash/Project/PMAC Script Language/Libraries/SPG_SetVsUdParam.pmc 
Including Project File: /var/ftp/usrflash/Project/PMAC Script Language/Libraries/SPG_SetVsRjParam.pmc 
Including Project File: /var/ftp/usrflash/Project/PMAC Script Language/Libraries/SPG_AbortWsHomeSeq.pmc 
Including Project File: /var/ftp/usrflash/Project/PMAC Script Language/Libraries/SPG_AbortVsHomeSeq.pmc 
Including Project File: /var/ftp/usrflash/Project/PMAC Script Language/Motion Programs/PRG01_Test1.pmc 
Including Project File: /var/ftp/usrflash/Project/PMAC Script Language/Motion Programs/PRG02_Test2.pmc 
Including Project File: /var/ftp/usrflash/Project/PMAC Script Language/Motion Programs/PRG03_Test3.pmc 
Including Project File: /var/ftp/usrflash/Project/PMAC Script Language/Motion Programs/PRG04_Test4.pmc 
Including Project File: /var/ftp/usrflash/Project/PMAC Script Language/Motion Programs/PRG05_Test5.pmc 
Including Project File: /var/ftp/usrflash/Project/PMAC Script Language/Motion Programs/PRG19_Zero.pmc 
Including Project File: /var/ftp/usrflash/Project/PMAC Script Language/Motion Programs/PRG20_Welding.pmc 
Including Project File: /var/ftp/usrflash/Project/PMAC Script Language/Motion Programs/PRG21_Circle.pmc 
Including Project File: /var/ftp/usrflash/Project/PMAC Script Language/Motion Programs/PRG22_SnowMan.pmc 
Including Project File: /var/ftp/usrflash/Project/PMAC Script Language/Motion Programs/PRG23_ButterFly.pmc 
Including Project File: /var/ftp/usrflash/Project/PMAC Script Language/Motion Programs/PRG24_Column.pmc 
Including Project File: /var/ftp/usrflash/Project/PMAC Script Language/Motion Programs/PRG25_Row.pmc 
Including Project File: /var/ftp/usrflash/Project/PMAC Script Language/Motion Programs/PRG30_Vision.pmc 
Including Project File: /var/ftp/usrflash/Project/PMAC Script Language/Motion Programs/PRG50_Test.pmc 
Including Project File: /var/ftp/usrflash/Project/PMAC Script Language/PLC Programs/PLC00_RTI.plc 
Including Project File: /var/ftp/usrflash/Project/PMAC Script Language/PLC Programs/PLC01_Init.plc 
Including Project File: /var/ftp/usrflash/Project/PMAC Script Language/PLC Programs/PLC02_Sta.plc 
Including Project File: /var/ftp/usrflash/Project/PMAC Script Language/PLC Programs/PLC03_Cmd.plc 
Including Project File: /var/ftp/usrflash/Project/PMAC Script Language/PLC Programs/PLC04_Safety.plc 
Including Project File: /var/ftp/usrflash/Project/PMAC Script Language/PLC Programs/PLC05_Ecat.plc 
Including Project File: /var/ftp/usrflash/Project/PMAC Script Language/PLC Programs/PLC06_IoCom.plc 
Including Project File: /var/ftp/usrflash/Project/PMAC Script Language/PLC Programs/PLC10_Home.plc 
Including Project File: /var/ftp/usrflash/Project/PMAC Script Language/PLC Programs/PLC11_Jog.plc 
Including Project File: /var/ftp/usrflash/Project/PMAC Script Language/PLC Programs/PLC12_SeqMc.plc 
Including Project File: /var/ftp/usrflash/Project/PMAC Script Language/PLC Programs/PLC13_SeqWs.plc 
Including Project File: /var/ftp/usrflash/Project/PMAC Script Language/PLC Programs/PLC14_SeqVs.plc 
Including Project File: /var/ftp/usrflash/Project/PMAC Script Language/PLC Programs/PLC20_Cylinder.plc 
Including Project File: /var/ftp/usrflash/Project/PMAC Script Language/PLC Programs/PLC21_TestShot.plc 
Including Project File: /var/ftp/usrflash/Project/PMAC Script Language/PLC Programs/PLC22_InitIo.plc 
Including Project File: /var/ftp/usrflash/Project/PMAC Script Language/PLC Programs/PLC23_InitLaser.plc 
Including Project File: /var/ftp/usrflash/Project/PMAC Script Language/PLC Programs/PLC24_Cover.plc 
Including Project File: /var/ftp/usrflash/Project/PMAC Script Language/PLC Programs/PLC28_Test.plc 
Including Project File: /var/ftp/usrflash/Project/PMAC Script Language/PLC Programs/PLC29_Buf.plc 
Including Project File: /var/ftp/usrflash/Project/PMAC Script Language/PLC Programs/PLC30_Test.plc 
Including Project File: /var/ftp/usrflash/Project/PMAC Script Language/PLC Programs/PLC31_ReqSim.plc 
Including Project File: /var/ftp/usrflash/Project/Configuration/pp_startup.txt 
Status: Pass 1 Create debug file, #defines, *.h & .sym files, Time (sec) = 1.482493
Status: Pass 2 Verify prog calls, local stack & labels, Time (sec)  = 0.562814
3251 Project Symbols were created for gpascii -2 communication
Status: Create PPMAC Symbol Table & Run CPP Time (sec) = 3.841025
Status: Successful load of preprocessed File: "/var/ftp/usrflash/Temp/pp_proj.pma"
Status: Download to PPMAC Command Processor, Time (sec) = 0.780638
Status: Final pp_proj.h & Run Background C Apps, Time (sec) = 0.450230
Project Preprocessing & Load Total Time (sec) = 9.926666
[PMAC_PROJECT]
Start of Project Loading using INI File: "/var/ftp/usrflash/Project/Configuration/pp_proj.ini"
Including Project File: /var/ftp/usrflash/Project/Configuration/pp_disable.txt 
Including Project File: /var/ftp/usrflash/Project/PMAC Script Language/Global Includes/ECATMap.pmh 
Including Project File: /var/ftp/usrflash/Project/PMAC Script Language/Global Includes/AX1515_Mapping.pmh 
Including Project File: /var/ftp/usrflash/Project/PMAC Script Language/Global Includes/H00_Setup_System.pmh 
Including Project File: /var/ftp/usrflash/Project/PMAC Script Language/Global Includes/H01_Setup_EncTable.pmh 
Including Project File: /var/ftp/usrflash/Project/PMAC Script Language/Global Includes/H02_Setup_Motor.pmh 
Including Project File: /var/ftp/usrflash/Project/PMAC Script Language/Global Includes/H03_Setup_Coord.pmh 
Including Project File: /var/ftp/usrflash/Project/PMAC Script Language/Global Includes/H04_Setup_Ecat.pmh 
Including Project File: /var/ftp/usrflash/Project/PMAC Script Language/Global Includes/H05_Setup_Gpio.pmh 
Including Project File: /var/ftp/usrflash/Project/PMAC Script Language/Global Includes/H06_Variable_Umem.pmh 
Including Project File: /var/ftp/usrflash/Project/PMAC Script Language/Global Includes/H07_Variable_UmemArray.pmh 
Including Project File: /var/ftp/usrflash/Project/PMAC Script Language/Global Includes/H08_Variable_Prog.pmh 
Including Project File: /var/ftp/usrflash/Project/PMAC Script Language/Global Includes/H09_Kinematics.pmh 
Including Project File: /var/ftp/usrflash/Project/PMAC Script Language/Global Includes/H10_Nc.pmh 
Including Project File: /var/ftp/usrflash/Project/PMAC Script Language/Kinematic Routines/Forward1.kin 
Including Project File: /var/ftp/usrflash/Project/PMAC Script Language/Kinematic Routines/Inverse1.kin 
Including Project File: /var/ftp/usrflash/Project/PMAC Script Language/Kinematic Routines/Forward2.kin 
Including Project File: /var/ftp/usrflash/Project/PMAC Script Language/Kinematic Routines/Inverse2.kin 
Including Project File: /var/ftp/usrflash/Project/PMAC Script Language/Kinematic Routines/Forward3.kin 
Including Project File: /var/ftp/usrflash/Project/PMAC Script Language/Kinematic Routines/Inverse3.kin 
Including Project File: /var/ftp/usrflash/Project/PMAC Script Language/Libraries/timer.pmc 
Including Project File: /var/ftp/usrflash/Project/PMAC Script Language/Libraries/SPG_Gcode.pmc 
Including Project File: /var/ftp/usrflash/Project/PMAC Script Language/Libraries/SPG_Mcode.pmc 
Including Project File: /var/ftp/usrflash/Project/PMAC Script Language/Libraries/SPG_InitMotor.pmc 
Including Project File: /var/ftp/usrflash/Project/PMAC Script Language/Libraries/SPG_InitScanner.pmc 
Including Project File: /var/ftp/usrflash/Project/PMAC Script Language/Libraries/SPG_InitECylinder.pmc 
Including Project File: /var/ftp/usrflash/Project/PMAC Script Language/Libraries/SPG_InitRequest.pmc 
Including Project File: /var/ftp/usrflash/Project/PMAC Script Language/Libraries/SPG_InitSeqParam.pmc 
Including Project File: /var/ftp/usrflash/Project/PMAC Script Language/Libraries/SPG_SetDefaultParam.pmc 
Including Project File: /var/ftp/usrflash/Project/PMAC Script Language/Libraries/SPG_SetEquOut.pmc 
Including Project File: /var/ftp/usrflash/Project/PMAC Script Language/Libraries/SPG_SetWsLdParam.pmc 
Including Project File: /var/ftp/usrflash/Project/PMAC Script Language/Libraries/SPG_SetWsRdParam.pmc 
Including Project File: /var/ftp/usrflash/Project/PMAC Script Language/Libraries/SPG_SetWsWdParam.pmc 
Including Project File: /var/ftp/usrflash/Project/PMAC Script Language/Libraries/SPG_SetWsWtParam.pmc 
Including Project File: /var/ftp/usrflash/Project/PMAC Script Language/Libraries/SPG_SetWsUdParam.pmc 
Including Project File: /var/ftp/usrflash/Project/PMAC Script Language/Libraries/SPG_SetWsRjParam.pmc 
Including Project File: /var/ftp/usrflash/Project/PMAC Script Language/Libraries/SPG_SetVsLdParam.pmc 
Including Project File: /var/ftp/usrflash/Project/PMAC Script Language/Libraries/SPG_SetVsRdParam.pmc 
Including Project File: /var/ftp/usrflash/Project/PMAC Script Language/Libraries/SPG_SetVsVnParam.pmc 
Including Project File: /var/ftp/usrflash/Project/PMAC Script Language/Libraries/SPG_SetVsWtParam.pmc 
Including Project File: /var/ftp/usrflash/Project/PMAC Script Language/Libraries/SPG_SetVsUdParam.pmc 
Including Project File: /var/ftp/usrflash/Project/PMAC Script Language/Libraries/SPG_SetVsRjParam.pmc 
Including Project File: /var/ftp/usrflash/Project/PMAC Script Language/Libraries/SPG_AbortWsHomeSeq.pmc 
Including Project File: /var/ftp/usrflash/Project/PMAC Script Language/Libraries/SPG_AbortVsHomeSeq.pmc 
Including Project File: /var/ftp/usrflash/Project/PMAC Script Language/Motion Programs/PRG01_Test1.pmc 
Including Project File: /var/ftp/usrflash/Project/PMAC Script Language/Motion Programs/PRG02_Test2.pmc 
Including Project File: /var/ftp/usrflash/Project/PMAC Script Language/Motion Programs/PRG03_Test3.pmc 
Including Project File: /var/ftp/usrflash/Project/PMAC Script Language/Motion Programs/PRG04_Test4.pmc 
Including Project File: /var/ftp/usrflash/Project/PMAC Script Language/Motion Programs/PRG05_Test5.pmc 
Including Project File: /var/ftp/usrflash/Project/PMAC Script Language/Motion Programs/PRG19_Zero.pmc 
Including Project File: /var/ftp/usrflash/Project/PMAC Script Language/Motion Programs/PRG20_Welding.pmc 
Including Project File: /var/ftp/usrflash/Project/PMAC Script Language/Motion Programs/PRG21_Circle.pmc 
Including Project File: /var/ftp/usrflash/Project/PMAC Script Language/Motion Programs/PRG22_SnowMan.pmc 
Including Project File: /var/ftp/usrflash/Project/PMAC Script Language/Motion Programs/PRG23_ButterFly.pmc 
Including Project File: /var/ftp/usrflash/Project/PMAC Script Language/Motion Programs/PRG24_Column.pmc 
Including Project File: /var/ftp/usrflash/Project/PMAC Script Language/Motion Programs/PRG25_Row.pmc 
Including Project File: /var/ftp/usrflash/Project/PMAC Script Language/Motion Programs/PRG30_Vision.pmc 
Including Project File: /var/ftp/usrflash/Project/PMAC Script Language/Motion Programs/PRG50_Test.pmc 
Including Project File: /var/ftp/usrflash/Project/PMAC Script Language/PLC Programs/PLC00_RTI.plc 
Including Project File: /var/ftp/usrflash/Project/PMAC Script Language/PLC Programs/PLC01_Init.plc 
Including Project File: /var/ftp/usrflash/Project/PMAC Script Language/PLC Programs/PLC02_Sta.plc 
Including Project File: /var/ftp/usrflash/Project/PMAC Script Language/PLC Programs/PLC03_Cmd.plc 
Including Project File: /var/ftp/usrflash/Project/PMAC Script Language/PLC Programs/PLC04_Safety.plc 
Including Project File: /var/ftp/usrflash/Project/PMAC Script Language/PLC Programs/PLC05_Ecat.plc 
Including Project File: /var/ftp/usrflash/Project/PMAC Script Language/PLC Programs/PLC06_IoCom.plc 
Including Project File: /var/ftp/usrflash/Project/PMAC Script Language/PLC Programs/PLC10_Home.plc 
Including Project File: /var/ftp/usrflash/Project/PMAC Script Language/PLC Programs/PLC11_Jog.plc 
Including Project File: /var/ftp/usrflash/Project/PMAC Script Language/PLC Programs/PLC12_SeqMc.plc 
Including Project File: /var/ftp/usrflash/Project/PMAC Script Language/PLC Programs/PLC13_SeqWs.plc 
Including Project File: /var/ftp/usrflash/Project/PMAC Script Language/PLC Programs/PLC14_SeqVs.plc 
Including Project File: /var/ftp/usrflash/Project/PMAC Script Language/PLC Programs/PLC20_Cylinder.plc 
Including Project File: /var/ftp/usrflash/Project/PMAC Script Language/PLC Programs/PLC21_TestShot.plc 
Including Project File: /var/ftp/usrflash/Project/PMAC Script Language/PLC Programs/PLC22_InitIo.plc 
Including Project File: /var/ftp/usrflash/Project/PMAC Script Language/PLC Programs/PLC23_InitLaser.plc 
Including Project File: /var/ftp/usrflash/Project/PMAC Script Language/PLC Programs/PLC24_Cover.plc 
Including Project File: /var/ftp/usrflash/Project/PMAC Script Language/PLC Programs/PLC28_Test.plc 
Including Project File: /var/ftp/usrflash/Project/PMAC Script Language/PLC Programs/PLC29_Buf.plc 
Including Project File: /var/ftp/usrflash/Project/PMAC Script Language/PLC Programs/PLC30_Test.plc 
Including Project File: /var/ftp/usrflash/Project/PMAC Script Language/PLC Programs/PLC31_ReqSim.plc 
Including Project File: /var/ftp/usrflash/Project/Configuration/pp_startup.txt 
3251 Project Symbols were created for gpascii -2 communication
[PMAC_PROJECT]
Start of Project Loading using INI File: "/var/ftp/usrflash/Project/Configuration/pp_proj.ini"
Success: Loading usralgo.ko
Success: Loading RT Address of CfromScript
Success: Loading RT Address of CaptCompISR
LoadRTUserCode() Delta Time (sec) = 3.072399
Including Project File: /var/ftp/usrflash/Project/Configuration/pp_disable.txt 
Including Project File: /var/ftp/usrflash/Project/PMAC Script Language/Global Includes/ECATMap.pmh 
Including Project File: /var/ftp/usrflash/Project/PMAC Script Language/Global Includes/AX1515_Mapping.pmh 
Including Project File: /var/ftp/usrflash/Project/PMAC Script Language/Global Includes/H00_Setup_System.pmh 
Including Project File: /var/ftp/usrflash/Project/PMAC Script Language/Global Includes/H01_Setup_EncTable.pmh 
Including Project File: /var/ftp/usrflash/Project/PMAC Script Language/Global Includes/H02_Setup_Motor.pmh 
Including Project File: /var/ftp/usrflash/Project/PMAC Script Language/Global Includes/H03_Setup_Coord.pmh 
Including Project File: /var/ftp/usrflash/Project/PMAC Script Language/Global Includes/H04_Setup_Ecat.pmh 
Including Project File: /var/ftp/usrflash/Project/PMAC Script Language/Global Includes/H05_Setup_Gpio.pmh 
Including Project File: /var/ftp/usrflash/Project/PMAC Script Language/Global Includes/H06_Variable_Umem.pmh 
Including Project File: /var/ftp/usrflash/Project/PMAC Script Language/Global Includes/H07_Variable_UmemArray.pmh 
Including Project File: /var/ftp/usrflash/Project/PMAC Script Language/Global Includes/H08_Variable_Prog.pmh 
Including Project File: /var/ftp/usrflash/Project/PMAC Script Language/Global Includes/H09_Kinematics.pmh 
Including Project File: /var/ftp/usrflash/Project/PMAC Script Language/Global Includes/H10_Nc.pmh 
Including Project File: /var/ftp/usrflash/Project/PMAC Script Language/Kinematic Routines/Forward1.kin 
Including Project File: /var/ftp/usrflash/Project/PMAC Script Language/Kinematic Routines/Inverse1.kin 
Including Project File: /var/ftp/usrflash/Project/PMAC Script Language/Kinematic Routines/Forward2.kin 
Including Project File: /var/ftp/usrflash/Project/PMAC Script Language/Kinematic Routines/Inverse2.kin 
Including Project File: /var/ftp/usrflash/Project/PMAC Script Language/Kinematic Routines/Forward3.kin 
Including Project File: /var/ftp/usrflash/Project/PMAC Script Language/Kinematic Routines/Inverse3.kin 
Including Project File: /var/ftp/usrflash/Project/PMAC Script Language/Libraries/timer.pmc 
Including Project File: /var/ftp/usrflash/Project/PMAC Script Language/Libraries/SPG_Gcode.pmc 
Including Project File: /var/ftp/usrflash/Project/PMAC Script Language/Libraries/SPG_Mcode.pmc 
Including Project File: /var/ftp/usrflash/Project/PMAC Script Language/Libraries/SPG_InitMotor.pmc 
Including Project File: /var/ftp/usrflash/Project/PMAC Script Language/Libraries/SPG_InitScanner.pmc 
Including Project File: /var/ftp/usrflash/Project/PMAC Script Language/Libraries/SPG_InitECylinder.pmc 
Including Project File: /var/ftp/usrflash/Project/PMAC Script Language/Libraries/SPG_InitRequest.pmc 
Including Project File: /var/ftp/usrflash/Project/PMAC Script Language/Libraries/SPG_InitSeqParam.pmc 
Including Project File: /var/ftp/usrflash/Project/PMAC Script Language/Libraries/SPG_SetDefaultParam.pmc 
Including Project File: /var/ftp/usrflash/Project/PMAC Script Language/Libraries/SPG_SetEquOut.pmc 
Including Project File: /var/ftp/usrflash/Project/PMAC Script Language/Libraries/SPG_SetWsLdParam.pmc 
Including Project File: /var/ftp/usrflash/Project/PMAC Script Language/Libraries/SPG_SetWsRdParam.pmc 
Including Project File: /var/ftp/usrflash/Project/PMAC Script Language/Libraries/SPG_SetWsWdParam.pmc 
Including Project File: /var/ftp/usrflash/Project/PMAC Script Language/Libraries/SPG_SetWsWtParam.pmc 
Including Project File: /var/ftp/usrflash/Project/PMAC Script Language/Libraries/SPG_SetWsUdParam.pmc 
Including Project File: /var/ftp/usrflash/Project/PMAC Script Language/Libraries/SPG_SetWsRjParam.pmc 
Including Project File: /var/ftp/usrflash/Project/PMAC Script Language/Libraries/SPG_SetVsLdParam.pmc 
Including Project File: /var/ftp/usrflash/Project/PMAC Script Language/Libraries/SPG_SetVsRdParam.pmc 
Including Project File: /var/ftp/usrflash/Project/PMAC Script Language/Libraries/SPG_SetVsVnParam.pmc 
Including Project File: /var/ftp/usrflash/Project/PMAC Script Language/Libraries/SPG_SetVsWtParam.pmc 
Including Project File: /var/ftp/usrflash/Project/PMAC Script Language/Libraries/SPG_SetVsUdParam.pmc 
Including Project File: /var/ftp/usrflash/Project/PMAC Script Language/Libraries/SPG_SetVsRjParam.pmc 
Including Project File: /var/ftp/usrflash/Project/PMAC Script Language/Libraries/SPG_AbortWsHomeSeq.pmc 
Including Project File: /var/ftp/usrflash/Project/PMAC Script Language/Libraries/SPG_AbortVsHomeSeq.pmc 
Including Project File: /var/ftp/usrflash/Project/PMAC Script Language/Motion Programs/PRG01_Test1.pmc 
Including Project File: /var/ftp/usrflash/Project/PMAC Script Language/Motion Programs/PRG02_Test2.pmc 
Including Project File: /var/ftp/usrflash/Project/PMAC Script Language/Motion Programs/PRG03_Test3.pmc 
Including Project File: /var/ftp/usrflash/Project/PMAC Script Language/Motion Programs/PRG04_Test4.pmc 
Including Project File: /var/ftp/usrflash/Project/PMAC Script Language/Motion Programs/PRG05_Test5.pmc 
Including Project File: /var/ftp/usrflash/Project/PMAC Script Language/Motion Programs/PRG19_Zero.pmc 
Including Project File: /var/ftp/usrflash/Project/PMAC Script Language/Motion Programs/PRG20_Welding.pmc 
Including Project File: /var/ftp/usrflash/Project/PMAC Script Language/Motion Programs/PRG21_Circle.pmc 
Including Project File: /var/ftp/usrflash/Project/PMAC Script Language/Motion Programs/PRG22_SnowMan.pmc 
Including Project File: /var/ftp/usrflash/Project/PMAC Script Language/Motion Programs/PRG23_ButterFly.pmc 
Including Project File: /var/ftp/usrflash/Project/PMAC Script Language/Motion Programs/PRG24_Column.pmc 
Including Project File: /var/ftp/usrflash/Project/PMAC Script Language/Motion Programs/PRG25_Row.pmc 
Including Project File: /var/ftp/usrflash/Project/PMAC Script Language/Motion Programs/PRG30_Vision.pmc 
Including Project File: /var/ftp/usrflash/Project/PMAC Script Language/Motion Programs/PRG50_Test.pmc 
Including Project File: /var/ftp/usrflash/Project/PMAC Script Language/PLC Programs/PLC00_RTI.plc 
Including Project File: /var/ftp/usrflash/Project/PMAC Script Language/PLC Programs/PLC01_Init.plc 
Including Project File: /var/ftp/usrflash/Project/PMAC Script Language/PLC Programs/PLC02_Sta.plc 
Including Project File: /var/ftp/usrflash/Project/PMAC Script Language/PLC Programs/PLC03_Cmd.plc 
Including Project File: /var/ftp/usrflash/Project/PMAC Script Language/PLC Programs/PLC04_Safety.plc 
Including Project File: /var/ftp/usrflash/Project/PMAC Script Language/PLC Programs/PLC05_Ecat.plc 
Including Project File: /var/ftp/usrflash/Project/PMAC Script Language/PLC Programs/PLC06_IoCom.plc 
Including Project File: /var/ftp/usrflash/Project/PMAC Script Language/PLC Programs/PLC10_Home.plc 
Including Project File: /var/ftp/usrflash/Project/PMAC Script Language/PLC Programs/PLC11_Jog.plc 
Including Project File: /var/ftp/usrflash/Project/PMAC Script Language/PLC Programs/PLC12_SeqMc.plc 
Including Project File: /var/ftp/usrflash/Project/PMAC Script Language/PLC Programs/PLC13_SeqWs.plc 
Including Project File: /var/ftp/usrflash/Project/PMAC Script Language/PLC Programs/PLC14_SeqVs.plc 
Including Project File: /var/ftp/usrflash/Project/PMAC Script Language/PLC Programs/PLC20_Cylinder.plc 
Including Project File: /var/ftp/usrflash/Project/PMAC Script Language/PLC Programs/PLC21_TestShot.plc 
Including Project File: /var/ftp/usrflash/Project/PMAC Script Language/PLC Programs/PLC22_InitIo.plc 
Including Project File: /var/ftp/usrflash/Project/PMAC Script Language/PLC Programs/PLC23_InitLaser.plc 
Including Project File: /var/ftp/usrflash/Project/PMAC Script Language/PLC Programs/PLC24_Cover.plc 
Including Project File: /var/ftp/usrflash/Project/PMAC Script Language/PLC Programs/PLC28_Test.plc 
Including Project File: /var/ftp/usrflash/Project/PMAC Script Language/PLC Programs/PLC29_Buf.plc 
Including Project File: /var/ftp/usrflash/Project/PMAC Script Language/PLC Programs/PLC30_Test.plc 
Including Project File: /var/ftp/usrflash/Project/PMAC Script Language/PLC Programs/PLC31_ReqSim.plc 
Including Project File: /var/ftp/usrflash/Project/Configuration/pp_startup.txt 
Status: Pass 1 Create debug file, #defines, *.h & .sym files, Time (sec) = 1.531596
Status: Pass 2 Verify prog calls, local stack & labels, Time (sec)  = 0.583897
3251 Project Symbols were created for gpascii -2 communication
Status: Create PPMAC Symbol Table & Run CPP Time (sec) = 4.016813
Status: Successful load of preprocessed File: "/var/ftp/usrflash/Temp/pp_proj.pma"
Status: Download to PPMAC Command Processor, Time (sec) = 0.755543
Status: Final pp_proj.h & Run Background C Apps, Time (sec) = 0.525253
Project Preprocessing & Load Total Time (sec) = 10.485899
[PMAC_PROJECT]
Start of Project Loading using INI File: "/var/ftp/usrflash/Project/Configuration/pp_proj.ini"
Including Project File: /var/ftp/usrflash/Project/Configuration/pp_disable.txt 
Including Project File: /var/ftp/usrflash/Project/PMAC Script Language/Global Includes/ECATMap.pmh 
Including Project File: /var/ftp/usrflash/Project/PMAC Script Language/Global Includes/AX1515_Mapping.pmh 
Including Project File: /var/ftp/usrflash/Project/PMAC Script Language/Global Includes/H00_Setup_System.pmh 
Including Project File: /var/ftp/usrflash/Project/PMAC Script Language/Global Includes/H01_Setup_EncTable.pmh 
Including Project File: /var/ftp/usrflash/Project/PMAC Script Language/Global Includes/H02_Setup_Motor.pmh 
Including Project File: /var/ftp/usrflash/Project/PMAC Script Language/Global Includes/H03_Setup_Coord.pmh 
Including Project File: /var/ftp/usrflash/Project/PMAC Script Language/Global Includes/H04_Setup_Ecat.pmh 
Including Project File: /var/ftp/usrflash/Project/PMAC Script Language/Global Includes/H05_Setup_Gpio.pmh 
Including Project File: /var/ftp/usrflash/Project/PMAC Script Language/Global Includes/H06_Variable_Umem.pmh 
Including Project File: /var/ftp/usrflash/Project/PMAC Script Language/Global Includes/H07_Variable_UmemArray.pmh 
Including Project File: /var/ftp/usrflash/Project/PMAC Script Language/Global Includes/H08_Variable_Prog.pmh 
Including Project File: /var/ftp/usrflash/Project/PMAC Script Language/Global Includes/H09_Kinematics.pmh 
Including Project File: /var/ftp/usrflash/Project/PMAC Script Language/Global Includes/H10_Nc.pmh 
Including Project File: /var/ftp/usrflash/Project/PMAC Script Language/Kinematic Routines/Forward1.kin 
Including Project File: /var/ftp/usrflash/Project/PMAC Script Language/Kinematic Routines/Inverse1.kin 
Including Project File: /var/ftp/usrflash/Project/PMAC Script Language/Kinematic Routines/Forward2.kin 
Including Project File: /var/ftp/usrflash/Project/PMAC Script Language/Kinematic Routines/Inverse2.kin 
Including Project File: /var/ftp/usrflash/Project/PMAC Script Language/Kinematic Routines/Forward3.kin 
Including Project File: /var/ftp/usrflash/Project/PMAC Script Language/Kinematic Routines/Inverse3.kin 
Including Project File: /var/ftp/usrflash/Project/PMAC Script Language/Libraries/timer.pmc 
Including Project File: /var/ftp/usrflash/Project/PMAC Script Language/Libraries/SPG_Gcode.pmc 
Including Project File: /var/ftp/usrflash/Project/PMAC Script Language/Libraries/SPG_Mcode.pmc 
Including Project File: /var/ftp/usrflash/Project/PMAC Script Language/Libraries/SPG_InitMotor.pmc 
Including Project File: /var/ftp/usrflash/Project/PMAC Script Language/Libraries/SPG_InitScanner.pmc 
Including Project File: /var/ftp/usrflash/Project/PMAC Script Language/Libraries/SPG_InitECylinder.pmc 
Including Project File: /var/ftp/usrflash/Project/PMAC Script Language/Libraries/SPG_InitRequest.pmc 
Including Project File: /var/ftp/usrflash/Project/PMAC Script Language/Libraries/SPG_InitSeqParam.pmc 
Including Project File: /var/ftp/usrflash/Project/PMAC Script Language/Libraries/SPG_SetDefaultParam.pmc 
Including Project File: /var/ftp/usrflash/Project/PMAC Script Language/Libraries/SPG_SetEquOut.pmc 
Including Project File: /var/ftp/usrflash/Project/PMAC Script Language/Libraries/SPG_SetWsLdParam.pmc 
Including Project File: /var/ftp/usrflash/Project/PMAC Script Language/Libraries/SPG_SetWsRdParam.pmc 
Including Project File: /var/ftp/usrflash/Project/PMAC Script Language/Libraries/SPG_SetWsWdParam.pmc 
Including Project File: /var/ftp/usrflash/Project/PMAC Script Language/Libraries/SPG_SetWsWtParam.pmc 
Including Project File: /var/ftp/usrflash/Project/PMAC Script Language/Libraries/SPG_SetWsUdParam.pmc 
Including Project File: /var/ftp/usrflash/Project/PMAC Script Language/Libraries/SPG_SetWsRjParam.pmc 
Including Project File: /var/ftp/usrflash/Project/PMAC Script Language/Libraries/SPG_SetVsLdParam.pmc 
Including Project File: /var/ftp/usrflash/Project/PMAC Script Language/Libraries/SPG_SetVsRdParam.pmc 
Including Project File: /var/ftp/usrflash/Project/PMAC Script Language/Libraries/SPG_SetVsVnParam.pmc 
Including Project File: /var/ftp/usrflash/Project/PMAC Script Language/Libraries/SPG_SetVsWtParam.pmc 
Including Project File: /var/ftp/usrflash/Project/PMAC Script Language/Libraries/SPG_SetVsUdParam.pmc 
Including Project File: /var/ftp/usrflash/Project/PMAC Script Language/Libraries/SPG_SetVsRjParam.pmc 
Including Project File: /var/ftp/usrflash/Project/PMAC Script Language/Libraries/SPG_AbortWsHomeSeq.pmc 
Including Project File: /var/ftp/usrflash/Project/PMAC Script Language/Libraries/SPG_AbortVsHomeSeq.pmc 
Including Project File: /var/ftp/usrflash/Project/PMAC Script Language/Motion Programs/PRG01_Test1.pmc 
Including Project File: /var/ftp/usrflash/Project/PMAC Script Language/Motion Programs/PRG02_Test2.pmc 
Including Project File: /var/ftp/usrflash/Project/PMAC Script Language/Motion Programs/PRG03_Test3.pmc 
Including Project File: /var/ftp/usrflash/Project/PMAC Script Language/Motion Programs/PRG04_Test4.pmc 
Including Project File: /var/ftp/usrflash/Project/PMAC Script Language/Motion Programs/PRG05_Test5.pmc 
Including Project File: /var/ftp/usrflash/Project/PMAC Script Language/Motion Programs/PRG19_Zero.pmc 
Including Project File: /var/ftp/usrflash/Project/PMAC Script Language/Motion Programs/PRG20_Welding.pmc 
Including Project File: /var/ftp/usrflash/Project/PMAC Script Language/Motion Programs/PRG21_Circle.pmc 
Including Project File: /var/ftp/usrflash/Project/PMAC Script Language/Motion Programs/PRG22_SnowMan.pmc 
Including Project File: /var/ftp/usrflash/Project/PMAC Script Language/Motion Programs/PRG23_ButterFly.pmc 
Including Project File: /var/ftp/usrflash/Project/PMAC Script Language/Motion Programs/PRG24_Column.pmc 
Including Project File: /var/ftp/usrflash/Project/PMAC Script Language/Motion Programs/PRG25_Row.pmc 
Including Project File: /var/ftp/usrflash/Project/PMAC Script Language/Motion Programs/PRG30_Vision.pmc 
Including Project File: /var/ftp/usrflash/Project/PMAC Script Language/Motion Programs/PRG50_Test.pmc 
Including Project File: /var/ftp/usrflash/Project/PMAC Script Language/PLC Programs/PLC00_RTI.plc 
Including Project File: /var/ftp/usrflash/Project/PMAC Script Language/PLC Programs/PLC01_Init.plc 
Including Project File: /var/ftp/usrflash/Project/PMAC Script Language/PLC Programs/PLC02_Sta.plc 
Including Project File: /var/ftp/usrflash/Project/PMAC Script Language/PLC Programs/PLC03_Cmd.plc 
Including Project File: /var/ftp/usrflash/Project/PMAC Script Language/PLC Programs/PLC04_Safety.plc 
Including Project File: /var/ftp/usrflash/Project/PMAC Script Language/PLC Programs/PLC05_Ecat.plc 
Including Project File: /var/ftp/usrflash/Project/PMAC Script Language/PLC Programs/PLC06_IoCom.plc 
Including Project File: /var/ftp/usrflash/Project/PMAC Script Language/PLC Programs/PLC10_Home.plc 
Including Project File: /var/ftp/usrflash/Project/PMAC Script Language/PLC Programs/PLC11_Jog.plc 
Including Project File: /var/ftp/usrflash/Project/PMAC Script Language/PLC Programs/PLC12_SeqMc.plc 
Including Project File: /var/ftp/usrflash/Project/PMAC Script Language/PLC Programs/PLC13_SeqWs.plc 
Including Project File: /var/ftp/usrflash/Project/PMAC Script Language/PLC Programs/PLC14_SeqVs.plc 
Including Project File: /var/ftp/usrflash/Project/PMAC Script Language/PLC Programs/PLC20_Cylinder.plc 
Including Project File: /var/ftp/usrflash/Project/PMAC Script Language/PLC Programs/PLC21_TestShot.plc 
Including Project File: /var/ftp/usrflash/Project/PMAC Script Language/PLC Programs/PLC22_InitIo.plc 
Including Project File: /var/ftp/usrflash/Project/PMAC Script Language/PLC Programs/PLC23_InitLaser.plc 
Including Project File: /var/ftp/usrflash/Project/PMAC Script Language/PLC Programs/PLC24_Cover.plc 
Including Project File: /var/ftp/usrflash/Project/PMAC Script Language/PLC Programs/PLC28_Test.plc 
Including Project File: /var/ftp/usrflash/Project/PMAC Script Language/PLC Programs/PLC29_Buf.plc 
Including Project File: /var/ftp/usrflash/Project/PMAC Script Language/PLC Programs/PLC30_Test.plc 
Including Project File: /var/ftp/usrflash/Project/PMAC Script Language/PLC Programs/PLC31_ReqSim.plc 
Including Project File: /var/ftp/usrflash/Project/Configuration/pp_startup.txt 
3251 Project Symbols were created for gpascii -2 communication
[PMAC_PROJECT]
Start of Project Loading using INI File: "/var/ftp/usrflash/Project/Configuration/pp_proj.ini"
Success: Loading usralgo.ko
Success: Loading RT Address of CfromScript
Success: Loading RT Address of CaptCompISR
LoadRTUserCode() Delta Time (sec) = 2.939288
Including Project File: /var/ftp/usrflash/Project/Configuration/pp_disable.txt 
Including Project File: /var/ftp/usrflash/Project/PMAC Script Language/Global Includes/ECATMap.pmh 
Including Project File: /var/ftp/usrflash/Project/PMAC Script Language/Global Includes/AX1515_Mapping.pmh 
Including Project File: /var/ftp/usrflash/Project/PMAC Script Language/Global Includes/H00_Setup_System.pmh 
Including Project File: /var/ftp/usrflash/Project/PMAC Script Language/Global Includes/H01_Setup_EncTable.pmh 
Including Project File: /var/ftp/usrflash/Project/PMAC Script Language/Global Includes/H02_Setup_Motor.pmh 
Including Project File: /var/ftp/usrflash/Project/PMAC Script Language/Global Includes/H03_Setup_Coord.pmh 
Including Project File: /var/ftp/usrflash/Project/PMAC Script Language/Global Includes/H04_Setup_Ecat.pmh 
Including Project File: /var/ftp/usrflash/Project/PMAC Script Language/Global Includes/H05_Setup_Gpio.pmh 
Including Project File: /var/ftp/usrflash/Project/PMAC Script Language/Global Includes/H06_Variable_Umem.pmh 
Including Project File: /var/ftp/usrflash/Project/PMAC Script Language/Global Includes/H07_Variable_UmemArray.pmh 
Including Project File: /var/ftp/usrflash/Project/PMAC Script Language/Global Includes/H08_Variable_Prog.pmh 
Including Project File: /var/ftp/usrflash/Project/PMAC Script Language/Global Includes/H09_Kinematics.pmh 
Including Project File: /var/ftp/usrflash/Project/PMAC Script Language/Global Includes/H10_Nc.pmh 
Including Project File: /var/ftp/usrflash/Project/PMAC Script Language/Kinematic Routines/Forward1.kin 
Including Project File: /var/ftp/usrflash/Project/PMAC Script Language/Kinematic Routines/Inverse1.kin 
Including Project File: /var/ftp/usrflash/Project/PMAC Script Language/Kinematic Routines/Forward2.kin 
Including Project File: /var/ftp/usrflash/Project/PMAC Script Language/Kinematic Routines/Inverse2.kin 
Including Project File: /var/ftp/usrflash/Project/PMAC Script Language/Kinematic Routines/Forward3.kin 
Including Project File: /var/ftp/usrflash/Project/PMAC Script Language/Kinematic Routines/Inverse3.kin 
Including Project File: /var/ftp/usrflash/Project/PMAC Script Language/Libraries/timer.pmc 
Including Project File: /var/ftp/usrflash/Project/PMAC Script Language/Libraries/SPG_Gcode.pmc 
Including Project File: /var/ftp/usrflash/Project/PMAC Script Language/Libraries/SPG_Mcode.pmc 
Including Project File: /var/ftp/usrflash/Project/PMAC Script Language/Libraries/SPG_InitMotor.pmc 
Including Project File: /var/ftp/usrflash/Project/PMAC Script Language/Libraries/SPG_InitScanner.pmc 
Including Project File: /var/ftp/usrflash/Project/PMAC Script Language/Libraries/SPG_InitECylinder.pmc 
Including Project File: /var/ftp/usrflash/Project/PMAC Script Language/Libraries/SPG_InitRequest.pmc 
Including Project File: /var/ftp/usrflash/Project/PMAC Script Language/Libraries/SPG_InitSeqParam.pmc 
Including Project File: /var/ftp/usrflash/Project/PMAC Script Language/Libraries/SPG_SetDefaultParam.pmc 
Including Project File: /var/ftp/usrflash/Project/PMAC Script Language/Libraries/SPG_SetEquOut.pmc 
Including Project File: /var/ftp/usrflash/Project/PMAC Script Language/Libraries/SPG_SetWsLdParam.pmc 
Including Project File: /var/ftp/usrflash/Project/PMAC Script Language/Libraries/SPG_SetWsRdParam.pmc 
Including Project File: /var/ftp/usrflash/Project/PMAC Script Language/Libraries/SPG_SetWsWdParam.pmc 
Including Project File: /var/ftp/usrflash/Project/PMAC Script Language/Libraries/SPG_SetWsWtParam.pmc 
Including Project File: /var/ftp/usrflash/Project/PMAC Script Language/Libraries/SPG_SetWsUdParam.pmc 
Including Project File: /var/ftp/usrflash/Project/PMAC Script Language/Libraries/SPG_SetWsRjParam.pmc 
Including Project File: /var/ftp/usrflash/Project/PMAC Script Language/Libraries/SPG_SetVsLdParam.pmc 
Including Project File: /var/ftp/usrflash/Project/PMAC Script Language/Libraries/SPG_SetVsRdParam.pmc 
Including Project File: /var/ftp/usrflash/Project/PMAC Script Language/Libraries/SPG_SetVsVnParam.pmc 
Including Project File: /var/ftp/usrflash/Project/PMAC Script Language/Libraries/SPG_SetVsWtParam.pmc 
Including Project File: /var/ftp/usrflash/Project/PMAC Script Language/Libraries/SPG_SetVsUdParam.pmc 
Including Project File: /var/ftp/usrflash/Project/PMAC Script Language/Libraries/SPG_SetVsRjParam.pmc 
Including Project File: /var/ftp/usrflash/Project/PMAC Script Language/Libraries/SPG_AbortWsHomeSeq.pmc 
Including Project File: /var/ftp/usrflash/Project/PMAC Script Language/Libraries/SPG_AbortVsHomeSeq.pmc 
Including Project File: /var/ftp/usrflash/Project/PMAC Script Language/Motion Programs/PRG01_Test1.pmc 
Including Project File: /var/ftp/usrflash/Project/PMAC Script Language/Motion Programs/PRG02_Test2.pmc 
Including Project File: /var/ftp/usrflash/Project/PMAC Script Language/Motion Programs/PRG03_Test3.pmc 
Including Project File: /var/ftp/usrflash/Project/PMAC Script Language/Motion Programs/PRG04_Test4.pmc 
Including Project File: /var/ftp/usrflash/Project/PMAC Script Language/Motion Programs/PRG05_Test5.pmc 
Including Project File: /var/ftp/usrflash/Project/PMAC Script Language/Motion Programs/PRG19_Zero.pmc 
Including Project File: /var/ftp/usrflash/Project/PMAC Script Language/Motion Programs/PRG20_Welding.pmc 
Including Project File: /var/ftp/usrflash/Project/PMAC Script Language/Motion Programs/PRG21_Circle.pmc 
Including Project File: /var/ftp/usrflash/Project/PMAC Script Language/Motion Programs/PRG22_SnowMan.pmc 
Including Project File: /var/ftp/usrflash/Project/PMAC Script Language/Motion Programs/PRG23_ButterFly.pmc 
Including Project File: /var/ftp/usrflash/Project/PMAC Script Language/Motion Programs/PRG24_Column.pmc 
Including Project File: /var/ftp/usrflash/Project/PMAC Script Language/Motion Programs/PRG25_Row.pmc 
Including Project File: /var/ftp/usrflash/Project/PMAC Script Language/Motion Programs/PRG30_Vision.pmc 
Including Project File: /var/ftp/usrflash/Project/PMAC Script Language/Motion Programs/PRG50_Test.pmc 
Including Project File: /var/ftp/usrflash/Project/PMAC Script Language/PLC Programs/PLC00_RTI.plc 
Including Project File: /var/ftp/usrflash/Project/PMAC Script Language/PLC Programs/PLC01_Init.plc 
Including Project File: /var/ftp/usrflash/Project/PMAC Script Language/PLC Programs/PLC02_Sta.plc 
Including Project File: /var/ftp/usrflash/Project/PMAC Script Language/PLC Programs/PLC03_Cmd.plc 
Including Project File: /var/ftp/usrflash/Project/PMAC Script Language/PLC Programs/PLC04_Safety.plc 
Including Project File: /var/ftp/usrflash/Project/PMAC Script Language/PLC Programs/PLC05_Ecat.plc 
Including Project File: /var/ftp/usrflash/Project/PMAC Script Language/PLC Programs/PLC06_IoCom.plc 
Including Project File: /var/ftp/usrflash/Project/PMAC Script Language/PLC Programs/PLC10_Home.plc 
Including Project File: /var/ftp/usrflash/Project/PMAC Script Language/PLC Programs/PLC11_Jog.plc 
Including Project File: /var/ftp/usrflash/Project/PMAC Script Language/PLC Programs/PLC12_SeqMc.plc 
Including Project File: /var/ftp/usrflash/Project/PMAC Script Language/PLC Programs/PLC13_SeqWs.plc 
Including Project File: /var/ftp/usrflash/Project/PMAC Script Language/PLC Programs/PLC14_SeqVs.plc 
Including Project File: /var/ftp/usrflash/Project/PMAC Script Language/PLC Programs/PLC20_Cylinder.plc 
Including Project File: /var/ftp/usrflash/Project/PMAC Script Language/PLC Programs/PLC21_TestShot.plc 
Including Project File: /var/ftp/usrflash/Project/PMAC Script Language/PLC Programs/PLC22_InitIo.plc 
Including Project File: /var/ftp/usrflash/Project/PMAC Script Language/PLC Programs/PLC23_InitLaser.plc 
Including Project File: /var/ftp/usrflash/Project/PMAC Script Language/PLC Programs/PLC24_Cover.plc 
Including Project File: /var/ftp/usrflash/Project/PMAC Script Language/PLC Programs/PLC28_Test.plc 
Including Project File: /var/ftp/usrflash/Project/PMAC Script Language/PLC Programs/PLC29_Buf.plc 
Including Project File: /var/ftp/usrflash/Project/PMAC Script Language/PLC Programs/PLC30_Test.plc 
Including Project File: /var/ftp/usrflash/Project/PMAC Script Language/PLC Programs/PLC31_ReqSim.plc 
Including Project File: /var/ftp/usrflash/Project/Configuration/pp_startup.txt 
Status: Pass 1 Create debug file, #defines, *.h & .sym files, Time (sec) = 1.538096
Status: Pass 2 Verify prog calls, local stack & labels, Time (sec)  = 0.547133
3251 Project Symbols were created for gpascii -2 communication
Status: Create PPMAC Symbol Table & Run CPP Time (sec) = 3.853655
Status: Successful load of preprocessed File: "/var/ftp/usrflash/Temp/pp_proj.pma"
Status: Download to PPMAC Command Processor, Time (sec) = 0.826195
Status: Final pp_proj.h & Run Background C Apps, Time (sec) = 0.476377
Project Preprocessing & Load Total Time (sec) = 10.181908
[PMAC_CONFIG]
Successful: SaveConfiguration using /var/ftp/usrflash/Project/Configuration/pp_save.cfg
Successful: SaveCustomConfiguration using template /var/ftp/usrflash/Project/Configuration/pp_custom_save.tpl
[PMAC_PROJECT]
Start of Project Loading using INI File: "/var/ftp/usrflash/Project/Configuration/pp_proj.ini"
Including Project File: /var/ftp/usrflash/Project/Configuration/pp_disable.txt 
Including Project File: /var/ftp/usrflash/Project/PMAC Script Language/Global Includes/ECATMap.pmh 
Including Project File: /var/ftp/usrflash/Project/PMAC Script Language/Global Includes/AX1515_Mapping.pmh 
Including Project File: /var/ftp/usrflash/Project/PMAC Script Language/Global Includes/H00_Setup_System.pmh 
Including Project File: /var/ftp/usrflash/Project/PMAC Script Language/Global Includes/H01_Setup_EncTable.pmh 
Including Project File: /var/ftp/usrflash/Project/PMAC Script Language/Global Includes/H02_Setup_Motor.pmh 
Including Project File: /var/ftp/usrflash/Project/PMAC Script Language/Global Includes/H03_Setup_Coord.pmh 
Including Project File: /var/ftp/usrflash/Project/PMAC Script Language/Global Includes/H04_Setup_Ecat.pmh 
Including Project File: /var/ftp/usrflash/Project/PMAC Script Language/Global Includes/H05_Setup_Gpio.pmh 
Including Project File: /var/ftp/usrflash/Project/PMAC Script Language/Global Includes/H06_Variable_Umem.pmh 
Including Project File: /var/ftp/usrflash/Project/PMAC Script Language/Global Includes/H07_Variable_UmemArray.pmh 
Including Project File: /var/ftp/usrflash/Project/PMAC Script Language/Global Includes/H08_Variable_Prog.pmh 
Including Project File: /var/ftp/usrflash/Project/PMAC Script Language/Global Includes/H09_Kinematics.pmh 
Including Project File: /var/ftp/usrflash/Project/PMAC Script Language/Global Includes/H10_Nc.pmh 
Including Project File: /var/ftp/usrflash/Project/PMAC Script Language/Kinematic Routines/Forward1.kin 
Including Project File: /var/ftp/usrflash/Project/PMAC Script Language/Kinematic Routines/Inverse1.kin 
Including Project File: /var/ftp/usrflash/Project/PMAC Script Language/Kinematic Routines/Forward2.kin 
Including Project File: /var/ftp/usrflash/Project/PMAC Script Language/Kinematic Routines/Inverse2.kin 
Including Project File: /var/ftp/usrflash/Project/PMAC Script Language/Kinematic Routines/Forward3.kin 
Including Project File: /var/ftp/usrflash/Project/PMAC Script Language/Kinematic Routines/Inverse3.kin 
Including Project File: /var/ftp/usrflash/Project/PMAC Script Language/Libraries/timer.pmc 
Including Project File: /var/ftp/usrflash/Project/PMAC Script Language/Libraries/SPG_Gcode.pmc 
Including Project File: /var/ftp/usrflash/Project/PMAC Script Language/Libraries/SPG_Mcode.pmc 
Including Project File: /var/ftp/usrflash/Project/PMAC Script Language/Libraries/SPG_InitMotor.pmc 
Including Project File: /var/ftp/usrflash/Project/PMAC Script Language/Libraries/SPG_InitScanner.pmc 
Including Project File: /var/ftp/usrflash/Project/PMAC Script Language/Libraries/SPG_InitECylinder.pmc 
Including Project File: /var/ftp/usrflash/Project/PMAC Script Language/Libraries/SPG_InitRequest.pmc 
Including Project File: /var/ftp/usrflash/Project/PMAC Script Language/Libraries/SPG_InitSeqParam.pmc 
Including Project File: /var/ftp/usrflash/Project/PMAC Script Language/Libraries/SPG_SetDefaultParam.pmc 
Including Project File: /var/ftp/usrflash/Project/PMAC Script Language/Libraries/SPG_SetEquOut.pmc 
Including Project File: /var/ftp/usrflash/Project/PMAC Script Language/Libraries/SPG_SetWsLdParam.pmc 
Including Project File: /var/ftp/usrflash/Project/PMAC Script Language/Libraries/SPG_SetWsRdParam.pmc 
Including Project File: /var/ftp/usrflash/Project/PMAC Script Language/Libraries/SPG_SetWsWdParam.pmc 
Including Project File: /var/ftp/usrflash/Project/PMAC Script Language/Libraries/SPG_SetWsWtParam.pmc 
Including Project File: /var/ftp/usrflash/Project/PMAC Script Language/Libraries/SPG_SetWsUdParam.pmc 
Including Project File: /var/ftp/usrflash/Project/PMAC Script Language/Libraries/SPG_SetWsRjParam.pmc 
Including Project File: /var/ftp/usrflash/Project/PMAC Script Language/Libraries/SPG_SetVsLdParam.pmc 
Including Project File: /var/ftp/usrflash/Project/PMAC Script Language/Libraries/SPG_SetVsRdParam.pmc 
Including Project File: /var/ftp/usrflash/Project/PMAC Script Language/Libraries/SPG_SetVsVnParam.pmc 
Including Project File: /var/ftp/usrflash/Project/PMAC Script Language/Libraries/SPG_SetVsWtParam.pmc 
Including Project File: /var/ftp/usrflash/Project/PMAC Script Language/Libraries/SPG_SetVsUdParam.pmc 
Including Project File: /var/ftp/usrflash/Project/PMAC Script Language/Libraries/SPG_SetVsRjParam.pmc 
Including Project File: /var/ftp/usrflash/Project/PMAC Script Language/Libraries/SPG_AbortWsHomeSeq.pmc 
Including Project File: /var/ftp/usrflash/Project/PMAC Script Language/Libraries/SPG_AbortVsHomeSeq.pmc 
Including Project File: /var/ftp/usrflash/Project/PMAC Script Language/Motion Programs/PRG01_Test1.pmc 
Including Project File: /var/ftp/usrflash/Project/PMAC Script Language/Motion Programs/PRG02_Test2.pmc 
Including Project File: /var/ftp/usrflash/Project/PMAC Script Language/Motion Programs/PRG03_Test3.pmc 
Including Project File: /var/ftp/usrflash/Project/PMAC Script Language/Motion Programs/PRG04_Test4.pmc 
Including Project File: /var/ftp/usrflash/Project/PMAC Script Language/Motion Programs/PRG05_Test5.pmc 
Including Project File: /var/ftp/usrflash/Project/PMAC Script Language/Motion Programs/PRG19_Zero.pmc 
Including Project File: /var/ftp/usrflash/Project/PMAC Script Language/Motion Programs/PRG20_Welding.pmc 
Including Project File: /var/ftp/usrflash/Project/PMAC Script Language/Motion Programs/PRG21_Circle.pmc 
Including Project File: /var/ftp/usrflash/Project/PMAC Script Language/Motion Programs/PRG22_SnowMan.pmc 
Including Project File: /var/ftp/usrflash/Project/PMAC Script Language/Motion Programs/PRG23_ButterFly.pmc 
Including Project File: /var/ftp/usrflash/Project/PMAC Script Language/Motion Programs/PRG24_Column.pmc 
Including Project File: /var/ftp/usrflash/Project/PMAC Script Language/Motion Programs/PRG25_Row.pmc 
Including Project File: /var/ftp/usrflash/Project/PMAC Script Language/Motion Programs/PRG30_Vision.pmc 
Including Project File: /var/ftp/usrflash/Project/PMAC Script Language/Motion Programs/PRG50_Test.pmc 
Including Project File: /var/ftp/usrflash/Project/PMAC Script Language/PLC Programs/PLC00_RTI.plc 
Including Project File: /var/ftp/usrflash/Project/PMAC Script Language/PLC Programs/PLC01_Init.plc 
Including Project File: /var/ftp/usrflash/Project/PMAC Script Language/PLC Programs/PLC02_Sta.plc 
Including Project File: /var/ftp/usrflash/Project/PMAC Script Language/PLC Programs/PLC03_Cmd.plc 
Including Project File: /var/ftp/usrflash/Project/PMAC Script Language/PLC Programs/PLC04_Safety.plc 
Including Project File: /var/ftp/usrflash/Project/PMAC Script Language/PLC Programs/PLC05_Ecat.plc 
Including Project File: /var/ftp/usrflash/Project/PMAC Script Language/PLC Programs/PLC06_IoCom.plc 
Including Project File: /var/ftp/usrflash/Project/PMAC Script Language/PLC Programs/PLC10_Home.plc 
Including Project File: /var/ftp/usrflash/Project/PMAC Script Language/PLC Programs/PLC11_Jog.plc 
Including Project File: /var/ftp/usrflash/Project/PMAC Script Language/PLC Programs/PLC12_SeqMc.plc 
Including Project File: /var/ftp/usrflash/Project/PMAC Script Language/PLC Programs/PLC13_SeqWs.plc 
Including Project File: /var/ftp/usrflash/Project/PMAC Script Language/PLC Programs/PLC14_SeqVs.plc 
Including Project File: /var/ftp/usrflash/Project/PMAC Script Language/PLC Programs/PLC20_Cylinder.plc 
Including Project File: /var/ftp/usrflash/Project/PMAC Script Language/PLC Programs/PLC21_TestShot.plc 
Including Project File: /var/ftp/usrflash/Project/PMAC Script Language/PLC Programs/PLC22_InitIo.plc 
Including Project File: /var/ftp/usrflash/Project/PMAC Script Language/PLC Programs/PLC23_InitLaser.plc 
Including Project File: /var/ftp/usrflash/Project/PMAC Script Language/PLC Programs/PLC24_Cover.plc 
Including Project File: /var/ftp/usrflash/Project/PMAC Script Language/PLC Programs/PLC28_Test.plc 
Including Project File: /var/ftp/usrflash/Project/PMAC Script Language/PLC Programs/PLC29_Buf.plc 
Including Project File: /var/ftp/usrflash/Project/PMAC Script Language/PLC Programs/PLC30_Test.plc 
Including Project File: /var/ftp/usrflash/Project/PMAC Script Language/PLC Programs/PLC31_ReqSim.plc 
Including Project File: /var/ftp/usrflash/Project/Configuration/pp_startup.txt 
3251 Project Symbols were created for gpascii -2 communication
[PMAC_PROJECT]
Start of Project Loading using INI File: "/var/ftp/usrflash/Project/Configuration/pp_proj.ini"
Success: Loading usralgo.ko
Success: Loading RT Address of CfromScript
Success: Loading RT Address of CaptCompISR
LoadRTUserCode() Delta Time (sec) = 2.599155
Including Project File: /var/ftp/usrflash/Project/Configuration/pp_disable.txt 
Including Project File: /var/ftp/usrflash/Project/PMAC Script Language/Global Includes/ECATMap.pmh 
Including Project File: /var/ftp/usrflash/Project/PMAC Script Language/Global Includes/AX1515_Mapping.pmh 
Including Project File: /var/ftp/usrflash/Project/PMAC Script Language/Global Includes/H00_Setup_System.pmh 
Including Project File: /var/ftp/usrflash/Project/PMAC Script Language/Global Includes/H01_Setup_EncTable.pmh 
Including Project File: /var/ftp/usrflash/Project/PMAC Script Language/Global Includes/H02_Setup_Motor.pmh 
Including Project File: /var/ftp/usrflash/Project/PMAC Script Language/Global Includes/H03_Setup_Coord.pmh 
Including Project File: /var/ftp/usrflash/Project/PMAC Script Language/Global Includes/H04_Setup_Ecat.pmh 
Including Project File: /var/ftp/usrflash/Project/PMAC Script Language/Global Includes/H05_Setup_Gpio.pmh 
Including Project File: /var/ftp/usrflash/Project/PMAC Script Language/Global Includes/H06_Variable_Umem.pmh 
Including Project File: /var/ftp/usrflash/Project/PMAC Script Language/Global Includes/H07_Variable_UmemArray.pmh 
Including Project File: /var/ftp/usrflash/Project/PMAC Script Language/Global Includes/H08_Variable_Prog.pmh 
Including Project File: /var/ftp/usrflash/Project/PMAC Script Language/Global Includes/H09_Kinematics.pmh 
Including Project File: /var/ftp/usrflash/Project/PMAC Script Language/Global Includes/H10_Nc.pmh 
Including Project File: /var/ftp/usrflash/Project/PMAC Script Language/Kinematic Routines/Forward1.kin 
Including Project File: /var/ftp/usrflash/Project/PMAC Script Language/Kinematic Routines/Inverse1.kin 
Including Project File: /var/ftp/usrflash/Project/PMAC Script Language/Kinematic Routines/Forward2.kin 
Including Project File: /var/ftp/usrflash/Project/PMAC Script Language/Kinematic Routines/Inverse2.kin 
Including Project File: /var/ftp/usrflash/Project/PMAC Script Language/Kinematic Routines/Forward3.kin 
Including Project File: /var/ftp/usrflash/Project/PMAC Script Language/Kinematic Routines/Inverse3.kin 
Including Project File: /var/ftp/usrflash/Project/PMAC Script Language/Libraries/timer.pmc 
Including Project File: /var/ftp/usrflash/Project/PMAC Script Language/Libraries/SPG_Gcode.pmc 
Including Project File: /var/ftp/usrflash/Project/PMAC Script Language/Libraries/SPG_Mcode.pmc 
Including Project File: /var/ftp/usrflash/Project/PMAC Script Language/Libraries/SPG_InitMotor.pmc 
Including Project File: /var/ftp/usrflash/Project/PMAC Script Language/Libraries/SPG_InitScanner.pmc 
Including Project File: /var/ftp/usrflash/Project/PMAC Script Language/Libraries/SPG_InitECylinder.pmc 
Including Project File: /var/ftp/usrflash/Project/PMAC Script Language/Libraries/SPG_InitRequest.pmc 
Including Project File: /var/ftp/usrflash/Project/PMAC Script Language/Libraries/SPG_InitSeqParam.pmc 
Including Project File: /var/ftp/usrflash/Project/PMAC Script Language/Libraries/SPG_SetDefaultParam.pmc 
Including Project File: /var/ftp/usrflash/Project/PMAC Script Language/Libraries/SPG_SetEquOut.pmc 
Including Project File: /var/ftp/usrflash/Project/PMAC Script Language/Libraries/SPG_SetWsLdParam.pmc 
Including Project File: /var/ftp/usrflash/Project/PMAC Script Language/Libraries/SPG_SetWsRdParam.pmc 
Including Project File: /var/ftp/usrflash/Project/PMAC Script Language/Libraries/SPG_SetWsWdParam.pmc 
Including Project File: /var/ftp/usrflash/Project/PMAC Script Language/Libraries/SPG_SetWsWtParam.pmc 
Including Project File: /var/ftp/usrflash/Project/PMAC Script Language/Libraries/SPG_SetWsUdParam.pmc 
Including Project File: /var/ftp/usrflash/Project/PMAC Script Language/Libraries/SPG_SetWsRjParam.pmc 
Including Project File: /var/ftp/usrflash/Project/PMAC Script Language/Libraries/SPG_SetVsLdParam.pmc 
Including Project File: /var/ftp/usrflash/Project/PMAC Script Language/Libraries/SPG_SetVsRdParam.pmc 
Including Project File: /var/ftp/usrflash/Project/PMAC Script Language/Libraries/SPG_SetVsVnParam.pmc 
Including Project File: /var/ftp/usrflash/Project/PMAC Script Language/Libraries/SPG_SetVsWtParam.pmc 
Including Project File: /var/ftp/usrflash/Project/PMAC Script Language/Libraries/SPG_SetVsUdParam.pmc 
Including Project File: /var/ftp/usrflash/Project/PMAC Script Language/Libraries/SPG_SetVsRjParam.pmc 
Including Project File: /var/ftp/usrflash/Project/PMAC Script Language/Libraries/SPG_AbortWsHomeSeq.pmc 
Including Project File: /var/ftp/usrflash/Project/PMAC Script Language/Libraries/SPG_AbortVsHomeSeq.pmc 
Including Project File: /var/ftp/usrflash/Project/PMAC Script Language/Motion Programs/PRG01_Test1.pmc 
Including Project File: /var/ftp/usrflash/Project/PMAC Script Language/Motion Programs/PRG02_Test2.pmc 
Including Project File: /var/ftp/usrflash/Project/PMAC Script Language/Motion Programs/PRG03_Test3.pmc 
Including Project File: /var/ftp/usrflash/Project/PMAC Script Language/Motion Programs/PRG04_Test4.pmc 
Including Project File: /var/ftp/usrflash/Project/PMAC Script Language/Motion Programs/PRG05_Test5.pmc 
Including Project File: /var/ftp/usrflash/Project/PMAC Script Language/Motion Programs/PRG19_Zero.pmc 
Including Project File: /var/ftp/usrflash/Project/PMAC Script Language/Motion Programs/PRG20_Welding.pmc 
Including Project File: /var/ftp/usrflash/Project/PMAC Script Language/Motion Programs/PRG21_Circle.pmc 
Including Project File: /var/ftp/usrflash/Project/PMAC Script Language/Motion Programs/PRG22_SnowMan.pmc 
Including Project File: /var/ftp/usrflash/Project/PMAC Script Language/Motion Programs/PRG23_ButterFly.pmc 
Including Project File: /var/ftp/usrflash/Project/PMAC Script Language/Motion Programs/PRG24_Column.pmc 
Including Project File: /var/ftp/usrflash/Project/PMAC Script Language/Motion Programs/PRG25_Row.pmc 
Including Project File: /var/ftp/usrflash/Project/PMAC Script Language/Motion Programs/PRG30_Vision.pmc 
Including Project File: /var/ftp/usrflash/Project/PMAC Script Language/Motion Programs/PRG50_Test.pmc 
Including Project File: /var/ftp/usrflash/Project/PMAC Script Language/PLC Programs/PLC00_RTI.plc 
Including Project File: /var/ftp/usrflash/Project/PMAC Script Language/PLC Programs/PLC01_Init.plc 
Including Project File: /var/ftp/usrflash/Project/PMAC Script Language/PLC Programs/PLC02_Sta.plc 
Including Project File: /var/ftp/usrflash/Project/PMAC Script Language/PLC Programs/PLC03_Cmd.plc 
Including Project File: /var/ftp/usrflash/Project/PMAC Script Language/PLC Programs/PLC04_Safety.plc 
Including Project File: /var/ftp/usrflash/Project/PMAC Script Language/PLC Programs/PLC05_Ecat.plc 
Including Project File: /var/ftp/usrflash/Project/PMAC Script Language/PLC Programs/PLC06_IoCom.plc 
Including Project File: /var/ftp/usrflash/Project/PMAC Script Language/PLC Programs/PLC10_Home.plc 
Including Project File: /var/ftp/usrflash/Project/PMAC Script Language/PLC Programs/PLC11_Jog.plc 
Including Project File: /var/ftp/usrflash/Project/PMAC Script Language/PLC Programs/PLC12_SeqMc.plc 
Including Project File: /var/ftp/usrflash/Project/PMAC Script Language/PLC Programs/PLC13_SeqWs.plc 
Including Project File: /var/ftp/usrflash/Project/PMAC Script Language/PLC Programs/PLC14_SeqVs.plc 
Including Project File: /var/ftp/usrflash/Project/PMAC Script Language/PLC Programs/PLC20_Cylinder.plc 
Including Project File: /var/ftp/usrflash/Project/PMAC Script Language/PLC Programs/PLC21_TestShot.plc 
Including Project File: /var/ftp/usrflash/Project/PMAC Script Language/PLC Programs/PLC22_InitIo.plc 
Including Project File: /var/ftp/usrflash/Project/PMAC Script Language/PLC Programs/PLC23_InitLaser.plc 
Including Project File: /var/ftp/usrflash/Project/PMAC Script Language/PLC Programs/PLC24_Cover.plc 
Including Project File: /var/ftp/usrflash/Project/PMAC Script Language/PLC Programs/PLC28_Test.plc 
Including Project File: /var/ftp/usrflash/Project/PMAC Script Language/PLC Programs/PLC29_Buf.plc 
Including Project File: /var/ftp/usrflash/Project/PMAC Script Language/PLC Programs/PLC30_Test.plc 
Including Project File: /var/ftp/usrflash/Project/PMAC Script Language/PLC Programs/PLC31_ReqSim.plc 
Including Project File: /var/ftp/usrflash/Project/Configuration/pp_startup.txt 
Status: Pass 1 Create debug file, #defines, *.h & .sym files, Time (sec) = 1.525434
Status: Pass 2 Verify prog calls, local stack & labels, Time (sec)  = 0.510851
3251 Project Symbols were created for gpascii -2 communication
Status: Create PPMAC Symbol Table & Run CPP Time (sec) = 3.860107
Error: downloading preprocessed File: "/var/ftp/usrflash/Temp/pp_proj.pma"
Status: Download to PPMAC Command Processor, Time (sec) = 0.633923
Project Preprocessing & Load Total Time (sec) = 9.130785
[PMAC_PROJECT]
Start of Project Loading using INI File: "/var/ftp/usrflash/Project/Configuration/pp_proj.ini"
Including Project File: /var/ftp/usrflash/Project/Configuration/pp_disable.txt 
Including Project File: /var/ftp/usrflash/Project/PMAC Script Language/Global Includes/ECATMap.pmh 
Including Project File: /var/ftp/usrflash/Project/PMAC Script Language/Global Includes/AX1515_Mapping.pmh 
Including Project File: /var/ftp/usrflash/Project/PMAC Script Language/Global Includes/H00_Setup_System.pmh 
Including Project File: /var/ftp/usrflash/Project/PMAC Script Language/Global Includes/H01_Setup_EncTable.pmh 
Including Project File: /var/ftp/usrflash/Project/PMAC Script Language/Global Includes/H02_Setup_Motor.pmh 
Including Project File: /var/ftp/usrflash/Project/PMAC Script Language/Global Includes/H03_Setup_Coord.pmh 
Including Project File: /var/ftp/usrflash/Project/PMAC Script Language/Global Includes/H04_Setup_Ecat.pmh 
Including Project File: /var/ftp/usrflash/Project/PMAC Script Language/Global Includes/H05_Setup_Gpio.pmh 
Including Project File: /var/ftp/usrflash/Project/PMAC Script Language/Global Includes/H06_Variable_Umem.pmh 
Including Project File: /var/ftp/usrflash/Project/PMAC Script Language/Global Includes/H07_Variable_UmemArray.pmh 
Including Project File: /var/ftp/usrflash/Project/PMAC Script Language/Global Includes/H08_Variable_Prog.pmh 
Including Project File: /var/ftp/usrflash/Project/PMAC Script Language/Global Includes/H09_Kinematics.pmh 
Including Project File: /var/ftp/usrflash/Project/PMAC Script Language/Global Includes/H10_Nc.pmh 
Including Project File: /var/ftp/usrflash/Project/PMAC Script Language/Kinematic Routines/Forward1.kin 
Including Project File: /var/ftp/usrflash/Project/PMAC Script Language/Kinematic Routines/Inverse1.kin 
Including Project File: /var/ftp/usrflash/Project/PMAC Script Language/Kinematic Routines/Forward2.kin 
Including Project File: /var/ftp/usrflash/Project/PMAC Script Language/Kinematic Routines/Inverse2.kin 
Including Project File: /var/ftp/usrflash/Project/PMAC Script Language/Kinematic Routines/Forward3.kin 
Including Project File: /var/ftp/usrflash/Project/PMAC Script Language/Kinematic Routines/Inverse3.kin 
Including Project File: /var/ftp/usrflash/Project/PMAC Script Language/Libraries/timer.pmc 
Including Project File: /var/ftp/usrflash/Project/PMAC Script Language/Libraries/SPG_Gcode.pmc 
Including Project File: /var/ftp/usrflash/Project/PMAC Script Language/Libraries/SPG_Mcode.pmc 
Including Project File: /var/ftp/usrflash/Project/PMAC Script Language/Libraries/SPG_InitMotor.pmc 
Including Project File: /var/ftp/usrflash/Project/PMAC Script Language/Libraries/SPG_InitScanner.pmc 
Including Project File: /var/ftp/usrflash/Project/PMAC Script Language/Libraries/SPG_InitECylinder.pmc 
Including Project File: /var/ftp/usrflash/Project/PMAC Script Language/Libraries/SPG_InitRequest.pmc 
Including Project File: /var/ftp/usrflash/Project/PMAC Script Language/Libraries/SPG_InitSeqParam.pmc 
Including Project File: /var/ftp/usrflash/Project/PMAC Script Language/Libraries/SPG_SetDefaultParam.pmc 
Including Project File: /var/ftp/usrflash/Project/PMAC Script Language/Libraries/SPG_SetEquOut.pmc 
Including Project File: /var/ftp/usrflash/Project/PMAC Script Language/Libraries/SPG_SetWsLdParam.pmc 
Including Project File: /var/ftp/usrflash/Project/PMAC Script Language/Libraries/SPG_SetWsRdParam.pmc 
Including Project File: /var/ftp/usrflash/Project/PMAC Script Language/Libraries/SPG_SetWsWdParam.pmc 
Including Project File: /var/ftp/usrflash/Project/PMAC Script Language/Libraries/SPG_SetWsWtParam.pmc 
Including Project File: /var/ftp/usrflash/Project/PMAC Script Language/Libraries/SPG_SetWsUdParam.pmc 
Including Project File: /var/ftp/usrflash/Project/PMAC Script Language/Libraries/SPG_SetWsRjParam.pmc 
Including Project File: /var/ftp/usrflash/Project/PMAC Script Language/Libraries/SPG_SetVsLdParam.pmc 
Including Project File: /var/ftp/usrflash/Project/PMAC Script Language/Libraries/SPG_SetVsRdParam.pmc 
Including Project File: /var/ftp/usrflash/Project/PMAC Script Language/Libraries/SPG_SetVsVnParam.pmc 
Including Project File: /var/ftp/usrflash/Project/PMAC Script Language/Libraries/SPG_SetVsWtParam.pmc 
Including Project File: /var/ftp/usrflash/Project/PMAC Script Language/Libraries/SPG_SetVsUdParam.pmc 
Including Project File: /var/ftp/usrflash/Project/PMAC Script Language/Libraries/SPG_SetVsRjParam.pmc 
Including Project File: /var/ftp/usrflash/Project/PMAC Script Language/Libraries/SPG_AbortWsHomeSeq.pmc 
Including Project File: /var/ftp/usrflash/Project/PMAC Script Language/Libraries/SPG_AbortVsHomeSeq.pmc 
Including Project File: /var/ftp/usrflash/Project/PMAC Script Language/Motion Programs/PRG01_Test1.pmc 
Including Project File: /var/ftp/usrflash/Project/PMAC Script Language/Motion Programs/PRG02_Test2.pmc 
Including Project File: /var/ftp/usrflash/Project/PMAC Script Language/Motion Programs/PRG03_Test3.pmc 
Including Project File: /var/ftp/usrflash/Project/PMAC Script Language/Motion Programs/PRG04_Test4.pmc 
Including Project File: /var/ftp/usrflash/Project/PMAC Script Language/Motion Programs/PRG05_Test5.pmc 
Including Project File: /var/ftp/usrflash/Project/PMAC Script Language/Motion Programs/PRG19_Zero.pmc 
Including Project File: /var/ftp/usrflash/Project/PMAC Script Language/Motion Programs/PRG20_Welding.pmc 
Including Project File: /var/ftp/usrflash/Project/PMAC Script Language/Motion Programs/PRG21_Circle.pmc 
Including Project File: /var/ftp/usrflash/Project/PMAC Script Language/Motion Programs/PRG22_SnowMan.pmc 
Including Project File: /var/ftp/usrflash/Project/PMAC Script Language/Motion Programs/PRG23_ButterFly.pmc 
Including Project File: /var/ftp/usrflash/Project/PMAC Script Language/Motion Programs/PRG24_Column.pmc 
Including Project File: /var/ftp/usrflash/Project/PMAC Script Language/Motion Programs/PRG25_Row.pmc 
Including Project File: /var/ftp/usrflash/Project/PMAC Script Language/Motion Programs/PRG30_Vision.pmc 
Including Project File: /var/ftp/usrflash/Project/PMAC Script Language/Motion Programs/PRG50_Test.pmc 
Including Project File: /var/ftp/usrflash/Project/PMAC Script Language/PLC Programs/PLC00_RTI.plc 
Including Project File: /var/ftp/usrflash/Project/PMAC Script Language/PLC Programs/PLC01_Init.plc 
Including Project File: /var/ftp/usrflash/Project/PMAC Script Language/PLC Programs/PLC02_Sta.plc 
Including Project File: /var/ftp/usrflash/Project/PMAC Script Language/PLC Programs/PLC03_Cmd.plc 
Including Project File: /var/ftp/usrflash/Project/PMAC Script Language/PLC Programs/PLC04_Safety.plc 
Including Project File: /var/ftp/usrflash/Project/PMAC Script Language/PLC Programs/PLC05_Ecat.plc 
Including Project File: /var/ftp/usrflash/Project/PMAC Script Language/PLC Programs/PLC06_IoCom.plc 
Including Project File: /var/ftp/usrflash/Project/PMAC Script Language/PLC Programs/PLC10_Home.plc 
Including Project File: /var/ftp/usrflash/Project/PMAC Script Language/PLC Programs/PLC11_Jog.plc 
Including Project File: /var/ftp/usrflash/Project/PMAC Script Language/PLC Programs/PLC12_SeqMc.plc 
Including Project File: /var/ftp/usrflash/Project/PMAC Script Language/PLC Programs/PLC13_SeqWs.plc 
Including Project File: /var/ftp/usrflash/Project/PMAC Script Language/PLC Programs/PLC14_SeqVs.plc 
Including Project File: /var/ftp/usrflash/Project/PMAC Script Language/PLC Programs/PLC20_Cylinder.plc 
Including Project File: /var/ftp/usrflash/Project/PMAC Script Language/PLC Programs/PLC21_TestShot.plc 
Including Project File: /var/ftp/usrflash/Project/PMAC Script Language/PLC Programs/PLC22_InitIo.plc 
Including Project File: /var/ftp/usrflash/Project/PMAC Script Language/PLC Programs/PLC23_InitLaser.plc 
Including Project File: /var/ftp/usrflash/Project/PMAC Script Language/PLC Programs/PLC24_Cover.plc 
Including Project File: /var/ftp/usrflash/Project/PMAC Script Language/PLC Programs/PLC28_Test.plc 
Including Project File: /var/ftp/usrflash/Project/PMAC Script Language/PLC Programs/PLC29_Buf.plc 
Including Project File: /var/ftp/usrflash/Project/PMAC Script Language/PLC Programs/PLC30_Test.plc 
Including Project File: /var/ftp/usrflash/Project/PMAC Script Language/PLC Programs/PLC31_ReqSim.plc 
Including Project File: /var/ftp/usrflash/Project/Configuration/pp_startup.txt 
3251 Project Symbols were created for gpascii -2 communication
[PMAC_PROJECT]
Start of Project Loading using INI File: "/var/ftp/usrflash/Project/Configuration/pp_proj.ini"
Success: Loading usralgo.ko
Success: Loading RT Address of CfromScript
Success: Loading RT Address of CaptCompISR
LoadRTUserCode() Delta Time (sec) = 2.205463
Including Project File: /var/ftp/usrflash/Project/Configuration/pp_disable.txt 
Including Project File: /var/ftp/usrflash/Project/PMAC Script Language/Global Includes/ECATMap.pmh 
Including Project File: /var/ftp/usrflash/Project/PMAC Script Language/Global Includes/AX1515_Mapping.pmh 
Including Project File: /var/ftp/usrflash/Project/PMAC Script Language/Global Includes/H00_Setup_System.pmh 
Including Project File: /var/ftp/usrflash/Project/PMAC Script Language/Global Includes/H01_Setup_EncTable.pmh 
Including Project File: /var/ftp/usrflash/Project/PMAC Script Language/Global Includes/H02_Setup_Motor.pmh 
Including Project File: /var/ftp/usrflash/Project/PMAC Script Language/Global Includes/H03_Setup_Coord.pmh 
Including Project File: /var/ftp/usrflash/Project/PMAC Script Language/Global Includes/H04_Setup_Ecat.pmh 
Including Project File: /var/ftp/usrflash/Project/PMAC Script Language/Global Includes/H05_Setup_Gpio.pmh 
Including Project File: /var/ftp/usrflash/Project/PMAC Script Language/Global Includes/H06_Variable_Umem.pmh 
Including Project File: /var/ftp/usrflash/Project/PMAC Script Language/Global Includes/H07_Variable_UmemArray.pmh 
Including Project File: /var/ftp/usrflash/Project/PMAC Script Language/Global Includes/H08_Variable_Prog.pmh 
Including Project File: /var/ftp/usrflash/Project/PMAC Script Language/Global Includes/H09_Kinematics.pmh 
Including Project File: /var/ftp/usrflash/Project/PMAC Script Language/Global Includes/H10_Nc.pmh 
Including Project File: /var/ftp/usrflash/Project/PMAC Script Language/Kinematic Routines/Forward1.kin 
Including Project File: /var/ftp/usrflash/Project/PMAC Script Language/Kinematic Routines/Inverse1.kin 
Including Project File: /var/ftp/usrflash/Project/PMAC Script Language/Kinematic Routines/Forward2.kin 
Including Project File: /var/ftp/usrflash/Project/PMAC Script Language/Kinematic Routines/Inverse2.kin 
Including Project File: /var/ftp/usrflash/Project/PMAC Script Language/Kinematic Routines/Forward3.kin 
Including Project File: /var/ftp/usrflash/Project/PMAC Script Language/Kinematic Routines/Inverse3.kin 
Including Project File: /var/ftp/usrflash/Project/PMAC Script Language/Libraries/timer.pmc 
Including Project File: /var/ftp/usrflash/Project/PMAC Script Language/Libraries/SPG_Gcode.pmc 
Including Project File: /var/ftp/usrflash/Project/PMAC Script Language/Libraries/SPG_Mcode.pmc 
Including Project File: /var/ftp/usrflash/Project/PMAC Script Language/Libraries/SPG_InitMotor.pmc 
Including Project File: /var/ftp/usrflash/Project/PMAC Script Language/Libraries/SPG_InitScanner.pmc 
Including Project File: /var/ftp/usrflash/Project/PMAC Script Language/Libraries/SPG_InitECylinder.pmc 
Including Project File: /var/ftp/usrflash/Project/PMAC Script Language/Libraries/SPG_InitRequest.pmc 
Including Project File: /var/ftp/usrflash/Project/PMAC Script Language/Libraries/SPG_InitSeqParam.pmc 
Including Project File: /var/ftp/usrflash/Project/PMAC Script Language/Libraries/SPG_SetDefaultParam.pmc 
Including Project File: /var/ftp/usrflash/Project/PMAC Script Language/Libraries/SPG_SetEquOut.pmc 
Including Project File: /var/ftp/usrflash/Project/PMAC Script Language/Libraries/SPG_SetWsLdParam.pmc 
Including Project File: /var/ftp/usrflash/Project/PMAC Script Language/Libraries/SPG_SetWsRdParam.pmc 
Including Project File: /var/ftp/usrflash/Project/PMAC Script Language/Libraries/SPG_SetWsWdParam.pmc 
Including Project File: /var/ftp/usrflash/Project/PMAC Script Language/Libraries/SPG_SetWsWtParam.pmc 
Including Project File: /var/ftp/usrflash/Project/PMAC Script Language/Libraries/SPG_SetWsUdParam.pmc 
Including Project File: /var/ftp/usrflash/Project/PMAC Script Language/Libraries/SPG_SetWsRjParam.pmc 
Including Project File: /var/ftp/usrflash/Project/PMAC Script Language/Libraries/SPG_SetVsLdParam.pmc 
Including Project File: /var/ftp/usrflash/Project/PMAC Script Language/Libraries/SPG_SetVsRdParam.pmc 
Including Project File: /var/ftp/usrflash/Project/PMAC Script Language/Libraries/SPG_SetVsVnParam.pmc 
Including Project File: /var/ftp/usrflash/Project/PMAC Script Language/Libraries/SPG_SetVsWtParam.pmc 
Including Project File: /var/ftp/usrflash/Project/PMAC Script Language/Libraries/SPG_SetVsUdParam.pmc 
Including Project File: /var/ftp/usrflash/Project/PMAC Script Language/Libraries/SPG_SetVsRjParam.pmc 
Including Project File: /var/ftp/usrflash/Project/PMAC Script Language/Libraries/SPG_AbortWsHomeSeq.pmc 
Including Project File: /var/ftp/usrflash/Project/PMAC Script Language/Libraries/SPG_AbortVsHomeSeq.pmc 
Including Project File: /var/ftp/usrflash/Project/PMAC Script Language/Motion Programs/PRG01_Test1.pmc 
Including Project File: /var/ftp/usrflash/Project/PMAC Script Language/Motion Programs/PRG02_Test2.pmc 
Including Project File: /var/ftp/usrflash/Project/PMAC Script Language/Motion Programs/PRG03_Test3.pmc 
Including Project File: /var/ftp/usrflash/Project/PMAC Script Language/Motion Programs/PRG04_Test4.pmc 
Including Project File: /var/ftp/usrflash/Project/PMAC Script Language/Motion Programs/PRG05_Test5.pmc 
Including Project File: /var/ftp/usrflash/Project/PMAC Script Language/Motion Programs/PRG19_Zero.pmc 
Including Project File: /var/ftp/usrflash/Project/PMAC Script Language/Motion Programs/PRG20_Welding.pmc 
Including Project File: /var/ftp/usrflash/Project/PMAC Script Language/Motion Programs/PRG21_Circle.pmc 
Including Project File: /var/ftp/usrflash/Project/PMAC Script Language/Motion Programs/PRG22_SnowMan.pmc 
Including Project File: /var/ftp/usrflash/Project/PMAC Script Language/Motion Programs/PRG23_ButterFly.pmc 
Including Project File: /var/ftp/usrflash/Project/PMAC Script Language/Motion Programs/PRG24_Column.pmc 
Including Project File: /var/ftp/usrflash/Project/PMAC Script Language/Motion Programs/PRG25_Row.pmc 
Including Project File: /var/ftp/usrflash/Project/PMAC Script Language/Motion Programs/PRG30_Vision.pmc 
Including Project File: /var/ftp/usrflash/Project/PMAC Script Language/Motion Programs/PRG50_Test.pmc 
Including Project File: /var/ftp/usrflash/Project/PMAC Script Language/PLC Programs/PLC00_RTI.plc 
Including Project File: /var/ftp/usrflash/Project/PMAC Script Language/PLC Programs/PLC01_Init.plc 
Including Project File: /var/ftp/usrflash/Project/PMAC Script Language/PLC Programs/PLC02_Sta.plc 
Including Project File: /var/ftp/usrflash/Project/PMAC Script Language/PLC Programs/PLC03_Cmd.plc 
Including Project File: /var/ftp/usrflash/Project/PMAC Script Language/PLC Programs/PLC04_Safety.plc 
Including Project File: /var/ftp/usrflash/Project/PMAC Script Language/PLC Programs/PLC05_Ecat.plc 
Including Project File: /var/ftp/usrflash/Project/PMAC Script Language/PLC Programs/PLC06_IoCom.plc 
Including Project File: /var/ftp/usrflash/Project/PMAC Script Language/PLC Programs/PLC10_Home.plc 
Including Project File: /var/ftp/usrflash/Project/PMAC Script Language/PLC Programs/PLC11_Jog.plc 
Including Project File: /var/ftp/usrflash/Project/PMAC Script Language/PLC Programs/PLC12_SeqMc.plc 
Including Project File: /var/ftp/usrflash/Project/PMAC Script Language/PLC Programs/PLC13_SeqWs.plc 
Including Project File: /var/ftp/usrflash/Project/PMAC Script Language/PLC Programs/PLC14_SeqVs.plc 
Including Project File: /var/ftp/usrflash/Project/PMAC Script Language/PLC Programs/PLC20_Cylinder.plc 
Including Project File: /var/ftp/usrflash/Project/PMAC Script Language/PLC Programs/PLC21_TestShot.plc 
Including Project File: /var/ftp/usrflash/Project/PMAC Script Language/PLC Programs/PLC22_InitIo.plc 
Including Project File: /var/ftp/usrflash/Project/PMAC Script Language/PLC Programs/PLC23_InitLaser.plc 
Including Project File: /var/ftp/usrflash/Project/PMAC Script Language/PLC Programs/PLC24_Cover.plc 
Including Project File: /var/ftp/usrflash/Project/PMAC Script Language/PLC Programs/PLC28_Test.plc 
Including Project File: /var/ftp/usrflash/Project/PMAC Script Language/PLC Programs/PLC29_Buf.plc 
Including Project File: /var/ftp/usrflash/Project/PMAC Script Language/PLC Programs/PLC30_Test.plc 
Including Project File: /var/ftp/usrflash/Project/PMAC Script Language/PLC Programs/PLC31_ReqSim.plc 
Including Project File: /var/ftp/usrflash/Project/Configuration/pp_startup.txt 
Status: Pass 1 Create debug file, #defines, *.h & .sym files, Time (sec) = 1.072686
Status: Pass 2 Verify prog calls, local stack & labels, Time (sec)  = 0.427301
3251 Project Symbols were created for gpascii -2 communication
Status: Create PPMAC Symbol Table & Run CPP Time (sec) = 2.522209
Status: Successful load of preprocessed File: "/var/ftp/usrflash/Temp/pp_proj.pma"
Status: Download to PPMAC Command Processor, Time (sec) = 0.767269
Status: Final pp_proj.h & Run Background C Apps, Time (sec) = 0.412917
Project Preprocessing & Load Total Time (sec) = 7.408233
[PMAC_PROJECT]
Start of Project Loading using INI File: "/var/ftp/usrflash/Project/Configuration/pp_proj.ini"
Including Project File: /var/ftp/usrflash/Project/Configuration/pp_disable.txt 
Including Project File: /var/ftp/usrflash/Project/PMAC Script Language/Global Includes/ECATMap.pmh 
Including Project File: /var/ftp/usrflash/Project/PMAC Script Language/Global Includes/AX1515_Mapping.pmh 
Including Project File: /var/ftp/usrflash/Project/PMAC Script Language/Global Includes/H00_Setup_System.pmh 
Including Project File: /var/ftp/usrflash/Project/PMAC Script Language/Global Includes/H01_Setup_EncTable.pmh 
Including Project File: /var/ftp/usrflash/Project/PMAC Script Language/Global Includes/H02_Setup_Motor.pmh 
Including Project File: /var/ftp/usrflash/Project/PMAC Script Language/Global Includes/H03_Setup_Coord.pmh 
Including Project File: /var/ftp/usrflash/Project/PMAC Script Language/Global Includes/H04_Setup_Ecat.pmh 
Including Project File: /var/ftp/usrflash/Project/PMAC Script Language/Global Includes/H05_Setup_Gpio.pmh 
Including Project File: /var/ftp/usrflash/Project/PMAC Script Language/Global Includes/H06_Variable_Umem.pmh 
Including Project File: /var/ftp/usrflash/Project/PMAC Script Language/Global Includes/H07_Variable_UmemArray.pmh 
Including Project File: /var/ftp/usrflash/Project/PMAC Script Language/Global Includes/H08_Variable_Prog.pmh 
Including Project File: /var/ftp/usrflash/Project/PMAC Script Language/Global Includes/H09_Kinematics.pmh 
Including Project File: /var/ftp/usrflash/Project/PMAC Script Language/Global Includes/H10_Nc.pmh 
Including Project File: /var/ftp/usrflash/Project/PMAC Script Language/Kinematic Routines/Forward1.kin 
Including Project File: /var/ftp/usrflash/Project/PMAC Script Language/Kinematic Routines/Inverse1.kin 
Including Project File: /var/ftp/usrflash/Project/PMAC Script Language/Kinematic Routines/Forward2.kin 
Including Project File: /var/ftp/usrflash/Project/PMAC Script Language/Kinematic Routines/Inverse2.kin 
Including Project File: /var/ftp/usrflash/Project/PMAC Script Language/Kinematic Routines/Forward3.kin 
Including Project File: /var/ftp/usrflash/Project/PMAC Script Language/Kinematic Routines/Inverse3.kin 
Including Project File: /var/ftp/usrflash/Project/PMAC Script Language/Libraries/timer.pmc 
Including Project File: /var/ftp/usrflash/Project/PMAC Script Language/Libraries/SPG_Gcode.pmc 
Including Project File: /var/ftp/usrflash/Project/PMAC Script Language/Libraries/SPG_Mcode.pmc 
Including Project File: /var/ftp/usrflash/Project/PMAC Script Language/Libraries/SPG_InitMotor.pmc 
Including Project File: /var/ftp/usrflash/Project/PMAC Script Language/Libraries/SPG_InitScanner.pmc 
Including Project File: /var/ftp/usrflash/Project/PMAC Script Language/Libraries/SPG_InitECylinder.pmc 
Including Project File: /var/ftp/usrflash/Project/PMAC Script Language/Libraries/SPG_InitRequest.pmc 
Including Project File: /var/ftp/usrflash/Project/PMAC Script Language/Libraries/SPG_InitSeqParam.pmc 
Including Project File: /var/ftp/usrflash/Project/PMAC Script Language/Libraries/SPG_SetDefaultParam.pmc 
Including Project File: /var/ftp/usrflash/Project/PMAC Script Language/Libraries/SPG_SetEquOut.pmc 
Including Project File: /var/ftp/usrflash/Project/PMAC Script Language/Libraries/SPG_SetWsLdParam.pmc 
Including Project File: /var/ftp/usrflash/Project/PMAC Script Language/Libraries/SPG_SetWsRdParam.pmc 
Including Project File: /var/ftp/usrflash/Project/PMAC Script Language/Libraries/SPG_SetWsWdParam.pmc 
Including Project File: /var/ftp/usrflash/Project/PMAC Script Language/Libraries/SPG_SetWsWtParam.pmc 
Including Project File: /var/ftp/usrflash/Project/PMAC Script Language/Libraries/SPG_SetWsUdParam.pmc 
Including Project File: /var/ftp/usrflash/Project/PMAC Script Language/Libraries/SPG_SetWsRjParam.pmc 
Including Project File: /var/ftp/usrflash/Project/PMAC Script Language/Libraries/SPG_SetVsLdParam.pmc 
Including Project File: /var/ftp/usrflash/Project/PMAC Script Language/Libraries/SPG_SetVsRdParam.pmc 
Including Project File: /var/ftp/usrflash/Project/PMAC Script Language/Libraries/SPG_SetVsVnParam.pmc 
Including Project File: /var/ftp/usrflash/Project/PMAC Script Language/Libraries/SPG_SetVsWtParam.pmc 
Including Project File: /var/ftp/usrflash/Project/PMAC Script Language/Libraries/SPG_SetVsUdParam.pmc 
Including Project File: /var/ftp/usrflash/Project/PMAC Script Language/Libraries/SPG_SetVsRjParam.pmc 
Including Project File: /var/ftp/usrflash/Project/PMAC Script Language/Libraries/SPG_AbortWsHomeSeq.pmc 
Including Project File: /var/ftp/usrflash/Project/PMAC Script Language/Libraries/SPG_AbortVsHomeSeq.pmc 
Including Project File: /var/ftp/usrflash/Project/PMAC Script Language/Motion Programs/PRG01_Test1.pmc 
Including Project File: /var/ftp/usrflash/Project/PMAC Script Language/Motion Programs/PRG02_Test2.pmc 
Including Project File: /var/ftp/usrflash/Project/PMAC Script Language/Motion Programs/PRG03_Test3.pmc 
Including Project File: /var/ftp/usrflash/Project/PMAC Script Language/Motion Programs/PRG04_Test4.pmc 
Including Project File: /var/ftp/usrflash/Project/PMAC Script Language/Motion Programs/PRG05_Test5.pmc 
Including Project File: /var/ftp/usrflash/Project/PMAC Script Language/Motion Programs/PRG19_Zero.pmc 
Including Project File: /var/ftp/usrflash/Project/PMAC Script Language/Motion Programs/PRG20_Welding.pmc 
Including Project File: /var/ftp/usrflash/Project/PMAC Script Language/Motion Programs/PRG21_Circle.pmc 
Including Project File: /var/ftp/usrflash/Project/PMAC Script Language/Motion Programs/PRG22_SnowMan.pmc 
Including Project File: /var/ftp/usrflash/Project/PMAC Script Language/Motion Programs/PRG23_ButterFly.pmc 
Including Project File: /var/ftp/usrflash/Project/PMAC Script Language/Motion Programs/PRG24_Column.pmc 
Including Project File: /var/ftp/usrflash/Project/PMAC Script Language/Motion Programs/PRG25_Row.pmc 
Including Project File: /var/ftp/usrflash/Project/PMAC Script Language/Motion Programs/PRG30_Vision.pmc 
Including Project File: /var/ftp/usrflash/Project/PMAC Script Language/Motion Programs/PRG50_Test.pmc 
Including Project File: /var/ftp/usrflash/Project/PMAC Script Language/PLC Programs/PLC00_RTI.plc 
Including Project File: /var/ftp/usrflash/Project/PMAC Script Language/PLC Programs/PLC01_Init.plc 
Including Project File: /var/ftp/usrflash/Project/PMAC Script Language/PLC Programs/PLC02_Sta.plc 
Including Project File: /var/ftp/usrflash/Project/PMAC Script Language/PLC Programs/PLC03_Cmd.plc 
Including Project File: /var/ftp/usrflash/Project/PMAC Script Language/PLC Programs/PLC04_Safety.plc 
Including Project File: /var/ftp/usrflash/Project/PMAC Script Language/PLC Programs/PLC05_Ecat.plc 
Including Project File: /var/ftp/usrflash/Project/PMAC Script Language/PLC Programs/PLC06_IoCom.plc 
Including Project File: /var/ftp/usrflash/Project/PMAC Script Language/PLC Programs/PLC10_Home.plc 
Including Project File: /var/ftp/usrflash/Project/PMAC Script Language/PLC Programs/PLC11_Jog.plc 
Including Project File: /var/ftp/usrflash/Project/PMAC Script Language/PLC Programs/PLC12_SeqMc.plc 
Including Project File: /var/ftp/usrflash/Project/PMAC Script Language/PLC Programs/PLC13_SeqWs.plc 
Including Project File: /var/ftp/usrflash/Project/PMAC Script Language/PLC Programs/PLC14_SeqVs.plc 
Including Project File: /var/ftp/usrflash/Project/PMAC Script Language/PLC Programs/PLC20_Cylinder.plc 
Including Project File: /var/ftp/usrflash/Project/PMAC Script Language/PLC Programs/PLC21_TestShot.plc 
Including Project File: /var/ftp/usrflash/Project/PMAC Script Language/PLC Programs/PLC22_InitIo.plc 
Including Project File: /var/ftp/usrflash/Project/PMAC Script Language/PLC Programs/PLC23_InitLaser.plc 
Including Project File: /var/ftp/usrflash/Project/PMAC Script Language/PLC Programs/PLC24_Cover.plc 
Including Project File: /var/ftp/usrflash/Project/PMAC Script Language/PLC Programs/PLC28_Test.plc 
Including Project File: /var/ftp/usrflash/Project/PMAC Script Language/PLC Programs/PLC29_Buf.plc 
Including Project File: /var/ftp/usrflash/Project/PMAC Script Language/PLC Programs/PLC30_Test.plc 
Including Project File: /var/ftp/usrflash/Project/PMAC Script Language/PLC Programs/PLC31_ReqSim.plc 
Including Project File: /var/ftp/usrflash/Project/Configuration/pp_startup.txt 
3251 Project Symbols were created for gpascii -2 communication
[PMAC_PROJECT]
Start of Project Loading using INI File: "/var/ftp/usrflash/Project/Configuration/pp_proj.ini"
Success: Loading usralgo.ko
Success: Loading RT Address of CfromScript
Success: Loading RT Address of CaptCompISR
LoadRTUserCode() Delta Time (sec) = 2.745218
Including Project File: /var/ftp/usrflash/Project/Configuration/pp_disable.txt 
Including Project File: /var/ftp/usrflash/Project/PMAC Script Language/Global Includes/ECATMap.pmh 
Including Project File: /var/ftp/usrflash/Project/PMAC Script Language/Global Includes/AX1515_Mapping.pmh 
Including Project File: /var/ftp/usrflash/Project/PMAC Script Language/Global Includes/H00_Setup_System.pmh 
Including Project File: /var/ftp/usrflash/Project/PMAC Script Language/Global Includes/H01_Setup_EncTable.pmh 
Including Project File: /var/ftp/usrflash/Project/PMAC Script Language/Global Includes/H02_Setup_Motor.pmh 
Including Project File: /var/ftp/usrflash/Project/PMAC Script Language/Global Includes/H03_Setup_Coord.pmh 
Including Project File: /var/ftp/usrflash/Project/PMAC Script Language/Global Includes/H04_Setup_Ecat.pmh 
Including Project File: /var/ftp/usrflash/Project/PMAC Script Language/Global Includes/H05_Setup_Gpio.pmh 
Including Project File: /var/ftp/usrflash/Project/PMAC Script Language/Global Includes/H06_Variable_Umem.pmh 
Including Project File: /var/ftp/usrflash/Project/PMAC Script Language/Global Includes/H07_Variable_UmemArray.pmh 
Including Project File: /var/ftp/usrflash/Project/PMAC Script Language/Global Includes/H08_Variable_Prog.pmh 
Including Project File: /var/ftp/usrflash/Project/PMAC Script Language/Global Includes/H09_Kinematics.pmh 
Including Project File: /var/ftp/usrflash/Project/PMAC Script Language/Global Includes/H10_Nc.pmh 
Including Project File: /var/ftp/usrflash/Project/PMAC Script Language/Kinematic Routines/Forward1.kin 
Including Project File: /var/ftp/usrflash/Project/PMAC Script Language/Kinematic Routines/Inverse1.kin 
Including Project File: /var/ftp/usrflash/Project/PMAC Script Language/Kinematic Routines/Forward2.kin 
Including Project File: /var/ftp/usrflash/Project/PMAC Script Language/Kinematic Routines/Inverse2.kin 
Including Project File: /var/ftp/usrflash/Project/PMAC Script Language/Kinematic Routines/Forward3.kin 
Including Project File: /var/ftp/usrflash/Project/PMAC Script Language/Kinematic Routines/Inverse3.kin 
Including Project File: /var/ftp/usrflash/Project/PMAC Script Language/Libraries/timer.pmc 
Including Project File: /var/ftp/usrflash/Project/PMAC Script Language/Libraries/SPG_Gcode.pmc 
Including Project File: /var/ftp/usrflash/Project/PMAC Script Language/Libraries/SPG_Mcode.pmc 
Including Project File: /var/ftp/usrflash/Project/PMAC Script Language/Libraries/SPG_InitMotor.pmc 
Including Project File: /var/ftp/usrflash/Project/PMAC Script Language/Libraries/SPG_InitScanner.pmc 
Including Project File: /var/ftp/usrflash/Project/PMAC Script Language/Libraries/SPG_InitECylinder.pmc 
Including Project File: /var/ftp/usrflash/Project/PMAC Script Language/Libraries/SPG_InitRequest.pmc 
Including Project File: /var/ftp/usrflash/Project/PMAC Script Language/Libraries/SPG_InitSeqParam.pmc 
Including Project File: /var/ftp/usrflash/Project/PMAC Script Language/Libraries/SPG_SetDefaultParam.pmc 
Including Project File: /var/ftp/usrflash/Project/PMAC Script Language/Libraries/SPG_SetEquOut.pmc 
Including Project File: /var/ftp/usrflash/Project/PMAC Script Language/Libraries/SPG_SetWsLdParam.pmc 
Including Project File: /var/ftp/usrflash/Project/PMAC Script Language/Libraries/SPG_SetWsRdParam.pmc 
Including Project File: /var/ftp/usrflash/Project/PMAC Script Language/Libraries/SPG_SetWsWdParam.pmc 
Including Project File: /var/ftp/usrflash/Project/PMAC Script Language/Libraries/SPG_SetWsWtParam.pmc 
Including Project File: /var/ftp/usrflash/Project/PMAC Script Language/Libraries/SPG_SetWsUdParam.pmc 
Including Project File: /var/ftp/usrflash/Project/PMAC Script Language/Libraries/SPG_SetWsRjParam.pmc 
Including Project File: /var/ftp/usrflash/Project/PMAC Script Language/Libraries/SPG_SetVsLdParam.pmc 
Including Project File: /var/ftp/usrflash/Project/PMAC Script Language/Libraries/SPG_SetVsRdParam.pmc 
Including Project File: /var/ftp/usrflash/Project/PMAC Script Language/Libraries/SPG_SetVsVnParam.pmc 
Including Project File: /var/ftp/usrflash/Project/PMAC Script Language/Libraries/SPG_SetVsWtParam.pmc 
Including Project File: /var/ftp/usrflash/Project/PMAC Script Language/Libraries/SPG_SetVsUdParam.pmc 
Including Project File: /var/ftp/usrflash/Project/PMAC Script Language/Libraries/SPG_SetVsRjParam.pmc 
Including Project File: /var/ftp/usrflash/Project/PMAC Script Language/Libraries/SPG_AbortWsHomeSeq.pmc 
Including Project File: /var/ftp/usrflash/Project/PMAC Script Language/Libraries/SPG_AbortVsHomeSeq.pmc 
Including Project File: /var/ftp/usrflash/Project/PMAC Script Language/Motion Programs/PRG01_Test1.pmc 
Including Project File: /var/ftp/usrflash/Project/PMAC Script Language/Motion Programs/PRG02_Test2.pmc 
Including Project File: /var/ftp/usrflash/Project/PMAC Script Language/Motion Programs/PRG03_Test3.pmc 
Including Project File: /var/ftp/usrflash/Project/PMAC Script Language/Motion Programs/PRG04_Test4.pmc 
Including Project File: /var/ftp/usrflash/Project/PMAC Script Language/Motion Programs/PRG05_Test5.pmc 
Including Project File: /var/ftp/usrflash/Project/PMAC Script Language/Motion Programs/PRG19_Zero.pmc 
Including Project File: /var/ftp/usrflash/Project/PMAC Script Language/Motion Programs/PRG20_Welding.pmc 
Including Project File: /var/ftp/usrflash/Project/PMAC Script Language/Motion Programs/PRG21_Circle.pmc 
Including Project File: /var/ftp/usrflash/Project/PMAC Script Language/Motion Programs/PRG22_SnowMan.pmc 
Including Project File: /var/ftp/usrflash/Project/PMAC Script Language/Motion Programs/PRG23_ButterFly.pmc 
Including Project File: /var/ftp/usrflash/Project/PMAC Script Language/Motion Programs/PRG24_Column.pmc 
Including Project File: /var/ftp/usrflash/Project/PMAC Script Language/Motion Programs/PRG25_Row.pmc 
Including Project File: /var/ftp/usrflash/Project/PMAC Script Language/Motion Programs/PRG30_Vision.pmc 
Including Project File: /var/ftp/usrflash/Project/PMAC Script Language/Motion Programs/PRG50_Test.pmc 
Including Project File: /var/ftp/usrflash/Project/PMAC Script Language/PLC Programs/PLC00_RTI.plc 
Including Project File: /var/ftp/usrflash/Project/PMAC Script Language/PLC Programs/PLC01_Init.plc 
Including Project File: /var/ftp/usrflash/Project/PMAC Script Language/PLC Programs/PLC02_Sta.plc 
Including Project File: /var/ftp/usrflash/Project/PMAC Script Language/PLC Programs/PLC03_Cmd.plc 
Including Project File: /var/ftp/usrflash/Project/PMAC Script Language/PLC Programs/PLC04_Safety.plc 
Including Project File: /var/ftp/usrflash/Project/PMAC Script Language/PLC Programs/PLC05_Ecat.plc 
Including Project File: /var/ftp/usrflash/Project/PMAC Script Language/PLC Programs/PLC06_IoCom.plc 
Including Project File: /var/ftp/usrflash/Project/PMAC Script Language/PLC Programs/PLC10_Home.plc 
Including Project File: /var/ftp/usrflash/Project/PMAC Script Language/PLC Programs/PLC11_Jog.plc 
Including Project File: /var/ftp/usrflash/Project/PMAC Script Language/PLC Programs/PLC12_SeqMc.plc 
Including Project File: /var/ftp/usrflash/Project/PMAC Script Language/PLC Programs/PLC13_SeqWs.plc 
Including Project File: /var/ftp/usrflash/Project/PMAC Script Language/PLC Programs/PLC14_SeqVs.plc 
Including Project File: /var/ftp/usrflash/Project/PMAC Script Language/PLC Programs/PLC20_Cylinder.plc 
Including Project File: /var/ftp/usrflash/Project/PMAC Script Language/PLC Programs/PLC21_TestShot.plc 
Including Project File: /var/ftp/usrflash/Project/PMAC Script Language/PLC Programs/PLC22_InitIo.plc 
Including Project File: /var/ftp/usrflash/Project/PMAC Script Language/PLC Programs/PLC23_InitLaser.plc 
Including Project File: /var/ftp/usrflash/Project/PMAC Script Language/PLC Programs/PLC24_Cover.plc 
Including Project File: /var/ftp/usrflash/Project/PMAC Script Language/PLC Programs/PLC28_Test.plc 
Including Project File: /var/ftp/usrflash/Project/PMAC Script Language/PLC Programs/PLC29_Buf.plc 
Including Project File: /var/ftp/usrflash/Project/PMAC Script Language/PLC Programs/PLC30_Test.plc 
Including Project File: /var/ftp/usrflash/Project/PMAC Script Language/PLC Programs/PLC31_ReqSim.plc 
Including Project File: /var/ftp/usrflash/Project/Configuration/pp_startup.txt 
Status: Pass 1 Create debug file, #defines, *.h & .sym files, Time (sec) = 1.498174
Status: Pass 2 Verify prog calls, local stack & labels, Time (sec)  = 0.667808
3251 Project Symbols were created for gpascii -2 communication
Status: Create PPMAC Symbol Table & Run CPP Time (sec) = 3.871483
Status: Successful load of preprocessed File: "/var/ftp/usrflash/Temp/pp_proj.pma"
Status: Download to PPMAC Command Processor, Time (sec) = 0.761236
Status: Final pp_proj.h & Run Background C Apps, Time (sec) = 0.499162
Project Preprocessing & Load Total Time (sec) = 10.044964
[PMAC_PROJECT]
Start of Project Loading using INI File: "/var/ftp/usrflash/Project/Configuration/pp_proj.ini"
Including Project File: /var/ftp/usrflash/Project/Configuration/pp_disable.txt 
Including Project File: /var/ftp/usrflash/Project/PMAC Script Language/Global Includes/ECATMap.pmh 
Including Project File: /var/ftp/usrflash/Project/PMAC Script Language/Global Includes/AX1515_Mapping.pmh 
Including Project File: /var/ftp/usrflash/Project/PMAC Script Language/Global Includes/H00_Setup_System.pmh 
Including Project File: /var/ftp/usrflash/Project/PMAC Script Language/Global Includes/H01_Setup_EncTable.pmh 
Including Project File: /var/ftp/usrflash/Project/PMAC Script Language/Global Includes/H02_Setup_Motor.pmh 
Including Project File: /var/ftp/usrflash/Project/PMAC Script Language/Global Includes/H03_Setup_Coord.pmh 
Including Project File: /var/ftp/usrflash/Project/PMAC Script Language/Global Includes/H04_Setup_Ecat.pmh 
Including Project File: /var/ftp/usrflash/Project/PMAC Script Language/Global Includes/H05_Setup_Gpio.pmh 
Including Project File: /var/ftp/usrflash/Project/PMAC Script Language/Global Includes/H06_Variable_Umem.pmh 
Including Project File: /var/ftp/usrflash/Project/PMAC Script Language/Global Includes/H07_Variable_UmemArray.pmh 
Including Project File: /var/ftp/usrflash/Project/PMAC Script Language/Global Includes/H08_Variable_Prog.pmh 
Including Project File: /var/ftp/usrflash/Project/PMAC Script Language/Global Includes/H09_Kinematics.pmh 
Including Project File: /var/ftp/usrflash/Project/PMAC Script Language/Global Includes/H10_Nc.pmh 
Including Project File: /var/ftp/usrflash/Project/PMAC Script Language/Kinematic Routines/Forward1.kin 
Including Project File: /var/ftp/usrflash/Project/PMAC Script Language/Kinematic Routines/Inverse1.kin 
Including Project File: /var/ftp/usrflash/Project/PMAC Script Language/Kinematic Routines/Forward2.kin 
Including Project File: /var/ftp/usrflash/Project/PMAC Script Language/Kinematic Routines/Inverse2.kin 
Including Project File: /var/ftp/usrflash/Project/PMAC Script Language/Kinematic Routines/Forward3.kin 
Including Project File: /var/ftp/usrflash/Project/PMAC Script Language/Kinematic Routines/Inverse3.kin 
Including Project File: /var/ftp/usrflash/Project/PMAC Script Language/Libraries/timer.pmc 
Including Project File: /var/ftp/usrflash/Project/PMAC Script Language/Libraries/SPG_Gcode.pmc 
Including Project File: /var/ftp/usrflash/Project/PMAC Script Language/Libraries/SPG_Mcode.pmc 
Including Project File: /var/ftp/usrflash/Project/PMAC Script Language/Libraries/SPG_InitMotor.pmc 
Including Project File: /var/ftp/usrflash/Project/PMAC Script Language/Libraries/SPG_InitScanner.pmc 
Including Project File: /var/ftp/usrflash/Project/PMAC Script Language/Libraries/SPG_InitECylinder.pmc 
Including Project File: /var/ftp/usrflash/Project/PMAC Script Language/Libraries/SPG_InitRequest.pmc 
Including Project File: /var/ftp/usrflash/Project/PMAC Script Language/Libraries/SPG_InitSeqParam.pmc 
Including Project File: /var/ftp/usrflash/Project/PMAC Script Language/Libraries/SPG_SetDefaultParam.pmc 
Including Project File: /var/ftp/usrflash/Project/PMAC Script Language/Libraries/SPG_SetEquOut.pmc 
Including Project File: /var/ftp/usrflash/Project/PMAC Script Language/Libraries/SPG_SetWsLdParam.pmc 
Including Project File: /var/ftp/usrflash/Project/PMAC Script Language/Libraries/SPG_SetWsRdParam.pmc 
Including Project File: /var/ftp/usrflash/Project/PMAC Script Language/Libraries/SPG_SetWsWdParam.pmc 
Including Project File: /var/ftp/usrflash/Project/PMAC Script Language/Libraries/SPG_SetWsWtParam.pmc 
Including Project File: /var/ftp/usrflash/Project/PMAC Script Language/Libraries/SPG_SetWsUdParam.pmc 
Including Project File: /var/ftp/usrflash/Project/PMAC Script Language/Libraries/SPG_SetWsRjParam.pmc 
Including Project File: /var/ftp/usrflash/Project/PMAC Script Language/Libraries/SPG_SetVsLdParam.pmc 
Including Project File: /var/ftp/usrflash/Project/PMAC Script Language/Libraries/SPG_SetVsRdParam.pmc 
Including Project File: /var/ftp/usrflash/Project/PMAC Script Language/Libraries/SPG_SetVsVnParam.pmc 
Including Project File: /var/ftp/usrflash/Project/PMAC Script Language/Libraries/SPG_SetVsWtParam.pmc 
Including Project File: /var/ftp/usrflash/Project/PMAC Script Language/Libraries/SPG_SetVsUdParam.pmc 
Including Project File: /var/ftp/usrflash/Project/PMAC Script Language/Libraries/SPG_SetVsRjParam.pmc 
Including Project File: /var/ftp/usrflash/Project/PMAC Script Language/Libraries/SPG_AbortWsHomeSeq.pmc 
Including Project File: /var/ftp/usrflash/Project/PMAC Script Language/Libraries/SPG_AbortVsHomeSeq.pmc 
Including Project File: /var/ftp/usrflash/Project/PMAC Script Language/Motion Programs/PRG01_Test1.pmc 
Including Project File: /var/ftp/usrflash/Project/PMAC Script Language/Motion Programs/PRG02_Test2.pmc 
Including Project File: /var/ftp/usrflash/Project/PMAC Script Language/Motion Programs/PRG03_Test3.pmc 
Including Project File: /var/ftp/usrflash/Project/PMAC Script Language/Motion Programs/PRG04_Test4.pmc 
Including Project File: /var/ftp/usrflash/Project/PMAC Script Language/Motion Programs/PRG05_Test5.pmc 
Including Project File: /var/ftp/usrflash/Project/PMAC Script Language/Motion Programs/PRG19_Zero.pmc 
Including Project File: /var/ftp/usrflash/Project/PMAC Script Language/Motion Programs/PRG20_Welding.pmc 
Including Project File: /var/ftp/usrflash/Project/PMAC Script Language/Motion Programs/PRG21_Circle.pmc 
Including Project File: /var/ftp/usrflash/Project/PMAC Script Language/Motion Programs/PRG22_SnowMan.pmc 
Including Project File: /var/ftp/usrflash/Project/PMAC Script Language/Motion Programs/PRG23_ButterFly.pmc 
Including Project File: /var/ftp/usrflash/Project/PMAC Script Language/Motion Programs/PRG24_Column.pmc 
Including Project File: /var/ftp/usrflash/Project/PMAC Script Language/Motion Programs/PRG25_Row.pmc 
Including Project File: /var/ftp/usrflash/Project/PMAC Script Language/Motion Programs/PRG30_Vision.pmc 
Including Project File: /var/ftp/usrflash/Project/PMAC Script Language/Motion Programs/PRG50_Test.pmc 
Including Project File: /var/ftp/usrflash/Project/PMAC Script Language/PLC Programs/PLC00_RTI.plc 
Including Project File: /var/ftp/usrflash/Project/PMAC Script Language/PLC Programs/PLC01_Init.plc 
Including Project File: /var/ftp/usrflash/Project/PMAC Script Language/PLC Programs/PLC02_Sta.plc 
Including Project File: /var/ftp/usrflash/Project/PMAC Script Language/PLC Programs/PLC03_Cmd.plc 
Including Project File: /var/ftp/usrflash/Project/PMAC Script Language/PLC Programs/PLC04_Safety.plc 
Including Project File: /var/ftp/usrflash/Project/PMAC Script Language/PLC Programs/PLC05_Ecat.plc 
Including Project File: /var/ftp/usrflash/Project/PMAC Script Language/PLC Programs/PLC06_IoCom.plc 
Including Project File: /var/ftp/usrflash/Project/PMAC Script Language/PLC Programs/PLC10_Home.plc 
Including Project File: /var/ftp/usrflash/Project/PMAC Script Language/PLC Programs/PLC11_Jog.plc 
Including Project File: /var/ftp/usrflash/Project/PMAC Script Language/PLC Programs/PLC12_SeqMc.plc 
Including Project File: /var/ftp/usrflash/Project/PMAC Script Language/PLC Programs/PLC13_SeqWs.plc 
Including Project File: /var/ftp/usrflash/Project/PMAC Script Language/PLC Programs/PLC14_SeqVs.plc 
Including Project File: /var/ftp/usrflash/Project/PMAC Script Language/PLC Programs/PLC20_Cylinder.plc 
Including Project File: /var/ftp/usrflash/Project/PMAC Script Language/PLC Programs/PLC21_TestShot.plc 
Including Project File: /var/ftp/usrflash/Project/PMAC Script Language/PLC Programs/PLC22_InitIo.plc 
Including Project File: /var/ftp/usrflash/Project/PMAC Script Language/PLC Programs/PLC23_InitLaser.plc 
Including Project File: /var/ftp/usrflash/Project/PMAC Script Language/PLC Programs/PLC24_Cover.plc 
Including Project File: /var/ftp/usrflash/Project/PMAC Script Language/PLC Programs/PLC28_Test.plc 
Including Project File: /var/ftp/usrflash/Project/PMAC Script Language/PLC Programs/PLC29_Buf.plc 
Including Project File: /var/ftp/usrflash/Project/PMAC Script Language/PLC Programs/PLC30_Test.plc 
Including Project File: /var/ftp/usrflash/Project/PMAC Script Language/PLC Programs/PLC31_ReqSim.plc 
Including Project File: /var/ftp/usrflash/Project/Configuration/pp_startup.txt 
3251 Project Symbols were created for gpascii -2 communication
[PMAC_PROJECT]
Start of Project Loading using INI File: "/var/ftp/usrflash/Project/Configuration/pp_proj.ini"
Success: Loading usralgo.ko
Success: Loading RT Address of CfromScript
Success: Loading RT Address of CaptCompISR
LoadRTUserCode() Delta Time (sec) = 2.866849
Including Project File: /var/ftp/usrflash/Project/Configuration/pp_disable.txt 
Including Project File: /var/ftp/usrflash/Project/PMAC Script Language/Global Includes/ECATMap.pmh 
Including Project File: /var/ftp/usrflash/Project/PMAC Script Language/Global Includes/AX1515_Mapping.pmh 
Including Project File: /var/ftp/usrflash/Project/PMAC Script Language/Global Includes/H00_Setup_System.pmh 
Including Project File: /var/ftp/usrflash/Project/PMAC Script Language/Global Includes/H01_Setup_EncTable.pmh 
Including Project File: /var/ftp/usrflash/Project/PMAC Script Language/Global Includes/H02_Setup_Motor.pmh 
Including Project File: /var/ftp/usrflash/Project/PMAC Script Language/Global Includes/H03_Setup_Coord.pmh 
Including Project File: /var/ftp/usrflash/Project/PMAC Script Language/Global Includes/H04_Setup_Ecat.pmh 
Including Project File: /var/ftp/usrflash/Project/PMAC Script Language/Global Includes/H05_Setup_Gpio.pmh 
Including Project File: /var/ftp/usrflash/Project/PMAC Script Language/Global Includes/H06_Variable_Umem.pmh 
Including Project File: /var/ftp/usrflash/Project/PMAC Script Language/Global Includes/H07_Variable_UmemArray.pmh 
Including Project File: /var/ftp/usrflash/Project/PMAC Script Language/Global Includes/H08_Variable_Prog.pmh 
Including Project File: /var/ftp/usrflash/Project/PMAC Script Language/Global Includes/H09_Kinematics.pmh 
Including Project File: /var/ftp/usrflash/Project/PMAC Script Language/Global Includes/H10_Nc.pmh 
Including Project File: /var/ftp/usrflash/Project/PMAC Script Language/Kinematic Routines/Forward1.kin 
Including Project File: /var/ftp/usrflash/Project/PMAC Script Language/Kinematic Routines/Inverse1.kin 
Including Project File: /var/ftp/usrflash/Project/PMAC Script Language/Kinematic Routines/Forward2.kin 
Including Project File: /var/ftp/usrflash/Project/PMAC Script Language/Kinematic Routines/Inverse2.kin 
Including Project File: /var/ftp/usrflash/Project/PMAC Script Language/Kinematic Routines/Forward3.kin 
Including Project File: /var/ftp/usrflash/Project/PMAC Script Language/Kinematic Routines/Inverse3.kin 
Including Project File: /var/ftp/usrflash/Project/PMAC Script Language/Libraries/timer.pmc 
Including Project File: /var/ftp/usrflash/Project/PMAC Script Language/Libraries/SPG_Gcode.pmc 
Including Project File: /var/ftp/usrflash/Project/PMAC Script Language/Libraries/SPG_Mcode.pmc 
Including Project File: /var/ftp/usrflash/Project/PMAC Script Language/Libraries/SPG_InitMotor.pmc 
Including Project File: /var/ftp/usrflash/Project/PMAC Script Language/Libraries/SPG_InitScanner.pmc 
Including Project File: /var/ftp/usrflash/Project/PMAC Script Language/Libraries/SPG_InitECylinder.pmc 
Including Project File: /var/ftp/usrflash/Project/PMAC Script Language/Libraries/SPG_InitRequest.pmc 
Including Project File: /var/ftp/usrflash/Project/PMAC Script Language/Libraries/SPG_InitSeqParam.pmc 
Including Project File: /var/ftp/usrflash/Project/PMAC Script Language/Libraries/SPG_SetDefaultParam.pmc 
Including Project File: /var/ftp/usrflash/Project/PMAC Script Language/Libraries/SPG_SetEquOut.pmc 
Including Project File: /var/ftp/usrflash/Project/PMAC Script Language/Libraries/SPG_SetWsLdParam.pmc 
Including Project File: /var/ftp/usrflash/Project/PMAC Script Language/Libraries/SPG_SetWsRdParam.pmc 
Including Project File: /var/ftp/usrflash/Project/PMAC Script Language/Libraries/SPG_SetWsWdParam.pmc 
Including Project File: /var/ftp/usrflash/Project/PMAC Script Language/Libraries/SPG_SetWsWtParam.pmc 
Including Project File: /var/ftp/usrflash/Project/PMAC Script Language/Libraries/SPG_SetWsUdParam.pmc 
Including Project File: /var/ftp/usrflash/Project/PMAC Script Language/Libraries/SPG_SetWsRjParam.pmc 
Including Project File: /var/ftp/usrflash/Project/PMAC Script Language/Libraries/SPG_SetVsLdParam.pmc 
Including Project File: /var/ftp/usrflash/Project/PMAC Script Language/Libraries/SPG_SetVsRdParam.pmc 
Including Project File: /var/ftp/usrflash/Project/PMAC Script Language/Libraries/SPG_SetVsVnParam.pmc 
Including Project File: /var/ftp/usrflash/Project/PMAC Script Language/Libraries/SPG_SetVsWtParam.pmc 
Including Project File: /var/ftp/usrflash/Project/PMAC Script Language/Libraries/SPG_SetVsUdParam.pmc 
Including Project File: /var/ftp/usrflash/Project/PMAC Script Language/Libraries/SPG_SetVsRjParam.pmc 
Including Project File: /var/ftp/usrflash/Project/PMAC Script Language/Libraries/SPG_AbortWsHomeSeq.pmc 
Including Project File: /var/ftp/usrflash/Project/PMAC Script Language/Libraries/SPG_AbortVsHomeSeq.pmc 
Including Project File: /var/ftp/usrflash/Project/PMAC Script Language/Motion Programs/PRG01_Test1.pmc 
Including Project File: /var/ftp/usrflash/Project/PMAC Script Language/Motion Programs/PRG02_Test2.pmc 
Including Project File: /var/ftp/usrflash/Project/PMAC Script Language/Motion Programs/PRG03_Test3.pmc 
Including Project File: /var/ftp/usrflash/Project/PMAC Script Language/Motion Programs/PRG04_Test4.pmc 
Including Project File: /var/ftp/usrflash/Project/PMAC Script Language/Motion Programs/PRG05_Test5.pmc 
Including Project File: /var/ftp/usrflash/Project/PMAC Script Language/Motion Programs/PRG19_Zero.pmc 
Including Project File: /var/ftp/usrflash/Project/PMAC Script Language/Motion Programs/PRG20_Welding.pmc 
Including Project File: /var/ftp/usrflash/Project/PMAC Script Language/Motion Programs/PRG21_Circle.pmc 
Including Project File: /var/ftp/usrflash/Project/PMAC Script Language/Motion Programs/PRG22_SnowMan.pmc 
Including Project File: /var/ftp/usrflash/Project/PMAC Script Language/Motion Programs/PRG23_ButterFly.pmc 
Including Project File: /var/ftp/usrflash/Project/PMAC Script Language/Motion Programs/PRG24_Column.pmc 
Including Project File: /var/ftp/usrflash/Project/PMAC Script Language/Motion Programs/PRG25_Row.pmc 
Including Project File: /var/ftp/usrflash/Project/PMAC Script Language/Motion Programs/PRG30_Vision.pmc 
Including Project File: /var/ftp/usrflash/Project/PMAC Script Language/Motion Programs/PRG50_Test.pmc 
Including Project File: /var/ftp/usrflash/Project/PMAC Script Language/PLC Programs/PLC00_RTI.plc 
Including Project File: /var/ftp/usrflash/Project/PMAC Script Language/PLC Programs/PLC01_Init.plc 
Including Project File: /var/ftp/usrflash/Project/PMAC Script Language/PLC Programs/PLC02_Sta.plc 
Including Project File: /var/ftp/usrflash/Project/PMAC Script Language/PLC Programs/PLC03_Cmd.plc 
Including Project File: /var/ftp/usrflash/Project/PMAC Script Language/PLC Programs/PLC04_Safety.plc 
Including Project File: /var/ftp/usrflash/Project/PMAC Script Language/PLC Programs/PLC05_Ecat.plc 
Including Project File: /var/ftp/usrflash/Project/PMAC Script Language/PLC Programs/PLC06_IoCom.plc 
Including Project File: /var/ftp/usrflash/Project/PMAC Script Language/PLC Programs/PLC10_Home.plc 
Including Project File: /var/ftp/usrflash/Project/PMAC Script Language/PLC Programs/PLC11_Jog.plc 
Including Project File: /var/ftp/usrflash/Project/PMAC Script Language/PLC Programs/PLC12_SeqMc.plc 
Including Project File: /var/ftp/usrflash/Project/PMAC Script Language/PLC Programs/PLC13_SeqWs.plc 
Including Project File: /var/ftp/usrflash/Project/PMAC Script Language/PLC Programs/PLC14_SeqVs.plc 
Including Project File: /var/ftp/usrflash/Project/PMAC Script Language/PLC Programs/PLC20_Cylinder.plc 
Including Project File: /var/ftp/usrflash/Project/PMAC Script Language/PLC Programs/PLC21_TestShot.plc 
Including Project File: /var/ftp/usrflash/Project/PMAC Script Language/PLC Programs/PLC22_InitIo.plc 
Including Project File: /var/ftp/usrflash/Project/PMAC Script Language/PLC Programs/PLC23_InitLaser.plc 
Including Project File: /var/ftp/usrflash/Project/PMAC Script Language/PLC Programs/PLC24_Cover.plc 
Including Project File: /var/ftp/usrflash/Project/PMAC Script Language/PLC Programs/PLC28_Test.plc 
Including Project File: /var/ftp/usrflash/Project/PMAC Script Language/PLC Programs/PLC29_Buf.plc 
Including Project File: /var/ftp/usrflash/Project/PMAC Script Language/PLC Programs/PLC30_Test.plc 
Including Project File: /var/ftp/usrflash/Project/PMAC Script Language/PLC Programs/PLC31_ReqSim.plc 
Including Project File: /var/ftp/usrflash/Project/Configuration/pp_startup.txt 
Status: Pass 1 Create debug file, #defines, *.h & .sym files, Time (sec) = 1.409298
Status: Pass 2 Verify prog calls, local stack & labels, Time (sec)  = 0.506214
3251 Project Symbols were created for gpascii -2 communication
Status: Create PPMAC Symbol Table & Run CPP Time (sec) = 3.530361
Status: Successful load of preprocessed File: "/var/ftp/usrflash/Temp/pp_proj.pma"
Status: Download to PPMAC Command Processor, Time (sec) = 0.698353
Status: Final pp_proj.h & Run Background C Apps, Time (sec) = 0.379761
Project Preprocessing & Load Total Time (sec) = 9.391125
[PMAC_PROJECT]
Start of Project Loading using INI File: "/var/ftp/usrflash/Project/Configuration/pp_proj.ini"
Including Project File: /var/ftp/usrflash/Project/Configuration/pp_disable.txt 
Including Project File: /var/ftp/usrflash/Project/PMAC Script Language/Global Includes/ECATMap.pmh 
Including Project File: /var/ftp/usrflash/Project/PMAC Script Language/Global Includes/AX1515_Mapping.pmh 
Including Project File: /var/ftp/usrflash/Project/PMAC Script Language/Global Includes/H00_Setup_System.pmh 
Including Project File: /var/ftp/usrflash/Project/PMAC Script Language/Global Includes/H01_Setup_EncTable.pmh 
Including Project File: /var/ftp/usrflash/Project/PMAC Script Language/Global Includes/H02_Setup_Motor.pmh 
Including Project File: /var/ftp/usrflash/Project/PMAC Script Language/Global Includes/H03_Setup_Coord.pmh 
Including Project File: /var/ftp/usrflash/Project/PMAC Script Language/Global Includes/H04_Setup_Ecat.pmh 
Including Project File: /var/ftp/usrflash/Project/PMAC Script Language/Global Includes/H05_Setup_Gpio.pmh 
Including Project File: /var/ftp/usrflash/Project/PMAC Script Language/Global Includes/H06_Variable_Umem.pmh 
Including Project File: /var/ftp/usrflash/Project/PMAC Script Language/Global Includes/H07_Variable_UmemArray.pmh 
Including Project File: /var/ftp/usrflash/Project/PMAC Script Language/Global Includes/H08_Variable_Prog.pmh 
Including Project File: /var/ftp/usrflash/Project/PMAC Script Language/Global Includes/H09_Kinematics.pmh 
Including Project File: /var/ftp/usrflash/Project/PMAC Script Language/Global Includes/H10_Nc.pmh 
Including Project File: /var/ftp/usrflash/Project/PMAC Script Language/Kinematic Routines/Forward1.kin 
Including Project File: /var/ftp/usrflash/Project/PMAC Script Language/Kinematic Routines/Inverse1.kin 
Including Project File: /var/ftp/usrflash/Project/PMAC Script Language/Kinematic Routines/Forward2.kin 
Including Project File: /var/ftp/usrflash/Project/PMAC Script Language/Kinematic Routines/Inverse2.kin 
Including Project File: /var/ftp/usrflash/Project/PMAC Script Language/Kinematic Routines/Forward3.kin 
Including Project File: /var/ftp/usrflash/Project/PMAC Script Language/Kinematic Routines/Inverse3.kin 
Including Project File: /var/ftp/usrflash/Project/PMAC Script Language/Libraries/timer.pmc 
Including Project File: /var/ftp/usrflash/Project/PMAC Script Language/Libraries/SPG_Gcode.pmc 
Including Project File: /var/ftp/usrflash/Project/PMAC Script Language/Libraries/SPG_Mcode.pmc 
Including Project File: /var/ftp/usrflash/Project/PMAC Script Language/Libraries/SPG_InitMotor.pmc 
Including Project File: /var/ftp/usrflash/Project/PMAC Script Language/Libraries/SPG_InitScanner.pmc 
Including Project File: /var/ftp/usrflash/Project/PMAC Script Language/Libraries/SPG_InitECylinder.pmc 
Including Project File: /var/ftp/usrflash/Project/PMAC Script Language/Libraries/SPG_InitRequest.pmc 
Including Project File: /var/ftp/usrflash/Project/PMAC Script Language/Libraries/SPG_InitSeqParam.pmc 
Including Project File: /var/ftp/usrflash/Project/PMAC Script Language/Libraries/SPG_SetDefaultParam.pmc 
Including Project File: /var/ftp/usrflash/Project/PMAC Script Language/Libraries/SPG_SetEquOut.pmc 
Including Project File: /var/ftp/usrflash/Project/PMAC Script Language/Libraries/SPG_SetWsLdParam.pmc 
Including Project File: /var/ftp/usrflash/Project/PMAC Script Language/Libraries/SPG_SetWsRdParam.pmc 
Including Project File: /var/ftp/usrflash/Project/PMAC Script Language/Libraries/SPG_SetWsWdParam.pmc 
Including Project File: /var/ftp/usrflash/Project/PMAC Script Language/Libraries/SPG_SetWsWtParam.pmc 
Including Project File: /var/ftp/usrflash/Project/PMAC Script Language/Libraries/SPG_SetWsUdParam.pmc 
Including Project File: /var/ftp/usrflash/Project/PMAC Script Language/Libraries/SPG_SetWsRjParam.pmc 
Including Project File: /var/ftp/usrflash/Project/PMAC Script Language/Libraries/SPG_SetVsLdParam.pmc 
Including Project File: /var/ftp/usrflash/Project/PMAC Script Language/Libraries/SPG_SetVsRdParam.pmc 
Including Project File: /var/ftp/usrflash/Project/PMAC Script Language/Libraries/SPG_SetVsVnParam.pmc 
Including Project File: /var/ftp/usrflash/Project/PMAC Script Language/Libraries/SPG_SetVsWtParam.pmc 
Including Project File: /var/ftp/usrflash/Project/PMAC Script Language/Libraries/SPG_SetVsUdParam.pmc 
Including Project File: /var/ftp/usrflash/Project/PMAC Script Language/Libraries/SPG_SetVsRjParam.pmc 
Including Project File: /var/ftp/usrflash/Project/PMAC Script Language/Libraries/SPG_AbortWsHomeSeq.pmc 
Including Project File: /var/ftp/usrflash/Project/PMAC Script Language/Libraries/SPG_AbortVsHomeSeq.pmc 
Including Project File: /var/ftp/usrflash/Project/PMAC Script Language/Motion Programs/PRG01_Test1.pmc 
Including Project File: /var/ftp/usrflash/Project/PMAC Script Language/Motion Programs/PRG02_Test2.pmc 
Including Project File: /var/ftp/usrflash/Project/PMAC Script Language/Motion Programs/PRG03_Test3.pmc 
Including Project File: /var/ftp/usrflash/Project/PMAC Script Language/Motion Programs/PRG04_Test4.pmc 
Including Project File: /var/ftp/usrflash/Project/PMAC Script Language/Motion Programs/PRG05_Test5.pmc 
Including Project File: /var/ftp/usrflash/Project/PMAC Script Language/Motion Programs/PRG19_Zero.pmc 
Including Project File: /var/ftp/usrflash/Project/PMAC Script Language/Motion Programs/PRG20_Welding.pmc 
Including Project File: /var/ftp/usrflash/Project/PMAC Script Language/Motion Programs/PRG21_Circle.pmc 
Including Project File: /var/ftp/usrflash/Project/PMAC Script Language/Motion Programs/PRG22_SnowMan.pmc 
Including Project File: /var/ftp/usrflash/Project/PMAC Script Language/Motion Programs/PRG23_ButterFly.pmc 
Including Project File: /var/ftp/usrflash/Project/PMAC Script Language/Motion Programs/PRG24_Column.pmc 
Including Project File: /var/ftp/usrflash/Project/PMAC Script Language/Motion Programs/PRG25_Row.pmc 
Including Project File: /var/ftp/usrflash/Project/PMAC Script Language/Motion Programs/PRG30_Vision.pmc 
Including Project File: /var/ftp/usrflash/Project/PMAC Script Language/Motion Programs/PRG50_Test.pmc 
Including Project File: /var/ftp/usrflash/Project/PMAC Script Language/PLC Programs/PLC00_RTI.plc 
Including Project File: /var/ftp/usrflash/Project/PMAC Script Language/PLC Programs/PLC01_Init.plc 
Including Project File: /var/ftp/usrflash/Project/PMAC Script Language/PLC Programs/PLC02_Sta.plc 
Including Project File: /var/ftp/usrflash/Project/PMAC Script Language/PLC Programs/PLC03_Cmd.plc 
Including Project File: /var/ftp/usrflash/Project/PMAC Script Language/PLC Programs/PLC04_Safety.plc 
Including Project File: /var/ftp/usrflash/Project/PMAC Script Language/PLC Programs/PLC05_Ecat.plc 
Including Project File: /var/ftp/usrflash/Project/PMAC Script Language/PLC Programs/PLC06_IoCom.plc 
Including Project File: /var/ftp/usrflash/Project/PMAC Script Language/PLC Programs/PLC10_Home.plc 
Including Project File: /var/ftp/usrflash/Project/PMAC Script Language/PLC Programs/PLC11_Jog.plc 
Including Project File: /var/ftp/usrflash/Project/PMAC Script Language/PLC Programs/PLC12_SeqMc.plc 
Including Project File: /var/ftp/usrflash/Project/PMAC Script Language/PLC Programs/PLC13_SeqWs.plc 
Including Project File: /var/ftp/usrflash/Project/PMAC Script Language/PLC Programs/PLC14_SeqVs.plc 
Including Project File: /var/ftp/usrflash/Project/PMAC Script Language/PLC Programs/PLC20_Cylinder.plc 
Including Project File: /var/ftp/usrflash/Project/PMAC Script Language/PLC Programs/PLC21_TestShot.plc 
Including Project File: /var/ftp/usrflash/Project/PMAC Script Language/PLC Programs/PLC22_InitIo.plc 
Including Project File: /var/ftp/usrflash/Project/PMAC Script Language/PLC Programs/PLC23_InitLaser.plc 
Including Project File: /var/ftp/usrflash/Project/PMAC Script Language/PLC Programs/PLC24_Cover.plc 
Including Project File: /var/ftp/usrflash/Project/PMAC Script Language/PLC Programs/PLC28_Test.plc 
Including Project File: /var/ftp/usrflash/Project/PMAC Script Language/PLC Programs/PLC29_Buf.plc 
Including Project File: /var/ftp/usrflash/Project/PMAC Script Language/PLC Programs/PLC30_Test.plc 
Including Project File: /var/ftp/usrflash/Project/PMAC Script Language/PLC Programs/PLC31_ReqSim.plc 
Including Project File: /var/ftp/usrflash/Project/Configuration/pp_startup.txt 
3251 Project Symbols were created for gpascii -2 communication
[PMAC_PROJECT]
Start of Project Loading using INI File: "/var/ftp/usrflash/Project/Configuration/pp_proj.ini"
Success: Loading usralgo.ko
Success: Loading RT Address of CfromScript
Success: Loading RT Address of CaptCompISR
LoadRTUserCode() Delta Time (sec) = 2.799766
Including Project File: /var/ftp/usrflash/Project/Configuration/pp_disable.txt 
Including Project File: /var/ftp/usrflash/Project/PMAC Script Language/Global Includes/ECATMap.pmh 
Including Project File: /var/ftp/usrflash/Project/PMAC Script Language/Global Includes/AX1515_Mapping.pmh 
Including Project File: /var/ftp/usrflash/Project/PMAC Script Language/Global Includes/H00_Setup_System.pmh 
Including Project File: /var/ftp/usrflash/Project/PMAC Script Language/Global Includes/H01_Setup_EncTable.pmh 
Including Project File: /var/ftp/usrflash/Project/PMAC Script Language/Global Includes/H02_Setup_Motor.pmh 
Including Project File: /var/ftp/usrflash/Project/PMAC Script Language/Global Includes/H03_Setup_Coord.pmh 
Including Project File: /var/ftp/usrflash/Project/PMAC Script Language/Global Includes/H04_Setup_Ecat.pmh 
Including Project File: /var/ftp/usrflash/Project/PMAC Script Language/Global Includes/H05_Setup_Gpio.pmh 
Including Project File: /var/ftp/usrflash/Project/PMAC Script Language/Global Includes/H06_Variable_Umem.pmh 
Including Project File: /var/ftp/usrflash/Project/PMAC Script Language/Global Includes/H07_Variable_UmemArray.pmh 
Including Project File: /var/ftp/usrflash/Project/PMAC Script Language/Global Includes/H08_Variable_Prog.pmh 
Including Project File: /var/ftp/usrflash/Project/PMAC Script Language/Global Includes/H09_Kinematics.pmh 
Including Project File: /var/ftp/usrflash/Project/PMAC Script Language/Global Includes/H10_Nc.pmh 
Including Project File: /var/ftp/usrflash/Project/PMAC Script Language/Kinematic Routines/Forward1.kin 
Including Project File: /var/ftp/usrflash/Project/PMAC Script Language/Kinematic Routines/Inverse1.kin 
Including Project File: /var/ftp/usrflash/Project/PMAC Script Language/Kinematic Routines/Forward2.kin 
Including Project File: /var/ftp/usrflash/Project/PMAC Script Language/Kinematic Routines/Inverse2.kin 
Including Project File: /var/ftp/usrflash/Project/PMAC Script Language/Kinematic Routines/Forward3.kin 
Including Project File: /var/ftp/usrflash/Project/PMAC Script Language/Kinematic Routines/Inverse3.kin 
Including Project File: /var/ftp/usrflash/Project/PMAC Script Language/Libraries/timer.pmc 
Including Project File: /var/ftp/usrflash/Project/PMAC Script Language/Libraries/SPG_Gcode.pmc 
Including Project File: /var/ftp/usrflash/Project/PMAC Script Language/Libraries/SPG_Mcode.pmc 
Including Project File: /var/ftp/usrflash/Project/PMAC Script Language/Libraries/SPG_InitMotor.pmc 
Including Project File: /var/ftp/usrflash/Project/PMAC Script Language/Libraries/SPG_InitScanner.pmc 
Including Project File: /var/ftp/usrflash/Project/PMAC Script Language/Libraries/SPG_InitECylinder.pmc 
Including Project File: /var/ftp/usrflash/Project/PMAC Script Language/Libraries/SPG_InitRequest.pmc 
Including Project File: /var/ftp/usrflash/Project/PMAC Script Language/Libraries/SPG_InitSeqParam.pmc 
Including Project File: /var/ftp/usrflash/Project/PMAC Script Language/Libraries/SPG_SetDefaultParam.pmc 
Including Project File: /var/ftp/usrflash/Project/PMAC Script Language/Libraries/SPG_SetEquOut.pmc 
Including Project File: /var/ftp/usrflash/Project/PMAC Script Language/Libraries/SPG_SetWsLdParam.pmc 
Including Project File: /var/ftp/usrflash/Project/PMAC Script Language/Libraries/SPG_SetWsRdParam.pmc 
Including Project File: /var/ftp/usrflash/Project/PMAC Script Language/Libraries/SPG_SetWsWdParam.pmc 
Including Project File: /var/ftp/usrflash/Project/PMAC Script Language/Libraries/SPG_SetWsWtParam.pmc 
Including Project File: /var/ftp/usrflash/Project/PMAC Script Language/Libraries/SPG_SetWsUdParam.pmc 
Including Project File: /var/ftp/usrflash/Project/PMAC Script Language/Libraries/SPG_SetWsRjParam.pmc 
Including Project File: /var/ftp/usrflash/Project/PMAC Script Language/Libraries/SPG_SetVsLdParam.pmc 
Including Project File: /var/ftp/usrflash/Project/PMAC Script Language/Libraries/SPG_SetVsRdParam.pmc 
Including Project File: /var/ftp/usrflash/Project/PMAC Script Language/Libraries/SPG_SetVsVnParam.pmc 
Including Project File: /var/ftp/usrflash/Project/PMAC Script Language/Libraries/SPG_SetVsWtParam.pmc 
Including Project File: /var/ftp/usrflash/Project/PMAC Script Language/Libraries/SPG_SetVsUdParam.pmc 
Including Project File: /var/ftp/usrflash/Project/PMAC Script Language/Libraries/SPG_SetVsRjParam.pmc 
Including Project File: /var/ftp/usrflash/Project/PMAC Script Language/Libraries/SPG_AbortWsHomeSeq.pmc 
Including Project File: /var/ftp/usrflash/Project/PMAC Script Language/Libraries/SPG_AbortVsHomeSeq.pmc 
Including Project File: /var/ftp/usrflash/Project/PMAC Script Language/Motion Programs/PRG01_Test1.pmc 
Including Project File: /var/ftp/usrflash/Project/PMAC Script Language/Motion Programs/PRG02_Test2.pmc 
Including Project File: /var/ftp/usrflash/Project/PMAC Script Language/Motion Programs/PRG03_Test3.pmc 
Including Project File: /var/ftp/usrflash/Project/PMAC Script Language/Motion Programs/PRG04_Test4.pmc 
Including Project File: /var/ftp/usrflash/Project/PMAC Script Language/Motion Programs/PRG05_Test5.pmc 
Including Project File: /var/ftp/usrflash/Project/PMAC Script Language/Motion Programs/PRG19_Zero.pmc 
Including Project File: /var/ftp/usrflash/Project/PMAC Script Language/Motion Programs/PRG20_Welding.pmc 
Including Project File: /var/ftp/usrflash/Project/PMAC Script Language/Motion Programs/PRG21_Circle.pmc 
Including Project File: /var/ftp/usrflash/Project/PMAC Script Language/Motion Programs/PRG22_SnowMan.pmc 
Including Project File: /var/ftp/usrflash/Project/PMAC Script Language/Motion Programs/PRG23_ButterFly.pmc 
Including Project File: /var/ftp/usrflash/Project/PMAC Script Language/Motion Programs/PRG24_Column.pmc 
Including Project File: /var/ftp/usrflash/Project/PMAC Script Language/Motion Programs/PRG25_Row.pmc 
Including Project File: /var/ftp/usrflash/Project/PMAC Script Language/Motion Programs/PRG30_Vision.pmc 
Including Project File: /var/ftp/usrflash/Project/PMAC Script Language/Motion Programs/PRG50_Test.pmc 
Including Project File: /var/ftp/usrflash/Project/PMAC Script Language/PLC Programs/PLC00_RTI.plc 
Including Project File: /var/ftp/usrflash/Project/PMAC Script Language/PLC Programs/PLC01_Init.plc 
Including Project File: /var/ftp/usrflash/Project/PMAC Script Language/PLC Programs/PLC02_Sta.plc 
Including Project File: /var/ftp/usrflash/Project/PMAC Script Language/PLC Programs/PLC03_Cmd.plc 
Including Project File: /var/ftp/usrflash/Project/PMAC Script Language/PLC Programs/PLC04_Safety.plc 
Including Project File: /var/ftp/usrflash/Project/PMAC Script Language/PLC Programs/PLC05_Ecat.plc 
Including Project File: /var/ftp/usrflash/Project/PMAC Script Language/PLC Programs/PLC06_IoCom.plc 
Including Project File: /var/ftp/usrflash/Project/PMAC Script Language/PLC Programs/PLC10_Home.plc 
Including Project File: /var/ftp/usrflash/Project/PMAC Script Language/PLC Programs/PLC11_Jog.plc 
Including Project File: /var/ftp/usrflash/Project/PMAC Script Language/PLC Programs/PLC12_SeqMc.plc 
Including Project File: /var/ftp/usrflash/Project/PMAC Script Language/PLC Programs/PLC13_SeqWs.plc 
Including Project File: /var/ftp/usrflash/Project/PMAC Script Language/PLC Programs/PLC14_SeqVs.plc 
Including Project File: /var/ftp/usrflash/Project/PMAC Script Language/PLC Programs/PLC20_Cylinder.plc 
Including Project File: /var/ftp/usrflash/Project/PMAC Script Language/PLC Programs/PLC21_TestShot.plc 
Including Project File: /var/ftp/usrflash/Project/PMAC Script Language/PLC Programs/PLC22_InitIo.plc 
Including Project File: /var/ftp/usrflash/Project/PMAC Script Language/PLC Programs/PLC23_InitLaser.plc 
Including Project File: /var/ftp/usrflash/Project/PMAC Script Language/PLC Programs/PLC24_Cover.plc 
Including Project File: /var/ftp/usrflash/Project/PMAC Script Language/PLC Programs/PLC28_Test.plc 
Including Project File: /var/ftp/usrflash/Project/PMAC Script Language/PLC Programs/PLC29_Buf.plc 
Including Project File: /var/ftp/usrflash/Project/PMAC Script Language/PLC Programs/PLC30_Test.plc 
Including Project File: /var/ftp/usrflash/Project/PMAC Script Language/PLC Programs/PLC31_ReqSim.plc 
Including Project File: /var/ftp/usrflash/Project/Configuration/pp_startup.txt 
Status: Pass 1 Create debug file, #defines, *.h & .sym files, Time (sec) = 1.438766
Status: Pass 2 Verify prog calls, local stack & labels, Time (sec)  = 0.596554
3251 Project Symbols were created for gpascii -2 communication
Status: Create PPMAC Symbol Table & Run CPP Time (sec) = 3.520538
Status: Successful load of preprocessed File: "/var/ftp/usrflash/Temp/pp_proj.pma"
Status: Download to PPMAC Command Processor, Time (sec) = 0.759683
Status: Final pp_proj.h & Run Background C Apps, Time (sec) = 0.514932
Project Preprocessing & Load Total Time (sec) = 9.631794
[PMAC_PROJECT]
Start of Project Loading using INI File: "/var/ftp/usrflash/Project/Configuration/pp_proj.ini"
Including Project File: /var/ftp/usrflash/Project/Configuration/pp_disable.txt 
Including Project File: /var/ftp/usrflash/Project/PMAC Script Language/Global Includes/ECATMap.pmh 
Including Project File: /var/ftp/usrflash/Project/PMAC Script Language/Global Includes/AX1515_Mapping.pmh 
Including Project File: /var/ftp/usrflash/Project/PMAC Script Language/Global Includes/H00_Setup_System.pmh 
Including Project File: /var/ftp/usrflash/Project/PMAC Script Language/Global Includes/H01_Setup_EncTable.pmh 
Including Project File: /var/ftp/usrflash/Project/PMAC Script Language/Global Includes/H02_Setup_Motor.pmh 
Including Project File: /var/ftp/usrflash/Project/PMAC Script Language/Global Includes/H03_Setup_Coord.pmh 
Including Project File: /var/ftp/usrflash/Project/PMAC Script Language/Global Includes/H04_Setup_Ecat.pmh 
Including Project File: /var/ftp/usrflash/Project/PMAC Script Language/Global Includes/H05_Setup_Gpio.pmh 
Including Project File: /var/ftp/usrflash/Project/PMAC Script Language/Global Includes/H06_Variable_Umem.pmh 
Including Project File: /var/ftp/usrflash/Project/PMAC Script Language/Global Includes/H07_Variable_UmemArray.pmh 
Including Project File: /var/ftp/usrflash/Project/PMAC Script Language/Global Includes/H08_Variable_Prog.pmh 
Including Project File: /var/ftp/usrflash/Project/PMAC Script Language/Global Includes/H09_Kinematics.pmh 
Including Project File: /var/ftp/usrflash/Project/PMAC Script Language/Global Includes/H10_Nc.pmh 
Including Project File: /var/ftp/usrflash/Project/PMAC Script Language/Kinematic Routines/Forward1.kin 
Including Project File: /var/ftp/usrflash/Project/PMAC Script Language/Kinematic Routines/Inverse1.kin 
Including Project File: /var/ftp/usrflash/Project/PMAC Script Language/Kinematic Routines/Forward2.kin 
Including Project File: /var/ftp/usrflash/Project/PMAC Script Language/Kinematic Routines/Inverse2.kin 
Including Project File: /var/ftp/usrflash/Project/PMAC Script Language/Kinematic Routines/Forward3.kin 
Including Project File: /var/ftp/usrflash/Project/PMAC Script Language/Kinematic Routines/Inverse3.kin 
Including Project File: /var/ftp/usrflash/Project/PMAC Script Language/Libraries/timer.pmc 
Including Project File: /var/ftp/usrflash/Project/PMAC Script Language/Libraries/SPG_Gcode.pmc 
Including Project File: /var/ftp/usrflash/Project/PMAC Script Language/Libraries/SPG_Mcode.pmc 
Including Project File: /var/ftp/usrflash/Project/PMAC Script Language/Libraries/SPG_InitMotor.pmc 
Including Project File: /var/ftp/usrflash/Project/PMAC Script Language/Libraries/SPG_InitScanner.pmc 
Including Project File: /var/ftp/usrflash/Project/PMAC Script Language/Libraries/SPG_InitECylinder.pmc 
Including Project File: /var/ftp/usrflash/Project/PMAC Script Language/Libraries/SPG_InitRequest.pmc 
Including Project File: /var/ftp/usrflash/Project/PMAC Script Language/Libraries/SPG_InitSeqParam.pmc 
Including Project File: /var/ftp/usrflash/Project/PMAC Script Language/Libraries/SPG_SetDefaultParam.pmc 
Including Project File: /var/ftp/usrflash/Project/PMAC Script Language/Libraries/SPG_SetEquOut.pmc 
Including Project File: /var/ftp/usrflash/Project/PMAC Script Language/Libraries/SPG_SetWsLdParam.pmc 
Including Project File: /var/ftp/usrflash/Project/PMAC Script Language/Libraries/SPG_SetWsRdParam.pmc 
Including Project File: /var/ftp/usrflash/Project/PMAC Script Language/Libraries/SPG_SetWsWdParam.pmc 
Including Project File: /var/ftp/usrflash/Project/PMAC Script Language/Libraries/SPG_SetWsWtParam.pmc 
Including Project File: /var/ftp/usrflash/Project/PMAC Script Language/Libraries/SPG_SetWsUdParam.pmc 
Including Project File: /var/ftp/usrflash/Project/PMAC Script Language/Libraries/SPG_SetWsRjParam.pmc 
Including Project File: /var/ftp/usrflash/Project/PMAC Script Language/Libraries/SPG_SetVsLdParam.pmc 
Including Project File: /var/ftp/usrflash/Project/PMAC Script Language/Libraries/SPG_SetVsRdParam.pmc 
Including Project File: /var/ftp/usrflash/Project/PMAC Script Language/Libraries/SPG_SetVsVnParam.pmc 
Including Project File: /var/ftp/usrflash/Project/PMAC Script Language/Libraries/SPG_SetVsWtParam.pmc 
Including Project File: /var/ftp/usrflash/Project/PMAC Script Language/Libraries/SPG_SetVsUdParam.pmc 
Including Project File: /var/ftp/usrflash/Project/PMAC Script Language/Libraries/SPG_SetVsRjParam.pmc 
Including Project File: /var/ftp/usrflash/Project/PMAC Script Language/Libraries/SPG_AbortWsHomeSeq.pmc 
Including Project File: /var/ftp/usrflash/Project/PMAC Script Language/Libraries/SPG_AbortVsHomeSeq.pmc 
Including Project File: /var/ftp/usrflash/Project/PMAC Script Language/Motion Programs/PRG01_Test1.pmc 
Including Project File: /var/ftp/usrflash/Project/PMAC Script Language/Motion Programs/PRG02_Test2.pmc 
Including Project File: /var/ftp/usrflash/Project/PMAC Script Language/Motion Programs/PRG03_Test3.pmc 
Including Project File: /var/ftp/usrflash/Project/PMAC Script Language/Motion Programs/PRG04_Test4.pmc 
Including Project File: /var/ftp/usrflash/Project/PMAC Script Language/Motion Programs/PRG05_Test5.pmc 
Including Project File: /var/ftp/usrflash/Project/PMAC Script Language/Motion Programs/PRG19_Zero.pmc 
Including Project File: /var/ftp/usrflash/Project/PMAC Script Language/Motion Programs/PRG20_Welding.pmc 
Including Project File: /var/ftp/usrflash/Project/PMAC Script Language/Motion Programs/PRG21_Circle.pmc 
Including Project File: /var/ftp/usrflash/Project/PMAC Script Language/Motion Programs/PRG22_SnowMan.pmc 
Including Project File: /var/ftp/usrflash/Project/PMAC Script Language/Motion Programs/PRG23_ButterFly.pmc 
Including Project File: /var/ftp/usrflash/Project/PMAC Script Language/Motion Programs/PRG24_Column.pmc 
Including Project File: /var/ftp/usrflash/Project/PMAC Script Language/Motion Programs/PRG25_Row.pmc 
Including Project File: /var/ftp/usrflash/Project/PMAC Script Language/Motion Programs/PRG30_Vision.pmc 
Including Project File: /var/ftp/usrflash/Project/PMAC Script Language/Motion Programs/PRG50_Test.pmc 
Including Project File: /var/ftp/usrflash/Project/PMAC Script Language/PLC Programs/PLC00_RTI.plc 
Including Project File: /var/ftp/usrflash/Project/PMAC Script Language/PLC Programs/PLC01_Init.plc 
Including Project File: /var/ftp/usrflash/Project/PMAC Script Language/PLC Programs/PLC02_Sta.plc 
Including Project File: /var/ftp/usrflash/Project/PMAC Script Language/PLC Programs/PLC03_Cmd.plc 
Including Project File: /var/ftp/usrflash/Project/PMAC Script Language/PLC Programs/PLC04_Safety.plc 
Including Project File: /var/ftp/usrflash/Project/PMAC Script Language/PLC Programs/PLC05_Ecat.plc 
Including Project File: /var/ftp/usrflash/Project/PMAC Script Language/PLC Programs/PLC06_IoCom.plc 
Including Project File: /var/ftp/usrflash/Project/PMAC Script Language/PLC Programs/PLC10_Home.plc 
Including Project File: /var/ftp/usrflash/Project/PMAC Script Language/PLC Programs/PLC11_Jog.plc 
Including Project File: /var/ftp/usrflash/Project/PMAC Script Language/PLC Programs/PLC12_SeqMc.plc 
Including Project File: /var/ftp/usrflash/Project/PMAC Script Language/PLC Programs/PLC13_SeqWs.plc 
Including Project File: /var/ftp/usrflash/Project/PMAC Script Language/PLC Programs/PLC14_SeqVs.plc 
Including Project File: /var/ftp/usrflash/Project/PMAC Script Language/PLC Programs/PLC20_Cylinder.plc 
Including Project File: /var/ftp/usrflash/Project/PMAC Script Language/PLC Programs/PLC21_TestShot.plc 
Including Project File: /var/ftp/usrflash/Project/PMAC Script Language/PLC Programs/PLC22_InitIo.plc 
Including Project File: /var/ftp/usrflash/Project/PMAC Script Language/PLC Programs/PLC23_InitLaser.plc 
Including Project File: /var/ftp/usrflash/Project/PMAC Script Language/PLC Programs/PLC24_Cover.plc 
Including Project File: /var/ftp/usrflash/Project/PMAC Script Language/PLC Programs/PLC28_Test.plc 
Including Project File: /var/ftp/usrflash/Project/PMAC Script Language/PLC Programs/PLC29_Buf.plc 
Including Project File: /var/ftp/usrflash/Project/PMAC Script Language/PLC Programs/PLC30_Test.plc 
Including Project File: /var/ftp/usrflash/Project/PMAC Script Language/PLC Programs/PLC31_ReqSim.plc 
Including Project File: /var/ftp/usrflash/Project/Configuration/pp_startup.txt 
3251 Project Symbols were created for gpascii -2 communication
[PMAC_PROJECT]
Start of Project Loading using INI File: "/var/ftp/usrflash/Project/Configuration/pp_proj.ini"
Success: Loading usralgo.ko
Success: Loading RT Address of CfromScript
Success: Loading RT Address of CaptCompISR
LoadRTUserCode() Delta Time (sec) = 2.676211
Including Project File: /var/ftp/usrflash/Project/Configuration/pp_disable.txt 
Including Project File: /var/ftp/usrflash/Project/PMAC Script Language/Global Includes/ECATMap.pmh 
Including Project File: /var/ftp/usrflash/Project/PMAC Script Language/Global Includes/AX1515_Mapping.pmh 
Including Project File: /var/ftp/usrflash/Project/PMAC Script Language/Global Includes/H00_Setup_System.pmh 
Including Project File: /var/ftp/usrflash/Project/PMAC Script Language/Global Includes/H01_Setup_EncTable.pmh 
Including Project File: /var/ftp/usrflash/Project/PMAC Script Language/Global Includes/H02_Setup_Motor.pmh 
Including Project File: /var/ftp/usrflash/Project/PMAC Script Language/Global Includes/H03_Setup_Coord.pmh 
Including Project File: /var/ftp/usrflash/Project/PMAC Script Language/Global Includes/H04_Setup_Ecat.pmh 
Including Project File: /var/ftp/usrflash/Project/PMAC Script Language/Global Includes/H05_Setup_Gpio.pmh 
Including Project File: /var/ftp/usrflash/Project/PMAC Script Language/Global Includes/H06_Variable_Umem.pmh 
Including Project File: /var/ftp/usrflash/Project/PMAC Script Language/Global Includes/H07_Variable_UmemArray.pmh 
Including Project File: /var/ftp/usrflash/Project/PMAC Script Language/Global Includes/H08_Variable_Prog.pmh 
Including Project File: /var/ftp/usrflash/Project/PMAC Script Language/Global Includes/H09_Kinematics.pmh 
Including Project File: /var/ftp/usrflash/Project/PMAC Script Language/Global Includes/H10_Nc.pmh 
Including Project File: /var/ftp/usrflash/Project/PMAC Script Language/Kinematic Routines/Forward1.kin 
Including Project File: /var/ftp/usrflash/Project/PMAC Script Language/Kinematic Routines/Inverse1.kin 
Including Project File: /var/ftp/usrflash/Project/PMAC Script Language/Kinematic Routines/Forward2.kin 
Including Project File: /var/ftp/usrflash/Project/PMAC Script Language/Kinematic Routines/Inverse2.kin 
Including Project File: /var/ftp/usrflash/Project/PMAC Script Language/Kinematic Routines/Forward3.kin 
Including Project File: /var/ftp/usrflash/Project/PMAC Script Language/Kinematic Routines/Inverse3.kin 
Including Project File: /var/ftp/usrflash/Project/PMAC Script Language/Libraries/timer.pmc 
Including Project File: /var/ftp/usrflash/Project/PMAC Script Language/Libraries/SPG_Gcode.pmc 
Including Project File: /var/ftp/usrflash/Project/PMAC Script Language/Libraries/SPG_Mcode.pmc 
Including Project File: /var/ftp/usrflash/Project/PMAC Script Language/Libraries/SPG_InitMotor.pmc 
Including Project File: /var/ftp/usrflash/Project/PMAC Script Language/Libraries/SPG_InitScanner.pmc 
Including Project File: /var/ftp/usrflash/Project/PMAC Script Language/Libraries/SPG_InitECylinder.pmc 
Including Project File: /var/ftp/usrflash/Project/PMAC Script Language/Libraries/SPG_InitRequest.pmc 
Including Project File: /var/ftp/usrflash/Project/PMAC Script Language/Libraries/SPG_InitSeqParam.pmc 
Including Project File: /var/ftp/usrflash/Project/PMAC Script Language/Libraries/SPG_SetDefaultParam.pmc 
Including Project File: /var/ftp/usrflash/Project/PMAC Script Language/Libraries/SPG_SetEquOut.pmc 
Including Project File: /var/ftp/usrflash/Project/PMAC Script Language/Libraries/SPG_SetWsLdParam.pmc 
Including Project File: /var/ftp/usrflash/Project/PMAC Script Language/Libraries/SPG_SetWsRdParam.pmc 
Including Project File: /var/ftp/usrflash/Project/PMAC Script Language/Libraries/SPG_SetWsWdParam.pmc 
Including Project File: /var/ftp/usrflash/Project/PMAC Script Language/Libraries/SPG_SetWsWtParam.pmc 
Including Project File: /var/ftp/usrflash/Project/PMAC Script Language/Libraries/SPG_SetWsUdParam.pmc 
Including Project File: /var/ftp/usrflash/Project/PMAC Script Language/Libraries/SPG_SetWsRjParam.pmc 
Including Project File: /var/ftp/usrflash/Project/PMAC Script Language/Libraries/SPG_SetVsLdParam.pmc 
Including Project File: /var/ftp/usrflash/Project/PMAC Script Language/Libraries/SPG_SetVsRdParam.pmc 
Including Project File: /var/ftp/usrflash/Project/PMAC Script Language/Libraries/SPG_SetVsVnParam.pmc 
Including Project File: /var/ftp/usrflash/Project/PMAC Script Language/Libraries/SPG_SetVsWtParam.pmc 
Including Project File: /var/ftp/usrflash/Project/PMAC Script Language/Libraries/SPG_SetVsUdParam.pmc 
Including Project File: /var/ftp/usrflash/Project/PMAC Script Language/Libraries/SPG_SetVsRjParam.pmc 
Including Project File: /var/ftp/usrflash/Project/PMAC Script Language/Libraries/SPG_AbortWsHomeSeq.pmc 
Including Project File: /var/ftp/usrflash/Project/PMAC Script Language/Libraries/SPG_AbortVsHomeSeq.pmc 
Including Project File: /var/ftp/usrflash/Project/PMAC Script Language/Motion Programs/PRG01_Test1.pmc 
Including Project File: /var/ftp/usrflash/Project/PMAC Script Language/Motion Programs/PRG02_Test2.pmc 
Including Project File: /var/ftp/usrflash/Project/PMAC Script Language/Motion Programs/PRG03_Test3.pmc 
Including Project File: /var/ftp/usrflash/Project/PMAC Script Language/Motion Programs/PRG04_Test4.pmc 
Including Project File: /var/ftp/usrflash/Project/PMAC Script Language/Motion Programs/PRG05_Test5.pmc 
Including Project File: /var/ftp/usrflash/Project/PMAC Script Language/Motion Programs/PRG19_Zero.pmc 
Including Project File: /var/ftp/usrflash/Project/PMAC Script Language/Motion Programs/PRG20_Welding.pmc 
Including Project File: /var/ftp/usrflash/Project/PMAC Script Language/Motion Programs/PRG21_Circle.pmc 
Including Project File: /var/ftp/usrflash/Project/PMAC Script Language/Motion Programs/PRG22_SnowMan.pmc 
Including Project File: /var/ftp/usrflash/Project/PMAC Script Language/Motion Programs/PRG23_ButterFly.pmc 
Including Project File: /var/ftp/usrflash/Project/PMAC Script Language/Motion Programs/PRG24_Column.pmc 
Including Project File: /var/ftp/usrflash/Project/PMAC Script Language/Motion Programs/PRG25_Row.pmc 
Including Project File: /var/ftp/usrflash/Project/PMAC Script Language/Motion Programs/PRG30_Vision.pmc 
Including Project File: /var/ftp/usrflash/Project/PMAC Script Language/Motion Programs/PRG50_Test.pmc 
Including Project File: /var/ftp/usrflash/Project/PMAC Script Language/PLC Programs/PLC00_RTI.plc 
Including Project File: /var/ftp/usrflash/Project/PMAC Script Language/PLC Programs/PLC01_Init.plc 
Including Project File: /var/ftp/usrflash/Project/PMAC Script Language/PLC Programs/PLC02_Sta.plc 
Including Project File: /var/ftp/usrflash/Project/PMAC Script Language/PLC Programs/PLC03_Cmd.plc 
Including Project File: /var/ftp/usrflash/Project/PMAC Script Language/PLC Programs/PLC04_Safety.plc 
Including Project File: /var/ftp/usrflash/Project/PMAC Script Language/PLC Programs/PLC05_Ecat.plc 
Including Project File: /var/ftp/usrflash/Project/PMAC Script Language/PLC Programs/PLC06_IoCom.plc 
Including Project File: /var/ftp/usrflash/Project/PMAC Script Language/PLC Programs/PLC10_Home.plc 
Including Project File: /var/ftp/usrflash/Project/PMAC Script Language/PLC Programs/PLC11_Jog.plc 
Including Project File: /var/ftp/usrflash/Project/PMAC Script Language/PLC Programs/PLC12_SeqMc.plc 
Including Project File: /var/ftp/usrflash/Project/PMAC Script Language/PLC Programs/PLC13_SeqWs.plc 
Including Project File: /var/ftp/usrflash/Project/PMAC Script Language/PLC Programs/PLC14_SeqVs.plc 
Including Project File: /var/ftp/usrflash/Project/PMAC Script Language/PLC Programs/PLC20_Cylinder.plc 
Including Project File: /var/ftp/usrflash/Project/PMAC Script Language/PLC Programs/PLC21_TestShot.plc 
Including Project File: /var/ftp/usrflash/Project/PMAC Script Language/PLC Programs/PLC22_InitIo.plc 
Including Project File: /var/ftp/usrflash/Project/PMAC Script Language/PLC Programs/PLC23_InitLaser.plc 
Including Project File: /var/ftp/usrflash/Project/PMAC Script Language/PLC Programs/PLC24_Cover.plc 
Including Project File: /var/ftp/usrflash/Project/PMAC Script Language/PLC Programs/PLC28_Test.plc 
Including Project File: /var/ftp/usrflash/Project/PMAC Script Language/PLC Programs/PLC29_Buf.plc 
Including Project File: /var/ftp/usrflash/Project/PMAC Script Language/PLC Programs/PLC30_Test.plc 
Including Project File: /var/ftp/usrflash/Project/PMAC Script Language/PLC Programs/PLC31_ReqSim.plc 
Including Project File: /var/ftp/usrflash/Project/Configuration/pp_startup.txt 
Status: Pass 1 Create debug file, #defines, *.h & .sym files, Time (sec) = 1.527294
Status: Pass 2 Verify prog calls, local stack & labels, Time (sec)  = 0.608185
3251 Project Symbols were created for gpascii -2 communication
Status: Create PPMAC Symbol Table & Run CPP Time (sec) = 3.619107
Status: Successful load of preprocessed File: "/var/ftp/usrflash/Temp/pp_proj.pma"
Status: Download to PPMAC Command Processor, Time (sec) = 0.752203
Status: Final pp_proj.h & Run Background C Apps, Time (sec) = 0.410391
Project Preprocessing & Load Total Time (sec) = 9.593713
[PMAC_PROJECT]
Start of Project Loading using INI File: "/var/ftp/usrflash/Project/Configuration/pp_proj.ini"
Including Project File: /var/ftp/usrflash/Project/Configuration/pp_disable.txt 
Including Project File: /var/ftp/usrflash/Project/PMAC Script Language/Global Includes/ECATMap.pmh 
Including Project File: /var/ftp/usrflash/Project/PMAC Script Language/Global Includes/AX1515_Mapping.pmh 
Including Project File: /var/ftp/usrflash/Project/PMAC Script Language/Global Includes/H00_Setup_System.pmh 
Including Project File: /var/ftp/usrflash/Project/PMAC Script Language/Global Includes/H01_Setup_EncTable.pmh 
Including Project File: /var/ftp/usrflash/Project/PMAC Script Language/Global Includes/H02_Setup_Motor.pmh 
Including Project File: /var/ftp/usrflash/Project/PMAC Script Language/Global Includes/H03_Setup_Coord.pmh 
Including Project File: /var/ftp/usrflash/Project/PMAC Script Language/Global Includes/H04_Setup_Ecat.pmh 
Including Project File: /var/ftp/usrflash/Project/PMAC Script Language/Global Includes/H05_Setup_Gpio.pmh 
Including Project File: /var/ftp/usrflash/Project/PMAC Script Language/Global Includes/H06_Variable_Umem.pmh 
Including Project File: /var/ftp/usrflash/Project/PMAC Script Language/Global Includes/H07_Variable_UmemArray.pmh 
Including Project File: /var/ftp/usrflash/Project/PMAC Script Language/Global Includes/H08_Variable_Prog.pmh 
Including Project File: /var/ftp/usrflash/Project/PMAC Script Language/Global Includes/H09_Kinematics.pmh 
Including Project File: /var/ftp/usrflash/Project/PMAC Script Language/Global Includes/H10_Nc.pmh 
Including Project File: /var/ftp/usrflash/Project/PMAC Script Language/Kinematic Routines/Forward1.kin 
Including Project File: /var/ftp/usrflash/Project/PMAC Script Language/Kinematic Routines/Inverse1.kin 
Including Project File: /var/ftp/usrflash/Project/PMAC Script Language/Kinematic Routines/Forward2.kin 
Including Project File: /var/ftp/usrflash/Project/PMAC Script Language/Kinematic Routines/Inverse2.kin 
Including Project File: /var/ftp/usrflash/Project/PMAC Script Language/Kinematic Routines/Forward3.kin 
Including Project File: /var/ftp/usrflash/Project/PMAC Script Language/Kinematic Routines/Inverse3.kin 
Including Project File: /var/ftp/usrflash/Project/PMAC Script Language/Libraries/timer.pmc 
Including Project File: /var/ftp/usrflash/Project/PMAC Script Language/Libraries/SPG_Gcode.pmc 
Including Project File: /var/ftp/usrflash/Project/PMAC Script Language/Libraries/SPG_Mcode.pmc 
Including Project File: /var/ftp/usrflash/Project/PMAC Script Language/Libraries/SPG_InitMotor.pmc 
Including Project File: /var/ftp/usrflash/Project/PMAC Script Language/Libraries/SPG_InitScanner.pmc 
Including Project File: /var/ftp/usrflash/Project/PMAC Script Language/Libraries/SPG_InitECylinder.pmc 
Including Project File: /var/ftp/usrflash/Project/PMAC Script Language/Libraries/SPG_InitRequest.pmc 
Including Project File: /var/ftp/usrflash/Project/PMAC Script Language/Libraries/SPG_InitSeqParam.pmc 
Including Project File: /var/ftp/usrflash/Project/PMAC Script Language/Libraries/SPG_SetDefaultParam.pmc 
Including Project File: /var/ftp/usrflash/Project/PMAC Script Language/Libraries/SPG_SetEquOut.pmc 
Including Project File: /var/ftp/usrflash/Project/PMAC Script Language/Libraries/SPG_SetWsLdParam.pmc 
Including Project File: /var/ftp/usrflash/Project/PMAC Script Language/Libraries/SPG_SetWsRdParam.pmc 
Including Project File: /var/ftp/usrflash/Project/PMAC Script Language/Libraries/SPG_SetWsWdParam.pmc 
Including Project File: /var/ftp/usrflash/Project/PMAC Script Language/Libraries/SPG_SetWsWtParam.pmc 
Including Project File: /var/ftp/usrflash/Project/PMAC Script Language/Libraries/SPG_SetWsUdParam.pmc 
Including Project File: /var/ftp/usrflash/Project/PMAC Script Language/Libraries/SPG_SetWsRjParam.pmc 
Including Project File: /var/ftp/usrflash/Project/PMAC Script Language/Libraries/SPG_SetVsLdParam.pmc 
Including Project File: /var/ftp/usrflash/Project/PMAC Script Language/Libraries/SPG_SetVsRdParam.pmc 
Including Project File: /var/ftp/usrflash/Project/PMAC Script Language/Libraries/SPG_SetVsVnParam.pmc 
Including Project File: /var/ftp/usrflash/Project/PMAC Script Language/Libraries/SPG_SetVsWtParam.pmc 
Including Project File: /var/ftp/usrflash/Project/PMAC Script Language/Libraries/SPG_SetVsUdParam.pmc 
Including Project File: /var/ftp/usrflash/Project/PMAC Script Language/Libraries/SPG_SetVsRjParam.pmc 
Including Project File: /var/ftp/usrflash/Project/PMAC Script Language/Libraries/SPG_AbortWsHomeSeq.pmc 
Including Project File: /var/ftp/usrflash/Project/PMAC Script Language/Libraries/SPG_AbortVsHomeSeq.pmc 
Including Project File: /var/ftp/usrflash/Project/PMAC Script Language/Motion Programs/PRG01_Test1.pmc 
Including Project File: /var/ftp/usrflash/Project/PMAC Script Language/Motion Programs/PRG02_Test2.pmc 
Including Project File: /var/ftp/usrflash/Project/PMAC Script Language/Motion Programs/PRG03_Test3.pmc 
Including Project File: /var/ftp/usrflash/Project/PMAC Script Language/Motion Programs/PRG04_Test4.pmc 
Including Project File: /var/ftp/usrflash/Project/PMAC Script Language/Motion Programs/PRG05_Test5.pmc 
Including Project File: /var/ftp/usrflash/Project/PMAC Script Language/Motion Programs/PRG19_Zero.pmc 
Including Project File: /var/ftp/usrflash/Project/PMAC Script Language/Motion Programs/PRG20_Welding.pmc 
Including Project File: /var/ftp/usrflash/Project/PMAC Script Language/Motion Programs/PRG21_Circle.pmc 
Including Project File: /var/ftp/usrflash/Project/PMAC Script Language/Motion Programs/PRG22_SnowMan.pmc 
Including Project File: /var/ftp/usrflash/Project/PMAC Script Language/Motion Programs/PRG23_ButterFly.pmc 
Including Project File: /var/ftp/usrflash/Project/PMAC Script Language/Motion Programs/PRG24_Column.pmc 
Including Project File: /var/ftp/usrflash/Project/PMAC Script Language/Motion Programs/PRG25_Row.pmc 
Including Project File: /var/ftp/usrflash/Project/PMAC Script Language/Motion Programs/PRG30_Vision.pmc 
Including Project File: /var/ftp/usrflash/Project/PMAC Script Language/Motion Programs/PRG50_Test.pmc 
Including Project File: /var/ftp/usrflash/Project/PMAC Script Language/PLC Programs/PLC00_RTI.plc 
Including Project File: /var/ftp/usrflash/Project/PMAC Script Language/PLC Programs/PLC01_Init.plc 
Including Project File: /var/ftp/usrflash/Project/PMAC Script Language/PLC Programs/PLC02_Sta.plc 
Including Project File: /var/ftp/usrflash/Project/PMAC Script Language/PLC Programs/PLC03_Cmd.plc 
Including Project File: /var/ftp/usrflash/Project/PMAC Script Language/PLC Programs/PLC04_Safety.plc 
Including Project File: /var/ftp/usrflash/Project/PMAC Script Language/PLC Programs/PLC05_Ecat.plc 
Including Project File: /var/ftp/usrflash/Project/PMAC Script Language/PLC Programs/PLC06_IoCom.plc 
Including Project File: /var/ftp/usrflash/Project/PMAC Script Language/PLC Programs/PLC10_Home.plc 
Including Project File: /var/ftp/usrflash/Project/PMAC Script Language/PLC Programs/PLC11_Jog.plc 
Including Project File: /var/ftp/usrflash/Project/PMAC Script Language/PLC Programs/PLC12_SeqMc.plc 
Including Project File: /var/ftp/usrflash/Project/PMAC Script Language/PLC Programs/PLC13_SeqWs.plc 
Including Project File: /var/ftp/usrflash/Project/PMAC Script Language/PLC Programs/PLC14_SeqVs.plc 
Including Project File: /var/ftp/usrflash/Project/PMAC Script Language/PLC Programs/PLC20_Cylinder.plc 
Including Project File: /var/ftp/usrflash/Project/PMAC Script Language/PLC Programs/PLC21_TestShot.plc 
Including Project File: /var/ftp/usrflash/Project/PMAC Script Language/PLC Programs/PLC22_InitIo.plc 
Including Project File: /var/ftp/usrflash/Project/PMAC Script Language/PLC Programs/PLC23_InitLaser.plc 
Including Project File: /var/ftp/usrflash/Project/PMAC Script Language/PLC Programs/PLC24_Cover.plc 
Including Project File: /var/ftp/usrflash/Project/PMAC Script Language/PLC Programs/PLC28_Test.plc 
Including Project File: /var/ftp/usrflash/Project/PMAC Script Language/PLC Programs/PLC29_Buf.plc 
Including Project File: /var/ftp/usrflash/Project/PMAC Script Language/PLC Programs/PLC30_Test.plc 
Including Project File: /var/ftp/usrflash/Project/PMAC Script Language/PLC Programs/PLC31_ReqSim.plc 
Including Project File: /var/ftp/usrflash/Project/Configuration/pp_startup.txt 
3251 Project Symbols were created for gpascii -2 communication
[PMAC_PROJECT]
Start of Project Loading using INI File: "/var/ftp/usrflash/Project/Configuration/pp_proj.ini"
Success: Loading usralgo.ko
Success: Loading RT Address of CfromScript
Success: Loading RT Address of CaptCompISR
LoadRTUserCode() Delta Time (sec) = 2.713616
Including Project File: /var/ftp/usrflash/Project/Configuration/pp_disable.txt 
Including Project File: /var/ftp/usrflash/Project/PMAC Script Language/Global Includes/ECATMap.pmh 
Including Project File: /var/ftp/usrflash/Project/PMAC Script Language/Global Includes/AX1515_Mapping.pmh 
Including Project File: /var/ftp/usrflash/Project/PMAC Script Language/Global Includes/H00_Setup_System.pmh 
Including Project File: /var/ftp/usrflash/Project/PMAC Script Language/Global Includes/H01_Setup_EncTable.pmh 
Including Project File: /var/ftp/usrflash/Project/PMAC Script Language/Global Includes/H02_Setup_Motor.pmh 
Including Project File: /var/ftp/usrflash/Project/PMAC Script Language/Global Includes/H03_Setup_Coord.pmh 
Including Project File: /var/ftp/usrflash/Project/PMAC Script Language/Global Includes/H04_Setup_Ecat.pmh 
Including Project File: /var/ftp/usrflash/Project/PMAC Script Language/Global Includes/H05_Setup_Gpio.pmh 
Including Project File: /var/ftp/usrflash/Project/PMAC Script Language/Global Includes/H06_Variable_Umem.pmh 
Including Project File: /var/ftp/usrflash/Project/PMAC Script Language/Global Includes/H07_Variable_UmemArray.pmh 
Including Project File: /var/ftp/usrflash/Project/PMAC Script Language/Global Includes/H08_Variable_Prog.pmh 
Including Project File: /var/ftp/usrflash/Project/PMAC Script Language/Global Includes/H09_Kinematics.pmh 
Including Project File: /var/ftp/usrflash/Project/PMAC Script Language/Global Includes/H10_Nc.pmh 
Including Project File: /var/ftp/usrflash/Project/PMAC Script Language/Kinematic Routines/Forward1.kin 
Including Project File: /var/ftp/usrflash/Project/PMAC Script Language/Kinematic Routines/Inverse1.kin 
Including Project File: /var/ftp/usrflash/Project/PMAC Script Language/Kinematic Routines/Forward2.kin 
Including Project File: /var/ftp/usrflash/Project/PMAC Script Language/Kinematic Routines/Inverse2.kin 
Including Project File: /var/ftp/usrflash/Project/PMAC Script Language/Kinematic Routines/Forward3.kin 
Including Project File: /var/ftp/usrflash/Project/PMAC Script Language/Kinematic Routines/Inverse3.kin 
Including Project File: /var/ftp/usrflash/Project/PMAC Script Language/Libraries/timer.pmc 
Including Project File: /var/ftp/usrflash/Project/PMAC Script Language/Libraries/SPG_Gcode.pmc 
Including Project File: /var/ftp/usrflash/Project/PMAC Script Language/Libraries/SPG_Mcode.pmc 
Including Project File: /var/ftp/usrflash/Project/PMAC Script Language/Libraries/SPG_InitMotor.pmc 
Including Project File: /var/ftp/usrflash/Project/PMAC Script Language/Libraries/SPG_InitScanner.pmc 
Including Project File: /var/ftp/usrflash/Project/PMAC Script Language/Libraries/SPG_InitECylinder.pmc 
Including Project File: /var/ftp/usrflash/Project/PMAC Script Language/Libraries/SPG_InitRequest.pmc 
Including Project File: /var/ftp/usrflash/Project/PMAC Script Language/Libraries/SPG_InitSeqParam.pmc 
Including Project File: /var/ftp/usrflash/Project/PMAC Script Language/Libraries/SPG_SetDefaultParam.pmc 
Including Project File: /var/ftp/usrflash/Project/PMAC Script Language/Libraries/SPG_SetEquOut.pmc 
Including Project File: /var/ftp/usrflash/Project/PMAC Script Language/Libraries/SPG_SetWsLdParam.pmc 
Including Project File: /var/ftp/usrflash/Project/PMAC Script Language/Libraries/SPG_SetWsRdParam.pmc 
Including Project File: /var/ftp/usrflash/Project/PMAC Script Language/Libraries/SPG_SetWsWdParam.pmc 
Including Project File: /var/ftp/usrflash/Project/PMAC Script Language/Libraries/SPG_SetWsWtParam.pmc 
Including Project File: /var/ftp/usrflash/Project/PMAC Script Language/Libraries/SPG_SetWsUdParam.pmc 
Including Project File: /var/ftp/usrflash/Project/PMAC Script Language/Libraries/SPG_SetWsRjParam.pmc 
Including Project File: /var/ftp/usrflash/Project/PMAC Script Language/Libraries/SPG_SetVsLdParam.pmc 
Including Project File: /var/ftp/usrflash/Project/PMAC Script Language/Libraries/SPG_SetVsRdParam.pmc 
Including Project File: /var/ftp/usrflash/Project/PMAC Script Language/Libraries/SPG_SetVsVnParam.pmc 
Including Project File: /var/ftp/usrflash/Project/PMAC Script Language/Libraries/SPG_SetVsWtParam.pmc 
Including Project File: /var/ftp/usrflash/Project/PMAC Script Language/Libraries/SPG_SetVsUdParam.pmc 
Including Project File: /var/ftp/usrflash/Project/PMAC Script Language/Libraries/SPG_SetVsRjParam.pmc 
Including Project File: /var/ftp/usrflash/Project/PMAC Script Language/Libraries/SPG_AbortWsHomeSeq.pmc 
Including Project File: /var/ftp/usrflash/Project/PMAC Script Language/Libraries/SPG_AbortVsHomeSeq.pmc 
Including Project File: /var/ftp/usrflash/Project/PMAC Script Language/Motion Programs/PRG01_Test1.pmc 
Including Project File: /var/ftp/usrflash/Project/PMAC Script Language/Motion Programs/PRG02_Test2.pmc 
Including Project File: /var/ftp/usrflash/Project/PMAC Script Language/Motion Programs/PRG03_Test3.pmc 
Including Project File: /var/ftp/usrflash/Project/PMAC Script Language/Motion Programs/PRG04_Test4.pmc 
Including Project File: /var/ftp/usrflash/Project/PMAC Script Language/Motion Programs/PRG05_Test5.pmc 
Including Project File: /var/ftp/usrflash/Project/PMAC Script Language/Motion Programs/PRG19_Zero.pmc 
Including Project File: /var/ftp/usrflash/Project/PMAC Script Language/Motion Programs/PRG20_Welding.pmc 
Including Project File: /var/ftp/usrflash/Project/PMAC Script Language/Motion Programs/PRG21_Circle.pmc 
Including Project File: /var/ftp/usrflash/Project/PMAC Script Language/Motion Programs/PRG22_SnowMan.pmc 
Including Project File: /var/ftp/usrflash/Project/PMAC Script Language/Motion Programs/PRG23_ButterFly.pmc 
Including Project File: /var/ftp/usrflash/Project/PMAC Script Language/Motion Programs/PRG24_Column.pmc 
Including Project File: /var/ftp/usrflash/Project/PMAC Script Language/Motion Programs/PRG25_Row.pmc 
Including Project File: /var/ftp/usrflash/Project/PMAC Script Language/Motion Programs/PRG30_Vision.pmc 
Including Project File: /var/ftp/usrflash/Project/PMAC Script Language/Motion Programs/PRG50_Test.pmc 
Including Project File: /var/ftp/usrflash/Project/PMAC Script Language/PLC Programs/PLC00_RTI.plc 
Including Project File: /var/ftp/usrflash/Project/PMAC Script Language/PLC Programs/PLC01_Init.plc 
Including Project File: /var/ftp/usrflash/Project/PMAC Script Language/PLC Programs/PLC02_Sta.plc 
Including Project File: /var/ftp/usrflash/Project/PMAC Script Language/PLC Programs/PLC03_Cmd.plc 
Including Project File: /var/ftp/usrflash/Project/PMAC Script Language/PLC Programs/PLC04_Safety.plc 
Including Project File: /var/ftp/usrflash/Project/PMAC Script Language/PLC Programs/PLC05_Ecat.plc 
Including Project File: /var/ftp/usrflash/Project/PMAC Script Language/PLC Programs/PLC06_IoCom.plc 
Including Project File: /var/ftp/usrflash/Project/PMAC Script Language/PLC Programs/PLC10_Home.plc 
Including Project File: /var/ftp/usrflash/Project/PMAC Script Language/PLC Programs/PLC11_Jog.plc 
Including Project File: /var/ftp/usrflash/Project/PMAC Script Language/PLC Programs/PLC12_SeqMc.plc 
Including Project File: /var/ftp/usrflash/Project/PMAC Script Language/PLC Programs/PLC13_SeqWs.plc 
Including Project File: /var/ftp/usrflash/Project/PMAC Script Language/PLC Programs/PLC14_SeqVs.plc 
Including Project File: /var/ftp/usrflash/Project/PMAC Script Language/PLC Programs/PLC20_Cylinder.plc 
Including Project File: /var/ftp/usrflash/Project/PMAC Script Language/PLC Programs/PLC21_TestShot.plc 
Including Project File: /var/ftp/usrflash/Project/PMAC Script Language/PLC Programs/PLC22_InitIo.plc 
Including Project File: /var/ftp/usrflash/Project/PMAC Script Language/PLC Programs/PLC23_InitLaser.plc 
Including Project File: /var/ftp/usrflash/Project/PMAC Script Language/PLC Programs/PLC24_Cover.plc 
Including Project File: /var/ftp/usrflash/Project/PMAC Script Language/PLC Programs/PLC28_Test.plc 
Including Project File: /var/ftp/usrflash/Project/PMAC Script Language/PLC Programs/PLC29_Buf.plc 
Including Project File: /var/ftp/usrflash/Project/PMAC Script Language/PLC Programs/PLC30_Test.plc 
Including Project File: /var/ftp/usrflash/Project/PMAC Script Language/PLC Programs/PLC31_ReqSim.plc 
Including Project File: /var/ftp/usrflash/Project/Configuration/pp_startup.txt 
Status: Pass 1 Create debug file, #defines, *.h & .sym files, Time (sec) = 1.456277
Status: Pass 2 Verify prog calls, local stack & labels, Time (sec)  = 0.544613
3251 Project Symbols were created for gpascii -2 communication
Status: Create PPMAC Symbol Table & Run CPP Time (sec) = 3.596105
Status: Successful load of preprocessed File: "/var/ftp/usrflash/Temp/pp_proj.pma"
Status: Download to PPMAC Command Processor, Time (sec) = 0.884177
Status: Final pp_proj.h & Run Background C Apps, Time (sec) = 0.402578
Project Preprocessing & Load Total Time (sec) = 9.597734
[PMAC_PROJECT]
Start of Project Loading using INI File: "/var/ftp/usrflash/Project/Configuration/pp_proj.ini"
Including Project File: /var/ftp/usrflash/Project/Configuration/pp_disable.txt 
Including Project File: /var/ftp/usrflash/Project/PMAC Script Language/Global Includes/ECATMap.pmh 
Including Project File: /var/ftp/usrflash/Project/PMAC Script Language/Global Includes/AX1515_Mapping.pmh 
Including Project File: /var/ftp/usrflash/Project/PMAC Script Language/Global Includes/H00_Setup_System.pmh 
Including Project File: /var/ftp/usrflash/Project/PMAC Script Language/Global Includes/H01_Setup_EncTable.pmh 
Including Project File: /var/ftp/usrflash/Project/PMAC Script Language/Global Includes/H02_Setup_Motor.pmh 
Including Project File: /var/ftp/usrflash/Project/PMAC Script Language/Global Includes/H03_Setup_Coord.pmh 
Including Project File: /var/ftp/usrflash/Project/PMAC Script Language/Global Includes/H04_Setup_Ecat.pmh 
Including Project File: /var/ftp/usrflash/Project/PMAC Script Language/Global Includes/H05_Setup_Gpio.pmh 
Including Project File: /var/ftp/usrflash/Project/PMAC Script Language/Global Includes/H06_Variable_Umem.pmh 
Including Project File: /var/ftp/usrflash/Project/PMAC Script Language/Global Includes/H07_Variable_UmemArray.pmh 
Including Project File: /var/ftp/usrflash/Project/PMAC Script Language/Global Includes/H08_Variable_Prog.pmh 
Including Project File: /var/ftp/usrflash/Project/PMAC Script Language/Global Includes/H09_Kinematics.pmh 
Including Project File: /var/ftp/usrflash/Project/PMAC Script Language/Global Includes/H10_Nc.pmh 
Including Project File: /var/ftp/usrflash/Project/PMAC Script Language/Kinematic Routines/Forward1.kin 
Including Project File: /var/ftp/usrflash/Project/PMAC Script Language/Kinematic Routines/Inverse1.kin 
Including Project File: /var/ftp/usrflash/Project/PMAC Script Language/Kinematic Routines/Forward2.kin 
Including Project File: /var/ftp/usrflash/Project/PMAC Script Language/Kinematic Routines/Inverse2.kin 
Including Project File: /var/ftp/usrflash/Project/PMAC Script Language/Kinematic Routines/Forward3.kin 
Including Project File: /var/ftp/usrflash/Project/PMAC Script Language/Kinematic Routines/Inverse3.kin 
Including Project File: /var/ftp/usrflash/Project/PMAC Script Language/Libraries/timer.pmc 
Including Project File: /var/ftp/usrflash/Project/PMAC Script Language/Libraries/SPG_Gcode.pmc 
Including Project File: /var/ftp/usrflash/Project/PMAC Script Language/Libraries/SPG_Mcode.pmc 
Including Project File: /var/ftp/usrflash/Project/PMAC Script Language/Libraries/SPG_InitMotor.pmc 
Including Project File: /var/ftp/usrflash/Project/PMAC Script Language/Libraries/SPG_InitScanner.pmc 
Including Project File: /var/ftp/usrflash/Project/PMAC Script Language/Libraries/SPG_InitECylinder.pmc 
Including Project File: /var/ftp/usrflash/Project/PMAC Script Language/Libraries/SPG_InitRequest.pmc 
Including Project File: /var/ftp/usrflash/Project/PMAC Script Language/Libraries/SPG_InitSeqParam.pmc 
Including Project File: /var/ftp/usrflash/Project/PMAC Script Language/Libraries/SPG_SetDefaultParam.pmc 
Including Project File: /var/ftp/usrflash/Project/PMAC Script Language/Libraries/SPG_SetEquOut.pmc 
Including Project File: /var/ftp/usrflash/Project/PMAC Script Language/Libraries/SPG_SetWsLdParam.pmc 
Including Project File: /var/ftp/usrflash/Project/PMAC Script Language/Libraries/SPG_SetWsRdParam.pmc 
Including Project File: /var/ftp/usrflash/Project/PMAC Script Language/Libraries/SPG_SetWsWdParam.pmc 
Including Project File: /var/ftp/usrflash/Project/PMAC Script Language/Libraries/SPG_SetWsWtParam.pmc 
Including Project File: /var/ftp/usrflash/Project/PMAC Script Language/Libraries/SPG_SetWsUdParam.pmc 
Including Project File: /var/ftp/usrflash/Project/PMAC Script Language/Libraries/SPG_SetWsRjParam.pmc 
Including Project File: /var/ftp/usrflash/Project/PMAC Script Language/Libraries/SPG_SetVsLdParam.pmc 
Including Project File: /var/ftp/usrflash/Project/PMAC Script Language/Libraries/SPG_SetVsRdParam.pmc 
Including Project File: /var/ftp/usrflash/Project/PMAC Script Language/Libraries/SPG_SetVsVnParam.pmc 
Including Project File: /var/ftp/usrflash/Project/PMAC Script Language/Libraries/SPG_SetVsWtParam.pmc 
Including Project File: /var/ftp/usrflash/Project/PMAC Script Language/Libraries/SPG_SetVsUdParam.pmc 
Including Project File: /var/ftp/usrflash/Project/PMAC Script Language/Libraries/SPG_SetVsRjParam.pmc 
Including Project File: /var/ftp/usrflash/Project/PMAC Script Language/Libraries/SPG_AbortWsHomeSeq.pmc 
Including Project File: /var/ftp/usrflash/Project/PMAC Script Language/Libraries/SPG_AbortVsHomeSeq.pmc 
Including Project File: /var/ftp/usrflash/Project/PMAC Script Language/Motion Programs/PRG01_Test1.pmc 
Including Project File: /var/ftp/usrflash/Project/PMAC Script Language/Motion Programs/PRG02_Test2.pmc 
Including Project File: /var/ftp/usrflash/Project/PMAC Script Language/Motion Programs/PRG03_Test3.pmc 
Including Project File: /var/ftp/usrflash/Project/PMAC Script Language/Motion Programs/PRG04_Test4.pmc 
Including Project File: /var/ftp/usrflash/Project/PMAC Script Language/Motion Programs/PRG05_Test5.pmc 
Including Project File: /var/ftp/usrflash/Project/PMAC Script Language/Motion Programs/PRG19_Zero.pmc 
Including Project File: /var/ftp/usrflash/Project/PMAC Script Language/Motion Programs/PRG20_Welding.pmc 
Including Project File: /var/ftp/usrflash/Project/PMAC Script Language/Motion Programs/PRG21_Circle.pmc 
Including Project File: /var/ftp/usrflash/Project/PMAC Script Language/Motion Programs/PRG22_SnowMan.pmc 
Including Project File: /var/ftp/usrflash/Project/PMAC Script Language/Motion Programs/PRG23_ButterFly.pmc 
Including Project File: /var/ftp/usrflash/Project/PMAC Script Language/Motion Programs/PRG24_Column.pmc 
Including Project File: /var/ftp/usrflash/Project/PMAC Script Language/Motion Programs/PRG25_Row.pmc 
Including Project File: /var/ftp/usrflash/Project/PMAC Script Language/Motion Programs/PRG30_Vision.pmc 
Including Project File: /var/ftp/usrflash/Project/PMAC Script Language/Motion Programs/PRG50_Test.pmc 
Including Project File: /var/ftp/usrflash/Project/PMAC Script Language/PLC Programs/PLC00_RTI.plc 
Including Project File: /var/ftp/usrflash/Project/PMAC Script Language/PLC Programs/PLC01_Init.plc 
Including Project File: /var/ftp/usrflash/Project/PMAC Script Language/PLC Programs/PLC02_Sta.plc 
Including Project File: /var/ftp/usrflash/Project/PMAC Script Language/PLC Programs/PLC03_Cmd.plc 
Including Project File: /var/ftp/usrflash/Project/PMAC Script Language/PLC Programs/PLC04_Safety.plc 
Including Project File: /var/ftp/usrflash/Project/PMAC Script Language/PLC Programs/PLC05_Ecat.plc 
Including Project File: /var/ftp/usrflash/Project/PMAC Script Language/PLC Programs/PLC06_IoCom.plc 
Including Project File: /var/ftp/usrflash/Project/PMAC Script Language/PLC Programs/PLC10_Home.plc 
Including Project File: /var/ftp/usrflash/Project/PMAC Script Language/PLC Programs/PLC11_Jog.plc 
Including Project File: /var/ftp/usrflash/Project/PMAC Script Language/PLC Programs/PLC12_SeqMc.plc 
Including Project File: /var/ftp/usrflash/Project/PMAC Script Language/PLC Programs/PLC13_SeqWs.plc 
Including Project File: /var/ftp/usrflash/Project/PMAC Script Language/PLC Programs/PLC14_SeqVs.plc 
Including Project File: /var/ftp/usrflash/Project/PMAC Script Language/PLC Programs/PLC20_Cylinder.plc 
Including Project File: /var/ftp/usrflash/Project/PMAC Script Language/PLC Programs/PLC21_TestShot.plc 
Including Project File: /var/ftp/usrflash/Project/PMAC Script Language/PLC Programs/PLC22_InitIo.plc 
Including Project File: /var/ftp/usrflash/Project/PMAC Script Language/PLC Programs/PLC23_InitLaser.plc 
Including Project File: /var/ftp/usrflash/Project/PMAC Script Language/PLC Programs/PLC24_Cover.plc 
Including Project File: /var/ftp/usrflash/Project/PMAC Script Language/PLC Programs/PLC28_Test.plc 
Including Project File: /var/ftp/usrflash/Project/PMAC Script Language/PLC Programs/PLC29_Buf.plc 
Including Project File: /var/ftp/usrflash/Project/PMAC Script Language/PLC Programs/PLC30_Test.plc 
Including Project File: /var/ftp/usrflash/Project/PMAC Script Language/PLC Programs/PLC31_ReqSim.plc 
Including Project File: /var/ftp/usrflash/Project/Configuration/pp_startup.txt 
3251 Project Symbols were created for gpascii -2 communication
[PMAC_PROJECT]
Start of Project Loading using INI File: "/var/ftp/usrflash/Project/Configuration/pp_proj.ini"
Success: Loading usralgo.ko
Success: Loading RT Address of CfromScript
Success: Loading RT Address of CaptCompISR
LoadRTUserCode() Delta Time (sec) = 2.733137
Including Project File: /var/ftp/usrflash/Project/Configuration/pp_disable.txt 
Including Project File: /var/ftp/usrflash/Project/PMAC Script Language/Global Includes/ECATMap.pmh 
Including Project File: /var/ftp/usrflash/Project/PMAC Script Language/Global Includes/AX1515_Mapping.pmh 
Including Project File: /var/ftp/usrflash/Project/PMAC Script Language/Global Includes/H00_Setup_System.pmh 
Including Project File: /var/ftp/usrflash/Project/PMAC Script Language/Global Includes/H01_Setup_EncTable.pmh 
Including Project File: /var/ftp/usrflash/Project/PMAC Script Language/Global Includes/H02_Setup_Motor.pmh 
Including Project File: /var/ftp/usrflash/Project/PMAC Script Language/Global Includes/H03_Setup_Coord.pmh 
Including Project File: /var/ftp/usrflash/Project/PMAC Script Language/Global Includes/H04_Setup_Ecat.pmh 
Including Project File: /var/ftp/usrflash/Project/PMAC Script Language/Global Includes/H05_Setup_Gpio.pmh 
Including Project File: /var/ftp/usrflash/Project/PMAC Script Language/Global Includes/H06_Variable_Umem.pmh 
Including Project File: /var/ftp/usrflash/Project/PMAC Script Language/Global Includes/H07_Variable_UmemArray.pmh 
Including Project File: /var/ftp/usrflash/Project/PMAC Script Language/Global Includes/H08_Variable_Prog.pmh 
Including Project File: /var/ftp/usrflash/Project/PMAC Script Language/Global Includes/H09_Kinematics.pmh 
Including Project File: /var/ftp/usrflash/Project/PMAC Script Language/Global Includes/H10_Nc.pmh 
Including Project File: /var/ftp/usrflash/Project/PMAC Script Language/Kinematic Routines/Forward1.kin 
Including Project File: /var/ftp/usrflash/Project/PMAC Script Language/Kinematic Routines/Inverse1.kin 
Including Project File: /var/ftp/usrflash/Project/PMAC Script Language/Kinematic Routines/Forward2.kin 
Including Project File: /var/ftp/usrflash/Project/PMAC Script Language/Kinematic Routines/Inverse2.kin 
Including Project File: /var/ftp/usrflash/Project/PMAC Script Language/Kinematic Routines/Forward3.kin 
Including Project File: /var/ftp/usrflash/Project/PMAC Script Language/Kinematic Routines/Inverse3.kin 
Including Project File: /var/ftp/usrflash/Project/PMAC Script Language/Libraries/timer.pmc 
Including Project File: /var/ftp/usrflash/Project/PMAC Script Language/Libraries/SPG_Gcode.pmc 
Including Project File: /var/ftp/usrflash/Project/PMAC Script Language/Libraries/SPG_Mcode.pmc 
Including Project File: /var/ftp/usrflash/Project/PMAC Script Language/Libraries/SPG_InitMotor.pmc 
Including Project File: /var/ftp/usrflash/Project/PMAC Script Language/Libraries/SPG_InitScanner.pmc 
Including Project File: /var/ftp/usrflash/Project/PMAC Script Language/Libraries/SPG_InitECylinder.pmc 
Including Project File: /var/ftp/usrflash/Project/PMAC Script Language/Libraries/SPG_InitRequest.pmc 
Including Project File: /var/ftp/usrflash/Project/PMAC Script Language/Libraries/SPG_InitSeqParam.pmc 
Including Project File: /var/ftp/usrflash/Project/PMAC Script Language/Libraries/SPG_SetDefaultParam.pmc 
Including Project File: /var/ftp/usrflash/Project/PMAC Script Language/Libraries/SPG_SetEquOut.pmc 
Including Project File: /var/ftp/usrflash/Project/PMAC Script Language/Libraries/SPG_SetWsLdParam.pmc 
Including Project File: /var/ftp/usrflash/Project/PMAC Script Language/Libraries/SPG_SetWsRdParam.pmc 
Including Project File: /var/ftp/usrflash/Project/PMAC Script Language/Libraries/SPG_SetWsWdParam.pmc 
Including Project File: /var/ftp/usrflash/Project/PMAC Script Language/Libraries/SPG_SetWsWtParam.pmc 
Including Project File: /var/ftp/usrflash/Project/PMAC Script Language/Libraries/SPG_SetWsUdParam.pmc 
Including Project File: /var/ftp/usrflash/Project/PMAC Script Language/Libraries/SPG_SetWsRjParam.pmc 
Including Project File: /var/ftp/usrflash/Project/PMAC Script Language/Libraries/SPG_SetVsLdParam.pmc 
Including Project File: /var/ftp/usrflash/Project/PMAC Script Language/Libraries/SPG_SetVsRdParam.pmc 
Including Project File: /var/ftp/usrflash/Project/PMAC Script Language/Libraries/SPG_SetVsVnParam.pmc 
Including Project File: /var/ftp/usrflash/Project/PMAC Script Language/Libraries/SPG_SetVsWtParam.pmc 
Including Project File: /var/ftp/usrflash/Project/PMAC Script Language/Libraries/SPG_SetVsUdParam.pmc 
Including Project File: /var/ftp/usrflash/Project/PMAC Script Language/Libraries/SPG_SetVsRjParam.pmc 
Including Project File: /var/ftp/usrflash/Project/PMAC Script Language/Libraries/SPG_AbortWsHomeSeq.pmc 
Including Project File: /var/ftp/usrflash/Project/PMAC Script Language/Libraries/SPG_AbortVsHomeSeq.pmc 
Including Project File: /var/ftp/usrflash/Project/PMAC Script Language/Motion Programs/PRG01_Test1.pmc 
Including Project File: /var/ftp/usrflash/Project/PMAC Script Language/Motion Programs/PRG02_Test2.pmc 
Including Project File: /var/ftp/usrflash/Project/PMAC Script Language/Motion Programs/PRG03_Test3.pmc 
Including Project File: /var/ftp/usrflash/Project/PMAC Script Language/Motion Programs/PRG04_Test4.pmc 
Including Project File: /var/ftp/usrflash/Project/PMAC Script Language/Motion Programs/PRG05_Test5.pmc 
Including Project File: /var/ftp/usrflash/Project/PMAC Script Language/Motion Programs/PRG19_Zero.pmc 
Including Project File: /var/ftp/usrflash/Project/PMAC Script Language/Motion Programs/PRG20_Welding.pmc 
Including Project File: /var/ftp/usrflash/Project/PMAC Script Language/Motion Programs/PRG21_Circle.pmc 
Including Project File: /var/ftp/usrflash/Project/PMAC Script Language/Motion Programs/PRG22_SnowMan.pmc 
Including Project File: /var/ftp/usrflash/Project/PMAC Script Language/Motion Programs/PRG23_ButterFly.pmc 
Including Project File: /var/ftp/usrflash/Project/PMAC Script Language/Motion Programs/PRG24_Column.pmc 
Including Project File: /var/ftp/usrflash/Project/PMAC Script Language/Motion Programs/PRG25_Row.pmc 
Including Project File: /var/ftp/usrflash/Project/PMAC Script Language/Motion Programs/PRG30_Vision.pmc 
Including Project File: /var/ftp/usrflash/Project/PMAC Script Language/Motion Programs/PRG50_Test.pmc 
Including Project File: /var/ftp/usrflash/Project/PMAC Script Language/PLC Programs/PLC00_RTI.plc 
Including Project File: /var/ftp/usrflash/Project/PMAC Script Language/PLC Programs/PLC01_Init.plc 
Including Project File: /var/ftp/usrflash/Project/PMAC Script Language/PLC Programs/PLC02_Sta.plc 
Including Project File: /var/ftp/usrflash/Project/PMAC Script Language/PLC Programs/PLC03_Cmd.plc 
Including Project File: /var/ftp/usrflash/Project/PMAC Script Language/PLC Programs/PLC04_Safety.plc 
Including Project File: /var/ftp/usrflash/Project/PMAC Script Language/PLC Programs/PLC05_Ecat.plc 
Including Project File: /var/ftp/usrflash/Project/PMAC Script Language/PLC Programs/PLC06_IoCom.plc 
Including Project File: /var/ftp/usrflash/Project/PMAC Script Language/PLC Programs/PLC10_Home.plc 
Including Project File: /var/ftp/usrflash/Project/PMAC Script Language/PLC Programs/PLC11_Jog.plc 
Including Project File: /var/ftp/usrflash/Project/PMAC Script Language/PLC Programs/PLC12_SeqMc.plc 
Including Project File: /var/ftp/usrflash/Project/PMAC Script Language/PLC Programs/PLC13_SeqWs.plc 
Including Project File: /var/ftp/usrflash/Project/PMAC Script Language/PLC Programs/PLC14_SeqVs.plc 
Including Project File: /var/ftp/usrflash/Project/PMAC Script Language/PLC Programs/PLC20_Cylinder.plc 
Including Project File: /var/ftp/usrflash/Project/PMAC Script Language/PLC Programs/PLC21_TestShot.plc 
Including Project File: /var/ftp/usrflash/Project/PMAC Script Language/PLC Programs/PLC22_InitIo.plc 
Including Project File: /var/ftp/usrflash/Project/PMAC Script Language/PLC Programs/PLC23_InitLaser.plc 
Including Project File: /var/ftp/usrflash/Project/PMAC Script Language/PLC Programs/PLC24_Cover.plc 
Including Project File: /var/ftp/usrflash/Project/PMAC Script Language/PLC Programs/PLC28_Test.plc 
Including Project File: /var/ftp/usrflash/Project/PMAC Script Language/PLC Programs/PLC29_Buf.plc 
Including Project File: /var/ftp/usrflash/Project/PMAC Script Language/PLC Programs/PLC30_Test.plc 
Including Project File: /var/ftp/usrflash/Project/PMAC Script Language/PLC Programs/PLC31_ReqSim.plc 
Including Project File: /var/ftp/usrflash/Project/Configuration/pp_startup.txt 
Status: Pass 1 Create debug file, #defines, *.h & .sym files, Time (sec) = 1.435874
Status: Pass 2 Verify prog calls, local stack & labels, Time (sec)  = 0.518895
3251 Project Symbols were created for gpascii -2 communication
Status: Create PPMAC Symbol Table & Run CPP Time (sec) = 3.675782
Status: Successful load of preprocessed File: "/var/ftp/usrflash/Temp/pp_proj.pma"
Status: Download to PPMAC Command Processor, Time (sec) = 0.834372
Status: Final pp_proj.h & Run Background C Apps, Time (sec) = 0.466435
Project Preprocessing & Load Total Time (sec) = 9.664854
[PMAC_PROJECT]
Start of Project Loading using INI File: "/var/ftp/usrflash/Project/Configuration/pp_proj.ini"
Including Project File: /var/ftp/usrflash/Project/Configuration/pp_disable.txt 
Including Project File: /var/ftp/usrflash/Project/PMAC Script Language/Global Includes/ECATMap.pmh 
Including Project File: /var/ftp/usrflash/Project/PMAC Script Language/Global Includes/AX1515_Mapping.pmh 
Including Project File: /var/ftp/usrflash/Project/PMAC Script Language/Global Includes/H00_Setup_System.pmh 
Including Project File: /var/ftp/usrflash/Project/PMAC Script Language/Global Includes/H01_Setup_EncTable.pmh 
Including Project File: /var/ftp/usrflash/Project/PMAC Script Language/Global Includes/H02_Setup_Motor.pmh 
Including Project File: /var/ftp/usrflash/Project/PMAC Script Language/Global Includes/H03_Setup_Coord.pmh 
Including Project File: /var/ftp/usrflash/Project/PMAC Script Language/Global Includes/H04_Setup_Ecat.pmh 
Including Project File: /var/ftp/usrflash/Project/PMAC Script Language/Global Includes/H05_Setup_Gpio.pmh 
Including Project File: /var/ftp/usrflash/Project/PMAC Script Language/Global Includes/H06_Variable_Umem.pmh 
Including Project File: /var/ftp/usrflash/Project/PMAC Script Language/Global Includes/H07_Variable_UmemArray.pmh 
Including Project File: /var/ftp/usrflash/Project/PMAC Script Language/Global Includes/H08_Variable_Prog.pmh 
Including Project File: /var/ftp/usrflash/Project/PMAC Script Language/Global Includes/H09_Kinematics.pmh 
Including Project File: /var/ftp/usrflash/Project/PMAC Script Language/Global Includes/H10_Nc.pmh 
Including Project File: /var/ftp/usrflash/Project/PMAC Script Language/Kinematic Routines/Forward1.kin 
Including Project File: /var/ftp/usrflash/Project/PMAC Script Language/Kinematic Routines/Inverse1.kin 
Including Project File: /var/ftp/usrflash/Project/PMAC Script Language/Kinematic Routines/Forward2.kin 
Including Project File: /var/ftp/usrflash/Project/PMAC Script Language/Kinematic Routines/Inverse2.kin 
Including Project File: /var/ftp/usrflash/Project/PMAC Script Language/Kinematic Routines/Forward3.kin 
Including Project File: /var/ftp/usrflash/Project/PMAC Script Language/Kinematic Routines/Inverse3.kin 
Including Project File: /var/ftp/usrflash/Project/PMAC Script Language/Libraries/timer.pmc 
Including Project File: /var/ftp/usrflash/Project/PMAC Script Language/Libraries/SPG_Gcode.pmc 
Including Project File: /var/ftp/usrflash/Project/PMAC Script Language/Libraries/SPG_Mcode.pmc 
Including Project File: /var/ftp/usrflash/Project/PMAC Script Language/Libraries/SPG_InitMotor.pmc 
Including Project File: /var/ftp/usrflash/Project/PMAC Script Language/Libraries/SPG_InitScanner.pmc 
Including Project File: /var/ftp/usrflash/Project/PMAC Script Language/Libraries/SPG_InitECylinder.pmc 
Including Project File: /var/ftp/usrflash/Project/PMAC Script Language/Libraries/SPG_InitRequest.pmc 
Including Project File: /var/ftp/usrflash/Project/PMAC Script Language/Libraries/SPG_InitSeqParam.pmc 
Including Project File: /var/ftp/usrflash/Project/PMAC Script Language/Libraries/SPG_SetDefaultParam.pmc 
Including Project File: /var/ftp/usrflash/Project/PMAC Script Language/Libraries/SPG_SetEquOut.pmc 
Including Project File: /var/ftp/usrflash/Project/PMAC Script Language/Libraries/SPG_SetWsLdParam.pmc 
Including Project File: /var/ftp/usrflash/Project/PMAC Script Language/Libraries/SPG_SetWsRdParam.pmc 
Including Project File: /var/ftp/usrflash/Project/PMAC Script Language/Libraries/SPG_SetWsWdParam.pmc 
Including Project File: /var/ftp/usrflash/Project/PMAC Script Language/Libraries/SPG_SetWsWtParam.pmc 
Including Project File: /var/ftp/usrflash/Project/PMAC Script Language/Libraries/SPG_SetWsUdParam.pmc 
Including Project File: /var/ftp/usrflash/Project/PMAC Script Language/Libraries/SPG_SetWsRjParam.pmc 
Including Project File: /var/ftp/usrflash/Project/PMAC Script Language/Libraries/SPG_SetVsLdParam.pmc 
Including Project File: /var/ftp/usrflash/Project/PMAC Script Language/Libraries/SPG_SetVsRdParam.pmc 
Including Project File: /var/ftp/usrflash/Project/PMAC Script Language/Libraries/SPG_SetVsVnParam.pmc 
Including Project File: /var/ftp/usrflash/Project/PMAC Script Language/Libraries/SPG_SetVsWtParam.pmc 
Including Project File: /var/ftp/usrflash/Project/PMAC Script Language/Libraries/SPG_SetVsUdParam.pmc 
Including Project File: /var/ftp/usrflash/Project/PMAC Script Language/Libraries/SPG_SetVsRjParam.pmc 
Including Project File: /var/ftp/usrflash/Project/PMAC Script Language/Libraries/SPG_AbortWsHomeSeq.pmc 
Including Project File: /var/ftp/usrflash/Project/PMAC Script Language/Libraries/SPG_AbortVsHomeSeq.pmc 
Including Project File: /var/ftp/usrflash/Project/PMAC Script Language/Motion Programs/PRG01_Test1.pmc 
Including Project File: /var/ftp/usrflash/Project/PMAC Script Language/Motion Programs/PRG02_Test2.pmc 
Including Project File: /var/ftp/usrflash/Project/PMAC Script Language/Motion Programs/PRG03_Test3.pmc 
Including Project File: /var/ftp/usrflash/Project/PMAC Script Language/Motion Programs/PRG04_Test4.pmc 
Including Project File: /var/ftp/usrflash/Project/PMAC Script Language/Motion Programs/PRG05_Test5.pmc 
Including Project File: /var/ftp/usrflash/Project/PMAC Script Language/Motion Programs/PRG19_Zero.pmc 
Including Project File: /var/ftp/usrflash/Project/PMAC Script Language/Motion Programs/PRG20_Welding.pmc 
Including Project File: /var/ftp/usrflash/Project/PMAC Script Language/Motion Programs/PRG21_Circle.pmc 
Including Project File: /var/ftp/usrflash/Project/PMAC Script Language/Motion Programs/PRG22_SnowMan.pmc 
Including Project File: /var/ftp/usrflash/Project/PMAC Script Language/Motion Programs/PRG23_ButterFly.pmc 
Including Project File: /var/ftp/usrflash/Project/PMAC Script Language/Motion Programs/PRG24_Column.pmc 
Including Project File: /var/ftp/usrflash/Project/PMAC Script Language/Motion Programs/PRG25_Row.pmc 
Including Project File: /var/ftp/usrflash/Project/PMAC Script Language/Motion Programs/PRG30_Vision.pmc 
Including Project File: /var/ftp/usrflash/Project/PMAC Script Language/Motion Programs/PRG50_Test.pmc 
Including Project File: /var/ftp/usrflash/Project/PMAC Script Language/PLC Programs/PLC00_RTI.plc 
Including Project File: /var/ftp/usrflash/Project/PMAC Script Language/PLC Programs/PLC01_Init.plc 
Including Project File: /var/ftp/usrflash/Project/PMAC Script Language/PLC Programs/PLC02_Sta.plc 
Including Project File: /var/ftp/usrflash/Project/PMAC Script Language/PLC Programs/PLC03_Cmd.plc 
Including Project File: /var/ftp/usrflash/Project/PMAC Script Language/PLC Programs/PLC04_Safety.plc 
Including Project File: /var/ftp/usrflash/Project/PMAC Script Language/PLC Programs/PLC05_Ecat.plc 
Including Project File: /var/ftp/usrflash/Project/PMAC Script Language/PLC Programs/PLC06_IoCom.plc 
Including Project File: /var/ftp/usrflash/Project/PMAC Script Language/PLC Programs/PLC10_Home.plc 
Including Project File: /var/ftp/usrflash/Project/PMAC Script Language/PLC Programs/PLC11_Jog.plc 
Including Project File: /var/ftp/usrflash/Project/PMAC Script Language/PLC Programs/PLC12_SeqMc.plc 
Including Project File: /var/ftp/usrflash/Project/PMAC Script Language/PLC Programs/PLC13_SeqWs.plc 
Including Project File: /var/ftp/usrflash/Project/PMAC Script Language/PLC Programs/PLC14_SeqVs.plc 
Including Project File: /var/ftp/usrflash/Project/PMAC Script Language/PLC Programs/PLC20_Cylinder.plc 
Including Project File: /var/ftp/usrflash/Project/PMAC Script Language/PLC Programs/PLC21_TestShot.plc 
Including Project File: /var/ftp/usrflash/Project/PMAC Script Language/PLC Programs/PLC22_InitIo.plc 
Including Project File: /var/ftp/usrflash/Project/PMAC Script Language/PLC Programs/PLC23_InitLaser.plc 
Including Project File: /var/ftp/usrflash/Project/PMAC Script Language/PLC Programs/PLC24_Cover.plc 
Including Project File: /var/ftp/usrflash/Project/PMAC Script Language/PLC Programs/PLC28_Test.plc 
Including Project File: /var/ftp/usrflash/Project/PMAC Script Language/PLC Programs/PLC29_Buf.plc 
Including Project File: /var/ftp/usrflash/Project/PMAC Script Language/PLC Programs/PLC30_Test.plc 
Including Project File: /var/ftp/usrflash/Project/PMAC Script Language/PLC Programs/PLC31_ReqSim.plc 
Including Project File: /var/ftp/usrflash/Project/Configuration/pp_startup.txt 
3251 Project Symbols were created for gpascii -2 communication
[PMAC_PROJECT]
Start of Project Loading using INI File: "/var/ftp/usrflash/Project/Configuration/pp_proj.ini"
Success: Loading usralgo.ko
Success: Loading RT Address of CfromScript
Success: Loading RT Address of CaptCompISR
LoadRTUserCode() Delta Time (sec) = 2.733874
Including Project File: /var/ftp/usrflash/Project/Configuration/pp_disable.txt 
Including Project File: /var/ftp/usrflash/Project/PMAC Script Language/Global Includes/ECATMap.pmh 
Including Project File: /var/ftp/usrflash/Project/PMAC Script Language/Global Includes/AX1515_Mapping.pmh 
Including Project File: /var/ftp/usrflash/Project/PMAC Script Language/Global Includes/H00_Setup_System.pmh 
Including Project File: /var/ftp/usrflash/Project/PMAC Script Language/Global Includes/H01_Setup_EncTable.pmh 
Including Project File: /var/ftp/usrflash/Project/PMAC Script Language/Global Includes/H02_Setup_Motor.pmh 
Including Project File: /var/ftp/usrflash/Project/PMAC Script Language/Global Includes/H03_Setup_Coord.pmh 
Including Project File: /var/ftp/usrflash/Project/PMAC Script Language/Global Includes/H04_Setup_Ecat.pmh 
Including Project File: /var/ftp/usrflash/Project/PMAC Script Language/Global Includes/H05_Setup_Gpio.pmh 
Including Project File: /var/ftp/usrflash/Project/PMAC Script Language/Global Includes/H06_Variable_Umem.pmh 
Including Project File: /var/ftp/usrflash/Project/PMAC Script Language/Global Includes/H07_Variable_UmemArray.pmh 
Including Project File: /var/ftp/usrflash/Project/PMAC Script Language/Global Includes/H08_Variable_Prog.pmh 
Including Project File: /var/ftp/usrflash/Project/PMAC Script Language/Global Includes/H09_Kinematics.pmh 
Including Project File: /var/ftp/usrflash/Project/PMAC Script Language/Global Includes/H10_Nc.pmh 
Including Project File: /var/ftp/usrflash/Project/PMAC Script Language/Kinematic Routines/Forward1.kin 
Including Project File: /var/ftp/usrflash/Project/PMAC Script Language/Kinematic Routines/Inverse1.kin 
Including Project File: /var/ftp/usrflash/Project/PMAC Script Language/Kinematic Routines/Forward2.kin 
Including Project File: /var/ftp/usrflash/Project/PMAC Script Language/Kinematic Routines/Inverse2.kin 
Including Project File: /var/ftp/usrflash/Project/PMAC Script Language/Kinematic Routines/Forward3.kin 
Including Project File: /var/ftp/usrflash/Project/PMAC Script Language/Kinematic Routines/Inverse3.kin 
Including Project File: /var/ftp/usrflash/Project/PMAC Script Language/Libraries/timer.pmc 
Including Project File: /var/ftp/usrflash/Project/PMAC Script Language/Libraries/SPG_Gcode.pmc 
Including Project File: /var/ftp/usrflash/Project/PMAC Script Language/Libraries/SPG_Mcode.pmc 
Including Project File: /var/ftp/usrflash/Project/PMAC Script Language/Libraries/SPG_InitMotor.pmc 
Including Project File: /var/ftp/usrflash/Project/PMAC Script Language/Libraries/SPG_InitScanner.pmc 
Including Project File: /var/ftp/usrflash/Project/PMAC Script Language/Libraries/SPG_InitECylinder.pmc 
Including Project File: /var/ftp/usrflash/Project/PMAC Script Language/Libraries/SPG_InitRequest.pmc 
Including Project File: /var/ftp/usrflash/Project/PMAC Script Language/Libraries/SPG_InitSeqParam.pmc 
Including Project File: /var/ftp/usrflash/Project/PMAC Script Language/Libraries/SPG_SetDefaultParam.pmc 
Including Project File: /var/ftp/usrflash/Project/PMAC Script Language/Libraries/SPG_SetEquOut.pmc 
Including Project File: /var/ftp/usrflash/Project/PMAC Script Language/Libraries/SPG_SetWsLdParam.pmc 
Including Project File: /var/ftp/usrflash/Project/PMAC Script Language/Libraries/SPG_SetWsRdParam.pmc 
Including Project File: /var/ftp/usrflash/Project/PMAC Script Language/Libraries/SPG_SetWsWdParam.pmc 
Including Project File: /var/ftp/usrflash/Project/PMAC Script Language/Libraries/SPG_SetWsWtParam.pmc 
Including Project File: /var/ftp/usrflash/Project/PMAC Script Language/Libraries/SPG_SetWsUdParam.pmc 
Including Project File: /var/ftp/usrflash/Project/PMAC Script Language/Libraries/SPG_SetWsRjParam.pmc 
Including Project File: /var/ftp/usrflash/Project/PMAC Script Language/Libraries/SPG_SetVsLdParam.pmc 
Including Project File: /var/ftp/usrflash/Project/PMAC Script Language/Libraries/SPG_SetVsRdParam.pmc 
Including Project File: /var/ftp/usrflash/Project/PMAC Script Language/Libraries/SPG_SetVsVnParam.pmc 
Including Project File: /var/ftp/usrflash/Project/PMAC Script Language/Libraries/SPG_SetVsWtParam.pmc 
Including Project File: /var/ftp/usrflash/Project/PMAC Script Language/Libraries/SPG_SetVsUdParam.pmc 
Including Project File: /var/ftp/usrflash/Project/PMAC Script Language/Libraries/SPG_SetVsRjParam.pmc 
Including Project File: /var/ftp/usrflash/Project/PMAC Script Language/Libraries/SPG_AbortWsHomeSeq.pmc 
Including Project File: /var/ftp/usrflash/Project/PMAC Script Language/Libraries/SPG_AbortVsHomeSeq.pmc 
Including Project File: /var/ftp/usrflash/Project/PMAC Script Language/Motion Programs/PRG01_Test1.pmc 
Including Project File: /var/ftp/usrflash/Project/PMAC Script Language/Motion Programs/PRG02_Test2.pmc 
Including Project File: /var/ftp/usrflash/Project/PMAC Script Language/Motion Programs/PRG03_Test3.pmc 
Including Project File: /var/ftp/usrflash/Project/PMAC Script Language/Motion Programs/PRG04_Test4.pmc 
Including Project File: /var/ftp/usrflash/Project/PMAC Script Language/Motion Programs/PRG05_Test5.pmc 
Including Project File: /var/ftp/usrflash/Project/PMAC Script Language/Motion Programs/PRG19_Zero.pmc 
Including Project File: /var/ftp/usrflash/Project/PMAC Script Language/Motion Programs/PRG20_Welding.pmc 
Including Project File: /var/ftp/usrflash/Project/PMAC Script Language/Motion Programs/PRG21_Circle.pmc 
Including Project File: /var/ftp/usrflash/Project/PMAC Script Language/Motion Programs/PRG22_SnowMan.pmc 
Including Project File: /var/ftp/usrflash/Project/PMAC Script Language/Motion Programs/PRG23_ButterFly.pmc 
Including Project File: /var/ftp/usrflash/Project/PMAC Script Language/Motion Programs/PRG24_Column.pmc 
Including Project File: /var/ftp/usrflash/Project/PMAC Script Language/Motion Programs/PRG25_Row.pmc 
Including Project File: /var/ftp/usrflash/Project/PMAC Script Language/Motion Programs/PRG30_Vision.pmc 
Including Project File: /var/ftp/usrflash/Project/PMAC Script Language/Motion Programs/PRG50_Test.pmc 
Including Project File: /var/ftp/usrflash/Project/PMAC Script Language/PLC Programs/PLC00_RTI.plc 
Including Project File: /var/ftp/usrflash/Project/PMAC Script Language/PLC Programs/PLC01_Init.plc 
Including Project File: /var/ftp/usrflash/Project/PMAC Script Language/PLC Programs/PLC02_Sta.plc 
Including Project File: /var/ftp/usrflash/Project/PMAC Script Language/PLC Programs/PLC03_Cmd.plc 
Including Project File: /var/ftp/usrflash/Project/PMAC Script Language/PLC Programs/PLC04_Safety.plc 
Including Project File: /var/ftp/usrflash/Project/PMAC Script Language/PLC Programs/PLC05_Ecat.plc 
Including Project File: /var/ftp/usrflash/Project/PMAC Script Language/PLC Programs/PLC06_IoCom.plc 
Including Project File: /var/ftp/usrflash/Project/PMAC Script Language/PLC Programs/PLC10_Home.plc 
Including Project File: /var/ftp/usrflash/Project/PMAC Script Language/PLC Programs/PLC11_Jog.plc 
Including Project File: /var/ftp/usrflash/Project/PMAC Script Language/PLC Programs/PLC12_SeqMc.plc 
Including Project File: /var/ftp/usrflash/Project/PMAC Script Language/PLC Programs/PLC13_SeqWs.plc 
Including Project File: /var/ftp/usrflash/Project/PMAC Script Language/PLC Programs/PLC14_SeqVs.plc 
Including Project File: /var/ftp/usrflash/Project/PMAC Script Language/PLC Programs/PLC20_Cylinder.plc 
Including Project File: /var/ftp/usrflash/Project/PMAC Script Language/PLC Programs/PLC21_TestShot.plc 
Including Project File: /var/ftp/usrflash/Project/PMAC Script Language/PLC Programs/PLC22_InitIo.plc 
Including Project File: /var/ftp/usrflash/Project/PMAC Script Language/PLC Programs/PLC23_InitLaser.plc 
Including Project File: /var/ftp/usrflash/Project/PMAC Script Language/PLC Programs/PLC24_Cover.plc 
Including Project File: /var/ftp/usrflash/Project/PMAC Script Language/PLC Programs/PLC28_Test.plc 
Including Project File: /var/ftp/usrflash/Project/PMAC Script Language/PLC Programs/PLC29_Buf.plc 
Including Project File: /var/ftp/usrflash/Project/PMAC Script Language/PLC Programs/PLC30_Test.plc 
Including Project File: /var/ftp/usrflash/Project/PMAC Script Language/PLC Programs/PLC31_ReqSim.plc 
Including Project File: /var/ftp/usrflash/Project/Configuration/pp_startup.txt 
Status: Pass 1 Create debug file, #defines, *.h & .sym files, Time (sec) = 1.413711
Status: Pass 2 Verify prog calls, local stack & labels, Time (sec)  = 0.572284
3251 Project Symbols were created for gpascii -2 communication
Status: Create PPMAC Symbol Table & Run CPP Time (sec) = 3.748131
Status: Successful load of preprocessed File: "/var/ftp/usrflash/Temp/pp_proj.pma"
Status: Download to PPMAC Command Processor, Time (sec) = 0.834257
Status: Final pp_proj.h & Run Background C Apps, Time (sec) = 0.424137
Project Preprocessing & Load Total Time (sec) = 9.726705
[PMAC_PROJECT]
Start of Project Loading using INI File: "/var/ftp/usrflash/Project/Configuration/pp_proj.ini"
Including Project File: /var/ftp/usrflash/Project/Configuration/pp_disable.txt 
Including Project File: /var/ftp/usrflash/Project/PMAC Script Language/Global Includes/ECATMap.pmh 
Including Project File: /var/ftp/usrflash/Project/PMAC Script Language/Global Includes/AX1515_Mapping.pmh 
Including Project File: /var/ftp/usrflash/Project/PMAC Script Language/Global Includes/H00_Setup_System.pmh 
Including Project File: /var/ftp/usrflash/Project/PMAC Script Language/Global Includes/H01_Setup_EncTable.pmh 
Including Project File: /var/ftp/usrflash/Project/PMAC Script Language/Global Includes/H02_Setup_Motor.pmh 
Including Project File: /var/ftp/usrflash/Project/PMAC Script Language/Global Includes/H03_Setup_Coord.pmh 
Including Project File: /var/ftp/usrflash/Project/PMAC Script Language/Global Includes/H04_Setup_Ecat.pmh 
Including Project File: /var/ftp/usrflash/Project/PMAC Script Language/Global Includes/H05_Setup_Gpio.pmh 
Including Project File: /var/ftp/usrflash/Project/PMAC Script Language/Global Includes/H06_Variable_Umem.pmh 
Including Project File: /var/ftp/usrflash/Project/PMAC Script Language/Global Includes/H07_Variable_UmemArray.pmh 
Including Project File: /var/ftp/usrflash/Project/PMAC Script Language/Global Includes/H08_Variable_Prog.pmh 
Including Project File: /var/ftp/usrflash/Project/PMAC Script Language/Global Includes/H09_Kinematics.pmh 
Including Project File: /var/ftp/usrflash/Project/PMAC Script Language/Global Includes/H10_Nc.pmh 
Including Project File: /var/ftp/usrflash/Project/PMAC Script Language/Kinematic Routines/Forward1.kin 
Including Project File: /var/ftp/usrflash/Project/PMAC Script Language/Kinematic Routines/Inverse1.kin 
Including Project File: /var/ftp/usrflash/Project/PMAC Script Language/Kinematic Routines/Forward2.kin 
Including Project File: /var/ftp/usrflash/Project/PMAC Script Language/Kinematic Routines/Inverse2.kin 
Including Project File: /var/ftp/usrflash/Project/PMAC Script Language/Kinematic Routines/Forward3.kin 
Including Project File: /var/ftp/usrflash/Project/PMAC Script Language/Kinematic Routines/Inverse3.kin 
Including Project File: /var/ftp/usrflash/Project/PMAC Script Language/Libraries/timer.pmc 
Including Project File: /var/ftp/usrflash/Project/PMAC Script Language/Libraries/SPG_Gcode.pmc 
Including Project File: /var/ftp/usrflash/Project/PMAC Script Language/Libraries/SPG_Mcode.pmc 
Including Project File: /var/ftp/usrflash/Project/PMAC Script Language/Libraries/SPG_InitMotor.pmc 
Including Project File: /var/ftp/usrflash/Project/PMAC Script Language/Libraries/SPG_InitScanner.pmc 
Including Project File: /var/ftp/usrflash/Project/PMAC Script Language/Libraries/SPG_InitECylinder.pmc 
Including Project File: /var/ftp/usrflash/Project/PMAC Script Language/Libraries/SPG_InitRequest.pmc 
Including Project File: /var/ftp/usrflash/Project/PMAC Script Language/Libraries/SPG_InitSeqParam.pmc 
Including Project File: /var/ftp/usrflash/Project/PMAC Script Language/Libraries/SPG_SetDefaultParam.pmc 
Including Project File: /var/ftp/usrflash/Project/PMAC Script Language/Libraries/SPG_SetEquOut.pmc 
Including Project File: /var/ftp/usrflash/Project/PMAC Script Language/Libraries/SPG_SetWsLdParam.pmc 
Including Project File: /var/ftp/usrflash/Project/PMAC Script Language/Libraries/SPG_SetWsRdParam.pmc 
Including Project File: /var/ftp/usrflash/Project/PMAC Script Language/Libraries/SPG_SetWsWdParam.pmc 
Including Project File: /var/ftp/usrflash/Project/PMAC Script Language/Libraries/SPG_SetWsWtParam.pmc 
Including Project File: /var/ftp/usrflash/Project/PMAC Script Language/Libraries/SPG_SetWsUdParam.pmc 
Including Project File: /var/ftp/usrflash/Project/PMAC Script Language/Libraries/SPG_SetWsRjParam.pmc 
Including Project File: /var/ftp/usrflash/Project/PMAC Script Language/Libraries/SPG_SetVsLdParam.pmc 
Including Project File: /var/ftp/usrflash/Project/PMAC Script Language/Libraries/SPG_SetVsRdParam.pmc 
Including Project File: /var/ftp/usrflash/Project/PMAC Script Language/Libraries/SPG_SetVsVnParam.pmc 
Including Project File: /var/ftp/usrflash/Project/PMAC Script Language/Libraries/SPG_SetVsWtParam.pmc 
Including Project File: /var/ftp/usrflash/Project/PMAC Script Language/Libraries/SPG_SetVsUdParam.pmc 
Including Project File: /var/ftp/usrflash/Project/PMAC Script Language/Libraries/SPG_SetVsRjParam.pmc 
Including Project File: /var/ftp/usrflash/Project/PMAC Script Language/Libraries/SPG_AbortWsHomeSeq.pmc 
Including Project File: /var/ftp/usrflash/Project/PMAC Script Language/Libraries/SPG_AbortVsHomeSeq.pmc 
Including Project File: /var/ftp/usrflash/Project/PMAC Script Language/Motion Programs/PRG01_Test1.pmc 
Including Project File: /var/ftp/usrflash/Project/PMAC Script Language/Motion Programs/PRG02_Test2.pmc 
Including Project File: /var/ftp/usrflash/Project/PMAC Script Language/Motion Programs/PRG03_Test3.pmc 
Including Project File: /var/ftp/usrflash/Project/PMAC Script Language/Motion Programs/PRG04_Test4.pmc 
Including Project File: /var/ftp/usrflash/Project/PMAC Script Language/Motion Programs/PRG05_Test5.pmc 
Including Project File: /var/ftp/usrflash/Project/PMAC Script Language/Motion Programs/PRG19_Zero.pmc 
Including Project File: /var/ftp/usrflash/Project/PMAC Script Language/Motion Programs/PRG20_Welding.pmc 
Including Project File: /var/ftp/usrflash/Project/PMAC Script Language/Motion Programs/PRG21_Circle.pmc 
Including Project File: /var/ftp/usrflash/Project/PMAC Script Language/Motion Programs/PRG22_SnowMan.pmc 
Including Project File: /var/ftp/usrflash/Project/PMAC Script Language/Motion Programs/PRG23_ButterFly.pmc 
Including Project File: /var/ftp/usrflash/Project/PMAC Script Language/Motion Programs/PRG24_Column.pmc 
Including Project File: /var/ftp/usrflash/Project/PMAC Script Language/Motion Programs/PRG25_Row.pmc 
Including Project File: /var/ftp/usrflash/Project/PMAC Script Language/Motion Programs/PRG30_Vision.pmc 
Including Project File: /var/ftp/usrflash/Project/PMAC Script Language/Motion Programs/PRG50_Test.pmc 
Including Project File: /var/ftp/usrflash/Project/PMAC Script Language/PLC Programs/PLC00_RTI.plc 
Including Project File: /var/ftp/usrflash/Project/PMAC Script Language/PLC Programs/PLC01_Init.plc 
Including Project File: /var/ftp/usrflash/Project/PMAC Script Language/PLC Programs/PLC02_Sta.plc 
Including Project File: /var/ftp/usrflash/Project/PMAC Script Language/PLC Programs/PLC03_Cmd.plc 
Including Project File: /var/ftp/usrflash/Project/PMAC Script Language/PLC Programs/PLC04_Safety.plc 
Including Project File: /var/ftp/usrflash/Project/PMAC Script Language/PLC Programs/PLC05_Ecat.plc 
Including Project File: /var/ftp/usrflash/Project/PMAC Script Language/PLC Programs/PLC06_IoCom.plc 
Including Project File: /var/ftp/usrflash/Project/PMAC Script Language/PLC Programs/PLC10_Home.plc 
Including Project File: /var/ftp/usrflash/Project/PMAC Script Language/PLC Programs/PLC11_Jog.plc 
Including Project File: /var/ftp/usrflash/Project/PMAC Script Language/PLC Programs/PLC12_SeqMc.plc 
Including Project File: /var/ftp/usrflash/Project/PMAC Script Language/PLC Programs/PLC13_SeqWs.plc 
Including Project File: /var/ftp/usrflash/Project/PMAC Script Language/PLC Programs/PLC14_SeqVs.plc 
Including Project File: /var/ftp/usrflash/Project/PMAC Script Language/PLC Programs/PLC20_Cylinder.plc 
Including Project File: /var/ftp/usrflash/Project/PMAC Script Language/PLC Programs/PLC21_TestShot.plc 
Including Project File: /var/ftp/usrflash/Project/PMAC Script Language/PLC Programs/PLC22_InitIo.plc 
Including Project File: /var/ftp/usrflash/Project/PMAC Script Language/PLC Programs/PLC23_InitLaser.plc 
Including Project File: /var/ftp/usrflash/Project/PMAC Script Language/PLC Programs/PLC24_Cover.plc 
Including Project File: /var/ftp/usrflash/Project/PMAC Script Language/PLC Programs/PLC28_Test.plc 
Including Project File: /var/ftp/usrflash/Project/PMAC Script Language/PLC Programs/PLC29_Buf.plc 
Including Project File: /var/ftp/usrflash/Project/PMAC Script Language/PLC Programs/PLC30_Test.plc 
Including Project File: /var/ftp/usrflash/Project/PMAC Script Language/PLC Programs/PLC31_ReqSim.plc 
Including Project File: /var/ftp/usrflash/Project/Configuration/pp_startup.txt 
3251 Project Symbols were created for gpascii -2 communication
[PMAC_PROJECT]
Start of Project Loading using INI File: "/var/ftp/usrflash/Project/Configuration/pp_proj.ini"
Success: Loading usralgo.ko
Success: Loading RT Address of CfromScript
Success: Loading RT Address of CaptCompISR
LoadRTUserCode() Delta Time (sec) = 2.697098
Including Project File: /var/ftp/usrflash/Project/Configuration/pp_disable.txt 
Including Project File: /var/ftp/usrflash/Project/PMAC Script Language/Global Includes/ECATMap.pmh 
Including Project File: /var/ftp/usrflash/Project/PMAC Script Language/Global Includes/AX1515_Mapping.pmh 
Including Project File: /var/ftp/usrflash/Project/PMAC Script Language/Global Includes/H00_Setup_System.pmh 
Including Project File: /var/ftp/usrflash/Project/PMAC Script Language/Global Includes/H01_Setup_EncTable.pmh 
Including Project File: /var/ftp/usrflash/Project/PMAC Script Language/Global Includes/H02_Setup_Motor.pmh 
Including Project File: /var/ftp/usrflash/Project/PMAC Script Language/Global Includes/H03_Setup_Coord.pmh 
Including Project File: /var/ftp/usrflash/Project/PMAC Script Language/Global Includes/H04_Setup_Ecat.pmh 
Including Project File: /var/ftp/usrflash/Project/PMAC Script Language/Global Includes/H05_Setup_Gpio.pmh 
Including Project File: /var/ftp/usrflash/Project/PMAC Script Language/Global Includes/H06_Variable_Umem.pmh 
Including Project File: /var/ftp/usrflash/Project/PMAC Script Language/Global Includes/H07_Variable_UmemArray.pmh 
Including Project File: /var/ftp/usrflash/Project/PMAC Script Language/Global Includes/H08_Variable_Prog.pmh 
Including Project File: /var/ftp/usrflash/Project/PMAC Script Language/Global Includes/H09_Kinematics.pmh 
Including Project File: /var/ftp/usrflash/Project/PMAC Script Language/Global Includes/H10_Nc.pmh 
Including Project File: /var/ftp/usrflash/Project/PMAC Script Language/Kinematic Routines/Forward1.kin 
Including Project File: /var/ftp/usrflash/Project/PMAC Script Language/Kinematic Routines/Inverse1.kin 
Including Project File: /var/ftp/usrflash/Project/PMAC Script Language/Kinematic Routines/Forward2.kin 
Including Project File: /var/ftp/usrflash/Project/PMAC Script Language/Kinematic Routines/Inverse2.kin 
Including Project File: /var/ftp/usrflash/Project/PMAC Script Language/Kinematic Routines/Forward3.kin 
Including Project File: /var/ftp/usrflash/Project/PMAC Script Language/Kinematic Routines/Inverse3.kin 
Including Project File: /var/ftp/usrflash/Project/PMAC Script Language/Libraries/timer.pmc 
Including Project File: /var/ftp/usrflash/Project/PMAC Script Language/Libraries/SPG_Gcode.pmc 
Including Project File: /var/ftp/usrflash/Project/PMAC Script Language/Libraries/SPG_Mcode.pmc 
Including Project File: /var/ftp/usrflash/Project/PMAC Script Language/Libraries/SPG_InitMotor.pmc 
Including Project File: /var/ftp/usrflash/Project/PMAC Script Language/Libraries/SPG_InitScanner.pmc 
Including Project File: /var/ftp/usrflash/Project/PMAC Script Language/Libraries/SPG_InitECylinder.pmc 
Including Project File: /var/ftp/usrflash/Project/PMAC Script Language/Libraries/SPG_InitRequest.pmc 
Including Project File: /var/ftp/usrflash/Project/PMAC Script Language/Libraries/SPG_InitSeqParam.pmc 
Including Project File: /var/ftp/usrflash/Project/PMAC Script Language/Libraries/SPG_SetDefaultParam.pmc 
Including Project File: /var/ftp/usrflash/Project/PMAC Script Language/Libraries/SPG_SetEquOut.pmc 
Including Project File: /var/ftp/usrflash/Project/PMAC Script Language/Libraries/SPG_SetWsLdParam.pmc 
Including Project File: /var/ftp/usrflash/Project/PMAC Script Language/Libraries/SPG_SetWsRdParam.pmc 
Including Project File: /var/ftp/usrflash/Project/PMAC Script Language/Libraries/SPG_SetWsWdParam.pmc 
Including Project File: /var/ftp/usrflash/Project/PMAC Script Language/Libraries/SPG_SetWsWtParam.pmc 
Including Project File: /var/ftp/usrflash/Project/PMAC Script Language/Libraries/SPG_SetWsUdParam.pmc 
Including Project File: /var/ftp/usrflash/Project/PMAC Script Language/Libraries/SPG_SetWsRjParam.pmc 
Including Project File: /var/ftp/usrflash/Project/PMAC Script Language/Libraries/SPG_SetVsLdParam.pmc 
Including Project File: /var/ftp/usrflash/Project/PMAC Script Language/Libraries/SPG_SetVsRdParam.pmc 
Including Project File: /var/ftp/usrflash/Project/PMAC Script Language/Libraries/SPG_SetVsVnParam.pmc 
Including Project File: /var/ftp/usrflash/Project/PMAC Script Language/Libraries/SPG_SetVsWtParam.pmc 
Including Project File: /var/ftp/usrflash/Project/PMAC Script Language/Libraries/SPG_SetVsUdParam.pmc 
Including Project File: /var/ftp/usrflash/Project/PMAC Script Language/Libraries/SPG_SetVsRjParam.pmc 
Including Project File: /var/ftp/usrflash/Project/PMAC Script Language/Libraries/SPG_AbortWsHomeSeq.pmc 
Including Project File: /var/ftp/usrflash/Project/PMAC Script Language/Libraries/SPG_AbortVsHomeSeq.pmc 
Including Project File: /var/ftp/usrflash/Project/PMAC Script Language/Motion Programs/PRG01_Test1.pmc 
Including Project File: /var/ftp/usrflash/Project/PMAC Script Language/Motion Programs/PRG02_Test2.pmc 
Including Project File: /var/ftp/usrflash/Project/PMAC Script Language/Motion Programs/PRG03_Test3.pmc 
Including Project File: /var/ftp/usrflash/Project/PMAC Script Language/Motion Programs/PRG04_Test4.pmc 
Including Project File: /var/ftp/usrflash/Project/PMAC Script Language/Motion Programs/PRG05_Test5.pmc 
Including Project File: /var/ftp/usrflash/Project/PMAC Script Language/Motion Programs/PRG19_Zero.pmc 
Including Project File: /var/ftp/usrflash/Project/PMAC Script Language/Motion Programs/PRG20_Welding.pmc 
Including Project File: /var/ftp/usrflash/Project/PMAC Script Language/Motion Programs/PRG21_Circle.pmc 
Including Project File: /var/ftp/usrflash/Project/PMAC Script Language/Motion Programs/PRG22_SnowMan.pmc 
Including Project File: /var/ftp/usrflash/Project/PMAC Script Language/Motion Programs/PRG23_ButterFly.pmc 
Including Project File: /var/ftp/usrflash/Project/PMAC Script Language/Motion Programs/PRG24_Column.pmc 
Including Project File: /var/ftp/usrflash/Project/PMAC Script Language/Motion Programs/PRG25_Row.pmc 
Including Project File: /var/ftp/usrflash/Project/PMAC Script Language/Motion Programs/PRG30_Vision.pmc 
Including Project File: /var/ftp/usrflash/Project/PMAC Script Language/Motion Programs/PRG50_Test.pmc 
Including Project File: /var/ftp/usrflash/Project/PMAC Script Language/PLC Programs/PLC00_RTI.plc 
Including Project File: /var/ftp/usrflash/Project/PMAC Script Language/PLC Programs/PLC01_Init.plc 
Including Project File: /var/ftp/usrflash/Project/PMAC Script Language/PLC Programs/PLC02_Sta.plc 
Including Project File: /var/ftp/usrflash/Project/PMAC Script Language/PLC Programs/PLC03_Cmd.plc 
Including Project File: /var/ftp/usrflash/Project/PMAC Script Language/PLC Programs/PLC04_Safety.plc 
Including Project File: /var/ftp/usrflash/Project/PMAC Script Language/PLC Programs/PLC05_Ecat.plc 
Including Project File: /var/ftp/usrflash/Project/PMAC Script Language/PLC Programs/PLC06_IoCom.plc 
Including Project File: /var/ftp/usrflash/Project/PMAC Script Language/PLC Programs/PLC10_Home.plc 
Including Project File: /var/ftp/usrflash/Project/PMAC Script Language/PLC Programs/PLC11_Jog.plc 
Including Project File: /var/ftp/usrflash/Project/PMAC Script Language/PLC Programs/PLC12_SeqMc.plc 
Including Project File: /var/ftp/usrflash/Project/PMAC Script Language/PLC Programs/PLC13_SeqWs.plc 
Including Project File: /var/ftp/usrflash/Project/PMAC Script Language/PLC Programs/PLC14_SeqVs.plc 
Including Project File: /var/ftp/usrflash/Project/PMAC Script Language/PLC Programs/PLC20_Cylinder.plc 
Including Project File: /var/ftp/usrflash/Project/PMAC Script Language/PLC Programs/PLC21_TestShot.plc 
Including Project File: /var/ftp/usrflash/Project/PMAC Script Language/PLC Programs/PLC22_InitIo.plc 
Including Project File: /var/ftp/usrflash/Project/PMAC Script Language/PLC Programs/PLC23_InitLaser.plc 
Including Project File: /var/ftp/usrflash/Project/PMAC Script Language/PLC Programs/PLC24_Cover.plc 
Including Project File: /var/ftp/usrflash/Project/PMAC Script Language/PLC Programs/PLC28_Test.plc 
Including Project File: /var/ftp/usrflash/Project/PMAC Script Language/PLC Programs/PLC29_Buf.plc 
Including Project File: /var/ftp/usrflash/Project/PMAC Script Language/PLC Programs/PLC30_Test.plc 
Including Project File: /var/ftp/usrflash/Project/PMAC Script Language/PLC Programs/PLC31_ReqSim.plc 
Including Project File: /var/ftp/usrflash/Project/Configuration/pp_startup.txt 
Status: Pass 1 Create debug file, #defines, *.h & .sym files, Time (sec) = 1.473077
Status: Pass 2 Verify prog calls, local stack & labels, Time (sec)  = 0.552454
3251 Project Symbols were created for gpascii -2 communication
Status: Create PPMAC Symbol Table & Run CPP Time (sec) = 3.740766
Status: Successful load of preprocessed File: "/var/ftp/usrflash/Temp/pp_proj.pma"
Status: Download to PPMAC Command Processor, Time (sec) = 0.859302
Status: Final pp_proj.h & Run Background C Apps, Time (sec) = 0.391814
Project Preprocessing & Load Total Time (sec) = 9.715446
[PMAC_PROJECT]
Start of Project Loading using INI File: "/var/ftp/usrflash/Project/Configuration/pp_proj.ini"
Including Project File: /var/ftp/usrflash/Project/Configuration/pp_disable.txt 
Including Project File: /var/ftp/usrflash/Project/PMAC Script Language/Global Includes/ECATMap.pmh 
Including Project File: /var/ftp/usrflash/Project/PMAC Script Language/Global Includes/AX1515_Mapping.pmh 
Including Project File: /var/ftp/usrflash/Project/PMAC Script Language/Global Includes/H00_Setup_System.pmh 
Including Project File: /var/ftp/usrflash/Project/PMAC Script Language/Global Includes/H01_Setup_EncTable.pmh 
Including Project File: /var/ftp/usrflash/Project/PMAC Script Language/Global Includes/H02_Setup_Motor.pmh 
Including Project File: /var/ftp/usrflash/Project/PMAC Script Language/Global Includes/H03_Setup_Coord.pmh 
Including Project File: /var/ftp/usrflash/Project/PMAC Script Language/Global Includes/H04_Setup_Ecat.pmh 
Including Project File: /var/ftp/usrflash/Project/PMAC Script Language/Global Includes/H05_Setup_Gpio.pmh 
Including Project File: /var/ftp/usrflash/Project/PMAC Script Language/Global Includes/H06_Variable_Umem.pmh 
Including Project File: /var/ftp/usrflash/Project/PMAC Script Language/Global Includes/H07_Variable_UmemArray.pmh 
Including Project File: /var/ftp/usrflash/Project/PMAC Script Language/Global Includes/H08_Variable_Prog.pmh 
Including Project File: /var/ftp/usrflash/Project/PMAC Script Language/Global Includes/H09_Kinematics.pmh 
Including Project File: /var/ftp/usrflash/Project/PMAC Script Language/Global Includes/H10_Nc.pmh 
Including Project File: /var/ftp/usrflash/Project/PMAC Script Language/Kinematic Routines/Forward1.kin 
Including Project File: /var/ftp/usrflash/Project/PMAC Script Language/Kinematic Routines/Inverse1.kin 
Including Project File: /var/ftp/usrflash/Project/PMAC Script Language/Kinematic Routines/Forward2.kin 
Including Project File: /var/ftp/usrflash/Project/PMAC Script Language/Kinematic Routines/Inverse2.kin 
Including Project File: /var/ftp/usrflash/Project/PMAC Script Language/Kinematic Routines/Forward3.kin 
Including Project File: /var/ftp/usrflash/Project/PMAC Script Language/Kinematic Routines/Inverse3.kin 
Including Project File: /var/ftp/usrflash/Project/PMAC Script Language/Libraries/timer.pmc 
Including Project File: /var/ftp/usrflash/Project/PMAC Script Language/Libraries/SPG_Gcode.pmc 
Including Project File: /var/ftp/usrflash/Project/PMAC Script Language/Libraries/SPG_Mcode.pmc 
Including Project File: /var/ftp/usrflash/Project/PMAC Script Language/Libraries/SPG_InitMotor.pmc 
Including Project File: /var/ftp/usrflash/Project/PMAC Script Language/Libraries/SPG_InitScanner.pmc 
Including Project File: /var/ftp/usrflash/Project/PMAC Script Language/Libraries/SPG_InitECylinder.pmc 
Including Project File: /var/ftp/usrflash/Project/PMAC Script Language/Libraries/SPG_InitRequest.pmc 
Including Project File: /var/ftp/usrflash/Project/PMAC Script Language/Libraries/SPG_InitSeqParam.pmc 
Including Project File: /var/ftp/usrflash/Project/PMAC Script Language/Libraries/SPG_SetDefaultParam.pmc 
Including Project File: /var/ftp/usrflash/Project/PMAC Script Language/Libraries/SPG_SetEquOut.pmc 
Including Project File: /var/ftp/usrflash/Project/PMAC Script Language/Libraries/SPG_SetWsLdParam.pmc 
Including Project File: /var/ftp/usrflash/Project/PMAC Script Language/Libraries/SPG_SetWsRdParam.pmc 
Including Project File: /var/ftp/usrflash/Project/PMAC Script Language/Libraries/SPG_SetWsWdParam.pmc 
Including Project File: /var/ftp/usrflash/Project/PMAC Script Language/Libraries/SPG_SetWsWtParam.pmc 
Including Project File: /var/ftp/usrflash/Project/PMAC Script Language/Libraries/SPG_SetWsUdParam.pmc 
Including Project File: /var/ftp/usrflash/Project/PMAC Script Language/Libraries/SPG_SetWsRjParam.pmc 
Including Project File: /var/ftp/usrflash/Project/PMAC Script Language/Libraries/SPG_SetVsLdParam.pmc 
Including Project File: /var/ftp/usrflash/Project/PMAC Script Language/Libraries/SPG_SetVsRdParam.pmc 
Including Project File: /var/ftp/usrflash/Project/PMAC Script Language/Libraries/SPG_SetVsVnParam.pmc 
Including Project File: /var/ftp/usrflash/Project/PMAC Script Language/Libraries/SPG_SetVsWtParam.pmc 
Including Project File: /var/ftp/usrflash/Project/PMAC Script Language/Libraries/SPG_SetVsUdParam.pmc 
Including Project File: /var/ftp/usrflash/Project/PMAC Script Language/Libraries/SPG_SetVsRjParam.pmc 
Including Project File: /var/ftp/usrflash/Project/PMAC Script Language/Libraries/SPG_AbortWsHomeSeq.pmc 
Including Project File: /var/ftp/usrflash/Project/PMAC Script Language/Libraries/SPG_AbortVsHomeSeq.pmc 
Including Project File: /var/ftp/usrflash/Project/PMAC Script Language/Motion Programs/PRG01_Test1.pmc 
Including Project File: /var/ftp/usrflash/Project/PMAC Script Language/Motion Programs/PRG02_Test2.pmc 
Including Project File: /var/ftp/usrflash/Project/PMAC Script Language/Motion Programs/PRG03_Test3.pmc 
Including Project File: /var/ftp/usrflash/Project/PMAC Script Language/Motion Programs/PRG04_Test4.pmc 
Including Project File: /var/ftp/usrflash/Project/PMAC Script Language/Motion Programs/PRG05_Test5.pmc 
Including Project File: /var/ftp/usrflash/Project/PMAC Script Language/Motion Programs/PRG19_Zero.pmc 
Including Project File: /var/ftp/usrflash/Project/PMAC Script Language/Motion Programs/PRG20_Welding.pmc 
Including Project File: /var/ftp/usrflash/Project/PMAC Script Language/Motion Programs/PRG21_Circle.pmc 
Including Project File: /var/ftp/usrflash/Project/PMAC Script Language/Motion Programs/PRG22_SnowMan.pmc 
Including Project File: /var/ftp/usrflash/Project/PMAC Script Language/Motion Programs/PRG23_ButterFly.pmc 
Including Project File: /var/ftp/usrflash/Project/PMAC Script Language/Motion Programs/PRG24_Column.pmc 
Including Project File: /var/ftp/usrflash/Project/PMAC Script Language/Motion Programs/PRG25_Row.pmc 
Including Project File: /var/ftp/usrflash/Project/PMAC Script Language/Motion Programs/PRG30_Vision.pmc 
Including Project File: /var/ftp/usrflash/Project/PMAC Script Language/Motion Programs/PRG50_Test.pmc 
Including Project File: /var/ftp/usrflash/Project/PMAC Script Language/PLC Programs/PLC00_RTI.plc 
Including Project File: /var/ftp/usrflash/Project/PMAC Script Language/PLC Programs/PLC01_Init.plc 
Including Project File: /var/ftp/usrflash/Project/PMAC Script Language/PLC Programs/PLC02_Sta.plc 
Including Project File: /var/ftp/usrflash/Project/PMAC Script Language/PLC Programs/PLC03_Cmd.plc 
Including Project File: /var/ftp/usrflash/Project/PMAC Script Language/PLC Programs/PLC04_Safety.plc 
Including Project File: /var/ftp/usrflash/Project/PMAC Script Language/PLC Programs/PLC05_Ecat.plc 
Including Project File: /var/ftp/usrflash/Project/PMAC Script Language/PLC Programs/PLC06_IoCom.plc 
Including Project File: /var/ftp/usrflash/Project/PMAC Script Language/PLC Programs/PLC10_Home.plc 
Including Project File: /var/ftp/usrflash/Project/PMAC Script Language/PLC Programs/PLC11_Jog.plc 
Including Project File: /var/ftp/usrflash/Project/PMAC Script Language/PLC Programs/PLC12_SeqMc.plc 
Including Project File: /var/ftp/usrflash/Project/PMAC Script Language/PLC Programs/PLC13_SeqWs.plc 
Including Project File: /var/ftp/usrflash/Project/PMAC Script Language/PLC Programs/PLC14_SeqVs.plc 
Including Project File: /var/ftp/usrflash/Project/PMAC Script Language/PLC Programs/PLC20_Cylinder.plc 
Including Project File: /var/ftp/usrflash/Project/PMAC Script Language/PLC Programs/PLC21_TestShot.plc 
Including Project File: /var/ftp/usrflash/Project/PMAC Script Language/PLC Programs/PLC22_InitIo.plc 
Including Project File: /var/ftp/usrflash/Project/PMAC Script Language/PLC Programs/PLC23_InitLaser.plc 
Including Project File: /var/ftp/usrflash/Project/PMAC Script Language/PLC Programs/PLC24_Cover.plc 
Including Project File: /var/ftp/usrflash/Project/PMAC Script Language/PLC Programs/PLC28_Test.plc 
Including Project File: /var/ftp/usrflash/Project/PMAC Script Language/PLC Programs/PLC29_Buf.plc 
Including Project File: /var/ftp/usrflash/Project/PMAC Script Language/PLC Programs/PLC30_Test.plc 
Including Project File: /var/ftp/usrflash/Project/PMAC Script Language/PLC Programs/PLC31_ReqSim.plc 
Including Project File: /var/ftp/usrflash/Project/Configuration/pp_startup.txt 
3251 Project Symbols were created for gpascii -2 communication
[PMAC_PROJECT]
Start of Project Loading using INI File: "/var/ftp/usrflash/Project/Configuration/pp_proj.ini"
Success: Loading usralgo.ko
Success: Loading RT Address of CfromScript
Success: Loading RT Address of CaptCompISR
LoadRTUserCode() Delta Time (sec) = 2.975289
Including Project File: /var/ftp/usrflash/Project/Configuration/pp_disable.txt 
Including Project File: /var/ftp/usrflash/Project/PMAC Script Language/Global Includes/ECATMap.pmh 
Including Project File: /var/ftp/usrflash/Project/PMAC Script Language/Global Includes/AX1515_Mapping.pmh 
Including Project File: /var/ftp/usrflash/Project/PMAC Script Language/Global Includes/H00_Setup_System.pmh 
Including Project File: /var/ftp/usrflash/Project/PMAC Script Language/Global Includes/H01_Setup_EncTable.pmh 
Including Project File: /var/ftp/usrflash/Project/PMAC Script Language/Global Includes/H02_Setup_Motor.pmh 
Including Project File: /var/ftp/usrflash/Project/PMAC Script Language/Global Includes/H03_Setup_Coord.pmh 
Including Project File: /var/ftp/usrflash/Project/PMAC Script Language/Global Includes/H04_Setup_Ecat.pmh 
Including Project File: /var/ftp/usrflash/Project/PMAC Script Language/Global Includes/H05_Setup_Gpio.pmh 
Including Project File: /var/ftp/usrflash/Project/PMAC Script Language/Global Includes/H06_Variable_Umem.pmh 
Including Project File: /var/ftp/usrflash/Project/PMAC Script Language/Global Includes/H07_Variable_UmemArray.pmh 
Including Project File: /var/ftp/usrflash/Project/PMAC Script Language/Global Includes/H08_Variable_Prog.pmh 
Including Project File: /var/ftp/usrflash/Project/PMAC Script Language/Global Includes/H09_Kinematics.pmh 
Including Project File: /var/ftp/usrflash/Project/PMAC Script Language/Global Includes/H10_Nc.pmh 
Including Project File: /var/ftp/usrflash/Project/PMAC Script Language/Kinematic Routines/Forward1.kin 
Including Project File: /var/ftp/usrflash/Project/PMAC Script Language/Kinematic Routines/Inverse1.kin 
Including Project File: /var/ftp/usrflash/Project/PMAC Script Language/Kinematic Routines/Forward2.kin 
Including Project File: /var/ftp/usrflash/Project/PMAC Script Language/Kinematic Routines/Inverse2.kin 
Including Project File: /var/ftp/usrflash/Project/PMAC Script Language/Kinematic Routines/Forward3.kin 
Including Project File: /var/ftp/usrflash/Project/PMAC Script Language/Kinematic Routines/Inverse3.kin 
Including Project File: /var/ftp/usrflash/Project/PMAC Script Language/Libraries/timer.pmc 
Including Project File: /var/ftp/usrflash/Project/PMAC Script Language/Libraries/SPG_Gcode.pmc 
Including Project File: /var/ftp/usrflash/Project/PMAC Script Language/Libraries/SPG_Mcode.pmc 
Including Project File: /var/ftp/usrflash/Project/PMAC Script Language/Libraries/SPG_InitMotor.pmc 
Including Project File: /var/ftp/usrflash/Project/PMAC Script Language/Libraries/SPG_InitScanner.pmc 
Including Project File: /var/ftp/usrflash/Project/PMAC Script Language/Libraries/SPG_InitECylinder.pmc 
Including Project File: /var/ftp/usrflash/Project/PMAC Script Language/Libraries/SPG_InitRequest.pmc 
Including Project File: /var/ftp/usrflash/Project/PMAC Script Language/Libraries/SPG_InitSeqParam.pmc 
Including Project File: /var/ftp/usrflash/Project/PMAC Script Language/Libraries/SPG_SetDefaultParam.pmc 
Including Project File: /var/ftp/usrflash/Project/PMAC Script Language/Libraries/SPG_SetEquOut.pmc 
Including Project File: /var/ftp/usrflash/Project/PMAC Script Language/Libraries/SPG_SetWsLdParam.pmc 
Including Project File: /var/ftp/usrflash/Project/PMAC Script Language/Libraries/SPG_SetWsRdParam.pmc 
Including Project File: /var/ftp/usrflash/Project/PMAC Script Language/Libraries/SPG_SetWsWdParam.pmc 
Including Project File: /var/ftp/usrflash/Project/PMAC Script Language/Libraries/SPG_SetWsWtParam.pmc 
Including Project File: /var/ftp/usrflash/Project/PMAC Script Language/Libraries/SPG_SetWsUdParam.pmc 
Including Project File: /var/ftp/usrflash/Project/PMAC Script Language/Libraries/SPG_SetWsRjParam.pmc 
Including Project File: /var/ftp/usrflash/Project/PMAC Script Language/Libraries/SPG_SetVsLdParam.pmc 
Including Project File: /var/ftp/usrflash/Project/PMAC Script Language/Libraries/SPG_SetVsRdParam.pmc 
Including Project File: /var/ftp/usrflash/Project/PMAC Script Language/Libraries/SPG_SetVsVnParam.pmc 
Including Project File: /var/ftp/usrflash/Project/PMAC Script Language/Libraries/SPG_SetVsWtParam.pmc 
Including Project File: /var/ftp/usrflash/Project/PMAC Script Language/Libraries/SPG_SetVsUdParam.pmc 
Including Project File: /var/ftp/usrflash/Project/PMAC Script Language/Libraries/SPG_SetVsRjParam.pmc 
Including Project File: /var/ftp/usrflash/Project/PMAC Script Language/Libraries/SPG_AbortWsHomeSeq.pmc 
Including Project File: /var/ftp/usrflash/Project/PMAC Script Language/Libraries/SPG_AbortVsHomeSeq.pmc 
Including Project File: /var/ftp/usrflash/Project/PMAC Script Language/Motion Programs/PRG01_Test1.pmc 
Including Project File: /var/ftp/usrflash/Project/PMAC Script Language/Motion Programs/PRG02_Test2.pmc 
Including Project File: /var/ftp/usrflash/Project/PMAC Script Language/Motion Programs/PRG03_Test3.pmc 
Including Project File: /var/ftp/usrflash/Project/PMAC Script Language/Motion Programs/PRG04_Test4.pmc 
Including Project File: /var/ftp/usrflash/Project/PMAC Script Language/Motion Programs/PRG05_Test5.pmc 
Including Project File: /var/ftp/usrflash/Project/PMAC Script Language/Motion Programs/PRG19_Zero.pmc 
Including Project File: /var/ftp/usrflash/Project/PMAC Script Language/Motion Programs/PRG20_Welding.pmc 
Including Project File: /var/ftp/usrflash/Project/PMAC Script Language/Motion Programs/PRG21_Circle.pmc 
Including Project File: /var/ftp/usrflash/Project/PMAC Script Language/Motion Programs/PRG22_SnowMan.pmc 
Including Project File: /var/ftp/usrflash/Project/PMAC Script Language/Motion Programs/PRG23_ButterFly.pmc 
Including Project File: /var/ftp/usrflash/Project/PMAC Script Language/Motion Programs/PRG24_Column.pmc 
Including Project File: /var/ftp/usrflash/Project/PMAC Script Language/Motion Programs/PRG25_Row.pmc 
Including Project File: /var/ftp/usrflash/Project/PMAC Script Language/Motion Programs/PRG30_Vision.pmc 
Including Project File: /var/ftp/usrflash/Project/PMAC Script Language/Motion Programs/PRG50_Test.pmc 
Including Project File: /var/ftp/usrflash/Project/PMAC Script Language/PLC Programs/PLC00_RTI.plc 
Including Project File: /var/ftp/usrflash/Project/PMAC Script Language/PLC Programs/PLC01_Init.plc 
Including Project File: /var/ftp/usrflash/Project/PMAC Script Language/PLC Programs/PLC02_Sta.plc 
Including Project File: /var/ftp/usrflash/Project/PMAC Script Language/PLC Programs/PLC03_Cmd.plc 
Including Project File: /var/ftp/usrflash/Project/PMAC Script Language/PLC Programs/PLC04_Safety.plc 
Including Project File: /var/ftp/usrflash/Project/PMAC Script Language/PLC Programs/PLC05_Ecat.plc 
Including Project File: /var/ftp/usrflash/Project/PMAC Script Language/PLC Programs/PLC06_IoCom.plc 
Including Project File: /var/ftp/usrflash/Project/PMAC Script Language/PLC Programs/PLC10_Home.plc 
Including Project File: /var/ftp/usrflash/Project/PMAC Script Language/PLC Programs/PLC11_Jog.plc 
Including Project File: /var/ftp/usrflash/Project/PMAC Script Language/PLC Programs/PLC12_SeqMc.plc 
Including Project File: /var/ftp/usrflash/Project/PMAC Script Language/PLC Programs/PLC13_SeqWs.plc 
Including Project File: /var/ftp/usrflash/Project/PMAC Script Language/PLC Programs/PLC14_SeqVs.plc 
Including Project File: /var/ftp/usrflash/Project/PMAC Script Language/PLC Programs/PLC20_Cylinder.plc 
Including Project File: /var/ftp/usrflash/Project/PMAC Script Language/PLC Programs/PLC21_TestShot.plc 
Including Project File: /var/ftp/usrflash/Project/PMAC Script Language/PLC Programs/PLC22_InitIo.plc 
Including Project File: /var/ftp/usrflash/Project/PMAC Script Language/PLC Programs/PLC23_InitLaser.plc 
Including Project File: /var/ftp/usrflash/Project/PMAC Script Language/PLC Programs/PLC24_Cover.plc 
Including Project File: /var/ftp/usrflash/Project/PMAC Script Language/PLC Programs/PLC28_Test.plc 
Including Project File: /var/ftp/usrflash/Project/PMAC Script Language/PLC Programs/PLC29_Buf.plc 
Including Project File: /var/ftp/usrflash/Project/PMAC Script Language/PLC Programs/PLC30_Test.plc 
Including Project File: /var/ftp/usrflash/Project/PMAC Script Language/PLC Programs/PLC31_ReqSim.plc 
Including Project File: /var/ftp/usrflash/Project/Configuration/pp_startup.txt 
Status: Pass 1 Create debug file, #defines, *.h & .sym files, Time (sec) = 1.710243
Status: Pass 2 Verify prog calls, local stack & labels, Time (sec)  = 0.527453
3251 Project Symbols were created for gpascii -2 communication
Status: Create PPMAC Symbol Table & Run CPP Time (sec) = 3.607914
Status: Successful load of preprocessed File: "/var/ftp/usrflash/Temp/pp_proj.pma"
Status: Download to PPMAC Command Processor, Time (sec) = 0.797481
Status: Final pp_proj.h & Run Background C Apps, Time (sec) = 0.458782
Project Preprocessing & Load Total Time (sec) = 10.077529
[PMAC_PROJECT]
Start of Project Loading using INI File: "/var/ftp/usrflash/Project/Configuration/pp_proj.ini"
Including Project File: /var/ftp/usrflash/Project/Configuration/pp_disable.txt 
Including Project File: /var/ftp/usrflash/Project/PMAC Script Language/Global Includes/ECATMap.pmh 
Including Project File: /var/ftp/usrflash/Project/PMAC Script Language/Global Includes/AX1515_Mapping.pmh 
Including Project File: /var/ftp/usrflash/Project/PMAC Script Language/Global Includes/H00_Setup_System.pmh 
Including Project File: /var/ftp/usrflash/Project/PMAC Script Language/Global Includes/H01_Setup_EncTable.pmh 
Including Project File: /var/ftp/usrflash/Project/PMAC Script Language/Global Includes/H02_Setup_Motor.pmh 
Including Project File: /var/ftp/usrflash/Project/PMAC Script Language/Global Includes/H03_Setup_Coord.pmh 
Including Project File: /var/ftp/usrflash/Project/PMAC Script Language/Global Includes/H04_Setup_Ecat.pmh 
Including Project File: /var/ftp/usrflash/Project/PMAC Script Language/Global Includes/H05_Setup_Gpio.pmh 
Including Project File: /var/ftp/usrflash/Project/PMAC Script Language/Global Includes/H06_Variable_Umem.pmh 
Including Project File: /var/ftp/usrflash/Project/PMAC Script Language/Global Includes/H07_Variable_UmemArray.pmh 
Including Project File: /var/ftp/usrflash/Project/PMAC Script Language/Global Includes/H08_Variable_Prog.pmh 
Including Project File: /var/ftp/usrflash/Project/PMAC Script Language/Global Includes/H09_Kinematics.pmh 
Including Project File: /var/ftp/usrflash/Project/PMAC Script Language/Global Includes/H10_Nc.pmh 
Including Project File: /var/ftp/usrflash/Project/PMAC Script Language/Kinematic Routines/Forward1.kin 
Including Project File: /var/ftp/usrflash/Project/PMAC Script Language/Kinematic Routines/Inverse1.kin 
Including Project File: /var/ftp/usrflash/Project/PMAC Script Language/Kinematic Routines/Forward2.kin 
Including Project File: /var/ftp/usrflash/Project/PMAC Script Language/Kinematic Routines/Inverse2.kin 
Including Project File: /var/ftp/usrflash/Project/PMAC Script Language/Kinematic Routines/Forward3.kin 
Including Project File: /var/ftp/usrflash/Project/PMAC Script Language/Kinematic Routines/Inverse3.kin 
Including Project File: /var/ftp/usrflash/Project/PMAC Script Language/Libraries/timer.pmc 
Including Project File: /var/ftp/usrflash/Project/PMAC Script Language/Libraries/SPG_Gcode.pmc 
Including Project File: /var/ftp/usrflash/Project/PMAC Script Language/Libraries/SPG_Mcode.pmc 
Including Project File: /var/ftp/usrflash/Project/PMAC Script Language/Libraries/SPG_InitMotor.pmc 
Including Project File: /var/ftp/usrflash/Project/PMAC Script Language/Libraries/SPG_InitScanner.pmc 
Including Project File: /var/ftp/usrflash/Project/PMAC Script Language/Libraries/SPG_InitECylinder.pmc 
Including Project File: /var/ftp/usrflash/Project/PMAC Script Language/Libraries/SPG_InitRequest.pmc 
Including Project File: /var/ftp/usrflash/Project/PMAC Script Language/Libraries/SPG_InitSeqParam.pmc 
Including Project File: /var/ftp/usrflash/Project/PMAC Script Language/Libraries/SPG_SetDefaultParam.pmc 
Including Project File: /var/ftp/usrflash/Project/PMAC Script Language/Libraries/SPG_SetEquOut.pmc 
Including Project File: /var/ftp/usrflash/Project/PMAC Script Language/Libraries/SPG_SetWsLdParam.pmc 
Including Project File: /var/ftp/usrflash/Project/PMAC Script Language/Libraries/SPG_SetWsRdParam.pmc 
Including Project File: /var/ftp/usrflash/Project/PMAC Script Language/Libraries/SPG_SetWsWdParam.pmc 
Including Project File: /var/ftp/usrflash/Project/PMAC Script Language/Libraries/SPG_SetWsWtParam.pmc 
Including Project File: /var/ftp/usrflash/Project/PMAC Script Language/Libraries/SPG_SetWsUdParam.pmc 
Including Project File: /var/ftp/usrflash/Project/PMAC Script Language/Libraries/SPG_SetWsRjParam.pmc 
Including Project File: /var/ftp/usrflash/Project/PMAC Script Language/Libraries/SPG_SetVsLdParam.pmc 
Including Project File: /var/ftp/usrflash/Project/PMAC Script Language/Libraries/SPG_SetVsRdParam.pmc 
Including Project File: /var/ftp/usrflash/Project/PMAC Script Language/Libraries/SPG_SetVsVnParam.pmc 
Including Project File: /var/ftp/usrflash/Project/PMAC Script Language/Libraries/SPG_SetVsWtParam.pmc 
Including Project File: /var/ftp/usrflash/Project/PMAC Script Language/Libraries/SPG_SetVsUdParam.pmc 
Including Project File: /var/ftp/usrflash/Project/PMAC Script Language/Libraries/SPG_SetVsRjParam.pmc 
Including Project File: /var/ftp/usrflash/Project/PMAC Script Language/Libraries/SPG_AbortWsHomeSeq.pmc 
Including Project File: /var/ftp/usrflash/Project/PMAC Script Language/Libraries/SPG_AbortVsHomeSeq.pmc 
Including Project File: /var/ftp/usrflash/Project/PMAC Script Language/Motion Programs/PRG01_Test1.pmc 
Including Project File: /var/ftp/usrflash/Project/PMAC Script Language/Motion Programs/PRG02_Test2.pmc 
Including Project File: /var/ftp/usrflash/Project/PMAC Script Language/Motion Programs/PRG03_Test3.pmc 
Including Project File: /var/ftp/usrflash/Project/PMAC Script Language/Motion Programs/PRG04_Test4.pmc 
Including Project File: /var/ftp/usrflash/Project/PMAC Script Language/Motion Programs/PRG05_Test5.pmc 
Including Project File: /var/ftp/usrflash/Project/PMAC Script Language/Motion Programs/PRG19_Zero.pmc 
Including Project File: /var/ftp/usrflash/Project/PMAC Script Language/Motion Programs/PRG20_Welding.pmc 
Including Project File: /var/ftp/usrflash/Project/PMAC Script Language/Motion Programs/PRG21_Circle.pmc 
Including Project File: /var/ftp/usrflash/Project/PMAC Script Language/Motion Programs/PRG22_SnowMan.pmc 
Including Project File: /var/ftp/usrflash/Project/PMAC Script Language/Motion Programs/PRG23_ButterFly.pmc 
Including Project File: /var/ftp/usrflash/Project/PMAC Script Language/Motion Programs/PRG24_Column.pmc 
Including Project File: /var/ftp/usrflash/Project/PMAC Script Language/Motion Programs/PRG25_Row.pmc 
Including Project File: /var/ftp/usrflash/Project/PMAC Script Language/Motion Programs/PRG30_Vision.pmc 
Including Project File: /var/ftp/usrflash/Project/PMAC Script Language/Motion Programs/PRG50_Test.pmc 
Including Project File: /var/ftp/usrflash/Project/PMAC Script Language/PLC Programs/PLC00_RTI.plc 
Including Project File: /var/ftp/usrflash/Project/PMAC Script Language/PLC Programs/PLC01_Init.plc 
Including Project File: /var/ftp/usrflash/Project/PMAC Script Language/PLC Programs/PLC02_Sta.plc 
Including Project File: /var/ftp/usrflash/Project/PMAC Script Language/PLC Programs/PLC03_Cmd.plc 
Including Project File: /var/ftp/usrflash/Project/PMAC Script Language/PLC Programs/PLC04_Safety.plc 
Including Project File: /var/ftp/usrflash/Project/PMAC Script Language/PLC Programs/PLC05_Ecat.plc 
Including Project File: /var/ftp/usrflash/Project/PMAC Script Language/PLC Programs/PLC06_IoCom.plc 
Including Project File: /var/ftp/usrflash/Project/PMAC Script Language/PLC Programs/PLC10_Home.plc 
Including Project File: /var/ftp/usrflash/Project/PMAC Script Language/PLC Programs/PLC11_Jog.plc 
Including Project File: /var/ftp/usrflash/Project/PMAC Script Language/PLC Programs/PLC12_SeqMc.plc 
Including Project File: /var/ftp/usrflash/Project/PMAC Script Language/PLC Programs/PLC13_SeqWs.plc 
Including Project File: /var/ftp/usrflash/Project/PMAC Script Language/PLC Programs/PLC14_SeqVs.plc 
Including Project File: /var/ftp/usrflash/Project/PMAC Script Language/PLC Programs/PLC20_Cylinder.plc 
Including Project File: /var/ftp/usrflash/Project/PMAC Script Language/PLC Programs/PLC21_TestShot.plc 
Including Project File: /var/ftp/usrflash/Project/PMAC Script Language/PLC Programs/PLC22_InitIo.plc 
Including Project File: /var/ftp/usrflash/Project/PMAC Script Language/PLC Programs/PLC23_InitLaser.plc 
Including Project File: /var/ftp/usrflash/Project/PMAC Script Language/PLC Programs/PLC24_Cover.plc 
Including Project File: /var/ftp/usrflash/Project/PMAC Script Language/PLC Programs/PLC28_Test.plc 
Including Project File: /var/ftp/usrflash/Project/PMAC Script Language/PLC Programs/PLC29_Buf.plc 
Including Project File: /var/ftp/usrflash/Project/PMAC Script Language/PLC Programs/PLC30_Test.plc 
Including Project File: /var/ftp/usrflash/Project/PMAC Script Language/PLC Programs/PLC31_ReqSim.plc 
Including Project File: /var/ftp/usrflash/Project/Configuration/pp_startup.txt 
3251 Project Symbols were created for gpascii -2 communication
[PMAC_PROJECT]
Start of Project Loading using INI File: "/var/ftp/usrflash/Project/Configuration/pp_proj.ini"
Success: Loading usralgo.ko
Success: Loading RT Address of CfromScript
Success: Loading RT Address of CaptCompISR
LoadRTUserCode() Delta Time (sec) = 3.015360
Including Project File: /var/ftp/usrflash/Project/Configuration/pp_disable.txt 
Including Project File: /var/ftp/usrflash/Project/PMAC Script Language/Global Includes/ECATMap.pmh 
Including Project File: /var/ftp/usrflash/Project/PMAC Script Language/Global Includes/AX1515_Mapping.pmh 
Including Project File: /var/ftp/usrflash/Project/PMAC Script Language/Global Includes/H00_Setup_System.pmh 
Including Project File: /var/ftp/usrflash/Project/PMAC Script Language/Global Includes/H01_Setup_EncTable.pmh 
Including Project File: /var/ftp/usrflash/Project/PMAC Script Language/Global Includes/H02_Setup_Motor.pmh 
Including Project File: /var/ftp/usrflash/Project/PMAC Script Language/Global Includes/H03_Setup_Coord.pmh 
Including Project File: /var/ftp/usrflash/Project/PMAC Script Language/Global Includes/H04_Setup_Ecat.pmh 
Including Project File: /var/ftp/usrflash/Project/PMAC Script Language/Global Includes/H05_Setup_Gpio.pmh 
Including Project File: /var/ftp/usrflash/Project/PMAC Script Language/Global Includes/H06_Variable_Umem.pmh 
Including Project File: /var/ftp/usrflash/Project/PMAC Script Language/Global Includes/H07_Variable_UmemArray.pmh 
Including Project File: /var/ftp/usrflash/Project/PMAC Script Language/Global Includes/H08_Variable_Prog.pmh 
Including Project File: /var/ftp/usrflash/Project/PMAC Script Language/Global Includes/H09_Kinematics.pmh 
Including Project File: /var/ftp/usrflash/Project/PMAC Script Language/Global Includes/H10_Nc.pmh 
Including Project File: /var/ftp/usrflash/Project/PMAC Script Language/Kinematic Routines/Forward1.kin 
Including Project File: /var/ftp/usrflash/Project/PMAC Script Language/Kinematic Routines/Inverse1.kin 
Including Project File: /var/ftp/usrflash/Project/PMAC Script Language/Kinematic Routines/Forward2.kin 
Including Project File: /var/ftp/usrflash/Project/PMAC Script Language/Kinematic Routines/Inverse2.kin 
Including Project File: /var/ftp/usrflash/Project/PMAC Script Language/Kinematic Routines/Forward3.kin 
Including Project File: /var/ftp/usrflash/Project/PMAC Script Language/Kinematic Routines/Inverse3.kin 
Including Project File: /var/ftp/usrflash/Project/PMAC Script Language/Libraries/timer.pmc 
Including Project File: /var/ftp/usrflash/Project/PMAC Script Language/Libraries/SPG_Gcode.pmc 
Including Project File: /var/ftp/usrflash/Project/PMAC Script Language/Libraries/SPG_Mcode.pmc 
Including Project File: /var/ftp/usrflash/Project/PMAC Script Language/Libraries/SPG_InitMotor.pmc 
Including Project File: /var/ftp/usrflash/Project/PMAC Script Language/Libraries/SPG_InitScanner.pmc 
Including Project File: /var/ftp/usrflash/Project/PMAC Script Language/Libraries/SPG_InitECylinder.pmc 
Including Project File: /var/ftp/usrflash/Project/PMAC Script Language/Libraries/SPG_InitRequest.pmc 
Including Project File: /var/ftp/usrflash/Project/PMAC Script Language/Libraries/SPG_InitSeqParam.pmc 
Including Project File: /var/ftp/usrflash/Project/PMAC Script Language/Libraries/SPG_SetDefaultParam.pmc 
Including Project File: /var/ftp/usrflash/Project/PMAC Script Language/Libraries/SPG_SetEquOut.pmc 
Including Project File: /var/ftp/usrflash/Project/PMAC Script Language/Libraries/SPG_SetWsLdParam.pmc 
Including Project File: /var/ftp/usrflash/Project/PMAC Script Language/Libraries/SPG_SetWsRdParam.pmc 
Including Project File: /var/ftp/usrflash/Project/PMAC Script Language/Libraries/SPG_SetWsWdParam.pmc 
Including Project File: /var/ftp/usrflash/Project/PMAC Script Language/Libraries/SPG_SetWsWtParam.pmc 
Including Project File: /var/ftp/usrflash/Project/PMAC Script Language/Libraries/SPG_SetWsUdParam.pmc 
Including Project File: /var/ftp/usrflash/Project/PMAC Script Language/Libraries/SPG_SetWsRjParam.pmc 
Including Project File: /var/ftp/usrflash/Project/PMAC Script Language/Libraries/SPG_SetVsLdParam.pmc 
Including Project File: /var/ftp/usrflash/Project/PMAC Script Language/Libraries/SPG_SetVsRdParam.pmc 
Including Project File: /var/ftp/usrflash/Project/PMAC Script Language/Libraries/SPG_SetVsVnParam.pmc 
Including Project File: /var/ftp/usrflash/Project/PMAC Script Language/Libraries/SPG_SetVsWtParam.pmc 
Including Project File: /var/ftp/usrflash/Project/PMAC Script Language/Libraries/SPG_SetVsUdParam.pmc 
Including Project File: /var/ftp/usrflash/Project/PMAC Script Language/Libraries/SPG_SetVsRjParam.pmc 
Including Project File: /var/ftp/usrflash/Project/PMAC Script Language/Libraries/SPG_AbortWsHomeSeq.pmc 
Including Project File: /var/ftp/usrflash/Project/PMAC Script Language/Libraries/SPG_AbortVsHomeSeq.pmc 
Including Project File: /var/ftp/usrflash/Project/PMAC Script Language/Motion Programs/PRG01_Test1.pmc 
Including Project File: /var/ftp/usrflash/Project/PMAC Script Language/Motion Programs/PRG02_Test2.pmc 
Including Project File: /var/ftp/usrflash/Project/PMAC Script Language/Motion Programs/PRG03_Test3.pmc 
Including Project File: /var/ftp/usrflash/Project/PMAC Script Language/Motion Programs/PRG04_Test4.pmc 
Including Project File: /var/ftp/usrflash/Project/PMAC Script Language/Motion Programs/PRG05_Test5.pmc 
Including Project File: /var/ftp/usrflash/Project/PMAC Script Language/Motion Programs/PRG19_Zero.pmc 
Including Project File: /var/ftp/usrflash/Project/PMAC Script Language/Motion Programs/PRG20_Welding.pmc 
Including Project File: /var/ftp/usrflash/Project/PMAC Script Language/Motion Programs/PRG21_Circle.pmc 
Including Project File: /var/ftp/usrflash/Project/PMAC Script Language/Motion Programs/PRG22_SnowMan.pmc 
Including Project File: /var/ftp/usrflash/Project/PMAC Script Language/Motion Programs/PRG23_ButterFly.pmc 
Including Project File: /var/ftp/usrflash/Project/PMAC Script Language/Motion Programs/PRG24_Column.pmc 
Including Project File: /var/ftp/usrflash/Project/PMAC Script Language/Motion Programs/PRG25_Row.pmc 
Including Project File: /var/ftp/usrflash/Project/PMAC Script Language/Motion Programs/PRG30_Vision.pmc 
Including Project File: /var/ftp/usrflash/Project/PMAC Script Language/Motion Programs/PRG50_Test.pmc 
Including Project File: /var/ftp/usrflash/Project/PMAC Script Language/PLC Programs/PLC00_RTI.plc 
Including Project File: /var/ftp/usrflash/Project/PMAC Script Language/PLC Programs/PLC01_Init.plc 
Including Project File: /var/ftp/usrflash/Project/PMAC Script Language/PLC Programs/PLC02_Sta.plc 
Including Project File: /var/ftp/usrflash/Project/PMAC Script Language/PLC Programs/PLC03_Cmd.plc 
Including Project File: /var/ftp/usrflash/Project/PMAC Script Language/PLC Programs/PLC04_Safety.plc 
Including Project File: /var/ftp/usrflash/Project/PMAC Script Language/PLC Programs/PLC05_Ecat.plc 
Including Project File: /var/ftp/usrflash/Project/PMAC Script Language/PLC Programs/PLC06_IoCom.plc 
Including Project File: /var/ftp/usrflash/Project/PMAC Script Language/PLC Programs/PLC10_Home.plc 
Including Project File: /var/ftp/usrflash/Project/PMAC Script Language/PLC Programs/PLC11_Jog.plc 
Including Project File: /var/ftp/usrflash/Project/PMAC Script Language/PLC Programs/PLC12_SeqMc.plc 
Including Project File: /var/ftp/usrflash/Project/PMAC Script Language/PLC Programs/PLC13_SeqWs.plc 
Including Project File: /var/ftp/usrflash/Project/PMAC Script Language/PLC Programs/PLC14_SeqVs.plc 
Including Project File: /var/ftp/usrflash/Project/PMAC Script Language/PLC Programs/PLC20_Cylinder.plc 
Including Project File: /var/ftp/usrflash/Project/PMAC Script Language/PLC Programs/PLC21_TestShot.plc 
Including Project File: /var/ftp/usrflash/Project/PMAC Script Language/PLC Programs/PLC22_InitIo.plc 
Including Project File: /var/ftp/usrflash/Project/PMAC Script Language/PLC Programs/PLC23_InitLaser.plc 
Including Project File: /var/ftp/usrflash/Project/PMAC Script Language/PLC Programs/PLC24_Cover.plc 
Including Project File: /var/ftp/usrflash/Project/PMAC Script Language/PLC Programs/PLC28_Test.plc 
Including Project File: /var/ftp/usrflash/Project/PMAC Script Language/PLC Programs/PLC29_Buf.plc 
Including Project File: /var/ftp/usrflash/Project/PMAC Script Language/PLC Programs/PLC30_Test.plc 
Including Project File: /var/ftp/usrflash/Project/PMAC Script Language/PLC Programs/PLC31_ReqSim.plc 
Including Project File: /var/ftp/usrflash/Project/Configuration/pp_startup.txt 
Status: Pass 1 Create debug file, #defines, *.h & .sym files, Time (sec) = 1.803149
Status: Pass 2 Verify prog calls, local stack & labels, Time (sec)  = 0.546360
3251 Project Symbols were created for gpascii -2 communication
Status: Create PPMAC Symbol Table & Run CPP Time (sec) = 3.532930
Status: Successful load of preprocessed File: "/var/ftp/usrflash/Temp/pp_proj.pma"
Status: Download to PPMAC Command Processor, Time (sec) = 0.754396
Status: Final pp_proj.h & Run Background C Apps, Time (sec) = 0.522946
Project Preprocessing & Load Total Time (sec) = 10.175544
[PMAC_PROJECT]
Start of Project Loading using INI File: "/var/ftp/usrflash/Project/Configuration/pp_proj.ini"
Including Project File: /var/ftp/usrflash/Project/Configuration/pp_disable.txt 
Including Project File: /var/ftp/usrflash/Project/PMAC Script Language/Global Includes/ECATMap.pmh 
Including Project File: /var/ftp/usrflash/Project/PMAC Script Language/Global Includes/AX1515_Mapping.pmh 
Including Project File: /var/ftp/usrflash/Project/PMAC Script Language/Global Includes/H00_Setup_System.pmh 
Including Project File: /var/ftp/usrflash/Project/PMAC Script Language/Global Includes/H01_Setup_EncTable.pmh 
Including Project File: /var/ftp/usrflash/Project/PMAC Script Language/Global Includes/H02_Setup_Motor.pmh 
Including Project File: /var/ftp/usrflash/Project/PMAC Script Language/Global Includes/H03_Setup_Coord.pmh 
Including Project File: /var/ftp/usrflash/Project/PMAC Script Language/Global Includes/H04_Setup_Ecat.pmh 
Including Project File: /var/ftp/usrflash/Project/PMAC Script Language/Global Includes/H05_Setup_Gpio.pmh 
Including Project File: /var/ftp/usrflash/Project/PMAC Script Language/Global Includes/H06_Variable_Umem.pmh 
Including Project File: /var/ftp/usrflash/Project/PMAC Script Language/Global Includes/H07_Variable_UmemArray.pmh 
Including Project File: /var/ftp/usrflash/Project/PMAC Script Language/Global Includes/H08_Variable_Prog.pmh 
Including Project File: /var/ftp/usrflash/Project/PMAC Script Language/Global Includes/H09_Kinematics.pmh 
Including Project File: /var/ftp/usrflash/Project/PMAC Script Language/Global Includes/H10_Nc.pmh 
Including Project File: /var/ftp/usrflash/Project/PMAC Script Language/Kinematic Routines/Forward1.kin 
Including Project File: /var/ftp/usrflash/Project/PMAC Script Language/Kinematic Routines/Inverse1.kin 
Including Project File: /var/ftp/usrflash/Project/PMAC Script Language/Kinematic Routines/Forward2.kin 
Including Project File: /var/ftp/usrflash/Project/PMAC Script Language/Kinematic Routines/Inverse2.kin 
Including Project File: /var/ftp/usrflash/Project/PMAC Script Language/Kinematic Routines/Forward3.kin 
Including Project File: /var/ftp/usrflash/Project/PMAC Script Language/Kinematic Routines/Inverse3.kin 
Including Project File: /var/ftp/usrflash/Project/PMAC Script Language/Libraries/timer.pmc 
Including Project File: /var/ftp/usrflash/Project/PMAC Script Language/Libraries/SPG_Gcode.pmc 
Including Project File: /var/ftp/usrflash/Project/PMAC Script Language/Libraries/SPG_Mcode.pmc 
Including Project File: /var/ftp/usrflash/Project/PMAC Script Language/Libraries/SPG_InitMotor.pmc 
Including Project File: /var/ftp/usrflash/Project/PMAC Script Language/Libraries/SPG_InitScanner.pmc 
Including Project File: /var/ftp/usrflash/Project/PMAC Script Language/Libraries/SPG_InitECylinder.pmc 
Including Project File: /var/ftp/usrflash/Project/PMAC Script Language/Libraries/SPG_InitRequest.pmc 
Including Project File: /var/ftp/usrflash/Project/PMAC Script Language/Libraries/SPG_InitSeqParam.pmc 
Including Project File: /var/ftp/usrflash/Project/PMAC Script Language/Libraries/SPG_SetDefaultParam.pmc 
Including Project File: /var/ftp/usrflash/Project/PMAC Script Language/Libraries/SPG_SetEquOut.pmc 
Including Project File: /var/ftp/usrflash/Project/PMAC Script Language/Libraries/SPG_SetWsLdParam.pmc 
Including Project File: /var/ftp/usrflash/Project/PMAC Script Language/Libraries/SPG_SetWsRdParam.pmc 
Including Project File: /var/ftp/usrflash/Project/PMAC Script Language/Libraries/SPG_SetWsWdParam.pmc 
Including Project File: /var/ftp/usrflash/Project/PMAC Script Language/Libraries/SPG_SetWsWtParam.pmc 
Including Project File: /var/ftp/usrflash/Project/PMAC Script Language/Libraries/SPG_SetWsUdParam.pmc 
Including Project File: /var/ftp/usrflash/Project/PMAC Script Language/Libraries/SPG_SetWsRjParam.pmc 
Including Project File: /var/ftp/usrflash/Project/PMAC Script Language/Libraries/SPG_SetVsLdParam.pmc 
Including Project File: /var/ftp/usrflash/Project/PMAC Script Language/Libraries/SPG_SetVsRdParam.pmc 
Including Project File: /var/ftp/usrflash/Project/PMAC Script Language/Libraries/SPG_SetVsVnParam.pmc 
Including Project File: /var/ftp/usrflash/Project/PMAC Script Language/Libraries/SPG_SetVsWtParam.pmc 
Including Project File: /var/ftp/usrflash/Project/PMAC Script Language/Libraries/SPG_SetVsUdParam.pmc 
Including Project File: /var/ftp/usrflash/Project/PMAC Script Language/Libraries/SPG_SetVsRjParam.pmc 
Including Project File: /var/ftp/usrflash/Project/PMAC Script Language/Libraries/SPG_AbortWsHomeSeq.pmc 
Including Project File: /var/ftp/usrflash/Project/PMAC Script Language/Libraries/SPG_AbortVsHomeSeq.pmc 
Including Project File: /var/ftp/usrflash/Project/PMAC Script Language/Motion Programs/PRG01_Test1.pmc 
Including Project File: /var/ftp/usrflash/Project/PMAC Script Language/Motion Programs/PRG02_Test2.pmc 
Including Project File: /var/ftp/usrflash/Project/PMAC Script Language/Motion Programs/PRG03_Test3.pmc 
Including Project File: /var/ftp/usrflash/Project/PMAC Script Language/Motion Programs/PRG04_Test4.pmc 
Including Project File: /var/ftp/usrflash/Project/PMAC Script Language/Motion Programs/PRG05_Test5.pmc 
Including Project File: /var/ftp/usrflash/Project/PMAC Script Language/Motion Programs/PRG19_Zero.pmc 
Including Project File: /var/ftp/usrflash/Project/PMAC Script Language/Motion Programs/PRG20_Welding.pmc 
Including Project File: /var/ftp/usrflash/Project/PMAC Script Language/Motion Programs/PRG21_Circle.pmc 
Including Project File: /var/ftp/usrflash/Project/PMAC Script Language/Motion Programs/PRG22_SnowMan.pmc 
Including Project File: /var/ftp/usrflash/Project/PMAC Script Language/Motion Programs/PRG23_ButterFly.pmc 
Including Project File: /var/ftp/usrflash/Project/PMAC Script Language/Motion Programs/PRG24_Column.pmc 
Including Project File: /var/ftp/usrflash/Project/PMAC Script Language/Motion Programs/PRG25_Row.pmc 
Including Project File: /var/ftp/usrflash/Project/PMAC Script Language/Motion Programs/PRG30_Vision.pmc 
Including Project File: /var/ftp/usrflash/Project/PMAC Script Language/Motion Programs/PRG50_Test.pmc 
Including Project File: /var/ftp/usrflash/Project/PMAC Script Language/PLC Programs/PLC00_RTI.plc 
Including Project File: /var/ftp/usrflash/Project/PMAC Script Language/PLC Programs/PLC01_Init.plc 
Including Project File: /var/ftp/usrflash/Project/PMAC Script Language/PLC Programs/PLC02_Sta.plc 
Including Project File: /var/ftp/usrflash/Project/PMAC Script Language/PLC Programs/PLC03_Cmd.plc 
Including Project File: /var/ftp/usrflash/Project/PMAC Script Language/PLC Programs/PLC04_Safety.plc 
Including Project File: /var/ftp/usrflash/Project/PMAC Script Language/PLC Programs/PLC05_Ecat.plc 
Including Project File: /var/ftp/usrflash/Project/PMAC Script Language/PLC Programs/PLC06_IoCom.plc 
Including Project File: /var/ftp/usrflash/Project/PMAC Script Language/PLC Programs/PLC10_Home.plc 
Including Project File: /var/ftp/usrflash/Project/PMAC Script Language/PLC Programs/PLC11_Jog.plc 
Including Project File: /var/ftp/usrflash/Project/PMAC Script Language/PLC Programs/PLC12_SeqMc.plc 
Including Project File: /var/ftp/usrflash/Project/PMAC Script Language/PLC Programs/PLC13_SeqWs.plc 
Including Project File: /var/ftp/usrflash/Project/PMAC Script Language/PLC Programs/PLC14_SeqVs.plc 
Including Project File: /var/ftp/usrflash/Project/PMAC Script Language/PLC Programs/PLC20_Cylinder.plc 
Including Project File: /var/ftp/usrflash/Project/PMAC Script Language/PLC Programs/PLC21_TestShot.plc 
Including Project File: /var/ftp/usrflash/Project/PMAC Script Language/PLC Programs/PLC22_InitIo.plc 
Including Project File: /var/ftp/usrflash/Project/PMAC Script Language/PLC Programs/PLC23_InitLaser.plc 
Including Project File: /var/ftp/usrflash/Project/PMAC Script Language/PLC Programs/PLC24_Cover.plc 
Including Project File: /var/ftp/usrflash/Project/PMAC Script Language/PLC Programs/PLC28_Test.plc 
Including Project File: /var/ftp/usrflash/Project/PMAC Script Language/PLC Programs/PLC29_Buf.plc 
Including Project File: /var/ftp/usrflash/Project/PMAC Script Language/PLC Programs/PLC30_Test.plc 
Including Project File: /var/ftp/usrflash/Project/PMAC Script Language/PLC Programs/PLC31_ReqSim.plc 
Including Project File: /var/ftp/usrflash/Project/Configuration/pp_startup.txt 
3251 Project Symbols were created for gpascii -2 communication
[PMAC_PROJECT]
Start of Project Loading using INI File: "/var/ftp/usrflash/Project/Configuration/pp_proj.ini"
Success: Loading usralgo.ko
Success: Loading RT Address of CfromScript
Success: Loading RT Address of CaptCompISR
LoadRTUserCode() Delta Time (sec) = 2.856303
Including Project File: /var/ftp/usrflash/Project/Configuration/pp_disable.txt 
Including Project File: /var/ftp/usrflash/Project/PMAC Script Language/Global Includes/ECATMap.pmh 
Including Project File: /var/ftp/usrflash/Project/PMAC Script Language/Global Includes/AX1515_Mapping.pmh 
Including Project File: /var/ftp/usrflash/Project/PMAC Script Language/Global Includes/H00_Setup_System.pmh 
Including Project File: /var/ftp/usrflash/Project/PMAC Script Language/Global Includes/H01_Setup_EncTable.pmh 
Including Project File: /var/ftp/usrflash/Project/PMAC Script Language/Global Includes/H02_Setup_Motor.pmh 
Including Project File: /var/ftp/usrflash/Project/PMAC Script Language/Global Includes/H03_Setup_Coord.pmh 
Including Project File: /var/ftp/usrflash/Project/PMAC Script Language/Global Includes/H04_Setup_Ecat.pmh 
Including Project File: /var/ftp/usrflash/Project/PMAC Script Language/Global Includes/H05_Setup_Gpio.pmh 
Including Project File: /var/ftp/usrflash/Project/PMAC Script Language/Global Includes/H06_Variable_Umem.pmh 
Including Project File: /var/ftp/usrflash/Project/PMAC Script Language/Global Includes/H07_Variable_UmemArray.pmh 
Including Project File: /var/ftp/usrflash/Project/PMAC Script Language/Global Includes/H08_Variable_Prog.pmh 
Including Project File: /var/ftp/usrflash/Project/PMAC Script Language/Global Includes/H09_Kinematics.pmh 
Including Project File: /var/ftp/usrflash/Project/PMAC Script Language/Global Includes/H10_Nc.pmh 
Including Project File: /var/ftp/usrflash/Project/PMAC Script Language/Kinematic Routines/Forward1.kin 
Including Project File: /var/ftp/usrflash/Project/PMAC Script Language/Kinematic Routines/Inverse1.kin 
Including Project File: /var/ftp/usrflash/Project/PMAC Script Language/Kinematic Routines/Forward2.kin 
Including Project File: /var/ftp/usrflash/Project/PMAC Script Language/Kinematic Routines/Inverse2.kin 
Including Project File: /var/ftp/usrflash/Project/PMAC Script Language/Kinematic Routines/Forward3.kin 
Including Project File: /var/ftp/usrflash/Project/PMAC Script Language/Kinematic Routines/Inverse3.kin 
Including Project File: /var/ftp/usrflash/Project/PMAC Script Language/Libraries/timer.pmc 
Including Project File: /var/ftp/usrflash/Project/PMAC Script Language/Libraries/SPG_Gcode.pmc 
Including Project File: /var/ftp/usrflash/Project/PMAC Script Language/Libraries/SPG_Mcode.pmc 
Including Project File: /var/ftp/usrflash/Project/PMAC Script Language/Libraries/SPG_InitMotor.pmc 
Including Project File: /var/ftp/usrflash/Project/PMAC Script Language/Libraries/SPG_InitScanner.pmc 
Including Project File: /var/ftp/usrflash/Project/PMAC Script Language/Libraries/SPG_InitECylinder.pmc 
Including Project File: /var/ftp/usrflash/Project/PMAC Script Language/Libraries/SPG_InitRequest.pmc 
Including Project File: /var/ftp/usrflash/Project/PMAC Script Language/Libraries/SPG_InitSeqParam.pmc 
Including Project File: /var/ftp/usrflash/Project/PMAC Script Language/Libraries/SPG_SetDefaultParam.pmc 
Including Project File: /var/ftp/usrflash/Project/PMAC Script Language/Libraries/SPG_SetEquOut.pmc 
Including Project File: /var/ftp/usrflash/Project/PMAC Script Language/Libraries/SPG_SetWsLdParam.pmc 
Including Project File: /var/ftp/usrflash/Project/PMAC Script Language/Libraries/SPG_SetWsRdParam.pmc 
Including Project File: /var/ftp/usrflash/Project/PMAC Script Language/Libraries/SPG_SetWsWdParam.pmc 
Including Project File: /var/ftp/usrflash/Project/PMAC Script Language/Libraries/SPG_SetWsWtParam.pmc 
Including Project File: /var/ftp/usrflash/Project/PMAC Script Language/Libraries/SPG_SetWsUdParam.pmc 
Including Project File: /var/ftp/usrflash/Project/PMAC Script Language/Libraries/SPG_SetWsRjParam.pmc 
Including Project File: /var/ftp/usrflash/Project/PMAC Script Language/Libraries/SPG_SetVsLdParam.pmc 
Including Project File: /var/ftp/usrflash/Project/PMAC Script Language/Libraries/SPG_SetVsRdParam.pmc 
Including Project File: /var/ftp/usrflash/Project/PMAC Script Language/Libraries/SPG_SetVsVnParam.pmc 
Including Project File: /var/ftp/usrflash/Project/PMAC Script Language/Libraries/SPG_SetVsWtParam.pmc 
Including Project File: /var/ftp/usrflash/Project/PMAC Script Language/Libraries/SPG_SetVsUdParam.pmc 
Including Project File: /var/ftp/usrflash/Project/PMAC Script Language/Libraries/SPG_SetVsRjParam.pmc 
Including Project File: /var/ftp/usrflash/Project/PMAC Script Language/Libraries/SPG_AbortWsHomeSeq.pmc 
Including Project File: /var/ftp/usrflash/Project/PMAC Script Language/Libraries/SPG_AbortVsHomeSeq.pmc 
Including Project File: /var/ftp/usrflash/Project/PMAC Script Language/Motion Programs/PRG01_Test1.pmc 
Including Project File: /var/ftp/usrflash/Project/PMAC Script Language/Motion Programs/PRG02_Test2.pmc 
Including Project File: /var/ftp/usrflash/Project/PMAC Script Language/Motion Programs/PRG03_Test3.pmc 
Including Project File: /var/ftp/usrflash/Project/PMAC Script Language/Motion Programs/PRG04_Test4.pmc 
Including Project File: /var/ftp/usrflash/Project/PMAC Script Language/Motion Programs/PRG05_Test5.pmc 
Including Project File: /var/ftp/usrflash/Project/PMAC Script Language/Motion Programs/PRG19_Zero.pmc 
Including Project File: /var/ftp/usrflash/Project/PMAC Script Language/Motion Programs/PRG20_Welding.pmc 
Including Project File: /var/ftp/usrflash/Project/PMAC Script Language/Motion Programs/PRG21_Circle.pmc 
Including Project File: /var/ftp/usrflash/Project/PMAC Script Language/Motion Programs/PRG22_SnowMan.pmc 
Including Project File: /var/ftp/usrflash/Project/PMAC Script Language/Motion Programs/PRG23_ButterFly.pmc 
Including Project File: /var/ftp/usrflash/Project/PMAC Script Language/Motion Programs/PRG24_Column.pmc 
Including Project File: /var/ftp/usrflash/Project/PMAC Script Language/Motion Programs/PRG25_Row.pmc 
Including Project File: /var/ftp/usrflash/Project/PMAC Script Language/Motion Programs/PRG30_Vision.pmc 
Including Project File: /var/ftp/usrflash/Project/PMAC Script Language/Motion Programs/PRG50_Test.pmc 
Including Project File: /var/ftp/usrflash/Project/PMAC Script Language/PLC Programs/PLC00_RTI.plc 
Including Project File: /var/ftp/usrflash/Project/PMAC Script Language/PLC Programs/PLC01_Init.plc 
Including Project File: /var/ftp/usrflash/Project/PMAC Script Language/PLC Programs/PLC02_Sta.plc 
Including Project File: /var/ftp/usrflash/Project/PMAC Script Language/PLC Programs/PLC03_Cmd.plc 
Including Project File: /var/ftp/usrflash/Project/PMAC Script Language/PLC Programs/PLC04_Safety.plc 
Including Project File: /var/ftp/usrflash/Project/PMAC Script Language/PLC Programs/PLC05_Ecat.plc 
Including Project File: /var/ftp/usrflash/Project/PMAC Script Language/PLC Programs/PLC06_IoCom.plc 
Including Project File: /var/ftp/usrflash/Project/PMAC Script Language/PLC Programs/PLC10_Home.plc 
Including Project File: /var/ftp/usrflash/Project/PMAC Script Language/PLC Programs/PLC11_Jog.plc 
Including Project File: /var/ftp/usrflash/Project/PMAC Script Language/PLC Programs/PLC12_SeqMc.plc 
Including Project File: /var/ftp/usrflash/Project/PMAC Script Language/PLC Programs/PLC13_SeqWs.plc 
Including Project File: /var/ftp/usrflash/Project/PMAC Script Language/PLC Programs/PLC14_SeqVs.plc 
Including Project File: /var/ftp/usrflash/Project/PMAC Script Language/PLC Programs/PLC20_Cylinder.plc 
Including Project File: /var/ftp/usrflash/Project/PMAC Script Language/PLC Programs/PLC21_TestShot.plc 
Including Project File: /var/ftp/usrflash/Project/PMAC Script Language/PLC Programs/PLC22_InitIo.plc 
Including Project File: /var/ftp/usrflash/Project/PMAC Script Language/PLC Programs/PLC23_InitLaser.plc 
Including Project File: /var/ftp/usrflash/Project/PMAC Script Language/PLC Programs/PLC24_Cover.plc 
Including Project File: /var/ftp/usrflash/Project/PMAC Script Language/PLC Programs/PLC28_Test.plc 
Including Project File: /var/ftp/usrflash/Project/PMAC Script Language/PLC Programs/PLC29_Buf.plc 
Including Project File: /var/ftp/usrflash/Project/PMAC Script Language/PLC Programs/PLC30_Test.plc 
Including Project File: /var/ftp/usrflash/Project/PMAC Script Language/PLC Programs/PLC31_ReqSim.plc 
Including Project File: /var/ftp/usrflash/Project/Configuration/pp_startup.txt 
Status: Pass 1 Create debug file, #defines, *.h & .sym files, Time (sec) = 1.490073
Status: Pass 2 Verify prog calls, local stack & labels, Time (sec)  = 0.636896
3251 Project Symbols were created for gpascii -2 communication
Status: Create PPMAC Symbol Table & Run CPP Time (sec) = 4.626863
Status: Successful load of preprocessed File: "/var/ftp/usrflash/Temp/pp_proj.pma"
Status: Download to PPMAC Command Processor, Time (sec) = 0.856521
Status: Final pp_proj.h & Run Background C Apps, Time (sec) = 0.471834
Project Preprocessing & Load Total Time (sec) = 10.938843
[PMAC_PROJECT]
Start of Project Loading using INI File: "/var/ftp/usrflash/Project/Configuration/pp_proj.ini"
Including Project File: /var/ftp/usrflash/Project/Configuration/pp_disable.txt 
Including Project File: /var/ftp/usrflash/Project/PMAC Script Language/Global Includes/ECATMap.pmh 
Including Project File: /var/ftp/usrflash/Project/PMAC Script Language/Global Includes/AX1515_Mapping.pmh 
Including Project File: /var/ftp/usrflash/Project/PMAC Script Language/Global Includes/H00_Setup_System.pmh 
Including Project File: /var/ftp/usrflash/Project/PMAC Script Language/Global Includes/H01_Setup_EncTable.pmh 
Including Project File: /var/ftp/usrflash/Project/PMAC Script Language/Global Includes/H02_Setup_Motor.pmh 
Including Project File: /var/ftp/usrflash/Project/PMAC Script Language/Global Includes/H03_Setup_Coord.pmh 
Including Project File: /var/ftp/usrflash/Project/PMAC Script Language/Global Includes/H04_Setup_Ecat.pmh 
Including Project File: /var/ftp/usrflash/Project/PMAC Script Language/Global Includes/H05_Setup_Gpio.pmh 
Including Project File: /var/ftp/usrflash/Project/PMAC Script Language/Global Includes/H06_Variable_Umem.pmh 
Including Project File: /var/ftp/usrflash/Project/PMAC Script Language/Global Includes/H07_Variable_UmemArray.pmh 
Including Project File: /var/ftp/usrflash/Project/PMAC Script Language/Global Includes/H08_Variable_Prog.pmh 
Including Project File: /var/ftp/usrflash/Project/PMAC Script Language/Global Includes/H09_Kinematics.pmh 
Including Project File: /var/ftp/usrflash/Project/PMAC Script Language/Global Includes/H10_Nc.pmh 
Including Project File: /var/ftp/usrflash/Project/PMAC Script Language/Kinematic Routines/Forward1.kin 
Including Project File: /var/ftp/usrflash/Project/PMAC Script Language/Kinematic Routines/Inverse1.kin 
Including Project File: /var/ftp/usrflash/Project/PMAC Script Language/Kinematic Routines/Forward2.kin 
Including Project File: /var/ftp/usrflash/Project/PMAC Script Language/Kinematic Routines/Inverse2.kin 
Including Project File: /var/ftp/usrflash/Project/PMAC Script Language/Kinematic Routines/Forward3.kin 
Including Project File: /var/ftp/usrflash/Project/PMAC Script Language/Kinematic Routines/Inverse3.kin 
Including Project File: /var/ftp/usrflash/Project/PMAC Script Language/Libraries/timer.pmc 
Including Project File: /var/ftp/usrflash/Project/PMAC Script Language/Libraries/SPG_Gcode.pmc 
Including Project File: /var/ftp/usrflash/Project/PMAC Script Language/Libraries/SPG_Mcode.pmc 
Including Project File: /var/ftp/usrflash/Project/PMAC Script Language/Libraries/SPG_InitMotor.pmc 
Including Project File: /var/ftp/usrflash/Project/PMAC Script Language/Libraries/SPG_InitScanner.pmc 
Including Project File: /var/ftp/usrflash/Project/PMAC Script Language/Libraries/SPG_InitECylinder.pmc 
Including Project File: /var/ftp/usrflash/Project/PMAC Script Language/Libraries/SPG_InitRequest.pmc 
Including Project File: /var/ftp/usrflash/Project/PMAC Script Language/Libraries/SPG_InitSeqParam.pmc 
Including Project File: /var/ftp/usrflash/Project/PMAC Script Language/Libraries/SPG_SetDefaultParam.pmc 
Including Project File: /var/ftp/usrflash/Project/PMAC Script Language/Libraries/SPG_SetEquOut.pmc 
Including Project File: /var/ftp/usrflash/Project/PMAC Script Language/Libraries/SPG_SetWsLdParam.pmc 
Including Project File: /var/ftp/usrflash/Project/PMAC Script Language/Libraries/SPG_SetWsRdParam.pmc 
Including Project File: /var/ftp/usrflash/Project/PMAC Script Language/Libraries/SPG_SetWsWdParam.pmc 
Including Project File: /var/ftp/usrflash/Project/PMAC Script Language/Libraries/SPG_SetWsWtParam.pmc 
Including Project File: /var/ftp/usrflash/Project/PMAC Script Language/Libraries/SPG_SetWsUdParam.pmc 
Including Project File: /var/ftp/usrflash/Project/PMAC Script Language/Libraries/SPG_SetWsRjParam.pmc 
Including Project File: /var/ftp/usrflash/Project/PMAC Script Language/Libraries/SPG_SetVsLdParam.pmc 
Including Project File: /var/ftp/usrflash/Project/PMAC Script Language/Libraries/SPG_SetVsRdParam.pmc 
Including Project File: /var/ftp/usrflash/Project/PMAC Script Language/Libraries/SPG_SetVsVnParam.pmc 
Including Project File: /var/ftp/usrflash/Project/PMAC Script Language/Libraries/SPG_SetVsWtParam.pmc 
Including Project File: /var/ftp/usrflash/Project/PMAC Script Language/Libraries/SPG_SetVsUdParam.pmc 
Including Project File: /var/ftp/usrflash/Project/PMAC Script Language/Libraries/SPG_SetVsRjParam.pmc 
Including Project File: /var/ftp/usrflash/Project/PMAC Script Language/Libraries/SPG_AbortWsHomeSeq.pmc 
Including Project File: /var/ftp/usrflash/Project/PMAC Script Language/Libraries/SPG_AbortVsHomeSeq.pmc 
Including Project File: /var/ftp/usrflash/Project/PMAC Script Language/Motion Programs/PRG01_Test1.pmc 
Including Project File: /var/ftp/usrflash/Project/PMAC Script Language/Motion Programs/PRG02_Test2.pmc 
Including Project File: /var/ftp/usrflash/Project/PMAC Script Language/Motion Programs/PRG03_Test3.pmc 
Including Project File: /var/ftp/usrflash/Project/PMAC Script Language/Motion Programs/PRG04_Test4.pmc 
Including Project File: /var/ftp/usrflash/Project/PMAC Script Language/Motion Programs/PRG05_Test5.pmc 
Including Project File: /var/ftp/usrflash/Project/PMAC Script Language/Motion Programs/PRG19_Zero.pmc 
Including Project File: /var/ftp/usrflash/Project/PMAC Script Language/Motion Programs/PRG20_Welding.pmc 
Including Project File: /var/ftp/usrflash/Project/PMAC Script Language/Motion Programs/PRG21_Circle.pmc 
Including Project File: /var/ftp/usrflash/Project/PMAC Script Language/Motion Programs/PRG22_SnowMan.pmc 
Including Project File: /var/ftp/usrflash/Project/PMAC Script Language/Motion Programs/PRG23_ButterFly.pmc 
Including Project File: /var/ftp/usrflash/Project/PMAC Script Language/Motion Programs/PRG24_Column.pmc 
Including Project File: /var/ftp/usrflash/Project/PMAC Script Language/Motion Programs/PRG25_Row.pmc 
Including Project File: /var/ftp/usrflash/Project/PMAC Script Language/Motion Programs/PRG30_Vision.pmc 
Including Project File: /var/ftp/usrflash/Project/PMAC Script Language/Motion Programs/PRG50_Test.pmc 
Including Project File: /var/ftp/usrflash/Project/PMAC Script Language/PLC Programs/PLC00_RTI.plc 
Including Project File: /var/ftp/usrflash/Project/PMAC Script Language/PLC Programs/PLC01_Init.plc 
Including Project File: /var/ftp/usrflash/Project/PMAC Script Language/PLC Programs/PLC02_Sta.plc 
Including Project File: /var/ftp/usrflash/Project/PMAC Script Language/PLC Programs/PLC03_Cmd.plc 
Including Project File: /var/ftp/usrflash/Project/PMAC Script Language/PLC Programs/PLC04_Safety.plc 
Including Project File: /var/ftp/usrflash/Project/PMAC Script Language/PLC Programs/PLC05_Ecat.plc 
Including Project File: /var/ftp/usrflash/Project/PMAC Script Language/PLC Programs/PLC06_IoCom.plc 
Including Project File: /var/ftp/usrflash/Project/PMAC Script Language/PLC Programs/PLC10_Home.plc 
Including Project File: /var/ftp/usrflash/Project/PMAC Script Language/PLC Programs/PLC11_Jog.plc 
Including Project File: /var/ftp/usrflash/Project/PMAC Script Language/PLC Programs/PLC12_SeqMc.plc 
Including Project File: /var/ftp/usrflash/Project/PMAC Script Language/PLC Programs/PLC13_SeqWs.plc 
Including Project File: /var/ftp/usrflash/Project/PMAC Script Language/PLC Programs/PLC14_SeqVs.plc 
Including Project File: /var/ftp/usrflash/Project/PMAC Script Language/PLC Programs/PLC20_Cylinder.plc 
Including Project File: /var/ftp/usrflash/Project/PMAC Script Language/PLC Programs/PLC21_TestShot.plc 
Including Project File: /var/ftp/usrflash/Project/PMAC Script Language/PLC Programs/PLC22_InitIo.plc 
Including Project File: /var/ftp/usrflash/Project/PMAC Script Language/PLC Programs/PLC23_InitLaser.plc 
Including Project File: /var/ftp/usrflash/Project/PMAC Script Language/PLC Programs/PLC24_Cover.plc 
Including Project File: /var/ftp/usrflash/Project/PMAC Script Language/PLC Programs/PLC28_Test.plc 
Including Project File: /var/ftp/usrflash/Project/PMAC Script Language/PLC Programs/PLC29_Buf.plc 
Including Project File: /var/ftp/usrflash/Project/PMAC Script Language/PLC Programs/PLC30_Test.plc 
Including Project File: /var/ftp/usrflash/Project/PMAC Script Language/PLC Programs/PLC31_ReqSim.plc 
Including Project File: /var/ftp/usrflash/Project/Configuration/pp_startup.txt 
3251 Project Symbols were created for gpascii -2 communication
[PMAC_PROJECT]
Start of Project Loading using INI File: "/var/ftp/usrflash/Project/Configuration/pp_proj.ini"
Success: Loading usralgo.ko
Success: Loading RT Address of CfromScript
Success: Loading RT Address of CaptCompISR
LoadRTUserCode() Delta Time (sec) = 3.123739
Including Project File: /var/ftp/usrflash/Project/Configuration/pp_disable.txt 
Including Project File: /var/ftp/usrflash/Project/PMAC Script Language/Global Includes/ECATMap.pmh 
Including Project File: /var/ftp/usrflash/Project/PMAC Script Language/Global Includes/AX1515_Mapping.pmh 
Including Project File: /var/ftp/usrflash/Project/PMAC Script Language/Global Includes/H00_Setup_System.pmh 
Including Project File: /var/ftp/usrflash/Project/PMAC Script Language/Global Includes/H01_Setup_EncTable.pmh 
Including Project File: /var/ftp/usrflash/Project/PMAC Script Language/Global Includes/H02_Setup_Motor.pmh 
Including Project File: /var/ftp/usrflash/Project/PMAC Script Language/Global Includes/H03_Setup_Coord.pmh 
Including Project File: /var/ftp/usrflash/Project/PMAC Script Language/Global Includes/H04_Setup_Ecat.pmh 
Including Project File: /var/ftp/usrflash/Project/PMAC Script Language/Global Includes/H05_Setup_Gpio.pmh 
Including Project File: /var/ftp/usrflash/Project/PMAC Script Language/Global Includes/H06_Variable_Umem.pmh 
Including Project File: /var/ftp/usrflash/Project/PMAC Script Language/Global Includes/H07_Variable_UmemArray.pmh 
Including Project File: /var/ftp/usrflash/Project/PMAC Script Language/Global Includes/H08_Variable_Prog.pmh 
Including Project File: /var/ftp/usrflash/Project/PMAC Script Language/Global Includes/H09_Kinematics.pmh 
Including Project File: /var/ftp/usrflash/Project/PMAC Script Language/Global Includes/H10_Nc.pmh 
Including Project File: /var/ftp/usrflash/Project/PMAC Script Language/Kinematic Routines/Forward1.kin 
Including Project File: /var/ftp/usrflash/Project/PMAC Script Language/Kinematic Routines/Inverse1.kin 
Including Project File: /var/ftp/usrflash/Project/PMAC Script Language/Kinematic Routines/Forward2.kin 
Including Project File: /var/ftp/usrflash/Project/PMAC Script Language/Kinematic Routines/Inverse2.kin 
Including Project File: /var/ftp/usrflash/Project/PMAC Script Language/Kinematic Routines/Forward3.kin 
Including Project File: /var/ftp/usrflash/Project/PMAC Script Language/Kinematic Routines/Inverse3.kin 
Including Project File: /var/ftp/usrflash/Project/PMAC Script Language/Libraries/timer.pmc 
Including Project File: /var/ftp/usrflash/Project/PMAC Script Language/Libraries/SPG_Gcode.pmc 
Including Project File: /var/ftp/usrflash/Project/PMAC Script Language/Libraries/SPG_Mcode.pmc 
Including Project File: /var/ftp/usrflash/Project/PMAC Script Language/Libraries/SPG_InitMotor.pmc 
Including Project File: /var/ftp/usrflash/Project/PMAC Script Language/Libraries/SPG_InitScanner.pmc 
Including Project File: /var/ftp/usrflash/Project/PMAC Script Language/Libraries/SPG_InitECylinder.pmc 
Including Project File: /var/ftp/usrflash/Project/PMAC Script Language/Libraries/SPG_InitRequest.pmc 
Including Project File: /var/ftp/usrflash/Project/PMAC Script Language/Libraries/SPG_InitSeqParam.pmc 
Including Project File: /var/ftp/usrflash/Project/PMAC Script Language/Libraries/SPG_SetDefaultParam.pmc 
Including Project File: /var/ftp/usrflash/Project/PMAC Script Language/Libraries/SPG_SetEquOut.pmc 
Including Project File: /var/ftp/usrflash/Project/PMAC Script Language/Libraries/SPG_SetWsLdParam.pmc 
Including Project File: /var/ftp/usrflash/Project/PMAC Script Language/Libraries/SPG_SetWsRdParam.pmc 
Including Project File: /var/ftp/usrflash/Project/PMAC Script Language/Libraries/SPG_SetWsWdParam.pmc 
Including Project File: /var/ftp/usrflash/Project/PMAC Script Language/Libraries/SPG_SetWsWtParam.pmc 
Including Project File: /var/ftp/usrflash/Project/PMAC Script Language/Libraries/SPG_SetWsUdParam.pmc 
Including Project File: /var/ftp/usrflash/Project/PMAC Script Language/Libraries/SPG_SetWsRjParam.pmc 
Including Project File: /var/ftp/usrflash/Project/PMAC Script Language/Libraries/SPG_SetVsLdParam.pmc 
Including Project File: /var/ftp/usrflash/Project/PMAC Script Language/Libraries/SPG_SetVsRdParam.pmc 
Including Project File: /var/ftp/usrflash/Project/PMAC Script Language/Libraries/SPG_SetVsVnParam.pmc 
Including Project File: /var/ftp/usrflash/Project/PMAC Script Language/Libraries/SPG_SetVsWtParam.pmc 
Including Project File: /var/ftp/usrflash/Project/PMAC Script Language/Libraries/SPG_SetVsUdParam.pmc 
Including Project File: /var/ftp/usrflash/Project/PMAC Script Language/Libraries/SPG_SetVsRjParam.pmc 
Including Project File: /var/ftp/usrflash/Project/PMAC Script Language/Libraries/SPG_AbortWsHomeSeq.pmc 
Including Project File: /var/ftp/usrflash/Project/PMAC Script Language/Libraries/SPG_AbortVsHomeSeq.pmc 
Including Project File: /var/ftp/usrflash/Project/PMAC Script Language/Motion Programs/PRG01_Test1.pmc 
Including Project File: /var/ftp/usrflash/Project/PMAC Script Language/Motion Programs/PRG02_Test2.pmc 
Including Project File: /var/ftp/usrflash/Project/PMAC Script Language/Motion Programs/PRG03_Test3.pmc 
Including Project File: /var/ftp/usrflash/Project/PMAC Script Language/Motion Programs/PRG04_Test4.pmc 
Including Project File: /var/ftp/usrflash/Project/PMAC Script Language/Motion Programs/PRG05_Test5.pmc 
Including Project File: /var/ftp/usrflash/Project/PMAC Script Language/Motion Programs/PRG19_Zero.pmc 
Including Project File: /var/ftp/usrflash/Project/PMAC Script Language/Motion Programs/PRG20_Welding.pmc 
Including Project File: /var/ftp/usrflash/Project/PMAC Script Language/Motion Programs/PRG21_Circle.pmc 
Including Project File: /var/ftp/usrflash/Project/PMAC Script Language/Motion Programs/PRG22_SnowMan.pmc 
Including Project File: /var/ftp/usrflash/Project/PMAC Script Language/Motion Programs/PRG23_ButterFly.pmc 
Including Project File: /var/ftp/usrflash/Project/PMAC Script Language/Motion Programs/PRG24_Column.pmc 
Including Project File: /var/ftp/usrflash/Project/PMAC Script Language/Motion Programs/PRG25_Row.pmc 
Including Project File: /var/ftp/usrflash/Project/PMAC Script Language/Motion Programs/PRG30_Vision.pmc 
Including Project File: /var/ftp/usrflash/Project/PMAC Script Language/Motion Programs/PRG50_Test.pmc 
Including Project File: /var/ftp/usrflash/Project/PMAC Script Language/PLC Programs/PLC00_RTI.plc 
Including Project File: /var/ftp/usrflash/Project/PMAC Script Language/PLC Programs/PLC01_Init.plc 
Including Project File: /var/ftp/usrflash/Project/PMAC Script Language/PLC Programs/PLC02_Sta.plc 
Including Project File: /var/ftp/usrflash/Project/PMAC Script Language/PLC Programs/PLC03_Cmd.plc 
Including Project File: /var/ftp/usrflash/Project/PMAC Script Language/PLC Programs/PLC04_Safety.plc 
Including Project File: /var/ftp/usrflash/Project/PMAC Script Language/PLC Programs/PLC05_Ecat.plc 
Including Project File: /var/ftp/usrflash/Project/PMAC Script Language/PLC Programs/PLC06_IoCom.plc 
Including Project File: /var/ftp/usrflash/Project/PMAC Script Language/PLC Programs/PLC10_Home.plc 
Including Project File: /var/ftp/usrflash/Project/PMAC Script Language/PLC Programs/PLC11_Jog.plc 
Including Project File: /var/ftp/usrflash/Project/PMAC Script Language/PLC Programs/PLC12_SeqMc.plc 
Including Project File: /var/ftp/usrflash/Project/PMAC Script Language/PLC Programs/PLC13_SeqWs.plc 
Including Project File: /var/ftp/usrflash/Project/PMAC Script Language/PLC Programs/PLC14_SeqVs.plc 
Including Project File: /var/ftp/usrflash/Project/PMAC Script Language/PLC Programs/PLC20_Cylinder.plc 
Including Project File: /var/ftp/usrflash/Project/PMAC Script Language/PLC Programs/PLC21_TestShot.plc 
Including Project File: /var/ftp/usrflash/Project/PMAC Script Language/PLC Programs/PLC22_InitIo.plc 
Including Project File: /var/ftp/usrflash/Project/PMAC Script Language/PLC Programs/PLC23_InitLaser.plc 
Including Project File: /var/ftp/usrflash/Project/PMAC Script Language/PLC Programs/PLC24_Cover.plc 
Including Project File: /var/ftp/usrflash/Project/PMAC Script Language/PLC Programs/PLC28_Test.plc 
Including Project File: /var/ftp/usrflash/Project/PMAC Script Language/PLC Programs/PLC29_Buf.plc 
Including Project File: /var/ftp/usrflash/Project/PMAC Script Language/PLC Programs/PLC30_Test.plc 
Including Project File: /var/ftp/usrflash/Project/PMAC Script Language/PLC Programs/PLC31_ReqSim.plc 
Including Project File: /var/ftp/usrflash/Project/Configuration/pp_startup.txt 
Status: Pass 1 Create debug file, #defines, *.h & .sym files, Time (sec) = 1.586704
Status: Pass 2 Verify prog calls, local stack & labels, Time (sec)  = 0.581435
3251 Project Symbols were created for gpascii -2 communication
Status: Create PPMAC Symbol Table & Run CPP Time (sec) = 4.113306
Status: Successful load of preprocessed File: "/var/ftp/usrflash/Temp/pp_proj.pma"
Status: Download to PPMAC Command Processor, Time (sec) = 0.696871
Status: Final pp_proj.h & Run Background C Apps, Time (sec) = 0.510364
Project Preprocessing & Load Total Time (sec) = 10.612820
