[PMAC_HARDWARE]
Gate1AutoDetect=0x0
Gate2AutoDetect=0x0
Gate3AutoDetect=0x3
CardIOAutoDetect=0x0
CardDPRAutoDetect=0x0
Success: Loading usralgo.ko
Success: Loading RT Address of CfromScript
Success: Loading RT Address of CaptCompISR
[PMAC_CONFIG]
// *** EOF 
Successful Configuration using "/var/ftp/usrflash/Project/Configuration/pp_save.cfg"
// *** EOF 
Successful Custom Configuration using "/var/ftp/usrflash/Project/Configuration/pp_custom_save.cfg"
[PMAC_PROJECT]
Start of Project Loading using INI File: "/var/ftp/usrflash/Project/Configuration/pp_proj.ini"
Success: Loading usralgo.ko
Success: Loading RT Address of CfromScript
Success: Loading RT Address of CaptCompISR
Including Project File: /var/ftp/usrflash/Project/Configuration/pp_disable.txt 
Including Project File: /var/ftp/usrflash/Project/PMAC Script Language/Global Includes/ECATMap.pmh 
Including Project File: /var/ftp/usrflash/Project/PMAC Script Language/Global Includes/AX1515_Mapping.pmh 
Including Project File: /var/ftp/usrflash/Project/PMAC Script Language/Global Includes/H00_Setup_System.pmh 
Including Project File: /var/ftp/usrflash/Project/PMAC Script Language/Global Includes/H01_Setup_EncTable.pmh 
Including Project File: /var/ftp/usrflash/Project/PMAC Script Language/Global Includes/H02_Setup_Motor.pmh 
Including Project File: /var/ftp/usrflash/Project/PMAC Script Language/Global Includes/H03_Setup_Coord.pmh 
Including Project File: /var/ftp/usrflash/Project/PMAC Script Language/Global Includes/H04_Setup_Ecat.pmh 
Including Project File: /var/ftp/usrflash/Project/PMAC Script Language/Global Includes/H05_Setup_Gpio.pmh 
Including Project File: /var/ftp/usrflash/Project/PMAC Script Language/Global Includes/H06_Variable_Umem.pmh 
Including Project File: /var/ftp/usrflash/Project/PMAC Script Language/Global Includes/H07_Variable_UmemArray.pmh 
Including Project File: /var/ftp/usrflash/Project/PMAC Script Language/Global Includes/H08_Variable_Prog.pmh 
Including Project File: /var/ftp/usrflash/Project/PMAC Script Language/Global Includes/H09_Kinematics.pmh 
Including Project File: /var/ftp/usrflash/Project/PMAC Script Language/Global Includes/H10_Nc.pmh 
Including Project File: /var/ftp/usrflash/Project/PMAC Script Language/Kinematic Routines/Forward1.kin 
Including Project File: /var/ftp/usrflash/Project/PMAC Script Language/Kinematic Routines/Inverse1.kin 
Including Project File: /var/ftp/usrflash/Project/PMAC Script Language/Kinematic Routines/Forward2.kin 
Including Project File: /var/ftp/usrflash/Project/PMAC Script Language/Kinematic Routines/Inverse2.kin 
Including Project File: /var/ftp/usrflash/Project/PMAC Script Language/Kinematic Routines/Forward3.kin 
Including Project File: /var/ftp/usrflash/Project/PMAC Script Language/Kinematic Routines/Inverse3.kin 
Including Project File: /var/ftp/usrflash/Project/PMAC Script Language/Libraries/timer.pmc 
Including Project File: /var/ftp/usrflash/Project/PMAC Script Language/Libraries/SPG_Gcode.pmc 
Including Project File: /var/ftp/usrflash/Project/PMAC Script Language/Libraries/SPG_Mcode.pmc 
Including Project File: /var/ftp/usrflash/Project/PMAC Script Language/Libraries/SPG_AbortVsHome.pmc 
Including Project File: /var/ftp/usrflash/Project/PMAC Script Language/Libraries/SPG_AbortVsLoop.pmc 
Including Project File: /var/ftp/usrflash/Project/PMAC Script Language/Libraries/SPG_AbortWsHome.pmc 
Including Project File: /var/ftp/usrflash/Project/PMAC Script Language/Libraries/SPG_AbortWsLoop.pmc 
Including Project File: /var/ftp/usrflash/Project/PMAC Script Language/Libraries/SPG_InitCommand.pmc 
Including Project File: /var/ftp/usrflash/Project/PMAC Script Language/Libraries/SPG_InitECylinder.pmc 
Including Project File: /var/ftp/usrflash/Project/PMAC Script Language/Libraries/SPG_InitMotor.pmc 
Including Project File: /var/ftp/usrflash/Project/PMAC Script Language/Libraries/SPG_InitScanner.pmc 
Including Project File: /var/ftp/usrflash/Project/PMAC Script Language/Libraries/SPG_InitSeqParam.pmc 
Including Project File: /var/ftp/usrflash/Project/PMAC Script Language/Libraries/SPG_SetDefaultParam.pmc 
Including Project File: /var/ftp/usrflash/Project/PMAC Script Language/Libraries/SPG_SetEquOut.pmc 
Including Project File: /var/ftp/usrflash/Project/PMAC Script Language/Libraries/SPG_SetSeqBufQ.pmc 
Including Project File: /var/ftp/usrflash/Project/PMAC Script Language/Libraries/SPG_SetVsLdParam.pmc 
Including Project File: /var/ftp/usrflash/Project/PMAC Script Language/Libraries/SPG_SetVsRdParam.pmc 
Including Project File: /var/ftp/usrflash/Project/PMAC Script Language/Libraries/SPG_SetVsRjParam.pmc 
Including Project File: /var/ftp/usrflash/Project/PMAC Script Language/Libraries/SPG_SetVsUdParam.pmc 
Including Project File: /var/ftp/usrflash/Project/PMAC Script Language/Libraries/SPG_SetVsVnParam.pmc 
Including Project File: /var/ftp/usrflash/Project/PMAC Script Language/Libraries/SPG_SetVsWtParam.pmc 
Including Project File: /var/ftp/usrflash/Project/PMAC Script Language/Libraries/SPG_SetWsLdParam.pmc 
Including Project File: /var/ftp/usrflash/Project/PMAC Script Language/Libraries/SPG_SetWsRdParam.pmc 
Including Project File: /var/ftp/usrflash/Project/PMAC Script Language/Libraries/SPG_SetWsRjParam.pmc 
Including Project File: /var/ftp/usrflash/Project/PMAC Script Language/Libraries/SPG_SetWsUdParam.pmc 
Including Project File: /var/ftp/usrflash/Project/PMAC Script Language/Libraries/SPG_SetWsWdParam.pmc 
Including Project File: /var/ftp/usrflash/Project/PMAC Script Language/Libraries/SPG_SetWsWtParam.pmc 
Including Project File: /var/ftp/usrflash/Project/PMAC Script Language/Libraries/SPG_ReadScPos.pmc 
Including Project File: /var/ftp/usrflash/Project/PMAC Script Language/Libraries/SPG_ResetVsAlarm.pmc 
Including Project File: /var/ftp/usrflash/Project/PMAC Script Language/Libraries/SPG_ResetWsAlarm.pmc 
Including Project File: /var/ftp/usrflash/Project/PMAC Script Language/Libraries/SPG_ReadThPos.pmc 
Including Project File: /var/ftp/usrflash/Project/PMAC Script Language/Motion Programs/PRG01_Test1.pmc 
Including Project File: /var/ftp/usrflash/Project/PMAC Script Language/Motion Programs/PRG02_Test2.pmc 
Including Project File: /var/ftp/usrflash/Project/PMAC Script Language/Motion Programs/PRG03_Test3.pmc 
Including Project File: /var/ftp/usrflash/Project/PMAC Script Language/Motion Programs/PRG04_Test4.pmc 
Including Project File: /var/ftp/usrflash/Project/PMAC Script Language/Motion Programs/PRG05_Test5.pmc 
Including Project File: /var/ftp/usrflash/Project/PMAC Script Language/Motion Programs/PRG19_Zero.pmc 
Including Project File: /var/ftp/usrflash/Project/PMAC Script Language/Motion Programs/PRG20_Welding.pmc 
Including Project File: /var/ftp/usrflash/Project/PMAC Script Language/Motion Programs/PRG21_Circle.pmc 
Including Project File: /var/ftp/usrflash/Project/PMAC Script Language/Motion Programs/PRG22_SnowMan.pmc 
Including Project File: /var/ftp/usrflash/Project/PMAC Script Language/Motion Programs/PRG23_ButterFly.pmc 
Including Project File: /var/ftp/usrflash/Project/PMAC Script Language/Motion Programs/PRG24_Column.pmc 
Including Project File: /var/ftp/usrflash/Project/PMAC Script Language/Motion Programs/PRG25_Row.pmc 
Including Project File: /var/ftp/usrflash/Project/PMAC Script Language/Motion Programs/PRG30_Vision.pmc 
Including Project File: /var/ftp/usrflash/Project/PMAC Script Language/Motion Programs/PRG50_LaserTest_Cross.pmc 
Including Project File: /var/ftp/usrflash/Project/PMAC Script Language/Motion Programs/PRG51_LaserTest_Line.pmc 
Including Project File: /var/ftp/usrflash/Project/PMAC Script Language/PLC Programs/PLC00_RTI.plc 
Including Project File: /var/ftp/usrflash/Project/PMAC Script Language/PLC Programs/PLC01_Init.plc 
Including Project File: /var/ftp/usrflash/Project/PMAC Script Language/PLC Programs/PLC02_Sta.plc 
Including Project File: /var/ftp/usrflash/Project/PMAC Script Language/PLC Programs/PLC03_Cmd.plc 
Including Project File: /var/ftp/usrflash/Project/PMAC Script Language/PLC Programs/PLC04_Safety.plc 
Including Project File: /var/ftp/usrflash/Project/PMAC Script Language/PLC Programs/PLC05_Ecat.plc 
Including Project File: /var/ftp/usrflash/Project/PMAC Script Language/PLC Programs/PLC06_IoCom.plc 
Including Project File: /var/ftp/usrflash/Project/PMAC Script Language/PLC Programs/PLC10_Home.plc 
Including Project File: /var/ftp/usrflash/Project/PMAC Script Language/PLC Programs/PLC11_Jog.plc 
Including Project File: /var/ftp/usrflash/Project/PMAC Script Language/PLC Programs/PLC12_SeqMc.plc 
Including Project File: /var/ftp/usrflash/Project/PMAC Script Language/PLC Programs/PLC13_SeqWs.plc 
Including Project File: /var/ftp/usrflash/Project/PMAC Script Language/PLC Programs/PLC14_SeqVs.plc 
Including Project File: /var/ftp/usrflash/Project/PMAC Script Language/PLC Programs/PLC20_Cylinder.plc 
Including Project File: /var/ftp/usrflash/Project/PMAC Script Language/PLC Programs/PLC21_TestShot.plc 
Including Project File: /var/ftp/usrflash/Project/PMAC Script Language/PLC Programs/PLC22_LaserCtrl.plc 
Including Project File: /var/ftp/usrflash/Project/PMAC Script Language/PLC Programs/PLC23_TargetMove.plc 
Including Project File: /var/ftp/usrflash/Project/PMAC Script Language/PLC Programs/PLC24_Cover.plc 
Including Project File: /var/ftp/usrflash/Project/PMAC Script Language/PLC Programs/PLC25_BlowOff.plc 
Including Project File: /var/ftp/usrflash/Project/PMAC Script Language/PLC Programs/PLC27_PickAndPlace.plc 
Including Project File: /var/ftp/usrflash/Project/PMAC Script Language/PLC Programs/PLC28_VisionTrigger.plc 
Including Project File: /var/ftp/usrflash/Project/PMAC Script Language/PLC Programs/PLC29_Buf.plc 
Including Project File: /var/ftp/usrflash/Project/PMAC Script Language/PLC Programs/PLC30_Test.plc 
Including Project File: /var/ftp/usrflash/Project/PMAC Script Language/PLC Programs/PLC31_ReqSim.plc 
Including Project File: /var/ftp/usrflash/Project/PMAC Script Language/PLC Programs/PLC26_PowerCheck.plc 
Including Project File: /var/ftp/usrflash/Project/PMAC Script Language/PLC Programs/PLC32_VisionSeq.plc 
Including Project File: /var/ftp/usrflash/Project/Configuration/pp_startup.txt 
3640 Project Symbols were created for gpascii -2 communication
Status: Successful load of preprocessed File: "/var/ftp/usrflash/Temp/pp_proj.pma"
[PMAC_CONFIG]
Successful: FastSave using /var/ftp/usrflash/Project/Configuration/pp_custom_save.tpl
[PMAC_CONFIG]
Successful: FastSave using /var/ftp/usrflash/Project/Configuration/pp_custom_save.tpl
[PMAC_CONFIG]
Successful: FastSave using /var/ftp/usrflash/Project/Configuration/pp_custom_save.tpl
[PMAC_CONFIG]
Successful: FastSave using /var/ftp/usrflash/Project/Configuration/pp_custom_save.tpl
[PMAC_CONFIG]
Successful: FastSave using /var/ftp/usrflash/Project/Configuration/pp_custom_save.tpl
[PMAC_CONFIG]
Successful: FastSave using /var/ftp/usrflash/Project/Configuration/pp_custom_save.tpl
[PMAC_CONFIG]
Successful: FastSave using /var/ftp/usrflash/Project/Configuration/pp_custom_save.tpl
[PMAC_CONFIG]
Successful: FastSave using /var/ftp/usrflash/Project/Configuration/pp_custom_save.tpl
[PMAC_CONFIG]
Successful: FastSave using /var/ftp/usrflash/Project/Configuration/pp_custom_save.tpl
[PMAC_CONFIG]
Successful: FastSave using /var/ftp/usrflash/Project/Configuration/pp_custom_save.tpl
[PMAC_CONFIG]
Successful: FastSave using /var/ftp/usrflash/Project/Configuration/pp_custom_save.tpl
[PMAC_CONFIG]
Successful: FastSave using /var/ftp/usrflash/Project/Configuration/pp_custom_save.tpl
[PMAC_CONFIG]
Successful: FastSave using /var/ftp/usrflash/Project/Configuration/pp_custom_save.tpl
[PMAC_CONFIG]
Successful: FastSave using /var/ftp/usrflash/Project/Configuration/pp_custom_save.tpl
[PMAC_CONFIG]
Successful: FastSave using /var/ftp/usrflash/Project/Configuration/pp_custom_save.tpl
[PMAC_PROJECT]
Start of Project Loading using INI File: "/var/ftp/usrflash/Project/Configuration/pp_proj.ini"
Including Project File: /var/ftp/usrflash/Project/Configuration/pp_disable.txt 
Including Project File: /var/ftp/usrflash/Project/PMAC Script Language/Global Includes/ECATMap.pmh 
Including Project File: /var/ftp/usrflash/Project/PMAC Script Language/Global Includes/AX1515_Mapping.pmh 
Including Project File: /var/ftp/usrflash/Project/PMAC Script Language/Global Includes/H00_Setup_System.pmh 
Including Project File: /var/ftp/usrflash/Project/PMAC Script Language/Global Includes/H01_Setup_EncTable.pmh 
Including Project File: /var/ftp/usrflash/Project/PMAC Script Language/Global Includes/H02_Setup_Motor.pmh 
Including Project File: /var/ftp/usrflash/Project/PMAC Script Language/Global Includes/H03_Setup_Coord.pmh 
Including Project File: /var/ftp/usrflash/Project/PMAC Script Language/Global Includes/H04_Setup_Ecat.pmh 
Including Project File: /var/ftp/usrflash/Project/PMAC Script Language/Global Includes/H05_Setup_Gpio.pmh 
Including Project File: /var/ftp/usrflash/Project/PMAC Script Language/Global Includes/H06_Variable_Umem.pmh 
Including Project File: /var/ftp/usrflash/Project/PMAC Script Language/Global Includes/H07_Variable_UmemArray.pmh 
Including Project File: /var/ftp/usrflash/Project/PMAC Script Language/Global Includes/H08_Variable_Prog.pmh 
Including Project File: /var/ftp/usrflash/Project/PMAC Script Language/Global Includes/H09_Kinematics.pmh 
Including Project File: /var/ftp/usrflash/Project/PMAC Script Language/Global Includes/H10_Nc.pmh 
Including Project File: /var/ftp/usrflash/Project/PMAC Script Language/Kinematic Routines/Forward1.kin 
Including Project File: /var/ftp/usrflash/Project/PMAC Script Language/Kinematic Routines/Inverse1.kin 
Including Project File: /var/ftp/usrflash/Project/PMAC Script Language/Kinematic Routines/Forward2.kin 
Including Project File: /var/ftp/usrflash/Project/PMAC Script Language/Kinematic Routines/Inverse2.kin 
Including Project File: /var/ftp/usrflash/Project/PMAC Script Language/Kinematic Routines/Forward3.kin 
Including Project File: /var/ftp/usrflash/Project/PMAC Script Language/Kinematic Routines/Inverse3.kin 
Including Project File: /var/ftp/usrflash/Project/PMAC Script Language/Libraries/timer.pmc 
Including Project File: /var/ftp/usrflash/Project/PMAC Script Language/Libraries/SPG_Gcode.pmc 
Including Project File: /var/ftp/usrflash/Project/PMAC Script Language/Libraries/SPG_Mcode.pmc 
Including Project File: /var/ftp/usrflash/Project/PMAC Script Language/Libraries/SPG_AbortVsHome.pmc 
Including Project File: /var/ftp/usrflash/Project/PMAC Script Language/Libraries/SPG_AbortVsLoop.pmc 
Including Project File: /var/ftp/usrflash/Project/PMAC Script Language/Libraries/SPG_AbortWsHome.pmc 
Including Project File: /var/ftp/usrflash/Project/PMAC Script Language/Libraries/SPG_AbortWsLoop.pmc 
Including Project File: /var/ftp/usrflash/Project/PMAC Script Language/Libraries/SPG_InitCommand.pmc 
Including Project File: /var/ftp/usrflash/Project/PMAC Script Language/Libraries/SPG_InitECylinder.pmc 
Including Project File: /var/ftp/usrflash/Project/PMAC Script Language/Libraries/SPG_InitMotor.pmc 
Including Project File: /var/ftp/usrflash/Project/PMAC Script Language/Libraries/SPG_InitScanner.pmc 
Including Project File: /var/ftp/usrflash/Project/PMAC Script Language/Libraries/SPG_InitSeqParam.pmc 
Including Project File: /var/ftp/usrflash/Project/PMAC Script Language/Libraries/SPG_SetDefaultParam.pmc 
Including Project File: /var/ftp/usrflash/Project/PMAC Script Language/Libraries/SPG_SetEquOut.pmc 
Including Project File: /var/ftp/usrflash/Project/PMAC Script Language/Libraries/SPG_SetSeqBufQ.pmc 
Including Project File: /var/ftp/usrflash/Project/PMAC Script Language/Libraries/SPG_SetVsLdParam.pmc 
Including Project File: /var/ftp/usrflash/Project/PMAC Script Language/Libraries/SPG_SetVsRdParam.pmc 
Including Project File: /var/ftp/usrflash/Project/PMAC Script Language/Libraries/SPG_SetVsRjParam.pmc 
Including Project File: /var/ftp/usrflash/Project/PMAC Script Language/Libraries/SPG_SetVsUdParam.pmc 
Including Project File: /var/ftp/usrflash/Project/PMAC Script Language/Libraries/SPG_SetVsVnParam.pmc 
Including Project File: /var/ftp/usrflash/Project/PMAC Script Language/Libraries/SPG_SetVsWtParam.pmc 
Including Project File: /var/ftp/usrflash/Project/PMAC Script Language/Libraries/SPG_SetWsLdParam.pmc 
Including Project File: /var/ftp/usrflash/Project/PMAC Script Language/Libraries/SPG_SetWsRdParam.pmc 
Including Project File: /var/ftp/usrflash/Project/PMAC Script Language/Libraries/SPG_SetWsRjParam.pmc 
Including Project File: /var/ftp/usrflash/Project/PMAC Script Language/Libraries/SPG_SetWsUdParam.pmc 
Including Project File: /var/ftp/usrflash/Project/PMAC Script Language/Libraries/SPG_SetWsWdParam.pmc 
Including Project File: /var/ftp/usrflash/Project/PMAC Script Language/Libraries/SPG_SetWsWtParam.pmc 
Including Project File: /var/ftp/usrflash/Project/PMAC Script Language/Libraries/SPG_ReadScPos.pmc 
Including Project File: /var/ftp/usrflash/Project/PMAC Script Language/Libraries/SPG_ResetVsAlarm.pmc 
Including Project File: /var/ftp/usrflash/Project/PMAC Script Language/Libraries/SPG_ResetWsAlarm.pmc 
Including Project File: /var/ftp/usrflash/Project/PMAC Script Language/Libraries/SPG_ReadThPos.pmc 
Including Project File: /var/ftp/usrflash/Project/PMAC Script Language/Motion Programs/PRG01_Test1.pmc 
Including Project File: /var/ftp/usrflash/Project/PMAC Script Language/Motion Programs/PRG02_Test2.pmc 
Including Project File: /var/ftp/usrflash/Project/PMAC Script Language/Motion Programs/PRG03_Test3.pmc 
Including Project File: /var/ftp/usrflash/Project/PMAC Script Language/Motion Programs/PRG04_Test4.pmc 
Including Project File: /var/ftp/usrflash/Project/PMAC Script Language/Motion Programs/PRG05_Test5.pmc 
Including Project File: /var/ftp/usrflash/Project/PMAC Script Language/Motion Programs/PRG19_Zero.pmc 
Including Project File: /var/ftp/usrflash/Project/PMAC Script Language/Motion Programs/PRG20_Welding.pmc 
Including Project File: /var/ftp/usrflash/Project/PMAC Script Language/Motion Programs/PRG21_Circle.pmc 
Including Project File: /var/ftp/usrflash/Project/PMAC Script Language/Motion Programs/PRG22_SnowMan.pmc 
Including Project File: /var/ftp/usrflash/Project/PMAC Script Language/Motion Programs/PRG23_ButterFly.pmc 
Including Project File: /var/ftp/usrflash/Project/PMAC Script Language/Motion Programs/PRG24_Column.pmc 
Including Project File: /var/ftp/usrflash/Project/PMAC Script Language/Motion Programs/PRG25_Row.pmc 
Including Project File: /var/ftp/usrflash/Project/PMAC Script Language/Motion Programs/PRG30_Vision.pmc 
Including Project File: /var/ftp/usrflash/Project/PMAC Script Language/Motion Programs/PRG50_LaserTest_Cross.pmc 
Including Project File: /var/ftp/usrflash/Project/PMAC Script Language/Motion Programs/PRG51_LaserTest_Line.pmc 
Including Project File: /var/ftp/usrflash/Project/PMAC Script Language/PLC Programs/PLC00_RTI.plc 
Including Project File: /var/ftp/usrflash/Project/PMAC Script Language/PLC Programs/PLC01_Init.plc 
Including Project File: /var/ftp/usrflash/Project/PMAC Script Language/PLC Programs/PLC02_Sta.plc 
Including Project File: /var/ftp/usrflash/Project/PMAC Script Language/PLC Programs/PLC03_Cmd.plc 
Including Project File: /var/ftp/usrflash/Project/PMAC Script Language/PLC Programs/PLC04_Safety.plc 
Including Project File: /var/ftp/usrflash/Project/PMAC Script Language/PLC Programs/PLC05_Ecat.plc 
Including Project File: /var/ftp/usrflash/Project/PMAC Script Language/PLC Programs/PLC06_IoCom.plc 
Including Project File: /var/ftp/usrflash/Project/PMAC Script Language/PLC Programs/PLC10_Home.plc 
Including Project File: /var/ftp/usrflash/Project/PMAC Script Language/PLC Programs/PLC11_Jog.plc 
Including Project File: /var/ftp/usrflash/Project/PMAC Script Language/PLC Programs/PLC12_SeqMc.plc 
Including Project File: /var/ftp/usrflash/Project/PMAC Script Language/PLC Programs/PLC13_SeqWs.plc 
Including Project File: /var/ftp/usrflash/Project/PMAC Script Language/PLC Programs/PLC14_SeqVs.plc 
Including Project File: /var/ftp/usrflash/Project/PMAC Script Language/PLC Programs/PLC20_Cylinder.plc 
Including Project File: /var/ftp/usrflash/Project/PMAC Script Language/PLC Programs/PLC21_TestShot.plc 
Including Project File: /var/ftp/usrflash/Project/PMAC Script Language/PLC Programs/PLC22_LaserCtrl.plc 
Including Project File: /var/ftp/usrflash/Project/PMAC Script Language/PLC Programs/PLC23_TargetMove.plc 
Including Project File: /var/ftp/usrflash/Project/PMAC Script Language/PLC Programs/PLC24_Cover.plc 
Including Project File: /var/ftp/usrflash/Project/PMAC Script Language/PLC Programs/PLC25_BlowOff.plc 
Including Project File: /var/ftp/usrflash/Project/PMAC Script Language/PLC Programs/PLC27_PickAndPlace.plc 
Including Project File: /var/ftp/usrflash/Project/PMAC Script Language/PLC Programs/PLC28_VisionTrigger.plc 
Including Project File: /var/ftp/usrflash/Project/PMAC Script Language/PLC Programs/PLC29_Buf.plc 
Including Project File: /var/ftp/usrflash/Project/PMAC Script Language/PLC Programs/PLC30_Test.plc 
Including Project File: /var/ftp/usrflash/Project/PMAC Script Language/PLC Programs/PLC31_ReqSim.plc 
Including Project File: /var/ftp/usrflash/Project/PMAC Script Language/PLC Programs/PLC26_PowerCheck.plc 
Including Project File: /var/ftp/usrflash/Project/PMAC Script Language/PLC Programs/PLC32_VisionSeq.plc 
Including Project File: /var/ftp/usrflash/Project/Configuration/pp_startup.txt 
3641 Project Symbols were created for gpascii -2 communication
[PMAC_PROJECT]
Start of Project Loading using INI File: "/var/ftp/usrflash/Project/Configuration/pp_proj.ini"
Success: Loading usralgo.ko
Success: Loading RT Address of CfromScript
Success: Loading RT Address of CaptCompISR
LoadRTUserCode() Delta Time (sec) = 0.529253
Including Project File: /var/ftp/usrflash/Project/Configuration/pp_disable.txt 
Including Project File: /var/ftp/usrflash/Project/PMAC Script Language/Global Includes/ECATMap.pmh 
Including Project File: /var/ftp/usrflash/Project/PMAC Script Language/Global Includes/AX1515_Mapping.pmh 
Including Project File: /var/ftp/usrflash/Project/PMAC Script Language/Global Includes/H00_Setup_System.pmh 
Including Project File: /var/ftp/usrflash/Project/PMAC Script Language/Global Includes/H01_Setup_EncTable.pmh 
Including Project File: /var/ftp/usrflash/Project/PMAC Script Language/Global Includes/H02_Setup_Motor.pmh 
Including Project File: /var/ftp/usrflash/Project/PMAC Script Language/Global Includes/H03_Setup_Coord.pmh 
Including Project File: /var/ftp/usrflash/Project/PMAC Script Language/Global Includes/H04_Setup_Ecat.pmh 
Including Project File: /var/ftp/usrflash/Project/PMAC Script Language/Global Includes/H05_Setup_Gpio.pmh 
Including Project File: /var/ftp/usrflash/Project/PMAC Script Language/Global Includes/H06_Variable_Umem.pmh 
Including Project File: /var/ftp/usrflash/Project/PMAC Script Language/Global Includes/H07_Variable_UmemArray.pmh 
Including Project File: /var/ftp/usrflash/Project/PMAC Script Language/Global Includes/H08_Variable_Prog.pmh 
Including Project File: /var/ftp/usrflash/Project/PMAC Script Language/Global Includes/H09_Kinematics.pmh 
Including Project File: /var/ftp/usrflash/Project/PMAC Script Language/Global Includes/H10_Nc.pmh 
Including Project File: /var/ftp/usrflash/Project/PMAC Script Language/Kinematic Routines/Forward1.kin 
Including Project File: /var/ftp/usrflash/Project/PMAC Script Language/Kinematic Routines/Inverse1.kin 
Including Project File: /var/ftp/usrflash/Project/PMAC Script Language/Kinematic Routines/Forward2.kin 
Including Project File: /var/ftp/usrflash/Project/PMAC Script Language/Kinematic Routines/Inverse2.kin 
Including Project File: /var/ftp/usrflash/Project/PMAC Script Language/Kinematic Routines/Forward3.kin 
Including Project File: /var/ftp/usrflash/Project/PMAC Script Language/Kinematic Routines/Inverse3.kin 
Including Project File: /var/ftp/usrflash/Project/PMAC Script Language/Libraries/timer.pmc 
Including Project File: /var/ftp/usrflash/Project/PMAC Script Language/Libraries/SPG_Gcode.pmc 
Including Project File: /var/ftp/usrflash/Project/PMAC Script Language/Libraries/SPG_Mcode.pmc 
Including Project File: /var/ftp/usrflash/Project/PMAC Script Language/Libraries/SPG_AbortVsHome.pmc 
Including Project File: /var/ftp/usrflash/Project/PMAC Script Language/Libraries/SPG_AbortVsLoop.pmc 
Including Project File: /var/ftp/usrflash/Project/PMAC Script Language/Libraries/SPG_AbortWsHome.pmc 
Including Project File: /var/ftp/usrflash/Project/PMAC Script Language/Libraries/SPG_AbortWsLoop.pmc 
Including Project File: /var/ftp/usrflash/Project/PMAC Script Language/Libraries/SPG_InitCommand.pmc 
Including Project File: /var/ftp/usrflash/Project/PMAC Script Language/Libraries/SPG_InitECylinder.pmc 
Including Project File: /var/ftp/usrflash/Project/PMAC Script Language/Libraries/SPG_InitMotor.pmc 
Including Project File: /var/ftp/usrflash/Project/PMAC Script Language/Libraries/SPG_InitScanner.pmc 
Including Project File: /var/ftp/usrflash/Project/PMAC Script Language/Libraries/SPG_InitSeqParam.pmc 
Including Project File: /var/ftp/usrflash/Project/PMAC Script Language/Libraries/SPG_SetDefaultParam.pmc 
Including Project File: /var/ftp/usrflash/Project/PMAC Script Language/Libraries/SPG_SetEquOut.pmc 
Including Project File: /var/ftp/usrflash/Project/PMAC Script Language/Libraries/SPG_SetSeqBufQ.pmc 
Including Project File: /var/ftp/usrflash/Project/PMAC Script Language/Libraries/SPG_SetVsLdParam.pmc 
Including Project File: /var/ftp/usrflash/Project/PMAC Script Language/Libraries/SPG_SetVsRdParam.pmc 
Including Project File: /var/ftp/usrflash/Project/PMAC Script Language/Libraries/SPG_SetVsRjParam.pmc 
Including Project File: /var/ftp/usrflash/Project/PMAC Script Language/Libraries/SPG_SetVsUdParam.pmc 
Including Project File: /var/ftp/usrflash/Project/PMAC Script Language/Libraries/SPG_SetVsVnParam.pmc 
Including Project File: /var/ftp/usrflash/Project/PMAC Script Language/Libraries/SPG_SetVsWtParam.pmc 
Including Project File: /var/ftp/usrflash/Project/PMAC Script Language/Libraries/SPG_SetWsLdParam.pmc 
Including Project File: /var/ftp/usrflash/Project/PMAC Script Language/Libraries/SPG_SetWsRdParam.pmc 
Including Project File: /var/ftp/usrflash/Project/PMAC Script Language/Libraries/SPG_SetWsRjParam.pmc 
Including Project File: /var/ftp/usrflash/Project/PMAC Script Language/Libraries/SPG_SetWsUdParam.pmc 
Including Project File: /var/ftp/usrflash/Project/PMAC Script Language/Libraries/SPG_SetWsWdParam.pmc 
Including Project File: /var/ftp/usrflash/Project/PMAC Script Language/Libraries/SPG_SetWsWtParam.pmc 
Including Project File: /var/ftp/usrflash/Project/PMAC Script Language/Libraries/SPG_ReadScPos.pmc 
Including Project File: /var/ftp/usrflash/Project/PMAC Script Language/Libraries/SPG_ResetVsAlarm.pmc 
Including Project File: /var/ftp/usrflash/Project/PMAC Script Language/Libraries/SPG_ResetWsAlarm.pmc 
Including Project File: /var/ftp/usrflash/Project/PMAC Script Language/Libraries/SPG_ReadThPos.pmc 
Including Project File: /var/ftp/usrflash/Project/PMAC Script Language/Motion Programs/PRG01_Test1.pmc 
Including Project File: /var/ftp/usrflash/Project/PMAC Script Language/Motion Programs/PRG02_Test2.pmc 
Including Project File: /var/ftp/usrflash/Project/PMAC Script Language/Motion Programs/PRG03_Test3.pmc 
Including Project File: /var/ftp/usrflash/Project/PMAC Script Language/Motion Programs/PRG04_Test4.pmc 
Including Project File: /var/ftp/usrflash/Project/PMAC Script Language/Motion Programs/PRG05_Test5.pmc 
Including Project File: /var/ftp/usrflash/Project/PMAC Script Language/Motion Programs/PRG19_Zero.pmc 
Including Project File: /var/ftp/usrflash/Project/PMAC Script Language/Motion Programs/PRG20_Welding.pmc 
Including Project File: /var/ftp/usrflash/Project/PMAC Script Language/Motion Programs/PRG21_Circle.pmc 
Including Project File: /var/ftp/usrflash/Project/PMAC Script Language/Motion Programs/PRG22_SnowMan.pmc 
Including Project File: /var/ftp/usrflash/Project/PMAC Script Language/Motion Programs/PRG23_ButterFly.pmc 
Including Project File: /var/ftp/usrflash/Project/PMAC Script Language/Motion Programs/PRG24_Column.pmc 
Including Project File: /var/ftp/usrflash/Project/PMAC Script Language/Motion Programs/PRG25_Row.pmc 
Including Project File: /var/ftp/usrflash/Project/PMAC Script Language/Motion Programs/PRG30_Vision.pmc 
Including Project File: /var/ftp/usrflash/Project/PMAC Script Language/Motion Programs/PRG50_LaserTest_Cross.pmc 
Including Project File: /var/ftp/usrflash/Project/PMAC Script Language/Motion Programs/PRG51_LaserTest_Line.pmc 
Including Project File: /var/ftp/usrflash/Project/PMAC Script Language/PLC Programs/PLC00_RTI.plc 
Including Project File: /var/ftp/usrflash/Project/PMAC Script Language/PLC Programs/PLC01_Init.plc 
Including Project File: /var/ftp/usrflash/Project/PMAC Script Language/PLC Programs/PLC02_Sta.plc 
Including Project File: /var/ftp/usrflash/Project/PMAC Script Language/PLC Programs/PLC03_Cmd.plc 
Including Project File: /var/ftp/usrflash/Project/PMAC Script Language/PLC Programs/PLC04_Safety.plc 
Including Project File: /var/ftp/usrflash/Project/PMAC Script Language/PLC Programs/PLC05_Ecat.plc 
Including Project File: /var/ftp/usrflash/Project/PMAC Script Language/PLC Programs/PLC06_IoCom.plc 
Including Project File: /var/ftp/usrflash/Project/PMAC Script Language/PLC Programs/PLC10_Home.plc 
Including Project File: /var/ftp/usrflash/Project/PMAC Script Language/PLC Programs/PLC11_Jog.plc 
Including Project File: /var/ftp/usrflash/Project/PMAC Script Language/PLC Programs/PLC12_SeqMc.plc 
Including Project File: /var/ftp/usrflash/Project/PMAC Script Language/PLC Programs/PLC13_SeqWs.plc 
Including Project File: /var/ftp/usrflash/Project/PMAC Script Language/PLC Programs/PLC14_SeqVs.plc 
Including Project File: /var/ftp/usrflash/Project/PMAC Script Language/PLC Programs/PLC20_Cylinder.plc 
Including Project File: /var/ftp/usrflash/Project/PMAC Script Language/PLC Programs/PLC21_TestShot.plc 
Including Project File: /var/ftp/usrflash/Project/PMAC Script Language/PLC Programs/PLC22_LaserCtrl.plc 
Including Project File: /var/ftp/usrflash/Project/PMAC Script Language/PLC Programs/PLC23_TargetMove.plc 
Including Project File: /var/ftp/usrflash/Project/PMAC Script Language/PLC Programs/PLC24_Cover.plc 
Including Project File: /var/ftp/usrflash/Project/PMAC Script Language/PLC Programs/PLC25_BlowOff.plc 
Including Project File: /var/ftp/usrflash/Project/PMAC Script Language/PLC Programs/PLC27_PickAndPlace.plc 
Including Project File: /var/ftp/usrflash/Project/PMAC Script Language/PLC Programs/PLC28_VisionTrigger.plc 
Including Project File: /var/ftp/usrflash/Project/PMAC Script Language/PLC Programs/PLC29_Buf.plc 
Including Project File: /var/ftp/usrflash/Project/PMAC Script Language/PLC Programs/PLC30_Test.plc 
Including Project File: /var/ftp/usrflash/Project/PMAC Script Language/PLC Programs/PLC31_ReqSim.plc 
Including Project File: /var/ftp/usrflash/Project/PMAC Script Language/PLC Programs/PLC26_PowerCheck.plc 
Including Project File: /var/ftp/usrflash/Project/PMAC Script Language/PLC Programs/PLC32_VisionSeq.plc 
Including Project File: /var/ftp/usrflash/Project/Configuration/pp_startup.txt 
Status: Pass 1 Create debug file, #defines, *.h & .sym files, Time (sec) = 0.389640
Status: Pass 2 Verify prog calls, local stack & labels, Time (sec)  = 0.156953
3641 Project Symbols were created for gpascii -2 communication
Status: Create PPMAC Symbol Table & Run CPP Time (sec) = 0.907662
Status: Successful load of preprocessed File: "/var/ftp/usrflash/Temp/pp_proj.pma"
Status: Download to PPMAC Command Processor, Time (sec) = 0.163165
Status: Final pp_proj.h & Run Background C Apps, Time (sec) = 0.076811
Project Preprocessing & Load Total Time (sec) = 2.223549
[PMAC_CONFIG]
Successful: SaveConfiguration using /var/ftp/usrflash/Project/Configuration/pp_save.cfg
Successful: SaveCustomConfiguration using template /var/ftp/usrflash/Project/Configuration/pp_custom_save.tpl
[PMAC_PROJECT]
Start of Project Loading using INI File: "/var/ftp/usrflash/Project/Configuration/pp_proj.ini"
Including Project File: /var/ftp/usrflash/Project/Configuration/pp_disable.txt 
Including Project File: /var/ftp/usrflash/Project/PMAC Script Language/Global Includes/ECATMap.pmh 
Including Project File: /var/ftp/usrflash/Project/PMAC Script Language/Global Includes/AX1515_Mapping.pmh 
Including Project File: /var/ftp/usrflash/Project/PMAC Script Language/Global Includes/H00_Setup_System.pmh 
Including Project File: /var/ftp/usrflash/Project/PMAC Script Language/Global Includes/H01_Setup_EncTable.pmh 
Including Project File: /var/ftp/usrflash/Project/PMAC Script Language/Global Includes/H02_Setup_Motor.pmh 
Including Project File: /var/ftp/usrflash/Project/PMAC Script Language/Global Includes/H03_Setup_Coord.pmh 
Including Project File: /var/ftp/usrflash/Project/PMAC Script Language/Global Includes/H04_Setup_Ecat.pmh 
Including Project File: /var/ftp/usrflash/Project/PMAC Script Language/Global Includes/H05_Setup_Gpio.pmh 
Including Project File: /var/ftp/usrflash/Project/PMAC Script Language/Global Includes/H06_Variable_Umem.pmh 
Including Project File: /var/ftp/usrflash/Project/PMAC Script Language/Global Includes/H07_Variable_UmemArray.pmh 
Including Project File: /var/ftp/usrflash/Project/PMAC Script Language/Global Includes/H08_Variable_Prog.pmh 
Including Project File: /var/ftp/usrflash/Project/PMAC Script Language/Global Includes/H09_Kinematics.pmh 
Including Project File: /var/ftp/usrflash/Project/PMAC Script Language/Global Includes/H10_Nc.pmh 
Including Project File: /var/ftp/usrflash/Project/PMAC Script Language/Kinematic Routines/Forward1.kin 
Including Project File: /var/ftp/usrflash/Project/PMAC Script Language/Kinematic Routines/Inverse1.kin 
Including Project File: /var/ftp/usrflash/Project/PMAC Script Language/Kinematic Routines/Forward2.kin 
Including Project File: /var/ftp/usrflash/Project/PMAC Script Language/Kinematic Routines/Inverse2.kin 
Including Project File: /var/ftp/usrflash/Project/PMAC Script Language/Kinematic Routines/Forward3.kin 
Including Project File: /var/ftp/usrflash/Project/PMAC Script Language/Kinematic Routines/Inverse3.kin 
Including Project File: /var/ftp/usrflash/Project/PMAC Script Language/Libraries/timer.pmc 
Including Project File: /var/ftp/usrflash/Project/PMAC Script Language/Libraries/SPG_Gcode.pmc 
Including Project File: /var/ftp/usrflash/Project/PMAC Script Language/Libraries/SPG_Mcode.pmc 
Including Project File: /var/ftp/usrflash/Project/PMAC Script Language/Libraries/SPG_AbortVsHome.pmc 
Including Project File: /var/ftp/usrflash/Project/PMAC Script Language/Libraries/SPG_AbortVsLoop.pmc 
Including Project File: /var/ftp/usrflash/Project/PMAC Script Language/Libraries/SPG_AbortWsHome.pmc 
Including Project File: /var/ftp/usrflash/Project/PMAC Script Language/Libraries/SPG_AbortWsLoop.pmc 
Including Project File: /var/ftp/usrflash/Project/PMAC Script Language/Libraries/SPG_InitCommand.pmc 
Including Project File: /var/ftp/usrflash/Project/PMAC Script Language/Libraries/SPG_InitECylinder.pmc 
Including Project File: /var/ftp/usrflash/Project/PMAC Script Language/Libraries/SPG_InitMotor.pmc 
Including Project File: /var/ftp/usrflash/Project/PMAC Script Language/Libraries/SPG_InitScanner.pmc 
Including Project File: /var/ftp/usrflash/Project/PMAC Script Language/Libraries/SPG_InitSeqParam.pmc 
Including Project File: /var/ftp/usrflash/Project/PMAC Script Language/Libraries/SPG_SetDefaultParam.pmc 
Including Project File: /var/ftp/usrflash/Project/PMAC Script Language/Libraries/SPG_SetEquOut.pmc 
Including Project File: /var/ftp/usrflash/Project/PMAC Script Language/Libraries/SPG_SetSeqBufQ.pmc 
Including Project File: /var/ftp/usrflash/Project/PMAC Script Language/Libraries/SPG_SetVsLdParam.pmc 
Including Project File: /var/ftp/usrflash/Project/PMAC Script Language/Libraries/SPG_SetVsRdParam.pmc 
Including Project File: /var/ftp/usrflash/Project/PMAC Script Language/Libraries/SPG_SetVsRjParam.pmc 
Including Project File: /var/ftp/usrflash/Project/PMAC Script Language/Libraries/SPG_SetVsUdParam.pmc 
Including Project File: /var/ftp/usrflash/Project/PMAC Script Language/Libraries/SPG_SetVsVnParam.pmc 
Including Project File: /var/ftp/usrflash/Project/PMAC Script Language/Libraries/SPG_SetVsWtParam.pmc 
Including Project File: /var/ftp/usrflash/Project/PMAC Script Language/Libraries/SPG_SetWsLdParam.pmc 
Including Project File: /var/ftp/usrflash/Project/PMAC Script Language/Libraries/SPG_SetWsRdParam.pmc 
Including Project File: /var/ftp/usrflash/Project/PMAC Script Language/Libraries/SPG_SetWsRjParam.pmc 
Including Project File: /var/ftp/usrflash/Project/PMAC Script Language/Libraries/SPG_SetWsUdParam.pmc 
Including Project File: /var/ftp/usrflash/Project/PMAC Script Language/Libraries/SPG_SetWsWdParam.pmc 
Including Project File: /var/ftp/usrflash/Project/PMAC Script Language/Libraries/SPG_SetWsWtParam.pmc 
Including Project File: /var/ftp/usrflash/Project/PMAC Script Language/Libraries/SPG_ReadScPos.pmc 
Including Project File: /var/ftp/usrflash/Project/PMAC Script Language/Libraries/SPG_ResetVsAlarm.pmc 
Including Project File: /var/ftp/usrflash/Project/PMAC Script Language/Libraries/SPG_ResetWsAlarm.pmc 
Including Project File: /var/ftp/usrflash/Project/PMAC Script Language/Libraries/SPG_ReadThPos.pmc 
Including Project File: /var/ftp/usrflash/Project/PMAC Script Language/Motion Programs/PRG01_Test1.pmc 
Including Project File: /var/ftp/usrflash/Project/PMAC Script Language/Motion Programs/PRG02_Test2.pmc 
Including Project File: /var/ftp/usrflash/Project/PMAC Script Language/Motion Programs/PRG03_Test3.pmc 
Including Project File: /var/ftp/usrflash/Project/PMAC Script Language/Motion Programs/PRG04_Test4.pmc 
Including Project File: /var/ftp/usrflash/Project/PMAC Script Language/Motion Programs/PRG05_Test5.pmc 
Including Project File: /var/ftp/usrflash/Project/PMAC Script Language/Motion Programs/PRG19_Zero.pmc 
Including Project File: /var/ftp/usrflash/Project/PMAC Script Language/Motion Programs/PRG20_Welding.pmc 
Including Project File: /var/ftp/usrflash/Project/PMAC Script Language/Motion Programs/PRG21_Circle.pmc 
Including Project File: /var/ftp/usrflash/Project/PMAC Script Language/Motion Programs/PRG22_SnowMan.pmc 
Including Project File: /var/ftp/usrflash/Project/PMAC Script Language/Motion Programs/PRG23_ButterFly.pmc 
Including Project File: /var/ftp/usrflash/Project/PMAC Script Language/Motion Programs/PRG24_Column.pmc 
Including Project File: /var/ftp/usrflash/Project/PMAC Script Language/Motion Programs/PRG25_Row.pmc 
Including Project File: /var/ftp/usrflash/Project/PMAC Script Language/Motion Programs/PRG30_Vision.pmc 
Including Project File: /var/ftp/usrflash/Project/PMAC Script Language/Motion Programs/PRG50_LaserTest_Cross.pmc 
Including Project File: /var/ftp/usrflash/Project/PMAC Script Language/Motion Programs/PRG51_LaserTest_Line.pmc 
Including Project File: /var/ftp/usrflash/Project/PMAC Script Language/PLC Programs/PLC00_RTI.plc 
Including Project File: /var/ftp/usrflash/Project/PMAC Script Language/PLC Programs/PLC01_Init.plc 
Including Project File: /var/ftp/usrflash/Project/PMAC Script Language/PLC Programs/PLC02_Sta.plc 
Including Project File: /var/ftp/usrflash/Project/PMAC Script Language/PLC Programs/PLC03_Cmd.plc 
Including Project File: /var/ftp/usrflash/Project/PMAC Script Language/PLC Programs/PLC04_Safety.plc 
Including Project File: /var/ftp/usrflash/Project/PMAC Script Language/PLC Programs/PLC05_Ecat.plc 
Including Project File: /var/ftp/usrflash/Project/PMAC Script Language/PLC Programs/PLC06_IoCom.plc 
Including Project File: /var/ftp/usrflash/Project/PMAC Script Language/PLC Programs/PLC10_Home.plc 
Including Project File: /var/ftp/usrflash/Project/PMAC Script Language/PLC Programs/PLC11_Jog.plc 
Including Project File: /var/ftp/usrflash/Project/PMAC Script Language/PLC Programs/PLC12_SeqMc.plc 
Including Project File: /var/ftp/usrflash/Project/PMAC Script Language/PLC Programs/PLC13_SeqWs.plc 
Including Project File: /var/ftp/usrflash/Project/PMAC Script Language/PLC Programs/PLC14_SeqVs.plc 
Including Project File: /var/ftp/usrflash/Project/PMAC Script Language/PLC Programs/PLC20_Cylinder.plc 
Including Project File: /var/ftp/usrflash/Project/PMAC Script Language/PLC Programs/PLC21_TestShot.plc 
Including Project File: /var/ftp/usrflash/Project/PMAC Script Language/PLC Programs/PLC22_LaserCtrl.plc 
Including Project File: /var/ftp/usrflash/Project/PMAC Script Language/PLC Programs/PLC23_TargetMove.plc 
Including Project File: /var/ftp/usrflash/Project/PMAC Script Language/PLC Programs/PLC24_Cover.plc 
Including Project File: /var/ftp/usrflash/Project/PMAC Script Language/PLC Programs/PLC25_BlowOff.plc 
Including Project File: /var/ftp/usrflash/Project/PMAC Script Language/PLC Programs/PLC27_PickAndPlace.plc 
Including Project File: /var/ftp/usrflash/Project/PMAC Script Language/PLC Programs/PLC28_VisionTrigger.plc 
Including Project File: /var/ftp/usrflash/Project/PMAC Script Language/PLC Programs/PLC29_Buf.plc 
Including Project File: /var/ftp/usrflash/Project/PMAC Script Language/PLC Programs/PLC30_Test.plc 
Including Project File: /var/ftp/usrflash/Project/PMAC Script Language/PLC Programs/PLC31_ReqSim.plc 
Including Project File: /var/ftp/usrflash/Project/PMAC Script Language/PLC Programs/PLC26_PowerCheck.plc 
Including Project File: /var/ftp/usrflash/Project/PMAC Script Language/PLC Programs/PLC32_VisionSeq.plc 
Including Project File: /var/ftp/usrflash/Project/Configuration/pp_startup.txt 
3641 Project Symbols were created for gpascii -2 communication
[PMAC_PROJECT]
Start of Project Loading using INI File: "/var/ftp/usrflash/Project/Configuration/pp_proj.ini"
Success: Loading usralgo.ko
Success: Loading RT Address of CfromScript
Success: Loading RT Address of CaptCompISR
LoadRTUserCode() Delta Time (sec) = 0.556441
Including Project File: /var/ftp/usrflash/Project/Configuration/pp_disable.txt 
Including Project File: /var/ftp/usrflash/Project/PMAC Script Language/Global Includes/ECATMap.pmh 
Including Project File: /var/ftp/usrflash/Project/PMAC Script Language/Global Includes/AX1515_Mapping.pmh 
Including Project File: /var/ftp/usrflash/Project/PMAC Script Language/Global Includes/H00_Setup_System.pmh 
Including Project File: /var/ftp/usrflash/Project/PMAC Script Language/Global Includes/H01_Setup_EncTable.pmh 
Including Project File: /var/ftp/usrflash/Project/PMAC Script Language/Global Includes/H02_Setup_Motor.pmh 
Including Project File: /var/ftp/usrflash/Project/PMAC Script Language/Global Includes/H03_Setup_Coord.pmh 
Including Project File: /var/ftp/usrflash/Project/PMAC Script Language/Global Includes/H04_Setup_Ecat.pmh 
Including Project File: /var/ftp/usrflash/Project/PMAC Script Language/Global Includes/H05_Setup_Gpio.pmh 
Including Project File: /var/ftp/usrflash/Project/PMAC Script Language/Global Includes/H06_Variable_Umem.pmh 
Including Project File: /var/ftp/usrflash/Project/PMAC Script Language/Global Includes/H07_Variable_UmemArray.pmh 
Including Project File: /var/ftp/usrflash/Project/PMAC Script Language/Global Includes/H08_Variable_Prog.pmh 
Including Project File: /var/ftp/usrflash/Project/PMAC Script Language/Global Includes/H09_Kinematics.pmh 
Including Project File: /var/ftp/usrflash/Project/PMAC Script Language/Global Includes/H10_Nc.pmh 
Including Project File: /var/ftp/usrflash/Project/PMAC Script Language/Kinematic Routines/Forward1.kin 
Including Project File: /var/ftp/usrflash/Project/PMAC Script Language/Kinematic Routines/Inverse1.kin 
Including Project File: /var/ftp/usrflash/Project/PMAC Script Language/Kinematic Routines/Forward2.kin 
Including Project File: /var/ftp/usrflash/Project/PMAC Script Language/Kinematic Routines/Inverse2.kin 
Including Project File: /var/ftp/usrflash/Project/PMAC Script Language/Kinematic Routines/Forward3.kin 
Including Project File: /var/ftp/usrflash/Project/PMAC Script Language/Kinematic Routines/Inverse3.kin 
Including Project File: /var/ftp/usrflash/Project/PMAC Script Language/Libraries/timer.pmc 
Including Project File: /var/ftp/usrflash/Project/PMAC Script Language/Libraries/SPG_Gcode.pmc 
Including Project File: /var/ftp/usrflash/Project/PMAC Script Language/Libraries/SPG_Mcode.pmc 
Including Project File: /var/ftp/usrflash/Project/PMAC Script Language/Libraries/SPG_AbortVsHome.pmc 
Including Project File: /var/ftp/usrflash/Project/PMAC Script Language/Libraries/SPG_AbortVsLoop.pmc 
Including Project File: /var/ftp/usrflash/Project/PMAC Script Language/Libraries/SPG_AbortWsHome.pmc 
Including Project File: /var/ftp/usrflash/Project/PMAC Script Language/Libraries/SPG_AbortWsLoop.pmc 
Including Project File: /var/ftp/usrflash/Project/PMAC Script Language/Libraries/SPG_InitCommand.pmc 
Including Project File: /var/ftp/usrflash/Project/PMAC Script Language/Libraries/SPG_InitECylinder.pmc 
Including Project File: /var/ftp/usrflash/Project/PMAC Script Language/Libraries/SPG_InitMotor.pmc 
Including Project File: /var/ftp/usrflash/Project/PMAC Script Language/Libraries/SPG_InitScanner.pmc 
Including Project File: /var/ftp/usrflash/Project/PMAC Script Language/Libraries/SPG_InitSeqParam.pmc 
Including Project File: /var/ftp/usrflash/Project/PMAC Script Language/Libraries/SPG_SetDefaultParam.pmc 
Including Project File: /var/ftp/usrflash/Project/PMAC Script Language/Libraries/SPG_SetEquOut.pmc 
Including Project File: /var/ftp/usrflash/Project/PMAC Script Language/Libraries/SPG_SetSeqBufQ.pmc 
Including Project File: /var/ftp/usrflash/Project/PMAC Script Language/Libraries/SPG_SetVsLdParam.pmc 
Including Project File: /var/ftp/usrflash/Project/PMAC Script Language/Libraries/SPG_SetVsRdParam.pmc 
Including Project File: /var/ftp/usrflash/Project/PMAC Script Language/Libraries/SPG_SetVsRjParam.pmc 
Including Project File: /var/ftp/usrflash/Project/PMAC Script Language/Libraries/SPG_SetVsUdParam.pmc 
Including Project File: /var/ftp/usrflash/Project/PMAC Script Language/Libraries/SPG_SetVsVnParam.pmc 
Including Project File: /var/ftp/usrflash/Project/PMAC Script Language/Libraries/SPG_SetVsWtParam.pmc 
Including Project File: /var/ftp/usrflash/Project/PMAC Script Language/Libraries/SPG_SetWsLdParam.pmc 
Including Project File: /var/ftp/usrflash/Project/PMAC Script Language/Libraries/SPG_SetWsRdParam.pmc 
Including Project File: /var/ftp/usrflash/Project/PMAC Script Language/Libraries/SPG_SetWsRjParam.pmc 
Including Project File: /var/ftp/usrflash/Project/PMAC Script Language/Libraries/SPG_SetWsUdParam.pmc 
Including Project File: /var/ftp/usrflash/Project/PMAC Script Language/Libraries/SPG_SetWsWdParam.pmc 
Including Project File: /var/ftp/usrflash/Project/PMAC Script Language/Libraries/SPG_SetWsWtParam.pmc 
Including Project File: /var/ftp/usrflash/Project/PMAC Script Language/Libraries/SPG_ReadScPos.pmc 
Including Project File: /var/ftp/usrflash/Project/PMAC Script Language/Libraries/SPG_ResetVsAlarm.pmc 
Including Project File: /var/ftp/usrflash/Project/PMAC Script Language/Libraries/SPG_ResetWsAlarm.pmc 
Including Project File: /var/ftp/usrflash/Project/PMAC Script Language/Libraries/SPG_ReadThPos.pmc 
Including Project File: /var/ftp/usrflash/Project/PMAC Script Language/Motion Programs/PRG01_Test1.pmc 
Including Project File: /var/ftp/usrflash/Project/PMAC Script Language/Motion Programs/PRG02_Test2.pmc 
Including Project File: /var/ftp/usrflash/Project/PMAC Script Language/Motion Programs/PRG03_Test3.pmc 
Including Project File: /var/ftp/usrflash/Project/PMAC Script Language/Motion Programs/PRG04_Test4.pmc 
Including Project File: /var/ftp/usrflash/Project/PMAC Script Language/Motion Programs/PRG05_Test5.pmc 
Including Project File: /var/ftp/usrflash/Project/PMAC Script Language/Motion Programs/PRG19_Zero.pmc 
Including Project File: /var/ftp/usrflash/Project/PMAC Script Language/Motion Programs/PRG20_Welding.pmc 
Including Project File: /var/ftp/usrflash/Project/PMAC Script Language/Motion Programs/PRG21_Circle.pmc 
Including Project File: /var/ftp/usrflash/Project/PMAC Script Language/Motion Programs/PRG22_SnowMan.pmc 
Including Project File: /var/ftp/usrflash/Project/PMAC Script Language/Motion Programs/PRG23_ButterFly.pmc 
Including Project File: /var/ftp/usrflash/Project/PMAC Script Language/Motion Programs/PRG24_Column.pmc 
Including Project File: /var/ftp/usrflash/Project/PMAC Script Language/Motion Programs/PRG25_Row.pmc 
Including Project File: /var/ftp/usrflash/Project/PMAC Script Language/Motion Programs/PRG30_Vision.pmc 
Including Project File: /var/ftp/usrflash/Project/PMAC Script Language/Motion Programs/PRG50_LaserTest_Cross.pmc 
Including Project File: /var/ftp/usrflash/Project/PMAC Script Language/Motion Programs/PRG51_LaserTest_Line.pmc 
Including Project File: /var/ftp/usrflash/Project/PMAC Script Language/PLC Programs/PLC00_RTI.plc 
Including Project File: /var/ftp/usrflash/Project/PMAC Script Language/PLC Programs/PLC01_Init.plc 
Including Project File: /var/ftp/usrflash/Project/PMAC Script Language/PLC Programs/PLC02_Sta.plc 
Including Project File: /var/ftp/usrflash/Project/PMAC Script Language/PLC Programs/PLC03_Cmd.plc 
Including Project File: /var/ftp/usrflash/Project/PMAC Script Language/PLC Programs/PLC04_Safety.plc 
Including Project File: /var/ftp/usrflash/Project/PMAC Script Language/PLC Programs/PLC05_Ecat.plc 
Including Project File: /var/ftp/usrflash/Project/PMAC Script Language/PLC Programs/PLC06_IoCom.plc 
Including Project File: /var/ftp/usrflash/Project/PMAC Script Language/PLC Programs/PLC10_Home.plc 
Including Project File: /var/ftp/usrflash/Project/PMAC Script Language/PLC Programs/PLC11_Jog.plc 
Including Project File: /var/ftp/usrflash/Project/PMAC Script Language/PLC Programs/PLC12_SeqMc.plc 
Including Project File: /var/ftp/usrflash/Project/PMAC Script Language/PLC Programs/PLC13_SeqWs.plc 
Including Project File: /var/ftp/usrflash/Project/PMAC Script Language/PLC Programs/PLC14_SeqVs.plc 
Including Project File: /var/ftp/usrflash/Project/PMAC Script Language/PLC Programs/PLC20_Cylinder.plc 
Including Project File: /var/ftp/usrflash/Project/PMAC Script Language/PLC Programs/PLC21_TestShot.plc 
Including Project File: /var/ftp/usrflash/Project/PMAC Script Language/PLC Programs/PLC22_LaserCtrl.plc 
Including Project File: /var/ftp/usrflash/Project/PMAC Script Language/PLC Programs/PLC23_TargetMove.plc 
Including Project File: /var/ftp/usrflash/Project/PMAC Script Language/PLC Programs/PLC24_Cover.plc 
Including Project File: /var/ftp/usrflash/Project/PMAC Script Language/PLC Programs/PLC25_BlowOff.plc 
Including Project File: /var/ftp/usrflash/Project/PMAC Script Language/PLC Programs/PLC27_PickAndPlace.plc 
Including Project File: /var/ftp/usrflash/Project/PMAC Script Language/PLC Programs/PLC28_VisionTrigger.plc 
Including Project File: /var/ftp/usrflash/Project/PMAC Script Language/PLC Programs/PLC29_Buf.plc 
Including Project File: /var/ftp/usrflash/Project/PMAC Script Language/PLC Programs/PLC30_Test.plc 
Including Project File: /var/ftp/usrflash/Project/PMAC Script Language/PLC Programs/PLC31_ReqSim.plc 
Including Project File: /var/ftp/usrflash/Project/PMAC Script Language/PLC Programs/PLC26_PowerCheck.plc 
Including Project File: /var/ftp/usrflash/Project/PMAC Script Language/PLC Programs/PLC32_VisionSeq.plc 
Including Project File: /var/ftp/usrflash/Project/Configuration/pp_startup.txt 
Status: Pass 1 Create debug file, #defines, *.h & .sym files, Time (sec) = 0.384529
Status: Pass 2 Verify prog calls, local stack & labels, Time (sec)  = 0.165898
3641 Project Symbols were created for gpascii -2 communication
Status: Create PPMAC Symbol Table & Run CPP Time (sec) = 0.887538
Status: Successful load of preprocessed File: "/var/ftp/usrflash/Temp/pp_proj.pma"
Status: Download to PPMAC Command Processor, Time (sec) = 0.180212
Status: Final pp_proj.h & Run Background C Apps, Time (sec) = 0.080159
Project Preprocessing & Load Total Time (sec) = 2.254847
[PMAC_PROJECT]
Start of Project Loading using INI File: "/var/ftp/usrflash/Project/Configuration/pp_proj.ini"
Including Project File: /var/ftp/usrflash/Project/Configuration/pp_disable.txt 
Including Project File: /var/ftp/usrflash/Project/PMAC Script Language/Global Includes/ECATMap.pmh 
Including Project File: /var/ftp/usrflash/Project/PMAC Script Language/Global Includes/AX1515_Mapping.pmh 
Including Project File: /var/ftp/usrflash/Project/PMAC Script Language/Global Includes/H00_Setup_System.pmh 
Including Project File: /var/ftp/usrflash/Project/PMAC Script Language/Global Includes/H01_Setup_EncTable.pmh 
Including Project File: /var/ftp/usrflash/Project/PMAC Script Language/Global Includes/H02_Setup_Motor.pmh 
Including Project File: /var/ftp/usrflash/Project/PMAC Script Language/Global Includes/H03_Setup_Coord.pmh 
Including Project File: /var/ftp/usrflash/Project/PMAC Script Language/Global Includes/H04_Setup_Ecat.pmh 
Including Project File: /var/ftp/usrflash/Project/PMAC Script Language/Global Includes/H05_Setup_Gpio.pmh 
Including Project File: /var/ftp/usrflash/Project/PMAC Script Language/Global Includes/H06_Variable_Umem.pmh 
Including Project File: /var/ftp/usrflash/Project/PMAC Script Language/Global Includes/H07_Variable_UmemArray.pmh 
Including Project File: /var/ftp/usrflash/Project/PMAC Script Language/Global Includes/H08_Variable_Prog.pmh 
Including Project File: /var/ftp/usrflash/Project/PMAC Script Language/Global Includes/H09_Kinematics.pmh 
Including Project File: /var/ftp/usrflash/Project/PMAC Script Language/Global Includes/H10_Nc.pmh 
Including Project File: /var/ftp/usrflash/Project/PMAC Script Language/Kinematic Routines/Forward1.kin 
Including Project File: /var/ftp/usrflash/Project/PMAC Script Language/Kinematic Routines/Inverse1.kin 
Including Project File: /var/ftp/usrflash/Project/PMAC Script Language/Kinematic Routines/Forward2.kin 
Including Project File: /var/ftp/usrflash/Project/PMAC Script Language/Kinematic Routines/Inverse2.kin 
Including Project File: /var/ftp/usrflash/Project/PMAC Script Language/Kinematic Routines/Forward3.kin 
Including Project File: /var/ftp/usrflash/Project/PMAC Script Language/Kinematic Routines/Inverse3.kin 
Including Project File: /var/ftp/usrflash/Project/PMAC Script Language/Libraries/timer.pmc 
Including Project File: /var/ftp/usrflash/Project/PMAC Script Language/Libraries/SPG_Gcode.pmc 
Including Project File: /var/ftp/usrflash/Project/PMAC Script Language/Libraries/SPG_Mcode.pmc 
Including Project File: /var/ftp/usrflash/Project/PMAC Script Language/Libraries/SPG_AbortVsHome.pmc 
Including Project File: /var/ftp/usrflash/Project/PMAC Script Language/Libraries/SPG_AbortVsLoop.pmc 
Including Project File: /var/ftp/usrflash/Project/PMAC Script Language/Libraries/SPG_AbortWsHome.pmc 
Including Project File: /var/ftp/usrflash/Project/PMAC Script Language/Libraries/SPG_AbortWsLoop.pmc 
Including Project File: /var/ftp/usrflash/Project/PMAC Script Language/Libraries/SPG_InitCommand.pmc 
Including Project File: /var/ftp/usrflash/Project/PMAC Script Language/Libraries/SPG_InitECylinder.pmc 
Including Project File: /var/ftp/usrflash/Project/PMAC Script Language/Libraries/SPG_InitMotor.pmc 
Including Project File: /var/ftp/usrflash/Project/PMAC Script Language/Libraries/SPG_InitScanner.pmc 
Including Project File: /var/ftp/usrflash/Project/PMAC Script Language/Libraries/SPG_InitSeqParam.pmc 
Including Project File: /var/ftp/usrflash/Project/PMAC Script Language/Libraries/SPG_SetDefaultParam.pmc 
Including Project File: /var/ftp/usrflash/Project/PMAC Script Language/Libraries/SPG_SetEquOut.pmc 
Including Project File: /var/ftp/usrflash/Project/PMAC Script Language/Libraries/SPG_SetSeqBufQ.pmc 
Including Project File: /var/ftp/usrflash/Project/PMAC Script Language/Libraries/SPG_SetVsLdParam.pmc 
Including Project File: /var/ftp/usrflash/Project/PMAC Script Language/Libraries/SPG_SetVsRdParam.pmc 
Including Project File: /var/ftp/usrflash/Project/PMAC Script Language/Libraries/SPG_SetVsRjParam.pmc 
Including Project File: /var/ftp/usrflash/Project/PMAC Script Language/Libraries/SPG_SetVsUdParam.pmc 
Including Project File: /var/ftp/usrflash/Project/PMAC Script Language/Libraries/SPG_SetVsVnParam.pmc 
Including Project File: /var/ftp/usrflash/Project/PMAC Script Language/Libraries/SPG_SetVsWtParam.pmc 
Including Project File: /var/ftp/usrflash/Project/PMAC Script Language/Libraries/SPG_SetWsLdParam.pmc 
Including Project File: /var/ftp/usrflash/Project/PMAC Script Language/Libraries/SPG_SetWsRdParam.pmc 
Including Project File: /var/ftp/usrflash/Project/PMAC Script Language/Libraries/SPG_SetWsRjParam.pmc 
Including Project File: /var/ftp/usrflash/Project/PMAC Script Language/Libraries/SPG_SetWsUdParam.pmc 
Including Project File: /var/ftp/usrflash/Project/PMAC Script Language/Libraries/SPG_SetWsWdParam.pmc 
Including Project File: /var/ftp/usrflash/Project/PMAC Script Language/Libraries/SPG_SetWsWtParam.pmc 
Including Project File: /var/ftp/usrflash/Project/PMAC Script Language/Libraries/SPG_ReadScPos.pmc 
Including Project File: /var/ftp/usrflash/Project/PMAC Script Language/Libraries/SPG_ResetVsAlarm.pmc 
Including Project File: /var/ftp/usrflash/Project/PMAC Script Language/Libraries/SPG_ResetWsAlarm.pmc 
Including Project File: /var/ftp/usrflash/Project/PMAC Script Language/Libraries/SPG_ReadThPos.pmc 
Including Project File: /var/ftp/usrflash/Project/PMAC Script Language/Motion Programs/PRG01_Test1.pmc 
Including Project File: /var/ftp/usrflash/Project/PMAC Script Language/Motion Programs/PRG02_Test2.pmc 
Including Project File: /var/ftp/usrflash/Project/PMAC Script Language/Motion Programs/PRG03_Test3.pmc 
Including Project File: /var/ftp/usrflash/Project/PMAC Script Language/Motion Programs/PRG04_Test4.pmc 
Including Project File: /var/ftp/usrflash/Project/PMAC Script Language/Motion Programs/PRG05_Test5.pmc 
Including Project File: /var/ftp/usrflash/Project/PMAC Script Language/Motion Programs/PRG19_Zero.pmc 
Including Project File: /var/ftp/usrflash/Project/PMAC Script Language/Motion Programs/PRG20_Welding.pmc 
Including Project File: /var/ftp/usrflash/Project/PMAC Script Language/Motion Programs/PRG21_Circle.pmc 
Including Project File: /var/ftp/usrflash/Project/PMAC Script Language/Motion Programs/PRG22_SnowMan.pmc 
Including Project File: /var/ftp/usrflash/Project/PMAC Script Language/Motion Programs/PRG23_ButterFly.pmc 
Including Project File: /var/ftp/usrflash/Project/PMAC Script Language/Motion Programs/PRG24_Column.pmc 
Including Project File: /var/ftp/usrflash/Project/PMAC Script Language/Motion Programs/PRG25_Row.pmc 
Including Project File: /var/ftp/usrflash/Project/PMAC Script Language/Motion Programs/PRG30_Vision.pmc 
Including Project File: /var/ftp/usrflash/Project/PMAC Script Language/Motion Programs/PRG50_LaserTest_Cross.pmc 
Including Project File: /var/ftp/usrflash/Project/PMAC Script Language/Motion Programs/PRG51_LaserTest_Line.pmc 
Including Project File: /var/ftp/usrflash/Project/PMAC Script Language/PLC Programs/PLC00_RTI.plc 
Including Project File: /var/ftp/usrflash/Project/PMAC Script Language/PLC Programs/PLC01_Init.plc 
Including Project File: /var/ftp/usrflash/Project/PMAC Script Language/PLC Programs/PLC02_Sta.plc 
Including Project File: /var/ftp/usrflash/Project/PMAC Script Language/PLC Programs/PLC03_Cmd.plc 
Including Project File: /var/ftp/usrflash/Project/PMAC Script Language/PLC Programs/PLC04_Safety.plc 
Including Project File: /var/ftp/usrflash/Project/PMAC Script Language/PLC Programs/PLC05_Ecat.plc 
Including Project File: /var/ftp/usrflash/Project/PMAC Script Language/PLC Programs/PLC06_IoCom.plc 
Including Project File: /var/ftp/usrflash/Project/PMAC Script Language/PLC Programs/PLC10_Home.plc 
Including Project File: /var/ftp/usrflash/Project/PMAC Script Language/PLC Programs/PLC11_Jog.plc 
Including Project File: /var/ftp/usrflash/Project/PMAC Script Language/PLC Programs/PLC12_SeqMc.plc 
Including Project File: /var/ftp/usrflash/Project/PMAC Script Language/PLC Programs/PLC13_SeqWs.plc 
Including Project File: /var/ftp/usrflash/Project/PMAC Script Language/PLC Programs/PLC14_SeqVs.plc 
Including Project File: /var/ftp/usrflash/Project/PMAC Script Language/PLC Programs/PLC20_Cylinder.plc 
Including Project File: /var/ftp/usrflash/Project/PMAC Script Language/PLC Programs/PLC21_TestShot.plc 
Including Project File: /var/ftp/usrflash/Project/PMAC Script Language/PLC Programs/PLC22_LaserCtrl.plc 
Including Project File: /var/ftp/usrflash/Project/PMAC Script Language/PLC Programs/PLC23_TargetMove.plc 
Including Project File: /var/ftp/usrflash/Project/PMAC Script Language/PLC Programs/PLC24_Cover.plc 
Including Project File: /var/ftp/usrflash/Project/PMAC Script Language/PLC Programs/PLC25_BlowOff.plc 
Including Project File: /var/ftp/usrflash/Project/PMAC Script Language/PLC Programs/PLC27_PickAndPlace.plc 
Including Project File: /var/ftp/usrflash/Project/PMAC Script Language/PLC Programs/PLC28_VisionTrigger.plc 
Including Project File: /var/ftp/usrflash/Project/PMAC Script Language/PLC Programs/PLC29_Buf.plc 
Including Project File: /var/ftp/usrflash/Project/PMAC Script Language/PLC Programs/PLC30_Test.plc 
Including Project File: /var/ftp/usrflash/Project/PMAC Script Language/PLC Programs/PLC31_ReqSim.plc 
Including Project File: /var/ftp/usrflash/Project/PMAC Script Language/PLC Programs/PLC26_PowerCheck.plc 
Including Project File: /var/ftp/usrflash/Project/PMAC Script Language/PLC Programs/PLC32_VisionSeq.plc 
Including Project File: /var/ftp/usrflash/Project/Configuration/pp_startup.txt 
3641 Project Symbols were created for gpascii -2 communication
[PMAC_PROJECT]
Start of Project Loading using INI File: "/var/ftp/usrflash/Project/Configuration/pp_proj.ini"
Success: Loading usralgo.ko
Success: Loading RT Address of CfromScript
Success: Loading RT Address of CaptCompISR
LoadRTUserCode() Delta Time (sec) = 0.547842
Including Project File: /var/ftp/usrflash/Project/Configuration/pp_disable.txt 
Including Project File: /var/ftp/usrflash/Project/PMAC Script Language/Global Includes/ECATMap.pmh 
Including Project File: /var/ftp/usrflash/Project/PMAC Script Language/Global Includes/AX1515_Mapping.pmh 
Including Project File: /var/ftp/usrflash/Project/PMAC Script Language/Global Includes/H00_Setup_System.pmh 
Including Project File: /var/ftp/usrflash/Project/PMAC Script Language/Global Includes/H01_Setup_EncTable.pmh 
Including Project File: /var/ftp/usrflash/Project/PMAC Script Language/Global Includes/H02_Setup_Motor.pmh 
Including Project File: /var/ftp/usrflash/Project/PMAC Script Language/Global Includes/H03_Setup_Coord.pmh 
Including Project File: /var/ftp/usrflash/Project/PMAC Script Language/Global Includes/H04_Setup_Ecat.pmh 
Including Project File: /var/ftp/usrflash/Project/PMAC Script Language/Global Includes/H05_Setup_Gpio.pmh 
Including Project File: /var/ftp/usrflash/Project/PMAC Script Language/Global Includes/H06_Variable_Umem.pmh 
Including Project File: /var/ftp/usrflash/Project/PMAC Script Language/Global Includes/H07_Variable_UmemArray.pmh 
Including Project File: /var/ftp/usrflash/Project/PMAC Script Language/Global Includes/H08_Variable_Prog.pmh 
Including Project File: /var/ftp/usrflash/Project/PMAC Script Language/Global Includes/H09_Kinematics.pmh 
Including Project File: /var/ftp/usrflash/Project/PMAC Script Language/Global Includes/H10_Nc.pmh 
Including Project File: /var/ftp/usrflash/Project/PMAC Script Language/Kinematic Routines/Forward1.kin 
Including Project File: /var/ftp/usrflash/Project/PMAC Script Language/Kinematic Routines/Inverse1.kin 
Including Project File: /var/ftp/usrflash/Project/PMAC Script Language/Kinematic Routines/Forward2.kin 
Including Project File: /var/ftp/usrflash/Project/PMAC Script Language/Kinematic Routines/Inverse2.kin 
Including Project File: /var/ftp/usrflash/Project/PMAC Script Language/Kinematic Routines/Forward3.kin 
Including Project File: /var/ftp/usrflash/Project/PMAC Script Language/Kinematic Routines/Inverse3.kin 
Including Project File: /var/ftp/usrflash/Project/PMAC Script Language/Libraries/timer.pmc 
Including Project File: /var/ftp/usrflash/Project/PMAC Script Language/Libraries/SPG_Gcode.pmc 
Including Project File: /var/ftp/usrflash/Project/PMAC Script Language/Libraries/SPG_Mcode.pmc 
Including Project File: /var/ftp/usrflash/Project/PMAC Script Language/Libraries/SPG_AbortVsHome.pmc 
Including Project File: /var/ftp/usrflash/Project/PMAC Script Language/Libraries/SPG_AbortVsLoop.pmc 
Including Project File: /var/ftp/usrflash/Project/PMAC Script Language/Libraries/SPG_AbortWsHome.pmc 
Including Project File: /var/ftp/usrflash/Project/PMAC Script Language/Libraries/SPG_AbortWsLoop.pmc 
Including Project File: /var/ftp/usrflash/Project/PMAC Script Language/Libraries/SPG_InitCommand.pmc 
Including Project File: /var/ftp/usrflash/Project/PMAC Script Language/Libraries/SPG_InitECylinder.pmc 
Including Project File: /var/ftp/usrflash/Project/PMAC Script Language/Libraries/SPG_InitMotor.pmc 
Including Project File: /var/ftp/usrflash/Project/PMAC Script Language/Libraries/SPG_InitScanner.pmc 
Including Project File: /var/ftp/usrflash/Project/PMAC Script Language/Libraries/SPG_InitSeqParam.pmc 
Including Project File: /var/ftp/usrflash/Project/PMAC Script Language/Libraries/SPG_SetDefaultParam.pmc 
Including Project File: /var/ftp/usrflash/Project/PMAC Script Language/Libraries/SPG_SetEquOut.pmc 
Including Project File: /var/ftp/usrflash/Project/PMAC Script Language/Libraries/SPG_SetSeqBufQ.pmc 
Including Project File: /var/ftp/usrflash/Project/PMAC Script Language/Libraries/SPG_SetVsLdParam.pmc 
Including Project File: /var/ftp/usrflash/Project/PMAC Script Language/Libraries/SPG_SetVsRdParam.pmc 
Including Project File: /var/ftp/usrflash/Project/PMAC Script Language/Libraries/SPG_SetVsRjParam.pmc 
Including Project File: /var/ftp/usrflash/Project/PMAC Script Language/Libraries/SPG_SetVsUdParam.pmc 
Including Project File: /var/ftp/usrflash/Project/PMAC Script Language/Libraries/SPG_SetVsVnParam.pmc 
Including Project File: /var/ftp/usrflash/Project/PMAC Script Language/Libraries/SPG_SetVsWtParam.pmc 
Including Project File: /var/ftp/usrflash/Project/PMAC Script Language/Libraries/SPG_SetWsLdParam.pmc 
Including Project File: /var/ftp/usrflash/Project/PMAC Script Language/Libraries/SPG_SetWsRdParam.pmc 
Including Project File: /var/ftp/usrflash/Project/PMAC Script Language/Libraries/SPG_SetWsRjParam.pmc 
Including Project File: /var/ftp/usrflash/Project/PMAC Script Language/Libraries/SPG_SetWsUdParam.pmc 
Including Project File: /var/ftp/usrflash/Project/PMAC Script Language/Libraries/SPG_SetWsWdParam.pmc 
Including Project File: /var/ftp/usrflash/Project/PMAC Script Language/Libraries/SPG_SetWsWtParam.pmc 
Including Project File: /var/ftp/usrflash/Project/PMAC Script Language/Libraries/SPG_ReadScPos.pmc 
Including Project File: /var/ftp/usrflash/Project/PMAC Script Language/Libraries/SPG_ResetVsAlarm.pmc 
Including Project File: /var/ftp/usrflash/Project/PMAC Script Language/Libraries/SPG_ResetWsAlarm.pmc 
Including Project File: /var/ftp/usrflash/Project/PMAC Script Language/Libraries/SPG_ReadThPos.pmc 
Including Project File: /var/ftp/usrflash/Project/PMAC Script Language/Motion Programs/PRG01_Test1.pmc 
Including Project File: /var/ftp/usrflash/Project/PMAC Script Language/Motion Programs/PRG02_Test2.pmc 
Including Project File: /var/ftp/usrflash/Project/PMAC Script Language/Motion Programs/PRG03_Test3.pmc 
Including Project File: /var/ftp/usrflash/Project/PMAC Script Language/Motion Programs/PRG04_Test4.pmc 
Including Project File: /var/ftp/usrflash/Project/PMAC Script Language/Motion Programs/PRG05_Test5.pmc 
Including Project File: /var/ftp/usrflash/Project/PMAC Script Language/Motion Programs/PRG19_Zero.pmc 
Including Project File: /var/ftp/usrflash/Project/PMAC Script Language/Motion Programs/PRG20_Welding.pmc 
Including Project File: /var/ftp/usrflash/Project/PMAC Script Language/Motion Programs/PRG21_Circle.pmc 
Including Project File: /var/ftp/usrflash/Project/PMAC Script Language/Motion Programs/PRG22_SnowMan.pmc 
Including Project File: /var/ftp/usrflash/Project/PMAC Script Language/Motion Programs/PRG23_ButterFly.pmc 
Including Project File: /var/ftp/usrflash/Project/PMAC Script Language/Motion Programs/PRG24_Column.pmc 
Including Project File: /var/ftp/usrflash/Project/PMAC Script Language/Motion Programs/PRG25_Row.pmc 
Including Project File: /var/ftp/usrflash/Project/PMAC Script Language/Motion Programs/PRG30_Vision.pmc 
Including Project File: /var/ftp/usrflash/Project/PMAC Script Language/Motion Programs/PRG50_LaserTest_Cross.pmc 
Including Project File: /var/ftp/usrflash/Project/PMAC Script Language/Motion Programs/PRG51_LaserTest_Line.pmc 
Including Project File: /var/ftp/usrflash/Project/PMAC Script Language/PLC Programs/PLC00_RTI.plc 
Including Project File: /var/ftp/usrflash/Project/PMAC Script Language/PLC Programs/PLC01_Init.plc 
Including Project File: /var/ftp/usrflash/Project/PMAC Script Language/PLC Programs/PLC02_Sta.plc 
Including Project File: /var/ftp/usrflash/Project/PMAC Script Language/PLC Programs/PLC03_Cmd.plc 
Including Project File: /var/ftp/usrflash/Project/PMAC Script Language/PLC Programs/PLC04_Safety.plc 
Including Project File: /var/ftp/usrflash/Project/PMAC Script Language/PLC Programs/PLC05_Ecat.plc 
Including Project File: /var/ftp/usrflash/Project/PMAC Script Language/PLC Programs/PLC06_IoCom.plc 
Including Project File: /var/ftp/usrflash/Project/PMAC Script Language/PLC Programs/PLC10_Home.plc 
Including Project File: /var/ftp/usrflash/Project/PMAC Script Language/PLC Programs/PLC11_Jog.plc 
Including Project File: /var/ftp/usrflash/Project/PMAC Script Language/PLC Programs/PLC12_SeqMc.plc 
Including Project File: /var/ftp/usrflash/Project/PMAC Script Language/PLC Programs/PLC13_SeqWs.plc 
Including Project File: /var/ftp/usrflash/Project/PMAC Script Language/PLC Programs/PLC14_SeqVs.plc 
Including Project File: /var/ftp/usrflash/Project/PMAC Script Language/PLC Programs/PLC20_Cylinder.plc 
Including Project File: /var/ftp/usrflash/Project/PMAC Script Language/PLC Programs/PLC21_TestShot.plc 
Including Project File: /var/ftp/usrflash/Project/PMAC Script Language/PLC Programs/PLC22_LaserCtrl.plc 
Including Project File: /var/ftp/usrflash/Project/PMAC Script Language/PLC Programs/PLC23_TargetMove.plc 
Including Project File: /var/ftp/usrflash/Project/PMAC Script Language/PLC Programs/PLC24_Cover.plc 
Including Project File: /var/ftp/usrflash/Project/PMAC Script Language/PLC Programs/PLC25_BlowOff.plc 
Including Project File: /var/ftp/usrflash/Project/PMAC Script Language/PLC Programs/PLC27_PickAndPlace.plc 
Including Project File: /var/ftp/usrflash/Project/PMAC Script Language/PLC Programs/PLC28_VisionTrigger.plc 
Including Project File: /var/ftp/usrflash/Project/PMAC Script Language/PLC Programs/PLC29_Buf.plc 
Including Project File: /var/ftp/usrflash/Project/PMAC Script Language/PLC Programs/PLC30_Test.plc 
Including Project File: /var/ftp/usrflash/Project/PMAC Script Language/PLC Programs/PLC31_ReqSim.plc 
Including Project File: /var/ftp/usrflash/Project/PMAC Script Language/PLC Programs/PLC26_PowerCheck.plc 
Including Project File: /var/ftp/usrflash/Project/PMAC Script Language/PLC Programs/PLC32_VisionSeq.plc 
Including Project File: /var/ftp/usrflash/Project/Configuration/pp_startup.txt 
Status: Pass 1 Create debug file, #defines, *.h & .sym files, Time (sec) = 0.391612
Status: Pass 2 Verify prog calls, local stack & labels, Time (sec)  = 0.145272
3641 Project Symbols were created for gpascii -2 communication
Status: Create PPMAC Symbol Table & Run CPP Time (sec) = 0.938869
Status: Successful load of preprocessed File: "/var/ftp/usrflash/Temp/pp_proj.pma"
Status: Download to PPMAC Command Processor, Time (sec) = 0.170337
Status: Final pp_proj.h & Run Background C Apps, Time (sec) = 0.091000
Project Preprocessing & Load Total Time (sec) = 2.284999
[PMAC_PROJECT]
Start of Project Loading using INI File: "/var/ftp/usrflash/Project/Configuration/pp_proj.ini"
Including Project File: /var/ftp/usrflash/Project/Configuration/pp_disable.txt 
Including Project File: /var/ftp/usrflash/Project/PMAC Script Language/Global Includes/ECATMap.pmh 
Including Project File: /var/ftp/usrflash/Project/PMAC Script Language/Global Includes/AX1515_Mapping.pmh 
Including Project File: /var/ftp/usrflash/Project/PMAC Script Language/Global Includes/H00_Setup_System.pmh 
Including Project File: /var/ftp/usrflash/Project/PMAC Script Language/Global Includes/H01_Setup_EncTable.pmh 
Including Project File: /var/ftp/usrflash/Project/PMAC Script Language/Global Includes/H02_Setup_Motor.pmh 
Including Project File: /var/ftp/usrflash/Project/PMAC Script Language/Global Includes/H03_Setup_Coord.pmh 
Including Project File: /var/ftp/usrflash/Project/PMAC Script Language/Global Includes/H04_Setup_Ecat.pmh 
Including Project File: /var/ftp/usrflash/Project/PMAC Script Language/Global Includes/H05_Setup_Gpio.pmh 
Including Project File: /var/ftp/usrflash/Project/PMAC Script Language/Global Includes/H06_Variable_Umem.pmh 
Including Project File: /var/ftp/usrflash/Project/PMAC Script Language/Global Includes/H07_Variable_UmemArray.pmh 
Including Project File: /var/ftp/usrflash/Project/PMAC Script Language/Global Includes/H08_Variable_Prog.pmh 
Including Project File: /var/ftp/usrflash/Project/PMAC Script Language/Global Includes/H09_Kinematics.pmh 
Including Project File: /var/ftp/usrflash/Project/PMAC Script Language/Global Includes/H10_Nc.pmh 
Including Project File: /var/ftp/usrflash/Project/PMAC Script Language/Kinematic Routines/Forward1.kin 
Including Project File: /var/ftp/usrflash/Project/PMAC Script Language/Kinematic Routines/Inverse1.kin 
Including Project File: /var/ftp/usrflash/Project/PMAC Script Language/Kinematic Routines/Forward2.kin 
Including Project File: /var/ftp/usrflash/Project/PMAC Script Language/Kinematic Routines/Inverse2.kin 
Including Project File: /var/ftp/usrflash/Project/PMAC Script Language/Kinematic Routines/Forward3.kin 
Including Project File: /var/ftp/usrflash/Project/PMAC Script Language/Kinematic Routines/Inverse3.kin 
Including Project File: /var/ftp/usrflash/Project/PMAC Script Language/Libraries/timer.pmc 
Including Project File: /var/ftp/usrflash/Project/PMAC Script Language/Libraries/SPG_Gcode.pmc 
Including Project File: /var/ftp/usrflash/Project/PMAC Script Language/Libraries/SPG_Mcode.pmc 
Including Project File: /var/ftp/usrflash/Project/PMAC Script Language/Libraries/SPG_AbortVsHome.pmc 
Including Project File: /var/ftp/usrflash/Project/PMAC Script Language/Libraries/SPG_AbortVsLoop.pmc 
Including Project File: /var/ftp/usrflash/Project/PMAC Script Language/Libraries/SPG_AbortWsHome.pmc 
Including Project File: /var/ftp/usrflash/Project/PMAC Script Language/Libraries/SPG_AbortWsLoop.pmc 
Including Project File: /var/ftp/usrflash/Project/PMAC Script Language/Libraries/SPG_InitCommand.pmc 
Including Project File: /var/ftp/usrflash/Project/PMAC Script Language/Libraries/SPG_InitECylinder.pmc 
Including Project File: /var/ftp/usrflash/Project/PMAC Script Language/Libraries/SPG_InitMotor.pmc 
Including Project File: /var/ftp/usrflash/Project/PMAC Script Language/Libraries/SPG_InitScanner.pmc 
Including Project File: /var/ftp/usrflash/Project/PMAC Script Language/Libraries/SPG_InitSeqParam.pmc 
Including Project File: /var/ftp/usrflash/Project/PMAC Script Language/Libraries/SPG_SetDefaultParam.pmc 
Including Project File: /var/ftp/usrflash/Project/PMAC Script Language/Libraries/SPG_SetEquOut.pmc 
Including Project File: /var/ftp/usrflash/Project/PMAC Script Language/Libraries/SPG_SetSeqBufQ.pmc 
Including Project File: /var/ftp/usrflash/Project/PMAC Script Language/Libraries/SPG_SetVsLdParam.pmc 
Including Project File: /var/ftp/usrflash/Project/PMAC Script Language/Libraries/SPG_SetVsRdParam.pmc 
Including Project File: /var/ftp/usrflash/Project/PMAC Script Language/Libraries/SPG_SetVsRjParam.pmc 
Including Project File: /var/ftp/usrflash/Project/PMAC Script Language/Libraries/SPG_SetVsUdParam.pmc 
Including Project File: /var/ftp/usrflash/Project/PMAC Script Language/Libraries/SPG_SetVsVnParam.pmc 
Including Project File: /var/ftp/usrflash/Project/PMAC Script Language/Libraries/SPG_SetVsWtParam.pmc 
Including Project File: /var/ftp/usrflash/Project/PMAC Script Language/Libraries/SPG_SetWsLdParam.pmc 
Including Project File: /var/ftp/usrflash/Project/PMAC Script Language/Libraries/SPG_SetWsRdParam.pmc 
Including Project File: /var/ftp/usrflash/Project/PMAC Script Language/Libraries/SPG_SetWsRjParam.pmc 
Including Project File: /var/ftp/usrflash/Project/PMAC Script Language/Libraries/SPG_SetWsUdParam.pmc 
Including Project File: /var/ftp/usrflash/Project/PMAC Script Language/Libraries/SPG_SetWsWdParam.pmc 
Including Project File: /var/ftp/usrflash/Project/PMAC Script Language/Libraries/SPG_SetWsWtParam.pmc 
Including Project File: /var/ftp/usrflash/Project/PMAC Script Language/Libraries/SPG_ReadScPos.pmc 
Including Project File: /var/ftp/usrflash/Project/PMAC Script Language/Libraries/SPG_ResetVsAlarm.pmc 
Including Project File: /var/ftp/usrflash/Project/PMAC Script Language/Libraries/SPG_ResetWsAlarm.pmc 
Including Project File: /var/ftp/usrflash/Project/PMAC Script Language/Libraries/SPG_ReadThPos.pmc 
Including Project File: /var/ftp/usrflash/Project/PMAC Script Language/Motion Programs/PRG01_Test1.pmc 
Including Project File: /var/ftp/usrflash/Project/PMAC Script Language/Motion Programs/PRG02_Test2.pmc 
Including Project File: /var/ftp/usrflash/Project/PMAC Script Language/Motion Programs/PRG03_Test3.pmc 
Including Project File: /var/ftp/usrflash/Project/PMAC Script Language/Motion Programs/PRG04_Test4.pmc 
Including Project File: /var/ftp/usrflash/Project/PMAC Script Language/Motion Programs/PRG05_Test5.pmc 
Including Project File: /var/ftp/usrflash/Project/PMAC Script Language/Motion Programs/PRG19_Zero.pmc 
Including Project File: /var/ftp/usrflash/Project/PMAC Script Language/Motion Programs/PRG20_Welding.pmc 
Including Project File: /var/ftp/usrflash/Project/PMAC Script Language/Motion Programs/PRG21_Circle.pmc 
Including Project File: /var/ftp/usrflash/Project/PMAC Script Language/Motion Programs/PRG22_SnowMan.pmc 
Including Project File: /var/ftp/usrflash/Project/PMAC Script Language/Motion Programs/PRG23_ButterFly.pmc 
Including Project File: /var/ftp/usrflash/Project/PMAC Script Language/Motion Programs/PRG24_Column.pmc 
Including Project File: /var/ftp/usrflash/Project/PMAC Script Language/Motion Programs/PRG25_Row.pmc 
Including Project File: /var/ftp/usrflash/Project/PMAC Script Language/Motion Programs/PRG30_Vision.pmc 
Including Project File: /var/ftp/usrflash/Project/PMAC Script Language/Motion Programs/PRG50_LaserTest_Cross.pmc 
Including Project File: /var/ftp/usrflash/Project/PMAC Script Language/Motion Programs/PRG51_LaserTest_Line.pmc 
Including Project File: /var/ftp/usrflash/Project/PMAC Script Language/PLC Programs/PLC00_RTI.plc 
Including Project File: /var/ftp/usrflash/Project/PMAC Script Language/PLC Programs/PLC01_Init.plc 
Including Project File: /var/ftp/usrflash/Project/PMAC Script Language/PLC Programs/PLC02_Sta.plc 
Including Project File: /var/ftp/usrflash/Project/PMAC Script Language/PLC Programs/PLC03_Cmd.plc 
Including Project File: /var/ftp/usrflash/Project/PMAC Script Language/PLC Programs/PLC04_Safety.plc 
Including Project File: /var/ftp/usrflash/Project/PMAC Script Language/PLC Programs/PLC05_Ecat.plc 
Including Project File: /var/ftp/usrflash/Project/PMAC Script Language/PLC Programs/PLC06_IoCom.plc 
Including Project File: /var/ftp/usrflash/Project/PMAC Script Language/PLC Programs/PLC10_Home.plc 
Including Project File: /var/ftp/usrflash/Project/PMAC Script Language/PLC Programs/PLC11_Jog.plc 
Including Project File: /var/ftp/usrflash/Project/PMAC Script Language/PLC Programs/PLC12_SeqMc.plc 
Including Project File: /var/ftp/usrflash/Project/PMAC Script Language/PLC Programs/PLC13_SeqWs.plc 
Including Project File: /var/ftp/usrflash/Project/PMAC Script Language/PLC Programs/PLC14_SeqVs.plc 
Including Project File: /var/ftp/usrflash/Project/PMAC Script Language/PLC Programs/PLC20_Cylinder.plc 
Including Project File: /var/ftp/usrflash/Project/PMAC Script Language/PLC Programs/PLC21_TestShot.plc 
Including Project File: /var/ftp/usrflash/Project/PMAC Script Language/PLC Programs/PLC22_LaserCtrl.plc 
Including Project File: /var/ftp/usrflash/Project/PMAC Script Language/PLC Programs/PLC23_TargetMove.plc 
Including Project File: /var/ftp/usrflash/Project/PMAC Script Language/PLC Programs/PLC24_Cover.plc 
Including Project File: /var/ftp/usrflash/Project/PMAC Script Language/PLC Programs/PLC25_BlowOff.plc 
Including Project File: /var/ftp/usrflash/Project/PMAC Script Language/PLC Programs/PLC27_PickAndPlace.plc 
Including Project File: /var/ftp/usrflash/Project/PMAC Script Language/PLC Programs/PLC28_VisionTrigger.plc 
Including Project File: /var/ftp/usrflash/Project/PMAC Script Language/PLC Programs/PLC29_Buf.plc 
Including Project File: /var/ftp/usrflash/Project/PMAC Script Language/PLC Programs/PLC30_Test.plc 
Including Project File: /var/ftp/usrflash/Project/PMAC Script Language/PLC Programs/PLC31_ReqSim.plc 
Including Project File: /var/ftp/usrflash/Project/PMAC Script Language/PLC Programs/PLC26_PowerCheck.plc 
Including Project File: /var/ftp/usrflash/Project/PMAC Script Language/PLC Programs/PLC32_VisionSeq.plc 
Including Project File: /var/ftp/usrflash/Project/Configuration/pp_startup.txt 
3641 Project Symbols were created for gpascii -2 communication
[PMAC_PROJECT]
Start of Project Loading using INI File: "/var/ftp/usrflash/Project/Configuration/pp_proj.ini"
Success: Loading usralgo.ko
Success: Loading RT Address of CfromScript
Success: Loading RT Address of CaptCompISR
LoadRTUserCode() Delta Time (sec) = 0.561444
Including Project File: /var/ftp/usrflash/Project/Configuration/pp_disable.txt 
Including Project File: /var/ftp/usrflash/Project/PMAC Script Language/Global Includes/ECATMap.pmh 
Including Project File: /var/ftp/usrflash/Project/PMAC Script Language/Global Includes/AX1515_Mapping.pmh 
Including Project File: /var/ftp/usrflash/Project/PMAC Script Language/Global Includes/H00_Setup_System.pmh 
Including Project File: /var/ftp/usrflash/Project/PMAC Script Language/Global Includes/H01_Setup_EncTable.pmh 
Including Project File: /var/ftp/usrflash/Project/PMAC Script Language/Global Includes/H02_Setup_Motor.pmh 
Including Project File: /var/ftp/usrflash/Project/PMAC Script Language/Global Includes/H03_Setup_Coord.pmh 
Including Project File: /var/ftp/usrflash/Project/PMAC Script Language/Global Includes/H04_Setup_Ecat.pmh 
Including Project File: /var/ftp/usrflash/Project/PMAC Script Language/Global Includes/H05_Setup_Gpio.pmh 
Including Project File: /var/ftp/usrflash/Project/PMAC Script Language/Global Includes/H06_Variable_Umem.pmh 
Including Project File: /var/ftp/usrflash/Project/PMAC Script Language/Global Includes/H07_Variable_UmemArray.pmh 
Including Project File: /var/ftp/usrflash/Project/PMAC Script Language/Global Includes/H08_Variable_Prog.pmh 
Including Project File: /var/ftp/usrflash/Project/PMAC Script Language/Global Includes/H09_Kinematics.pmh 
Including Project File: /var/ftp/usrflash/Project/PMAC Script Language/Global Includes/H10_Nc.pmh 
Including Project File: /var/ftp/usrflash/Project/PMAC Script Language/Kinematic Routines/Forward1.kin 
Including Project File: /var/ftp/usrflash/Project/PMAC Script Language/Kinematic Routines/Inverse1.kin 
Including Project File: /var/ftp/usrflash/Project/PMAC Script Language/Kinematic Routines/Forward2.kin 
Including Project File: /var/ftp/usrflash/Project/PMAC Script Language/Kinematic Routines/Inverse2.kin 
Including Project File: /var/ftp/usrflash/Project/PMAC Script Language/Kinematic Routines/Forward3.kin 
Including Project File: /var/ftp/usrflash/Project/PMAC Script Language/Kinematic Routines/Inverse3.kin 
Including Project File: /var/ftp/usrflash/Project/PMAC Script Language/Libraries/timer.pmc 
Including Project File: /var/ftp/usrflash/Project/PMAC Script Language/Libraries/SPG_Gcode.pmc 
Including Project File: /var/ftp/usrflash/Project/PMAC Script Language/Libraries/SPG_Mcode.pmc 
Including Project File: /var/ftp/usrflash/Project/PMAC Script Language/Libraries/SPG_AbortVsHome.pmc 
Including Project File: /var/ftp/usrflash/Project/PMAC Script Language/Libraries/SPG_AbortVsLoop.pmc 
Including Project File: /var/ftp/usrflash/Project/PMAC Script Language/Libraries/SPG_AbortWsHome.pmc 
Including Project File: /var/ftp/usrflash/Project/PMAC Script Language/Libraries/SPG_AbortWsLoop.pmc 
Including Project File: /var/ftp/usrflash/Project/PMAC Script Language/Libraries/SPG_InitCommand.pmc 
Including Project File: /var/ftp/usrflash/Project/PMAC Script Language/Libraries/SPG_InitECylinder.pmc 
Including Project File: /var/ftp/usrflash/Project/PMAC Script Language/Libraries/SPG_InitMotor.pmc 
Including Project File: /var/ftp/usrflash/Project/PMAC Script Language/Libraries/SPG_InitScanner.pmc 
Including Project File: /var/ftp/usrflash/Project/PMAC Script Language/Libraries/SPG_InitSeqParam.pmc 
Including Project File: /var/ftp/usrflash/Project/PMAC Script Language/Libraries/SPG_SetDefaultParam.pmc 
Including Project File: /var/ftp/usrflash/Project/PMAC Script Language/Libraries/SPG_SetEquOut.pmc 
Including Project File: /var/ftp/usrflash/Project/PMAC Script Language/Libraries/SPG_SetSeqBufQ.pmc 
Including Project File: /var/ftp/usrflash/Project/PMAC Script Language/Libraries/SPG_SetVsLdParam.pmc 
Including Project File: /var/ftp/usrflash/Project/PMAC Script Language/Libraries/SPG_SetVsRdParam.pmc 
Including Project File: /var/ftp/usrflash/Project/PMAC Script Language/Libraries/SPG_SetVsRjParam.pmc 
Including Project File: /var/ftp/usrflash/Project/PMAC Script Language/Libraries/SPG_SetVsUdParam.pmc 
Including Project File: /var/ftp/usrflash/Project/PMAC Script Language/Libraries/SPG_SetVsVnParam.pmc 
Including Project File: /var/ftp/usrflash/Project/PMAC Script Language/Libraries/SPG_SetVsWtParam.pmc 
Including Project File: /var/ftp/usrflash/Project/PMAC Script Language/Libraries/SPG_SetWsLdParam.pmc 
Including Project File: /var/ftp/usrflash/Project/PMAC Script Language/Libraries/SPG_SetWsRdParam.pmc 
Including Project File: /var/ftp/usrflash/Project/PMAC Script Language/Libraries/SPG_SetWsRjParam.pmc 
Including Project File: /var/ftp/usrflash/Project/PMAC Script Language/Libraries/SPG_SetWsUdParam.pmc 
Including Project File: /var/ftp/usrflash/Project/PMAC Script Language/Libraries/SPG_SetWsWdParam.pmc 
Including Project File: /var/ftp/usrflash/Project/PMAC Script Language/Libraries/SPG_SetWsWtParam.pmc 
Including Project File: /var/ftp/usrflash/Project/PMAC Script Language/Libraries/SPG_ReadScPos.pmc 
Including Project File: /var/ftp/usrflash/Project/PMAC Script Language/Libraries/SPG_ResetVsAlarm.pmc 
Including Project File: /var/ftp/usrflash/Project/PMAC Script Language/Libraries/SPG_ResetWsAlarm.pmc 
Including Project File: /var/ftp/usrflash/Project/PMAC Script Language/Libraries/SPG_ReadThPos.pmc 
Including Project File: /var/ftp/usrflash/Project/PMAC Script Language/Motion Programs/PRG01_Test1.pmc 
Including Project File: /var/ftp/usrflash/Project/PMAC Script Language/Motion Programs/PRG02_Test2.pmc 
Including Project File: /var/ftp/usrflash/Project/PMAC Script Language/Motion Programs/PRG03_Test3.pmc 
Including Project File: /var/ftp/usrflash/Project/PMAC Script Language/Motion Programs/PRG04_Test4.pmc 
Including Project File: /var/ftp/usrflash/Project/PMAC Script Language/Motion Programs/PRG05_Test5.pmc 
Including Project File: /var/ftp/usrflash/Project/PMAC Script Language/Motion Programs/PRG19_Zero.pmc 
Including Project File: /var/ftp/usrflash/Project/PMAC Script Language/Motion Programs/PRG20_Welding.pmc 
Including Project File: /var/ftp/usrflash/Project/PMAC Script Language/Motion Programs/PRG21_Circle.pmc 
Including Project File: /var/ftp/usrflash/Project/PMAC Script Language/Motion Programs/PRG22_SnowMan.pmc 
Including Project File: /var/ftp/usrflash/Project/PMAC Script Language/Motion Programs/PRG23_ButterFly.pmc 
Including Project File: /var/ftp/usrflash/Project/PMAC Script Language/Motion Programs/PRG24_Column.pmc 
Including Project File: /var/ftp/usrflash/Project/PMAC Script Language/Motion Programs/PRG25_Row.pmc 
Including Project File: /var/ftp/usrflash/Project/PMAC Script Language/Motion Programs/PRG30_Vision.pmc 
Including Project File: /var/ftp/usrflash/Project/PMAC Script Language/Motion Programs/PRG50_LaserTest_Cross.pmc 
Including Project File: /var/ftp/usrflash/Project/PMAC Script Language/Motion Programs/PRG51_LaserTest_Line.pmc 
Including Project File: /var/ftp/usrflash/Project/PMAC Script Language/PLC Programs/PLC00_RTI.plc 
Including Project File: /var/ftp/usrflash/Project/PMAC Script Language/PLC Programs/PLC01_Init.plc 
Including Project File: /var/ftp/usrflash/Project/PMAC Script Language/PLC Programs/PLC02_Sta.plc 
Including Project File: /var/ftp/usrflash/Project/PMAC Script Language/PLC Programs/PLC03_Cmd.plc 
Including Project File: /var/ftp/usrflash/Project/PMAC Script Language/PLC Programs/PLC04_Safety.plc 
Including Project File: /var/ftp/usrflash/Project/PMAC Script Language/PLC Programs/PLC05_Ecat.plc 
Including Project File: /var/ftp/usrflash/Project/PMAC Script Language/PLC Programs/PLC06_IoCom.plc 
Including Project File: /var/ftp/usrflash/Project/PMAC Script Language/PLC Programs/PLC10_Home.plc 
Including Project File: /var/ftp/usrflash/Project/PMAC Script Language/PLC Programs/PLC11_Jog.plc 
Including Project File: /var/ftp/usrflash/Project/PMAC Script Language/PLC Programs/PLC12_SeqMc.plc 
Including Project File: /var/ftp/usrflash/Project/PMAC Script Language/PLC Programs/PLC13_SeqWs.plc 
Including Project File: /var/ftp/usrflash/Project/PMAC Script Language/PLC Programs/PLC14_SeqVs.plc 
Including Project File: /var/ftp/usrflash/Project/PMAC Script Language/PLC Programs/PLC20_Cylinder.plc 
Including Project File: /var/ftp/usrflash/Project/PMAC Script Language/PLC Programs/PLC21_TestShot.plc 
Including Project File: /var/ftp/usrflash/Project/PMAC Script Language/PLC Programs/PLC22_LaserCtrl.plc 
Including Project File: /var/ftp/usrflash/Project/PMAC Script Language/PLC Programs/PLC23_TargetMove.plc 
Including Project File: /var/ftp/usrflash/Project/PMAC Script Language/PLC Programs/PLC24_Cover.plc 
Including Project File: /var/ftp/usrflash/Project/PMAC Script Language/PLC Programs/PLC25_BlowOff.plc 
Including Project File: /var/ftp/usrflash/Project/PMAC Script Language/PLC Programs/PLC27_PickAndPlace.plc 
Including Project File: /var/ftp/usrflash/Project/PMAC Script Language/PLC Programs/PLC28_VisionTrigger.plc 
Including Project File: /var/ftp/usrflash/Project/PMAC Script Language/PLC Programs/PLC29_Buf.plc 
Including Project File: /var/ftp/usrflash/Project/PMAC Script Language/PLC Programs/PLC30_Test.plc 
Including Project File: /var/ftp/usrflash/Project/PMAC Script Language/PLC Programs/PLC31_ReqSim.plc 
Including Project File: /var/ftp/usrflash/Project/PMAC Script Language/PLC Programs/PLC26_PowerCheck.plc 
Including Project File: /var/ftp/usrflash/Project/PMAC Script Language/PLC Programs/PLC32_VisionSeq.plc 
Including Project File: /var/ftp/usrflash/Project/Configuration/pp_startup.txt 
Status: Pass 1 Create debug file, #defines, *.h & .sym files, Time (sec) = 0.378044
Status: Pass 2 Verify prog calls, local stack & labels, Time (sec)  = 0.147712
3641 Project Symbols were created for gpascii -2 communication
Status: Create PPMAC Symbol Table & Run CPP Time (sec) = 0.872642
Status: Successful load of preprocessed File: "/var/ftp/usrflash/Temp/pp_proj.pma"
Status: Download to PPMAC Command Processor, Time (sec) = 0.177354
Status: Final pp_proj.h & Run Background C Apps, Time (sec) = 0.085552
Project Preprocessing & Load Total Time (sec) = 2.222808
[PMAC_CONFIG]
Successful: SaveConfiguration using /var/ftp/usrflash/Project/Configuration/pp_save.cfg
Successful: SaveCustomConfiguration using template /var/ftp/usrflash/Project/Configuration/pp_custom_save.tpl
[PMAC_PROJECT]
Start of Project Loading using INI File: "/var/ftp/usrflash/Project/Configuration/pp_proj.ini"
Including Project File: /var/ftp/usrflash/Project/Configuration/pp_disable.txt 
Including Project File: /var/ftp/usrflash/Project/PMAC Script Language/Global Includes/ECATMap.pmh 
Including Project File: /var/ftp/usrflash/Project/PMAC Script Language/Global Includes/AX1515_Mapping.pmh 
Including Project File: /var/ftp/usrflash/Project/PMAC Script Language/Global Includes/H00_Setup_System.pmh 
Including Project File: /var/ftp/usrflash/Project/PMAC Script Language/Global Includes/H01_Setup_EncTable.pmh 
Including Project File: /var/ftp/usrflash/Project/PMAC Script Language/Global Includes/H02_Setup_Motor.pmh 
Including Project File: /var/ftp/usrflash/Project/PMAC Script Language/Global Includes/H03_Setup_Coord.pmh 
Including Project File: /var/ftp/usrflash/Project/PMAC Script Language/Global Includes/H04_Setup_Ecat.pmh 
Including Project File: /var/ftp/usrflash/Project/PMAC Script Language/Global Includes/H05_Setup_Gpio.pmh 
Including Project File: /var/ftp/usrflash/Project/PMAC Script Language/Global Includes/H06_Variable_Umem.pmh 
Including Project File: /var/ftp/usrflash/Project/PMAC Script Language/Global Includes/H07_Variable_UmemArray.pmh 
Including Project File: /var/ftp/usrflash/Project/PMAC Script Language/Global Includes/H08_Variable_Prog.pmh 
Including Project File: /var/ftp/usrflash/Project/PMAC Script Language/Global Includes/H09_Kinematics.pmh 
Including Project File: /var/ftp/usrflash/Project/PMAC Script Language/Global Includes/H10_Nc.pmh 
Including Project File: /var/ftp/usrflash/Project/PMAC Script Language/Kinematic Routines/Forward1.kin 
Including Project File: /var/ftp/usrflash/Project/PMAC Script Language/Kinematic Routines/Inverse1.kin 
Including Project File: /var/ftp/usrflash/Project/PMAC Script Language/Kinematic Routines/Forward2.kin 
Including Project File: /var/ftp/usrflash/Project/PMAC Script Language/Kinematic Routines/Inverse2.kin 
Including Project File: /var/ftp/usrflash/Project/PMAC Script Language/Kinematic Routines/Forward3.kin 
Including Project File: /var/ftp/usrflash/Project/PMAC Script Language/Kinematic Routines/Inverse3.kin 
Including Project File: /var/ftp/usrflash/Project/PMAC Script Language/Libraries/timer.pmc 
Including Project File: /var/ftp/usrflash/Project/PMAC Script Language/Libraries/SPG_Gcode.pmc 
Including Project File: /var/ftp/usrflash/Project/PMAC Script Language/Libraries/SPG_Mcode.pmc 
Including Project File: /var/ftp/usrflash/Project/PMAC Script Language/Libraries/SPG_AbortVsHome.pmc 
Including Project File: /var/ftp/usrflash/Project/PMAC Script Language/Libraries/SPG_AbortVsLoop.pmc 
Including Project File: /var/ftp/usrflash/Project/PMAC Script Language/Libraries/SPG_AbortWsHome.pmc 
Including Project File: /var/ftp/usrflash/Project/PMAC Script Language/Libraries/SPG_AbortWsLoop.pmc 
Including Project File: /var/ftp/usrflash/Project/PMAC Script Language/Libraries/SPG_InitCommand.pmc 
Including Project File: /var/ftp/usrflash/Project/PMAC Script Language/Libraries/SPG_InitECylinder.pmc 
Including Project File: /var/ftp/usrflash/Project/PMAC Script Language/Libraries/SPG_InitMotor.pmc 
Including Project File: /var/ftp/usrflash/Project/PMAC Script Language/Libraries/SPG_InitScanner.pmc 
Including Project File: /var/ftp/usrflash/Project/PMAC Script Language/Libraries/SPG_InitSeqParam.pmc 
Including Project File: /var/ftp/usrflash/Project/PMAC Script Language/Libraries/SPG_SetDefaultParam.pmc 
Including Project File: /var/ftp/usrflash/Project/PMAC Script Language/Libraries/SPG_SetEquOut.pmc 
Including Project File: /var/ftp/usrflash/Project/PMAC Script Language/Libraries/SPG_SetSeqBufQ.pmc 
Including Project File: /var/ftp/usrflash/Project/PMAC Script Language/Libraries/SPG_SetVsLdParam.pmc 
Including Project File: /var/ftp/usrflash/Project/PMAC Script Language/Libraries/SPG_SetVsRdParam.pmc 
Including Project File: /var/ftp/usrflash/Project/PMAC Script Language/Libraries/SPG_SetVsRjParam.pmc 
Including Project File: /var/ftp/usrflash/Project/PMAC Script Language/Libraries/SPG_SetVsUdParam.pmc 
Including Project File: /var/ftp/usrflash/Project/PMAC Script Language/Libraries/SPG_SetVsVnParam.pmc 
Including Project File: /var/ftp/usrflash/Project/PMAC Script Language/Libraries/SPG_SetVsWtParam.pmc 
Including Project File: /var/ftp/usrflash/Project/PMAC Script Language/Libraries/SPG_SetWsLdParam.pmc 
Including Project File: /var/ftp/usrflash/Project/PMAC Script Language/Libraries/SPG_SetWsRdParam.pmc 
Including Project File: /var/ftp/usrflash/Project/PMAC Script Language/Libraries/SPG_SetWsRjParam.pmc 
Including Project File: /var/ftp/usrflash/Project/PMAC Script Language/Libraries/SPG_SetWsUdParam.pmc 
Including Project File: /var/ftp/usrflash/Project/PMAC Script Language/Libraries/SPG_SetWsWdParam.pmc 
Including Project File: /var/ftp/usrflash/Project/PMAC Script Language/Libraries/SPG_SetWsWtParam.pmc 
Including Project File: /var/ftp/usrflash/Project/PMAC Script Language/Libraries/SPG_ReadScPos.pmc 
Including Project File: /var/ftp/usrflash/Project/PMAC Script Language/Libraries/SPG_ResetVsAlarm.pmc 
Including Project File: /var/ftp/usrflash/Project/PMAC Script Language/Libraries/SPG_ResetWsAlarm.pmc 
Including Project File: /var/ftp/usrflash/Project/PMAC Script Language/Libraries/SPG_ReadThPos.pmc 
Including Project File: /var/ftp/usrflash/Project/PMAC Script Language/Motion Programs/PRG01_Test1.pmc 
Including Project File: /var/ftp/usrflash/Project/PMAC Script Language/Motion Programs/PRG02_Test2.pmc 
Including Project File: /var/ftp/usrflash/Project/PMAC Script Language/Motion Programs/PRG03_Test3.pmc 
Including Project File: /var/ftp/usrflash/Project/PMAC Script Language/Motion Programs/PRG04_Test4.pmc 
Including Project File: /var/ftp/usrflash/Project/PMAC Script Language/Motion Programs/PRG05_Test5.pmc 
Including Project File: /var/ftp/usrflash/Project/PMAC Script Language/Motion Programs/PRG19_Zero.pmc 
Including Project File: /var/ftp/usrflash/Project/PMAC Script Language/Motion Programs/PRG20_Welding.pmc 
Including Project File: /var/ftp/usrflash/Project/PMAC Script Language/Motion Programs/PRG21_Circle.pmc 
Including Project File: /var/ftp/usrflash/Project/PMAC Script Language/Motion Programs/PRG22_SnowMan.pmc 
Including Project File: /var/ftp/usrflash/Project/PMAC Script Language/Motion Programs/PRG23_ButterFly.pmc 
Including Project File: /var/ftp/usrflash/Project/PMAC Script Language/Motion Programs/PRG24_Column.pmc 
Including Project File: /var/ftp/usrflash/Project/PMAC Script Language/Motion Programs/PRG25_Row.pmc 
Including Project File: /var/ftp/usrflash/Project/PMAC Script Language/Motion Programs/PRG30_Vision.pmc 
Including Project File: /var/ftp/usrflash/Project/PMAC Script Language/Motion Programs/PRG50_LaserTest_Cross.pmc 
Including Project File: /var/ftp/usrflash/Project/PMAC Script Language/Motion Programs/PRG51_LaserTest_Line.pmc 
Including Project File: /var/ftp/usrflash/Project/PMAC Script Language/PLC Programs/PLC00_RTI.plc 
Including Project File: /var/ftp/usrflash/Project/PMAC Script Language/PLC Programs/PLC01_Init.plc 
Including Project File: /var/ftp/usrflash/Project/PMAC Script Language/PLC Programs/PLC02_Sta.plc 
Including Project File: /var/ftp/usrflash/Project/PMAC Script Language/PLC Programs/PLC03_Cmd.plc 
Including Project File: /var/ftp/usrflash/Project/PMAC Script Language/PLC Programs/PLC04_Safety.plc 
Including Project File: /var/ftp/usrflash/Project/PMAC Script Language/PLC Programs/PLC05_Ecat.plc 
Including Project File: /var/ftp/usrflash/Project/PMAC Script Language/PLC Programs/PLC06_IoCom.plc 
Including Project File: /var/ftp/usrflash/Project/PMAC Script Language/PLC Programs/PLC10_Home.plc 
Including Project File: /var/ftp/usrflash/Project/PMAC Script Language/PLC Programs/PLC11_Jog.plc 
Including Project File: /var/ftp/usrflash/Project/PMAC Script Language/PLC Programs/PLC12_SeqMc.plc 
Including Project File: /var/ftp/usrflash/Project/PMAC Script Language/PLC Programs/PLC13_SeqWs.plc 
Including Project File: /var/ftp/usrflash/Project/PMAC Script Language/PLC Programs/PLC14_SeqVs.plc 
Including Project File: /var/ftp/usrflash/Project/PMAC Script Language/PLC Programs/PLC20_Cylinder.plc 
Including Project File: /var/ftp/usrflash/Project/PMAC Script Language/PLC Programs/PLC21_TestShot.plc 
Including Project File: /var/ftp/usrflash/Project/PMAC Script Language/PLC Programs/PLC22_LaserCtrl.plc 
Including Project File: /var/ftp/usrflash/Project/PMAC Script Language/PLC Programs/PLC23_TargetMove.plc 
Including Project File: /var/ftp/usrflash/Project/PMAC Script Language/PLC Programs/PLC24_Cover.plc 
Including Project File: /var/ftp/usrflash/Project/PMAC Script Language/PLC Programs/PLC25_BlowOff.plc 
Including Project File: /var/ftp/usrflash/Project/PMAC Script Language/PLC Programs/PLC27_PickAndPlace.plc 
Including Project File: /var/ftp/usrflash/Project/PMAC Script Language/PLC Programs/PLC28_VisionTrigger.plc 
Including Project File: /var/ftp/usrflash/Project/PMAC Script Language/PLC Programs/PLC29_Buf.plc 
Including Project File: /var/ftp/usrflash/Project/PMAC Script Language/PLC Programs/PLC30_Test.plc 
Including Project File: /var/ftp/usrflash/Project/PMAC Script Language/PLC Programs/PLC31_ReqSim.plc 
Including Project File: /var/ftp/usrflash/Project/PMAC Script Language/PLC Programs/PLC26_PowerCheck.plc 
Including Project File: /var/ftp/usrflash/Project/PMAC Script Language/PLC Programs/PLC32_VisionSeq.plc 
Including Project File: /var/ftp/usrflash/Project/Configuration/pp_startup.txt 
3641 Project Symbols were created for gpascii -2 communication
[PMAC_PROJECT]
Start of Project Loading using INI File: "/var/ftp/usrflash/Project/Configuration/pp_proj.ini"
Success: Loading usralgo.ko
Success: Loading RT Address of CfromScript
Success: Loading RT Address of CaptCompISR
LoadRTUserCode() Delta Time (sec) = 0.582350
Including Project File: /var/ftp/usrflash/Project/Configuration/pp_disable.txt 
Including Project File: /var/ftp/usrflash/Project/PMAC Script Language/Global Includes/ECATMap.pmh 
Including Project File: /var/ftp/usrflash/Project/PMAC Script Language/Global Includes/AX1515_Mapping.pmh 
Including Project File: /var/ftp/usrflash/Project/PMAC Script Language/Global Includes/H00_Setup_System.pmh 
Including Project File: /var/ftp/usrflash/Project/PMAC Script Language/Global Includes/H01_Setup_EncTable.pmh 
Including Project File: /var/ftp/usrflash/Project/PMAC Script Language/Global Includes/H02_Setup_Motor.pmh 
Including Project File: /var/ftp/usrflash/Project/PMAC Script Language/Global Includes/H03_Setup_Coord.pmh 
Including Project File: /var/ftp/usrflash/Project/PMAC Script Language/Global Includes/H04_Setup_Ecat.pmh 
Including Project File: /var/ftp/usrflash/Project/PMAC Script Language/Global Includes/H05_Setup_Gpio.pmh 
Including Project File: /var/ftp/usrflash/Project/PMAC Script Language/Global Includes/H06_Variable_Umem.pmh 
Including Project File: /var/ftp/usrflash/Project/PMAC Script Language/Global Includes/H07_Variable_UmemArray.pmh 
Including Project File: /var/ftp/usrflash/Project/PMAC Script Language/Global Includes/H08_Variable_Prog.pmh 
Including Project File: /var/ftp/usrflash/Project/PMAC Script Language/Global Includes/H09_Kinematics.pmh 
Including Project File: /var/ftp/usrflash/Project/PMAC Script Language/Global Includes/H10_Nc.pmh 
Including Project File: /var/ftp/usrflash/Project/PMAC Script Language/Kinematic Routines/Forward1.kin 
Including Project File: /var/ftp/usrflash/Project/PMAC Script Language/Kinematic Routines/Inverse1.kin 
Including Project File: /var/ftp/usrflash/Project/PMAC Script Language/Kinematic Routines/Forward2.kin 
Including Project File: /var/ftp/usrflash/Project/PMAC Script Language/Kinematic Routines/Inverse2.kin 
Including Project File: /var/ftp/usrflash/Project/PMAC Script Language/Kinematic Routines/Forward3.kin 
Including Project File: /var/ftp/usrflash/Project/PMAC Script Language/Kinematic Routines/Inverse3.kin 
Including Project File: /var/ftp/usrflash/Project/PMAC Script Language/Libraries/timer.pmc 
Including Project File: /var/ftp/usrflash/Project/PMAC Script Language/Libraries/SPG_Gcode.pmc 
Including Project File: /var/ftp/usrflash/Project/PMAC Script Language/Libraries/SPG_Mcode.pmc 
Including Project File: /var/ftp/usrflash/Project/PMAC Script Language/Libraries/SPG_AbortVsHome.pmc 
Including Project File: /var/ftp/usrflash/Project/PMAC Script Language/Libraries/SPG_AbortVsLoop.pmc 
Including Project File: /var/ftp/usrflash/Project/PMAC Script Language/Libraries/SPG_AbortWsHome.pmc 
Including Project File: /var/ftp/usrflash/Project/PMAC Script Language/Libraries/SPG_AbortWsLoop.pmc 
Including Project File: /var/ftp/usrflash/Project/PMAC Script Language/Libraries/SPG_InitCommand.pmc 
Including Project File: /var/ftp/usrflash/Project/PMAC Script Language/Libraries/SPG_InitECylinder.pmc 
Including Project File: /var/ftp/usrflash/Project/PMAC Script Language/Libraries/SPG_InitMotor.pmc 
Including Project File: /var/ftp/usrflash/Project/PMAC Script Language/Libraries/SPG_InitScanner.pmc 
Including Project File: /var/ftp/usrflash/Project/PMAC Script Language/Libraries/SPG_InitSeqParam.pmc 
Including Project File: /var/ftp/usrflash/Project/PMAC Script Language/Libraries/SPG_SetDefaultParam.pmc 
Including Project File: /var/ftp/usrflash/Project/PMAC Script Language/Libraries/SPG_SetEquOut.pmc 
Including Project File: /var/ftp/usrflash/Project/PMAC Script Language/Libraries/SPG_SetSeqBufQ.pmc 
Including Project File: /var/ftp/usrflash/Project/PMAC Script Language/Libraries/SPG_SetVsLdParam.pmc 
Including Project File: /var/ftp/usrflash/Project/PMAC Script Language/Libraries/SPG_SetVsRdParam.pmc 
Including Project File: /var/ftp/usrflash/Project/PMAC Script Language/Libraries/SPG_SetVsRjParam.pmc 
Including Project File: /var/ftp/usrflash/Project/PMAC Script Language/Libraries/SPG_SetVsUdParam.pmc 
Including Project File: /var/ftp/usrflash/Project/PMAC Script Language/Libraries/SPG_SetVsVnParam.pmc 
Including Project File: /var/ftp/usrflash/Project/PMAC Script Language/Libraries/SPG_SetVsWtParam.pmc 
Including Project File: /var/ftp/usrflash/Project/PMAC Script Language/Libraries/SPG_SetWsLdParam.pmc 
Including Project File: /var/ftp/usrflash/Project/PMAC Script Language/Libraries/SPG_SetWsRdParam.pmc 
Including Project File: /var/ftp/usrflash/Project/PMAC Script Language/Libraries/SPG_SetWsRjParam.pmc 
Including Project File: /var/ftp/usrflash/Project/PMAC Script Language/Libraries/SPG_SetWsUdParam.pmc 
Including Project File: /var/ftp/usrflash/Project/PMAC Script Language/Libraries/SPG_SetWsWdParam.pmc 
Including Project File: /var/ftp/usrflash/Project/PMAC Script Language/Libraries/SPG_SetWsWtParam.pmc 
Including Project File: /var/ftp/usrflash/Project/PMAC Script Language/Libraries/SPG_ReadScPos.pmc 
Including Project File: /var/ftp/usrflash/Project/PMAC Script Language/Libraries/SPG_ResetVsAlarm.pmc 
Including Project File: /var/ftp/usrflash/Project/PMAC Script Language/Libraries/SPG_ResetWsAlarm.pmc 
Including Project File: /var/ftp/usrflash/Project/PMAC Script Language/Libraries/SPG_ReadThPos.pmc 
Including Project File: /var/ftp/usrflash/Project/PMAC Script Language/Motion Programs/PRG01_Test1.pmc 
Including Project File: /var/ftp/usrflash/Project/PMAC Script Language/Motion Programs/PRG02_Test2.pmc 
Including Project File: /var/ftp/usrflash/Project/PMAC Script Language/Motion Programs/PRG03_Test3.pmc 
Including Project File: /var/ftp/usrflash/Project/PMAC Script Language/Motion Programs/PRG04_Test4.pmc 
Including Project File: /var/ftp/usrflash/Project/PMAC Script Language/Motion Programs/PRG05_Test5.pmc 
Including Project File: /var/ftp/usrflash/Project/PMAC Script Language/Motion Programs/PRG19_Zero.pmc 
Including Project File: /var/ftp/usrflash/Project/PMAC Script Language/Motion Programs/PRG20_Welding.pmc 
Including Project File: /var/ftp/usrflash/Project/PMAC Script Language/Motion Programs/PRG21_Circle.pmc 
Including Project File: /var/ftp/usrflash/Project/PMAC Script Language/Motion Programs/PRG22_SnowMan.pmc 
Including Project File: /var/ftp/usrflash/Project/PMAC Script Language/Motion Programs/PRG23_ButterFly.pmc 
Including Project File: /var/ftp/usrflash/Project/PMAC Script Language/Motion Programs/PRG24_Column.pmc 
Including Project File: /var/ftp/usrflash/Project/PMAC Script Language/Motion Programs/PRG25_Row.pmc 
Including Project File: /var/ftp/usrflash/Project/PMAC Script Language/Motion Programs/PRG30_Vision.pmc 
Including Project File: /var/ftp/usrflash/Project/PMAC Script Language/Motion Programs/PRG50_LaserTest_Cross.pmc 
Including Project File: /var/ftp/usrflash/Project/PMAC Script Language/Motion Programs/PRG51_LaserTest_Line.pmc 
Including Project File: /var/ftp/usrflash/Project/PMAC Script Language/PLC Programs/PLC00_RTI.plc 
Including Project File: /var/ftp/usrflash/Project/PMAC Script Language/PLC Programs/PLC01_Init.plc 
Including Project File: /var/ftp/usrflash/Project/PMAC Script Language/PLC Programs/PLC02_Sta.plc 
Including Project File: /var/ftp/usrflash/Project/PMAC Script Language/PLC Programs/PLC03_Cmd.plc 
Including Project File: /var/ftp/usrflash/Project/PMAC Script Language/PLC Programs/PLC04_Safety.plc 
Including Project File: /var/ftp/usrflash/Project/PMAC Script Language/PLC Programs/PLC05_Ecat.plc 
Including Project File: /var/ftp/usrflash/Project/PMAC Script Language/PLC Programs/PLC06_IoCom.plc 
Including Project File: /var/ftp/usrflash/Project/PMAC Script Language/PLC Programs/PLC10_Home.plc 
Including Project File: /var/ftp/usrflash/Project/PMAC Script Language/PLC Programs/PLC11_Jog.plc 
Including Project File: /var/ftp/usrflash/Project/PMAC Script Language/PLC Programs/PLC12_SeqMc.plc 
Including Project File: /var/ftp/usrflash/Project/PMAC Script Language/PLC Programs/PLC13_SeqWs.plc 
Including Project File: /var/ftp/usrflash/Project/PMAC Script Language/PLC Programs/PLC14_SeqVs.plc 
Including Project File: /var/ftp/usrflash/Project/PMAC Script Language/PLC Programs/PLC20_Cylinder.plc 
Including Project File: /var/ftp/usrflash/Project/PMAC Script Language/PLC Programs/PLC21_TestShot.plc 
Including Project File: /var/ftp/usrflash/Project/PMAC Script Language/PLC Programs/PLC22_LaserCtrl.plc 
Including Project File: /var/ftp/usrflash/Project/PMAC Script Language/PLC Programs/PLC23_TargetMove.plc 
Including Project File: /var/ftp/usrflash/Project/PMAC Script Language/PLC Programs/PLC24_Cover.plc 
Including Project File: /var/ftp/usrflash/Project/PMAC Script Language/PLC Programs/PLC25_BlowOff.plc 
Including Project File: /var/ftp/usrflash/Project/PMAC Script Language/PLC Programs/PLC27_PickAndPlace.plc 
Including Project File: /var/ftp/usrflash/Project/PMAC Script Language/PLC Programs/PLC28_VisionTrigger.plc 
Including Project File: /var/ftp/usrflash/Project/PMAC Script Language/PLC Programs/PLC29_Buf.plc 
Including Project File: /var/ftp/usrflash/Project/PMAC Script Language/PLC Programs/PLC30_Test.plc 
Including Project File: /var/ftp/usrflash/Project/PMAC Script Language/PLC Programs/PLC31_ReqSim.plc 
Including Project File: /var/ftp/usrflash/Project/PMAC Script Language/PLC Programs/PLC26_PowerCheck.plc 
Including Project File: /var/ftp/usrflash/Project/PMAC Script Language/PLC Programs/PLC32_VisionSeq.plc 
Including Project File: /var/ftp/usrflash/Project/Configuration/pp_startup.txt 
Status: Pass 1 Create debug file, #defines, *.h & .sym files, Time (sec) = 0.386653
Status: Pass 2 Verify prog calls, local stack & labels, Time (sec)  = 0.151561
3641 Project Symbols were created for gpascii -2 communication
Status: Create PPMAC Symbol Table & Run CPP Time (sec) = 0.958264
Status: Successful load of preprocessed File: "/var/ftp/usrflash/Temp/pp_proj.pma"
Status: Download to PPMAC Command Processor, Time (sec) = 0.183001
Status: Final pp_proj.h & Run Background C Apps, Time (sec) = 0.071068
Project Preprocessing & Load Total Time (sec) = 2.332957
[PMAC_CONFIG]
Successful: SaveConfiguration using /var/ftp/usrflash/Project/Configuration/pp_save.cfg
Successful: SaveCustomConfiguration using template /var/ftp/usrflash/Project/Configuration/pp_custom_save.tpl
[PMAC_PROJECT]
Start of Project Loading using INI File: "/var/ftp/usrflash/Project/Configuration/pp_proj.ini"
Including Project File: /var/ftp/usrflash/Project/Configuration/pp_disable.txt 
Including Project File: /var/ftp/usrflash/Project/PMAC Script Language/Global Includes/ECATMap.pmh 
Including Project File: /var/ftp/usrflash/Project/PMAC Script Language/Global Includes/AX1515_Mapping.pmh 
Including Project File: /var/ftp/usrflash/Project/PMAC Script Language/Global Includes/H00_Setup_System.pmh 
Including Project File: /var/ftp/usrflash/Project/PMAC Script Language/Global Includes/H01_Setup_EncTable.pmh 
Including Project File: /var/ftp/usrflash/Project/PMAC Script Language/Global Includes/H02_Setup_Motor.pmh 
Including Project File: /var/ftp/usrflash/Project/PMAC Script Language/Global Includes/H03_Setup_Coord.pmh 
Including Project File: /var/ftp/usrflash/Project/PMAC Script Language/Global Includes/H04_Setup_Ecat.pmh 
Including Project File: /var/ftp/usrflash/Project/PMAC Script Language/Global Includes/H05_Setup_Gpio.pmh 
Including Project File: /var/ftp/usrflash/Project/PMAC Script Language/Global Includes/H06_Variable_Umem.pmh 
Including Project File: /var/ftp/usrflash/Project/PMAC Script Language/Global Includes/H07_Variable_UmemArray.pmh 
Including Project File: /var/ftp/usrflash/Project/PMAC Script Language/Global Includes/H08_Variable_Prog.pmh 
Including Project File: /var/ftp/usrflash/Project/PMAC Script Language/Global Includes/H09_Kinematics.pmh 
Including Project File: /var/ftp/usrflash/Project/PMAC Script Language/Global Includes/H10_Nc.pmh 
Including Project File: /var/ftp/usrflash/Project/PMAC Script Language/Kinematic Routines/Forward1.kin 
Including Project File: /var/ftp/usrflash/Project/PMAC Script Language/Kinematic Routines/Inverse1.kin 
Including Project File: /var/ftp/usrflash/Project/PMAC Script Language/Kinematic Routines/Forward2.kin 
Including Project File: /var/ftp/usrflash/Project/PMAC Script Language/Kinematic Routines/Inverse2.kin 
Including Project File: /var/ftp/usrflash/Project/PMAC Script Language/Kinematic Routines/Forward3.kin 
Including Project File: /var/ftp/usrflash/Project/PMAC Script Language/Kinematic Routines/Inverse3.kin 
Including Project File: /var/ftp/usrflash/Project/PMAC Script Language/Libraries/timer.pmc 
Including Project File: /var/ftp/usrflash/Project/PMAC Script Language/Libraries/SPG_Gcode.pmc 
Including Project File: /var/ftp/usrflash/Project/PMAC Script Language/Libraries/SPG_Mcode.pmc 
Including Project File: /var/ftp/usrflash/Project/PMAC Script Language/Libraries/SPG_AbortVsHome.pmc 
Including Project File: /var/ftp/usrflash/Project/PMAC Script Language/Libraries/SPG_AbortVsLoop.pmc 
Including Project File: /var/ftp/usrflash/Project/PMAC Script Language/Libraries/SPG_AbortWsHome.pmc 
Including Project File: /var/ftp/usrflash/Project/PMAC Script Language/Libraries/SPG_AbortWsLoop.pmc 
Including Project File: /var/ftp/usrflash/Project/PMAC Script Language/Libraries/SPG_InitCommand.pmc 
Including Project File: /var/ftp/usrflash/Project/PMAC Script Language/Libraries/SPG_InitECylinder.pmc 
Including Project File: /var/ftp/usrflash/Project/PMAC Script Language/Libraries/SPG_InitMotor.pmc 
Including Project File: /var/ftp/usrflash/Project/PMAC Script Language/Libraries/SPG_InitScanner.pmc 
Including Project File: /var/ftp/usrflash/Project/PMAC Script Language/Libraries/SPG_InitSeqParam.pmc 
Including Project File: /var/ftp/usrflash/Project/PMAC Script Language/Libraries/SPG_SetDefaultParam.pmc 
Including Project File: /var/ftp/usrflash/Project/PMAC Script Language/Libraries/SPG_SetEquOut.pmc 
Including Project File: /var/ftp/usrflash/Project/PMAC Script Language/Libraries/SPG_SetSeqBufQ.pmc 
Including Project File: /var/ftp/usrflash/Project/PMAC Script Language/Libraries/SPG_SetVsLdParam.pmc 
Including Project File: /var/ftp/usrflash/Project/PMAC Script Language/Libraries/SPG_SetVsRdParam.pmc 
Including Project File: /var/ftp/usrflash/Project/PMAC Script Language/Libraries/SPG_SetVsRjParam.pmc 
Including Project File: /var/ftp/usrflash/Project/PMAC Script Language/Libraries/SPG_SetVsUdParam.pmc 
Including Project File: /var/ftp/usrflash/Project/PMAC Script Language/Libraries/SPG_SetVsVnParam.pmc 
Including Project File: /var/ftp/usrflash/Project/PMAC Script Language/Libraries/SPG_SetVsWtParam.pmc 
Including Project File: /var/ftp/usrflash/Project/PMAC Script Language/Libraries/SPG_SetWsLdParam.pmc 
Including Project File: /var/ftp/usrflash/Project/PMAC Script Language/Libraries/SPG_SetWsRdParam.pmc 
Including Project File: /var/ftp/usrflash/Project/PMAC Script Language/Libraries/SPG_SetWsRjParam.pmc 
Including Project File: /var/ftp/usrflash/Project/PMAC Script Language/Libraries/SPG_SetWsUdParam.pmc 
Including Project File: /var/ftp/usrflash/Project/PMAC Script Language/Libraries/SPG_SetWsWdParam.pmc 
Including Project File: /var/ftp/usrflash/Project/PMAC Script Language/Libraries/SPG_SetWsWtParam.pmc 
Including Project File: /var/ftp/usrflash/Project/PMAC Script Language/Libraries/SPG_ReadScPos.pmc 
Including Project File: /var/ftp/usrflash/Project/PMAC Script Language/Libraries/SPG_ResetVsAlarm.pmc 
Including Project File: /var/ftp/usrflash/Project/PMAC Script Language/Libraries/SPG_ResetWsAlarm.pmc 
Including Project File: /var/ftp/usrflash/Project/PMAC Script Language/Libraries/SPG_ReadThPos.pmc 
Including Project File: /var/ftp/usrflash/Project/PMAC Script Language/Motion Programs/PRG01_Test1.pmc 
Including Project File: /var/ftp/usrflash/Project/PMAC Script Language/Motion Programs/PRG02_Test2.pmc 
Including Project File: /var/ftp/usrflash/Project/PMAC Script Language/Motion Programs/PRG03_Test3.pmc 
Including Project File: /var/ftp/usrflash/Project/PMAC Script Language/Motion Programs/PRG04_Test4.pmc 
Including Project File: /var/ftp/usrflash/Project/PMAC Script Language/Motion Programs/PRG05_Test5.pmc 
Including Project File: /var/ftp/usrflash/Project/PMAC Script Language/Motion Programs/PRG19_Zero.pmc 
Including Project File: /var/ftp/usrflash/Project/PMAC Script Language/Motion Programs/PRG20_Welding.pmc 
Including Project File: /var/ftp/usrflash/Project/PMAC Script Language/Motion Programs/PRG21_Circle.pmc 
Including Project File: /var/ftp/usrflash/Project/PMAC Script Language/Motion Programs/PRG22_SnowMan.pmc 
Including Project File: /var/ftp/usrflash/Project/PMAC Script Language/Motion Programs/PRG23_ButterFly.pmc 
Including Project File: /var/ftp/usrflash/Project/PMAC Script Language/Motion Programs/PRG24_Column.pmc 
Including Project File: /var/ftp/usrflash/Project/PMAC Script Language/Motion Programs/PRG25_Row.pmc 
Including Project File: /var/ftp/usrflash/Project/PMAC Script Language/Motion Programs/PRG30_Vision.pmc 
Including Project File: /var/ftp/usrflash/Project/PMAC Script Language/Motion Programs/PRG50_LaserTest_Cross.pmc 
Including Project File: /var/ftp/usrflash/Project/PMAC Script Language/Motion Programs/PRG51_LaserTest_Line.pmc 
Including Project File: /var/ftp/usrflash/Project/PMAC Script Language/PLC Programs/PLC00_RTI.plc 
Including Project File: /var/ftp/usrflash/Project/PMAC Script Language/PLC Programs/PLC01_Init.plc 
Including Project File: /var/ftp/usrflash/Project/PMAC Script Language/PLC Programs/PLC02_Sta.plc 
Including Project File: /var/ftp/usrflash/Project/PMAC Script Language/PLC Programs/PLC03_Cmd.plc 
Including Project File: /var/ftp/usrflash/Project/PMAC Script Language/PLC Programs/PLC04_Safety.plc 
Including Project File: /var/ftp/usrflash/Project/PMAC Script Language/PLC Programs/PLC05_Ecat.plc 
Including Project File: /var/ftp/usrflash/Project/PMAC Script Language/PLC Programs/PLC06_IoCom.plc 
Including Project File: /var/ftp/usrflash/Project/PMAC Script Language/PLC Programs/PLC10_Home.plc 
Including Project File: /var/ftp/usrflash/Project/PMAC Script Language/PLC Programs/PLC11_Jog.plc 
Including Project File: /var/ftp/usrflash/Project/PMAC Script Language/PLC Programs/PLC12_SeqMc.plc 
Including Project File: /var/ftp/usrflash/Project/PMAC Script Language/PLC Programs/PLC13_SeqWs.plc 
Including Project File: /var/ftp/usrflash/Project/PMAC Script Language/PLC Programs/PLC14_SeqVs.plc 
Including Project File: /var/ftp/usrflash/Project/PMAC Script Language/PLC Programs/PLC20_Cylinder.plc 
Including Project File: /var/ftp/usrflash/Project/PMAC Script Language/PLC Programs/PLC21_TestShot.plc 
Including Project File: /var/ftp/usrflash/Project/PMAC Script Language/PLC Programs/PLC22_LaserCtrl.plc 
Including Project File: /var/ftp/usrflash/Project/PMAC Script Language/PLC Programs/PLC23_TargetMove.plc 
Including Project File: /var/ftp/usrflash/Project/PMAC Script Language/PLC Programs/PLC24_Cover.plc 
Including Project File: /var/ftp/usrflash/Project/PMAC Script Language/PLC Programs/PLC25_BlowOff.plc 
Including Project File: /var/ftp/usrflash/Project/PMAC Script Language/PLC Programs/PLC27_PickAndPlace.plc 
Including Project File: /var/ftp/usrflash/Project/PMAC Script Language/PLC Programs/PLC28_VisionTrigger.plc 
Including Project File: /var/ftp/usrflash/Project/PMAC Script Language/PLC Programs/PLC29_Buf.plc 
Including Project File: /var/ftp/usrflash/Project/PMAC Script Language/PLC Programs/PLC30_Test.plc 
Including Project File: /var/ftp/usrflash/Project/PMAC Script Language/PLC Programs/PLC31_ReqSim.plc 
Including Project File: /var/ftp/usrflash/Project/PMAC Script Language/PLC Programs/PLC26_PowerCheck.plc 
Including Project File: /var/ftp/usrflash/Project/PMAC Script Language/PLC Programs/PLC32_VisionSeq.plc 
Including Project File: /var/ftp/usrflash/Project/Configuration/pp_startup.txt 
3641 Project Symbols were created for gpascii -2 communication
[PMAC_PROJECT]
Start of Project Loading using INI File: "/var/ftp/usrflash/Project/Configuration/pp_proj.ini"
Success: Loading usralgo.ko
Success: Loading RT Address of CfromScript
Success: Loading RT Address of CaptCompISR
LoadRTUserCode() Delta Time (sec) = 0.625679
Including Project File: /var/ftp/usrflash/Project/Configuration/pp_disable.txt 
Including Project File: /var/ftp/usrflash/Project/PMAC Script Language/Global Includes/ECATMap.pmh 
Including Project File: /var/ftp/usrflash/Project/PMAC Script Language/Global Includes/AX1515_Mapping.pmh 
Including Project File: /var/ftp/usrflash/Project/PMAC Script Language/Global Includes/H00_Setup_System.pmh 
Including Project File: /var/ftp/usrflash/Project/PMAC Script Language/Global Includes/H01_Setup_EncTable.pmh 
Including Project File: /var/ftp/usrflash/Project/PMAC Script Language/Global Includes/H02_Setup_Motor.pmh 
Including Project File: /var/ftp/usrflash/Project/PMAC Script Language/Global Includes/H03_Setup_Coord.pmh 
Including Project File: /var/ftp/usrflash/Project/PMAC Script Language/Global Includes/H04_Setup_Ecat.pmh 
Including Project File: /var/ftp/usrflash/Project/PMAC Script Language/Global Includes/H05_Setup_Gpio.pmh 
Including Project File: /var/ftp/usrflash/Project/PMAC Script Language/Global Includes/H06_Variable_Umem.pmh 
Including Project File: /var/ftp/usrflash/Project/PMAC Script Language/Global Includes/H07_Variable_UmemArray.pmh 
Including Project File: /var/ftp/usrflash/Project/PMAC Script Language/Global Includes/H08_Variable_Prog.pmh 
Including Project File: /var/ftp/usrflash/Project/PMAC Script Language/Global Includes/H09_Kinematics.pmh 
Including Project File: /var/ftp/usrflash/Project/PMAC Script Language/Global Includes/H10_Nc.pmh 
Including Project File: /var/ftp/usrflash/Project/PMAC Script Language/Kinematic Routines/Forward1.kin 
Including Project File: /var/ftp/usrflash/Project/PMAC Script Language/Kinematic Routines/Inverse1.kin 
Including Project File: /var/ftp/usrflash/Project/PMAC Script Language/Kinematic Routines/Forward2.kin 
Including Project File: /var/ftp/usrflash/Project/PMAC Script Language/Kinematic Routines/Inverse2.kin 
Including Project File: /var/ftp/usrflash/Project/PMAC Script Language/Kinematic Routines/Forward3.kin 
Including Project File: /var/ftp/usrflash/Project/PMAC Script Language/Kinematic Routines/Inverse3.kin 
Including Project File: /var/ftp/usrflash/Project/PMAC Script Language/Libraries/timer.pmc 
Including Project File: /var/ftp/usrflash/Project/PMAC Script Language/Libraries/SPG_Gcode.pmc 
Including Project File: /var/ftp/usrflash/Project/PMAC Script Language/Libraries/SPG_Mcode.pmc 
Including Project File: /var/ftp/usrflash/Project/PMAC Script Language/Libraries/SPG_AbortVsHome.pmc 
Including Project File: /var/ftp/usrflash/Project/PMAC Script Language/Libraries/SPG_AbortVsLoop.pmc 
Including Project File: /var/ftp/usrflash/Project/PMAC Script Language/Libraries/SPG_AbortWsHome.pmc 
Including Project File: /var/ftp/usrflash/Project/PMAC Script Language/Libraries/SPG_AbortWsLoop.pmc 
Including Project File: /var/ftp/usrflash/Project/PMAC Script Language/Libraries/SPG_InitCommand.pmc 
Including Project File: /var/ftp/usrflash/Project/PMAC Script Language/Libraries/SPG_InitECylinder.pmc 
Including Project File: /var/ftp/usrflash/Project/PMAC Script Language/Libraries/SPG_InitMotor.pmc 
Including Project File: /var/ftp/usrflash/Project/PMAC Script Language/Libraries/SPG_InitScanner.pmc 
Including Project File: /var/ftp/usrflash/Project/PMAC Script Language/Libraries/SPG_InitSeqParam.pmc 
Including Project File: /var/ftp/usrflash/Project/PMAC Script Language/Libraries/SPG_SetDefaultParam.pmc 
Including Project File: /var/ftp/usrflash/Project/PMAC Script Language/Libraries/SPG_SetEquOut.pmc 
Including Project File: /var/ftp/usrflash/Project/PMAC Script Language/Libraries/SPG_SetSeqBufQ.pmc 
Including Project File: /var/ftp/usrflash/Project/PMAC Script Language/Libraries/SPG_SetVsLdParam.pmc 
Including Project File: /var/ftp/usrflash/Project/PMAC Script Language/Libraries/SPG_SetVsRdParam.pmc 
Including Project File: /var/ftp/usrflash/Project/PMAC Script Language/Libraries/SPG_SetVsRjParam.pmc 
Including Project File: /var/ftp/usrflash/Project/PMAC Script Language/Libraries/SPG_SetVsUdParam.pmc 
Including Project File: /var/ftp/usrflash/Project/PMAC Script Language/Libraries/SPG_SetVsVnParam.pmc 
Including Project File: /var/ftp/usrflash/Project/PMAC Script Language/Libraries/SPG_SetVsWtParam.pmc 
Including Project File: /var/ftp/usrflash/Project/PMAC Script Language/Libraries/SPG_SetWsLdParam.pmc 
Including Project File: /var/ftp/usrflash/Project/PMAC Script Language/Libraries/SPG_SetWsRdParam.pmc 
Including Project File: /var/ftp/usrflash/Project/PMAC Script Language/Libraries/SPG_SetWsRjParam.pmc 
Including Project File: /var/ftp/usrflash/Project/PMAC Script Language/Libraries/SPG_SetWsUdParam.pmc 
Including Project File: /var/ftp/usrflash/Project/PMAC Script Language/Libraries/SPG_SetWsWdParam.pmc 
Including Project File: /var/ftp/usrflash/Project/PMAC Script Language/Libraries/SPG_SetWsWtParam.pmc 
Including Project File: /var/ftp/usrflash/Project/PMAC Script Language/Libraries/SPG_ReadScPos.pmc 
Including Project File: /var/ftp/usrflash/Project/PMAC Script Language/Libraries/SPG_ResetVsAlarm.pmc 
Including Project File: /var/ftp/usrflash/Project/PMAC Script Language/Libraries/SPG_ResetWsAlarm.pmc 
Including Project File: /var/ftp/usrflash/Project/PMAC Script Language/Libraries/SPG_ReadThPos.pmc 
Including Project File: /var/ftp/usrflash/Project/PMAC Script Language/Motion Programs/PRG01_Test1.pmc 
Including Project File: /var/ftp/usrflash/Project/PMAC Script Language/Motion Programs/PRG02_Test2.pmc 
Including Project File: /var/ftp/usrflash/Project/PMAC Script Language/Motion Programs/PRG03_Test3.pmc 
Including Project File: /var/ftp/usrflash/Project/PMAC Script Language/Motion Programs/PRG04_Test4.pmc 
Including Project File: /var/ftp/usrflash/Project/PMAC Script Language/Motion Programs/PRG05_Test5.pmc 
Including Project File: /var/ftp/usrflash/Project/PMAC Script Language/Motion Programs/PRG19_Zero.pmc 
Including Project File: /var/ftp/usrflash/Project/PMAC Script Language/Motion Programs/PRG20_Welding.pmc 
Including Project File: /var/ftp/usrflash/Project/PMAC Script Language/Motion Programs/PRG21_Circle.pmc 
Including Project File: /var/ftp/usrflash/Project/PMAC Script Language/Motion Programs/PRG22_SnowMan.pmc 
Including Project File: /var/ftp/usrflash/Project/PMAC Script Language/Motion Programs/PRG23_ButterFly.pmc 
Including Project File: /var/ftp/usrflash/Project/PMAC Script Language/Motion Programs/PRG24_Column.pmc 
Including Project File: /var/ftp/usrflash/Project/PMAC Script Language/Motion Programs/PRG25_Row.pmc 
Including Project File: /var/ftp/usrflash/Project/PMAC Script Language/Motion Programs/PRG30_Vision.pmc 
Including Project File: /var/ftp/usrflash/Project/PMAC Script Language/Motion Programs/PRG50_LaserTest_Cross.pmc 
Including Project File: /var/ftp/usrflash/Project/PMAC Script Language/Motion Programs/PRG51_LaserTest_Line.pmc 
Including Project File: /var/ftp/usrflash/Project/PMAC Script Language/PLC Programs/PLC00_RTI.plc 
Including Project File: /var/ftp/usrflash/Project/PMAC Script Language/PLC Programs/PLC01_Init.plc 
Including Project File: /var/ftp/usrflash/Project/PMAC Script Language/PLC Programs/PLC02_Sta.plc 
Including Project File: /var/ftp/usrflash/Project/PMAC Script Language/PLC Programs/PLC03_Cmd.plc 
Including Project File: /var/ftp/usrflash/Project/PMAC Script Language/PLC Programs/PLC04_Safety.plc 
Including Project File: /var/ftp/usrflash/Project/PMAC Script Language/PLC Programs/PLC05_Ecat.plc 
Including Project File: /var/ftp/usrflash/Project/PMAC Script Language/PLC Programs/PLC06_IoCom.plc 
Including Project File: /var/ftp/usrflash/Project/PMAC Script Language/PLC Programs/PLC10_Home.plc 
Including Project File: /var/ftp/usrflash/Project/PMAC Script Language/PLC Programs/PLC11_Jog.plc 
Including Project File: /var/ftp/usrflash/Project/PMAC Script Language/PLC Programs/PLC12_SeqMc.plc 
Including Project File: /var/ftp/usrflash/Project/PMAC Script Language/PLC Programs/PLC13_SeqWs.plc 
Including Project File: /var/ftp/usrflash/Project/PMAC Script Language/PLC Programs/PLC14_SeqVs.plc 
Including Project File: /var/ftp/usrflash/Project/PMAC Script Language/PLC Programs/PLC20_Cylinder.plc 
Including Project File: /var/ftp/usrflash/Project/PMAC Script Language/PLC Programs/PLC21_TestShot.plc 
Including Project File: /var/ftp/usrflash/Project/PMAC Script Language/PLC Programs/PLC22_LaserCtrl.plc 
Including Project File: /var/ftp/usrflash/Project/PMAC Script Language/PLC Programs/PLC23_TargetMove.plc 
Including Project File: /var/ftp/usrflash/Project/PMAC Script Language/PLC Programs/PLC24_Cover.plc 
Including Project File: /var/ftp/usrflash/Project/PMAC Script Language/PLC Programs/PLC25_BlowOff.plc 
Including Project File: /var/ftp/usrflash/Project/PMAC Script Language/PLC Programs/PLC27_PickAndPlace.plc 
Including Project File: /var/ftp/usrflash/Project/PMAC Script Language/PLC Programs/PLC28_VisionTrigger.plc 
Including Project File: /var/ftp/usrflash/Project/PMAC Script Language/PLC Programs/PLC29_Buf.plc 
Including Project File: /var/ftp/usrflash/Project/PMAC Script Language/PLC Programs/PLC30_Test.plc 
Including Project File: /var/ftp/usrflash/Project/PMAC Script Language/PLC Programs/PLC31_ReqSim.plc 
Including Project File: /var/ftp/usrflash/Project/PMAC Script Language/PLC Programs/PLC26_PowerCheck.plc 
Including Project File: /var/ftp/usrflash/Project/PMAC Script Language/PLC Programs/PLC32_VisionSeq.plc 
Including Project File: /var/ftp/usrflash/Project/Configuration/pp_startup.txt 
Status: Pass 1 Create debug file, #defines, *.h & .sym files, Time (sec) = 0.368376
Status: Pass 2 Verify prog calls, local stack & labels, Time (sec)  = 0.145080
3641 Project Symbols were created for gpascii -2 communication
Status: Create PPMAC Symbol Table & Run CPP Time (sec) = 0.973259
Status: Successful load of preprocessed File: "/var/ftp/usrflash/Temp/pp_proj.pma"
Status: Download to PPMAC Command Processor, Time (sec) = 0.182768
Status: Final pp_proj.h & Run Background C Apps, Time (sec) = 0.061388
Project Preprocessing & Load Total Time (sec) = 2.356617
[PMAC_PROJECT]
Start of Project Loading using INI File: "/var/ftp/usrflash/Project/Configuration/pp_proj.ini"
Including Project File: /var/ftp/usrflash/Project/Configuration/pp_disable.txt 
Including Project File: /var/ftp/usrflash/Project/PMAC Script Language/Global Includes/ECATMap.pmh 
Including Project File: /var/ftp/usrflash/Project/PMAC Script Language/Global Includes/AX1515_Mapping.pmh 
Including Project File: /var/ftp/usrflash/Project/PMAC Script Language/Global Includes/H00_Setup_System.pmh 
Including Project File: /var/ftp/usrflash/Project/PMAC Script Language/Global Includes/H01_Setup_EncTable.pmh 
Including Project File: /var/ftp/usrflash/Project/PMAC Script Language/Global Includes/H02_Setup_Motor.pmh 
Including Project File: /var/ftp/usrflash/Project/PMAC Script Language/Global Includes/H03_Setup_Coord.pmh 
Including Project File: /var/ftp/usrflash/Project/PMAC Script Language/Global Includes/H04_Setup_Ecat.pmh 
Including Project File: /var/ftp/usrflash/Project/PMAC Script Language/Global Includes/H05_Setup_Gpio.pmh 
Including Project File: /var/ftp/usrflash/Project/PMAC Script Language/Global Includes/H06_Variable_Umem.pmh 
Including Project File: /var/ftp/usrflash/Project/PMAC Script Language/Global Includes/H07_Variable_UmemArray.pmh 
Including Project File: /var/ftp/usrflash/Project/PMAC Script Language/Global Includes/H08_Variable_Prog.pmh 
Including Project File: /var/ftp/usrflash/Project/PMAC Script Language/Global Includes/H09_Kinematics.pmh 
Including Project File: /var/ftp/usrflash/Project/PMAC Script Language/Global Includes/H10_Nc.pmh 
Including Project File: /var/ftp/usrflash/Project/PMAC Script Language/Kinematic Routines/Forward1.kin 
Including Project File: /var/ftp/usrflash/Project/PMAC Script Language/Kinematic Routines/Inverse1.kin 
Including Project File: /var/ftp/usrflash/Project/PMAC Script Language/Kinematic Routines/Forward2.kin 
Including Project File: /var/ftp/usrflash/Project/PMAC Script Language/Kinematic Routines/Inverse2.kin 
Including Project File: /var/ftp/usrflash/Project/PMAC Script Language/Kinematic Routines/Forward3.kin 
Including Project File: /var/ftp/usrflash/Project/PMAC Script Language/Kinematic Routines/Inverse3.kin 
Including Project File: /var/ftp/usrflash/Project/PMAC Script Language/Libraries/timer.pmc 
Including Project File: /var/ftp/usrflash/Project/PMAC Script Language/Libraries/SPG_Gcode.pmc 
Including Project File: /var/ftp/usrflash/Project/PMAC Script Language/Libraries/SPG_Mcode.pmc 
Including Project File: /var/ftp/usrflash/Project/PMAC Script Language/Libraries/SPG_AbortVsHome.pmc 
Including Project File: /var/ftp/usrflash/Project/PMAC Script Language/Libraries/SPG_AbortVsLoop.pmc 
Including Project File: /var/ftp/usrflash/Project/PMAC Script Language/Libraries/SPG_AbortWsHome.pmc 
Including Project File: /var/ftp/usrflash/Project/PMAC Script Language/Libraries/SPG_AbortWsLoop.pmc 
Including Project File: /var/ftp/usrflash/Project/PMAC Script Language/Libraries/SPG_InitCommand.pmc 
Including Project File: /var/ftp/usrflash/Project/PMAC Script Language/Libraries/SPG_InitECylinder.pmc 
Including Project File: /var/ftp/usrflash/Project/PMAC Script Language/Libraries/SPG_InitMotor.pmc 
Including Project File: /var/ftp/usrflash/Project/PMAC Script Language/Libraries/SPG_InitScanner.pmc 
Including Project File: /var/ftp/usrflash/Project/PMAC Script Language/Libraries/SPG_InitSeqParam.pmc 
Including Project File: /var/ftp/usrflash/Project/PMAC Script Language/Libraries/SPG_SetDefaultParam.pmc 
Including Project File: /var/ftp/usrflash/Project/PMAC Script Language/Libraries/SPG_SetEquOut.pmc 
Including Project File: /var/ftp/usrflash/Project/PMAC Script Language/Libraries/SPG_SetSeqBufQ.pmc 
Including Project File: /var/ftp/usrflash/Project/PMAC Script Language/Libraries/SPG_SetVsLdParam.pmc 
Including Project File: /var/ftp/usrflash/Project/PMAC Script Language/Libraries/SPG_SetVsRdParam.pmc 
Including Project File: /var/ftp/usrflash/Project/PMAC Script Language/Libraries/SPG_SetVsRjParam.pmc 
Including Project File: /var/ftp/usrflash/Project/PMAC Script Language/Libraries/SPG_SetVsUdParam.pmc 
Including Project File: /var/ftp/usrflash/Project/PMAC Script Language/Libraries/SPG_SetVsVnParam.pmc 
Including Project File: /var/ftp/usrflash/Project/PMAC Script Language/Libraries/SPG_SetVsWtParam.pmc 
Including Project File: /var/ftp/usrflash/Project/PMAC Script Language/Libraries/SPG_SetWsLdParam.pmc 
Including Project File: /var/ftp/usrflash/Project/PMAC Script Language/Libraries/SPG_SetWsRdParam.pmc 
Including Project File: /var/ftp/usrflash/Project/PMAC Script Language/Libraries/SPG_SetWsRjParam.pmc 
Including Project File: /var/ftp/usrflash/Project/PMAC Script Language/Libraries/SPG_SetWsUdParam.pmc 
Including Project File: /var/ftp/usrflash/Project/PMAC Script Language/Libraries/SPG_SetWsWdParam.pmc 
Including Project File: /var/ftp/usrflash/Project/PMAC Script Language/Libraries/SPG_SetWsWtParam.pmc 
Including Project File: /var/ftp/usrflash/Project/PMAC Script Language/Libraries/SPG_ReadScPos.pmc 
Including Project File: /var/ftp/usrflash/Project/PMAC Script Language/Libraries/SPG_ResetVsAlarm.pmc 
Including Project File: /var/ftp/usrflash/Project/PMAC Script Language/Libraries/SPG_ResetWsAlarm.pmc 
Including Project File: /var/ftp/usrflash/Project/PMAC Script Language/Libraries/SPG_ReadThPos.pmc 
Including Project File: /var/ftp/usrflash/Project/PMAC Script Language/Motion Programs/PRG01_Test1.pmc 
Including Project File: /var/ftp/usrflash/Project/PMAC Script Language/Motion Programs/PRG02_Test2.pmc 
Including Project File: /var/ftp/usrflash/Project/PMAC Script Language/Motion Programs/PRG03_Test3.pmc 
Including Project File: /var/ftp/usrflash/Project/PMAC Script Language/Motion Programs/PRG04_Test4.pmc 
Including Project File: /var/ftp/usrflash/Project/PMAC Script Language/Motion Programs/PRG05_Test5.pmc 
Including Project File: /var/ftp/usrflash/Project/PMAC Script Language/Motion Programs/PRG19_Zero.pmc 
Including Project File: /var/ftp/usrflash/Project/PMAC Script Language/Motion Programs/PRG20_Welding.pmc 
Including Project File: /var/ftp/usrflash/Project/PMAC Script Language/Motion Programs/PRG21_Circle.pmc 
Including Project File: /var/ftp/usrflash/Project/PMAC Script Language/Motion Programs/PRG22_SnowMan.pmc 
Including Project File: /var/ftp/usrflash/Project/PMAC Script Language/Motion Programs/PRG23_ButterFly.pmc 
Including Project File: /var/ftp/usrflash/Project/PMAC Script Language/Motion Programs/PRG24_Column.pmc 
Including Project File: /var/ftp/usrflash/Project/PMAC Script Language/Motion Programs/PRG25_Row.pmc 
Including Project File: /var/ftp/usrflash/Project/PMAC Script Language/Motion Programs/PRG30_Vision.pmc 
Including Project File: /var/ftp/usrflash/Project/PMAC Script Language/Motion Programs/PRG50_LaserTest_Cross.pmc 
Including Project File: /var/ftp/usrflash/Project/PMAC Script Language/Motion Programs/PRG51_LaserTest_Line.pmc 
Including Project File: /var/ftp/usrflash/Project/PMAC Script Language/PLC Programs/PLC00_RTI.plc 
Including Project File: /var/ftp/usrflash/Project/PMAC Script Language/PLC Programs/PLC01_Init.plc 
Including Project File: /var/ftp/usrflash/Project/PMAC Script Language/PLC Programs/PLC02_Sta.plc 
Including Project File: /var/ftp/usrflash/Project/PMAC Script Language/PLC Programs/PLC03_Cmd.plc 
Including Project File: /var/ftp/usrflash/Project/PMAC Script Language/PLC Programs/PLC04_Safety.plc 
Including Project File: /var/ftp/usrflash/Project/PMAC Script Language/PLC Programs/PLC05_Ecat.plc 
Including Project File: /var/ftp/usrflash/Project/PMAC Script Language/PLC Programs/PLC06_IoCom.plc 
Including Project File: /var/ftp/usrflash/Project/PMAC Script Language/PLC Programs/PLC10_Home.plc 
Including Project File: /var/ftp/usrflash/Project/PMAC Script Language/PLC Programs/PLC11_Jog.plc 
Including Project File: /var/ftp/usrflash/Project/PMAC Script Language/PLC Programs/PLC12_SeqMc.plc 
Including Project File: /var/ftp/usrflash/Project/PMAC Script Language/PLC Programs/PLC13_SeqWs.plc 
Including Project File: /var/ftp/usrflash/Project/PMAC Script Language/PLC Programs/PLC14_SeqVs.plc 
Including Project File: /var/ftp/usrflash/Project/PMAC Script Language/PLC Programs/PLC20_Cylinder.plc 
Including Project File: /var/ftp/usrflash/Project/PMAC Script Language/PLC Programs/PLC21_TestShot.plc 
Including Project File: /var/ftp/usrflash/Project/PMAC Script Language/PLC Programs/PLC22_LaserCtrl.plc 
Including Project File: /var/ftp/usrflash/Project/PMAC Script Language/PLC Programs/PLC23_TargetMove.plc 
Including Project File: /var/ftp/usrflash/Project/PMAC Script Language/PLC Programs/PLC24_Cover.plc 
Including Project File: /var/ftp/usrflash/Project/PMAC Script Language/PLC Programs/PLC25_BlowOff.plc 
Including Project File: /var/ftp/usrflash/Project/PMAC Script Language/PLC Programs/PLC27_PickAndPlace.plc 
Including Project File: /var/ftp/usrflash/Project/PMAC Script Language/PLC Programs/PLC28_VisionTrigger.plc 
Including Project File: /var/ftp/usrflash/Project/PMAC Script Language/PLC Programs/PLC29_Buf.plc 
Including Project File: /var/ftp/usrflash/Project/PMAC Script Language/PLC Programs/PLC30_Test.plc 
Including Project File: /var/ftp/usrflash/Project/PMAC Script Language/PLC Programs/PLC31_ReqSim.plc 
Including Project File: /var/ftp/usrflash/Project/PMAC Script Language/PLC Programs/PLC26_PowerCheck.plc 
Including Project File: /var/ftp/usrflash/Project/PMAC Script Language/PLC Programs/PLC32_VisionSeq.plc 
Including Project File: /var/ftp/usrflash/Project/Configuration/pp_startup.txt 
3641 Project Symbols were created for gpascii -2 communication
[PMAC_PROJECT]
Start of Project Loading using INI File: "/var/ftp/usrflash/Project/Configuration/pp_proj.ini"
Success: Loading usralgo.ko
Success: Loading RT Address of CfromScript
Success: Loading RT Address of CaptCompISR
LoadRTUserCode() Delta Time (sec) = 0.600079
Including Project File: /var/ftp/usrflash/Project/Configuration/pp_disable.txt 
Including Project File: /var/ftp/usrflash/Project/PMAC Script Language/Global Includes/ECATMap.pmh 
Including Project File: /var/ftp/usrflash/Project/PMAC Script Language/Global Includes/AX1515_Mapping.pmh 
Including Project File: /var/ftp/usrflash/Project/PMAC Script Language/Global Includes/H00_Setup_System.pmh 
Including Project File: /var/ftp/usrflash/Project/PMAC Script Language/Global Includes/H01_Setup_EncTable.pmh 
Including Project File: /var/ftp/usrflash/Project/PMAC Script Language/Global Includes/H02_Setup_Motor.pmh 
Including Project File: /var/ftp/usrflash/Project/PMAC Script Language/Global Includes/H03_Setup_Coord.pmh 
Including Project File: /var/ftp/usrflash/Project/PMAC Script Language/Global Includes/H04_Setup_Ecat.pmh 
Including Project File: /var/ftp/usrflash/Project/PMAC Script Language/Global Includes/H05_Setup_Gpio.pmh 
Including Project File: /var/ftp/usrflash/Project/PMAC Script Language/Global Includes/H06_Variable_Umem.pmh 
Including Project File: /var/ftp/usrflash/Project/PMAC Script Language/Global Includes/H07_Variable_UmemArray.pmh 
Including Project File: /var/ftp/usrflash/Project/PMAC Script Language/Global Includes/H08_Variable_Prog.pmh 
Including Project File: /var/ftp/usrflash/Project/PMAC Script Language/Global Includes/H09_Kinematics.pmh 
Including Project File: /var/ftp/usrflash/Project/PMAC Script Language/Global Includes/H10_Nc.pmh 
Including Project File: /var/ftp/usrflash/Project/PMAC Script Language/Kinematic Routines/Forward1.kin 
Including Project File: /var/ftp/usrflash/Project/PMAC Script Language/Kinematic Routines/Inverse1.kin 
Including Project File: /var/ftp/usrflash/Project/PMAC Script Language/Kinematic Routines/Forward2.kin 
Including Project File: /var/ftp/usrflash/Project/PMAC Script Language/Kinematic Routines/Inverse2.kin 
Including Project File: /var/ftp/usrflash/Project/PMAC Script Language/Kinematic Routines/Forward3.kin 
Including Project File: /var/ftp/usrflash/Project/PMAC Script Language/Kinematic Routines/Inverse3.kin 
Including Project File: /var/ftp/usrflash/Project/PMAC Script Language/Libraries/timer.pmc 
Including Project File: /var/ftp/usrflash/Project/PMAC Script Language/Libraries/SPG_Gcode.pmc 
Including Project File: /var/ftp/usrflash/Project/PMAC Script Language/Libraries/SPG_Mcode.pmc 
Including Project File: /var/ftp/usrflash/Project/PMAC Script Language/Libraries/SPG_AbortVsHome.pmc 
Including Project File: /var/ftp/usrflash/Project/PMAC Script Language/Libraries/SPG_AbortVsLoop.pmc 
Including Project File: /var/ftp/usrflash/Project/PMAC Script Language/Libraries/SPG_AbortWsHome.pmc 
Including Project File: /var/ftp/usrflash/Project/PMAC Script Language/Libraries/SPG_AbortWsLoop.pmc 
Including Project File: /var/ftp/usrflash/Project/PMAC Script Language/Libraries/SPG_InitCommand.pmc 
Including Project File: /var/ftp/usrflash/Project/PMAC Script Language/Libraries/SPG_InitECylinder.pmc 
Including Project File: /var/ftp/usrflash/Project/PMAC Script Language/Libraries/SPG_InitMotor.pmc 
Including Project File: /var/ftp/usrflash/Project/PMAC Script Language/Libraries/SPG_InitScanner.pmc 
Including Project File: /var/ftp/usrflash/Project/PMAC Script Language/Libraries/SPG_InitSeqParam.pmc 
Including Project File: /var/ftp/usrflash/Project/PMAC Script Language/Libraries/SPG_SetDefaultParam.pmc 
Including Project File: /var/ftp/usrflash/Project/PMAC Script Language/Libraries/SPG_SetEquOut.pmc 
Including Project File: /var/ftp/usrflash/Project/PMAC Script Language/Libraries/SPG_SetSeqBufQ.pmc 
Including Project File: /var/ftp/usrflash/Project/PMAC Script Language/Libraries/SPG_SetVsLdParam.pmc 
Including Project File: /var/ftp/usrflash/Project/PMAC Script Language/Libraries/SPG_SetVsRdParam.pmc 
Including Project File: /var/ftp/usrflash/Project/PMAC Script Language/Libraries/SPG_SetVsRjParam.pmc 
Including Project File: /var/ftp/usrflash/Project/PMAC Script Language/Libraries/SPG_SetVsUdParam.pmc 
Including Project File: /var/ftp/usrflash/Project/PMAC Script Language/Libraries/SPG_SetVsVnParam.pmc 
Including Project File: /var/ftp/usrflash/Project/PMAC Script Language/Libraries/SPG_SetVsWtParam.pmc 
Including Project File: /var/ftp/usrflash/Project/PMAC Script Language/Libraries/SPG_SetWsLdParam.pmc 
Including Project File: /var/ftp/usrflash/Project/PMAC Script Language/Libraries/SPG_SetWsRdParam.pmc 
Including Project File: /var/ftp/usrflash/Project/PMAC Script Language/Libraries/SPG_SetWsRjParam.pmc 
Including Project File: /var/ftp/usrflash/Project/PMAC Script Language/Libraries/SPG_SetWsUdParam.pmc 
Including Project File: /var/ftp/usrflash/Project/PMAC Script Language/Libraries/SPG_SetWsWdParam.pmc 
Including Project File: /var/ftp/usrflash/Project/PMAC Script Language/Libraries/SPG_SetWsWtParam.pmc 
Including Project File: /var/ftp/usrflash/Project/PMAC Script Language/Libraries/SPG_ReadScPos.pmc 
Including Project File: /var/ftp/usrflash/Project/PMAC Script Language/Libraries/SPG_ResetVsAlarm.pmc 
Including Project File: /var/ftp/usrflash/Project/PMAC Script Language/Libraries/SPG_ResetWsAlarm.pmc 
Including Project File: /var/ftp/usrflash/Project/PMAC Script Language/Libraries/SPG_ReadThPos.pmc 
Including Project File: /var/ftp/usrflash/Project/PMAC Script Language/Motion Programs/PRG01_Test1.pmc 
Including Project File: /var/ftp/usrflash/Project/PMAC Script Language/Motion Programs/PRG02_Test2.pmc 
Including Project File: /var/ftp/usrflash/Project/PMAC Script Language/Motion Programs/PRG03_Test3.pmc 
Including Project File: /var/ftp/usrflash/Project/PMAC Script Language/Motion Programs/PRG04_Test4.pmc 
Including Project File: /var/ftp/usrflash/Project/PMAC Script Language/Motion Programs/PRG05_Test5.pmc 
Including Project File: /var/ftp/usrflash/Project/PMAC Script Language/Motion Programs/PRG19_Zero.pmc 
Including Project File: /var/ftp/usrflash/Project/PMAC Script Language/Motion Programs/PRG20_Welding.pmc 
Including Project File: /var/ftp/usrflash/Project/PMAC Script Language/Motion Programs/PRG21_Circle.pmc 
Including Project File: /var/ftp/usrflash/Project/PMAC Script Language/Motion Programs/PRG22_SnowMan.pmc 
Including Project File: /var/ftp/usrflash/Project/PMAC Script Language/Motion Programs/PRG23_ButterFly.pmc 
Including Project File: /var/ftp/usrflash/Project/PMAC Script Language/Motion Programs/PRG24_Column.pmc 
Including Project File: /var/ftp/usrflash/Project/PMAC Script Language/Motion Programs/PRG25_Row.pmc 
Including Project File: /var/ftp/usrflash/Project/PMAC Script Language/Motion Programs/PRG30_Vision.pmc 
Including Project File: /var/ftp/usrflash/Project/PMAC Script Language/Motion Programs/PRG50_LaserTest_Cross.pmc 
Including Project File: /var/ftp/usrflash/Project/PMAC Script Language/Motion Programs/PRG51_LaserTest_Line.pmc 
Including Project File: /var/ftp/usrflash/Project/PMAC Script Language/PLC Programs/PLC00_RTI.plc 
Including Project File: /var/ftp/usrflash/Project/PMAC Script Language/PLC Programs/PLC01_Init.plc 
Including Project File: /var/ftp/usrflash/Project/PMAC Script Language/PLC Programs/PLC02_Sta.plc 
Including Project File: /var/ftp/usrflash/Project/PMAC Script Language/PLC Programs/PLC03_Cmd.plc 
Including Project File: /var/ftp/usrflash/Project/PMAC Script Language/PLC Programs/PLC04_Safety.plc 
Including Project File: /var/ftp/usrflash/Project/PMAC Script Language/PLC Programs/PLC05_Ecat.plc 
Including Project File: /var/ftp/usrflash/Project/PMAC Script Language/PLC Programs/PLC06_IoCom.plc 
Including Project File: /var/ftp/usrflash/Project/PMAC Script Language/PLC Programs/PLC10_Home.plc 
Including Project File: /var/ftp/usrflash/Project/PMAC Script Language/PLC Programs/PLC11_Jog.plc 
Including Project File: /var/ftp/usrflash/Project/PMAC Script Language/PLC Programs/PLC12_SeqMc.plc 
Including Project File: /var/ftp/usrflash/Project/PMAC Script Language/PLC Programs/PLC13_SeqWs.plc 
Including Project File: /var/ftp/usrflash/Project/PMAC Script Language/PLC Programs/PLC14_SeqVs.plc 
Including Project File: /var/ftp/usrflash/Project/PMAC Script Language/PLC Programs/PLC20_Cylinder.plc 
Including Project File: /var/ftp/usrflash/Project/PMAC Script Language/PLC Programs/PLC21_TestShot.plc 
Including Project File: /var/ftp/usrflash/Project/PMAC Script Language/PLC Programs/PLC22_LaserCtrl.plc 
Including Project File: /var/ftp/usrflash/Project/PMAC Script Language/PLC Programs/PLC23_TargetMove.plc 
Including Project File: /var/ftp/usrflash/Project/PMAC Script Language/PLC Programs/PLC24_Cover.plc 
Including Project File: /var/ftp/usrflash/Project/PMAC Script Language/PLC Programs/PLC25_BlowOff.plc 
Including Project File: /var/ftp/usrflash/Project/PMAC Script Language/PLC Programs/PLC27_PickAndPlace.plc 
Including Project File: /var/ftp/usrflash/Project/PMAC Script Language/PLC Programs/PLC28_VisionTrigger.plc 
Including Project File: /var/ftp/usrflash/Project/PMAC Script Language/PLC Programs/PLC29_Buf.plc 
Including Project File: /var/ftp/usrflash/Project/PMAC Script Language/PLC Programs/PLC30_Test.plc 
Including Project File: /var/ftp/usrflash/Project/PMAC Script Language/PLC Programs/PLC31_ReqSim.plc 
Including Project File: /var/ftp/usrflash/Project/PMAC Script Language/PLC Programs/PLC26_PowerCheck.plc 
Including Project File: /var/ftp/usrflash/Project/PMAC Script Language/PLC Programs/PLC32_VisionSeq.plc 
Including Project File: /var/ftp/usrflash/Project/Configuration/pp_startup.txt 
Status: Pass 1 Create debug file, #defines, *.h & .sym files, Time (sec) = 0.392838
Status: Pass 2 Verify prog calls, local stack & labels, Time (sec)  = 0.142958
3641 Project Symbols were created for gpascii -2 communication
Status: Create PPMAC Symbol Table & Run CPP Time (sec) = 0.957215
Status: Successful load of preprocessed File: "/var/ftp/usrflash/Temp/pp_proj.pma"
Status: Download to PPMAC Command Processor, Time (sec) = 0.172094
Status: Final pp_proj.h & Run Background C Apps, Time (sec) = 0.079683
Project Preprocessing & Load Total Time (sec) = 2.344929
[PMAC_PROJECT]
Start of Project Loading using INI File: "/var/ftp/usrflash/Project/Configuration/pp_proj.ini"
Including Project File: /var/ftp/usrflash/Project/Configuration/pp_disable.txt 
Including Project File: /var/ftp/usrflash/Project/PMAC Script Language/Global Includes/ECATMap.pmh 
Including Project File: /var/ftp/usrflash/Project/PMAC Script Language/Global Includes/AX1515_Mapping.pmh 
Including Project File: /var/ftp/usrflash/Project/PMAC Script Language/Global Includes/H00_Setup_System.pmh 
Including Project File: /var/ftp/usrflash/Project/PMAC Script Language/Global Includes/H01_Setup_EncTable.pmh 
Including Project File: /var/ftp/usrflash/Project/PMAC Script Language/Global Includes/H02_Setup_Motor.pmh 
Including Project File: /var/ftp/usrflash/Project/PMAC Script Language/Global Includes/H03_Setup_Coord.pmh 
Including Project File: /var/ftp/usrflash/Project/PMAC Script Language/Global Includes/H04_Setup_Ecat.pmh 
Including Project File: /var/ftp/usrflash/Project/PMAC Script Language/Global Includes/H05_Setup_Gpio.pmh 
Including Project File: /var/ftp/usrflash/Project/PMAC Script Language/Global Includes/H06_Variable_Umem.pmh 
Including Project File: /var/ftp/usrflash/Project/PMAC Script Language/Global Includes/H07_Variable_UmemArray.pmh 
Including Project File: /var/ftp/usrflash/Project/PMAC Script Language/Global Includes/H08_Variable_Prog.pmh 
Including Project File: /var/ftp/usrflash/Project/PMAC Script Language/Global Includes/H09_Kinematics.pmh 
Including Project File: /var/ftp/usrflash/Project/PMAC Script Language/Global Includes/H10_Nc.pmh 
Including Project File: /var/ftp/usrflash/Project/PMAC Script Language/Kinematic Routines/Forward1.kin 
Including Project File: /var/ftp/usrflash/Project/PMAC Script Language/Kinematic Routines/Inverse1.kin 
Including Project File: /var/ftp/usrflash/Project/PMAC Script Language/Kinematic Routines/Forward2.kin 
Including Project File: /var/ftp/usrflash/Project/PMAC Script Language/Kinematic Routines/Inverse2.kin 
Including Project File: /var/ftp/usrflash/Project/PMAC Script Language/Kinematic Routines/Forward3.kin 
Including Project File: /var/ftp/usrflash/Project/PMAC Script Language/Kinematic Routines/Inverse3.kin 
Including Project File: /var/ftp/usrflash/Project/PMAC Script Language/Libraries/timer.pmc 
Including Project File: /var/ftp/usrflash/Project/PMAC Script Language/Libraries/SPG_Gcode.pmc 
Including Project File: /var/ftp/usrflash/Project/PMAC Script Language/Libraries/SPG_Mcode.pmc 
Including Project File: /var/ftp/usrflash/Project/PMAC Script Language/Libraries/SPG_AbortVsHome.pmc 
Including Project File: /var/ftp/usrflash/Project/PMAC Script Language/Libraries/SPG_AbortVsLoop.pmc 
Including Project File: /var/ftp/usrflash/Project/PMAC Script Language/Libraries/SPG_AbortWsHome.pmc 
Including Project File: /var/ftp/usrflash/Project/PMAC Script Language/Libraries/SPG_AbortWsLoop.pmc 
Including Project File: /var/ftp/usrflash/Project/PMAC Script Language/Libraries/SPG_InitCommand.pmc 
Including Project File: /var/ftp/usrflash/Project/PMAC Script Language/Libraries/SPG_InitECylinder.pmc 
Including Project File: /var/ftp/usrflash/Project/PMAC Script Language/Libraries/SPG_InitMotor.pmc 
Including Project File: /var/ftp/usrflash/Project/PMAC Script Language/Libraries/SPG_InitScanner.pmc 
Including Project File: /var/ftp/usrflash/Project/PMAC Script Language/Libraries/SPG_InitSeqParam.pmc 
Including Project File: /var/ftp/usrflash/Project/PMAC Script Language/Libraries/SPG_SetDefaultParam.pmc 
Including Project File: /var/ftp/usrflash/Project/PMAC Script Language/Libraries/SPG_SetEquOut.pmc 
Including Project File: /var/ftp/usrflash/Project/PMAC Script Language/Libraries/SPG_SetSeqBufQ.pmc 
Including Project File: /var/ftp/usrflash/Project/PMAC Script Language/Libraries/SPG_SetVsLdParam.pmc 
Including Project File: /var/ftp/usrflash/Project/PMAC Script Language/Libraries/SPG_SetVsRdParam.pmc 
Including Project File: /var/ftp/usrflash/Project/PMAC Script Language/Libraries/SPG_SetVsRjParam.pmc 
Including Project File: /var/ftp/usrflash/Project/PMAC Script Language/Libraries/SPG_SetVsUdParam.pmc 
Including Project File: /var/ftp/usrflash/Project/PMAC Script Language/Libraries/SPG_SetVsVnParam.pmc 
Including Project File: /var/ftp/usrflash/Project/PMAC Script Language/Libraries/SPG_SetVsWtParam.pmc 
Including Project File: /var/ftp/usrflash/Project/PMAC Script Language/Libraries/SPG_SetWsLdParam.pmc 
Including Project File: /var/ftp/usrflash/Project/PMAC Script Language/Libraries/SPG_SetWsRdParam.pmc 
Including Project File: /var/ftp/usrflash/Project/PMAC Script Language/Libraries/SPG_SetWsRjParam.pmc 
Including Project File: /var/ftp/usrflash/Project/PMAC Script Language/Libraries/SPG_SetWsUdParam.pmc 
Including Project File: /var/ftp/usrflash/Project/PMAC Script Language/Libraries/SPG_SetWsWdParam.pmc 
Including Project File: /var/ftp/usrflash/Project/PMAC Script Language/Libraries/SPG_SetWsWtParam.pmc 
Including Project File: /var/ftp/usrflash/Project/PMAC Script Language/Libraries/SPG_ReadScPos.pmc 
Including Project File: /var/ftp/usrflash/Project/PMAC Script Language/Libraries/SPG_ResetVsAlarm.pmc 
Including Project File: /var/ftp/usrflash/Project/PMAC Script Language/Libraries/SPG_ResetWsAlarm.pmc 
Including Project File: /var/ftp/usrflash/Project/PMAC Script Language/Libraries/SPG_ReadThPos.pmc 
Including Project File: /var/ftp/usrflash/Project/PMAC Script Language/Motion Programs/PRG01_Test1.pmc 
Including Project File: /var/ftp/usrflash/Project/PMAC Script Language/Motion Programs/PRG02_Test2.pmc 
Including Project File: /var/ftp/usrflash/Project/PMAC Script Language/Motion Programs/PRG03_Test3.pmc 
Including Project File: /var/ftp/usrflash/Project/PMAC Script Language/Motion Programs/PRG04_Test4.pmc 
Including Project File: /var/ftp/usrflash/Project/PMAC Script Language/Motion Programs/PRG05_Test5.pmc 
Including Project File: /var/ftp/usrflash/Project/PMAC Script Language/Motion Programs/PRG19_Zero.pmc 
Including Project File: /var/ftp/usrflash/Project/PMAC Script Language/Motion Programs/PRG20_Welding.pmc 
Including Project File: /var/ftp/usrflash/Project/PMAC Script Language/Motion Programs/PRG21_Circle.pmc 
Including Project File: /var/ftp/usrflash/Project/PMAC Script Language/Motion Programs/PRG22_SnowMan.pmc 
Including Project File: /var/ftp/usrflash/Project/PMAC Script Language/Motion Programs/PRG23_ButterFly.pmc 
Including Project File: /var/ftp/usrflash/Project/PMAC Script Language/Motion Programs/PRG24_Column.pmc 
Including Project File: /var/ftp/usrflash/Project/PMAC Script Language/Motion Programs/PRG25_Row.pmc 
Including Project File: /var/ftp/usrflash/Project/PMAC Script Language/Motion Programs/PRG30_Vision.pmc 
Including Project File: /var/ftp/usrflash/Project/PMAC Script Language/Motion Programs/PRG50_LaserTest_Cross.pmc 
Including Project File: /var/ftp/usrflash/Project/PMAC Script Language/Motion Programs/PRG51_LaserTest_Line.pmc 
Including Project File: /var/ftp/usrflash/Project/PMAC Script Language/PLC Programs/PLC00_RTI.plc 
Including Project File: /var/ftp/usrflash/Project/PMAC Script Language/PLC Programs/PLC01_Init.plc 
Including Project File: /var/ftp/usrflash/Project/PMAC Script Language/PLC Programs/PLC02_Sta.plc 
Including Project File: /var/ftp/usrflash/Project/PMAC Script Language/PLC Programs/PLC03_Cmd.plc 
Including Project File: /var/ftp/usrflash/Project/PMAC Script Language/PLC Programs/PLC04_Safety.plc 
Including Project File: /var/ftp/usrflash/Project/PMAC Script Language/PLC Programs/PLC05_Ecat.plc 
Including Project File: /var/ftp/usrflash/Project/PMAC Script Language/PLC Programs/PLC06_IoCom.plc 
Including Project File: /var/ftp/usrflash/Project/PMAC Script Language/PLC Programs/PLC10_Home.plc 
Including Project File: /var/ftp/usrflash/Project/PMAC Script Language/PLC Programs/PLC11_Jog.plc 
Including Project File: /var/ftp/usrflash/Project/PMAC Script Language/PLC Programs/PLC12_SeqMc.plc 
Including Project File: /var/ftp/usrflash/Project/PMAC Script Language/PLC Programs/PLC13_SeqWs.plc 
Including Project File: /var/ftp/usrflash/Project/PMAC Script Language/PLC Programs/PLC14_SeqVs.plc 
Including Project File: /var/ftp/usrflash/Project/PMAC Script Language/PLC Programs/PLC20_Cylinder.plc 
Including Project File: /var/ftp/usrflash/Project/PMAC Script Language/PLC Programs/PLC21_TestShot.plc 
Including Project File: /var/ftp/usrflash/Project/PMAC Script Language/PLC Programs/PLC22_LaserCtrl.plc 
Including Project File: /var/ftp/usrflash/Project/PMAC Script Language/PLC Programs/PLC23_TargetMove.plc 
Including Project File: /var/ftp/usrflash/Project/PMAC Script Language/PLC Programs/PLC24_Cover.plc 
Including Project File: /var/ftp/usrflash/Project/PMAC Script Language/PLC Programs/PLC25_BlowOff.plc 
Including Project File: /var/ftp/usrflash/Project/PMAC Script Language/PLC Programs/PLC27_PickAndPlace.plc 
Including Project File: /var/ftp/usrflash/Project/PMAC Script Language/PLC Programs/PLC28_VisionTrigger.plc 
Including Project File: /var/ftp/usrflash/Project/PMAC Script Language/PLC Programs/PLC29_Buf.plc 
Including Project File: /var/ftp/usrflash/Project/PMAC Script Language/PLC Programs/PLC30_Test.plc 
Including Project File: /var/ftp/usrflash/Project/PMAC Script Language/PLC Programs/PLC31_ReqSim.plc 
Including Project File: /var/ftp/usrflash/Project/PMAC Script Language/PLC Programs/PLC26_PowerCheck.plc 
Including Project File: /var/ftp/usrflash/Project/PMAC Script Language/PLC Programs/PLC32_VisionSeq.plc 
Including Project File: /var/ftp/usrflash/Project/Configuration/pp_startup.txt 
3641 Project Symbols were created for gpascii -2 communication
[PMAC_PROJECT]
Start of Project Loading using INI File: "/var/ftp/usrflash/Project/Configuration/pp_proj.ini"
Success: Loading usralgo.ko
Success: Loading RT Address of CfromScript
Success: Loading RT Address of CaptCompISR
LoadRTUserCode() Delta Time (sec) = 0.589862
Including Project File: /var/ftp/usrflash/Project/Configuration/pp_disable.txt 
Including Project File: /var/ftp/usrflash/Project/PMAC Script Language/Global Includes/ECATMap.pmh 
Including Project File: /var/ftp/usrflash/Project/PMAC Script Language/Global Includes/AX1515_Mapping.pmh 
Including Project File: /var/ftp/usrflash/Project/PMAC Script Language/Global Includes/H00_Setup_System.pmh 
Including Project File: /var/ftp/usrflash/Project/PMAC Script Language/Global Includes/H01_Setup_EncTable.pmh 
Including Project File: /var/ftp/usrflash/Project/PMAC Script Language/Global Includes/H02_Setup_Motor.pmh 
Including Project File: /var/ftp/usrflash/Project/PMAC Script Language/Global Includes/H03_Setup_Coord.pmh 
Including Project File: /var/ftp/usrflash/Project/PMAC Script Language/Global Includes/H04_Setup_Ecat.pmh 
Including Project File: /var/ftp/usrflash/Project/PMAC Script Language/Global Includes/H05_Setup_Gpio.pmh 
Including Project File: /var/ftp/usrflash/Project/PMAC Script Language/Global Includes/H06_Variable_Umem.pmh 
Including Project File: /var/ftp/usrflash/Project/PMAC Script Language/Global Includes/H07_Variable_UmemArray.pmh 
Including Project File: /var/ftp/usrflash/Project/PMAC Script Language/Global Includes/H08_Variable_Prog.pmh 
Including Project File: /var/ftp/usrflash/Project/PMAC Script Language/Global Includes/H09_Kinematics.pmh 
Including Project File: /var/ftp/usrflash/Project/PMAC Script Language/Global Includes/H10_Nc.pmh 
Including Project File: /var/ftp/usrflash/Project/PMAC Script Language/Kinematic Routines/Forward1.kin 
Including Project File: /var/ftp/usrflash/Project/PMAC Script Language/Kinematic Routines/Inverse1.kin 
Including Project File: /var/ftp/usrflash/Project/PMAC Script Language/Kinematic Routines/Forward2.kin 
Including Project File: /var/ftp/usrflash/Project/PMAC Script Language/Kinematic Routines/Inverse2.kin 
Including Project File: /var/ftp/usrflash/Project/PMAC Script Language/Kinematic Routines/Forward3.kin 
Including Project File: /var/ftp/usrflash/Project/PMAC Script Language/Kinematic Routines/Inverse3.kin 
Including Project File: /var/ftp/usrflash/Project/PMAC Script Language/Libraries/timer.pmc 
Including Project File: /var/ftp/usrflash/Project/PMAC Script Language/Libraries/SPG_Gcode.pmc 
Including Project File: /var/ftp/usrflash/Project/PMAC Script Language/Libraries/SPG_Mcode.pmc 
Including Project File: /var/ftp/usrflash/Project/PMAC Script Language/Libraries/SPG_AbortVsHome.pmc 
Including Project File: /var/ftp/usrflash/Project/PMAC Script Language/Libraries/SPG_AbortVsLoop.pmc 
Including Project File: /var/ftp/usrflash/Project/PMAC Script Language/Libraries/SPG_AbortWsHome.pmc 
Including Project File: /var/ftp/usrflash/Project/PMAC Script Language/Libraries/SPG_AbortWsLoop.pmc 
Including Project File: /var/ftp/usrflash/Project/PMAC Script Language/Libraries/SPG_InitCommand.pmc 
Including Project File: /var/ftp/usrflash/Project/PMAC Script Language/Libraries/SPG_InitECylinder.pmc 
Including Project File: /var/ftp/usrflash/Project/PMAC Script Language/Libraries/SPG_InitMotor.pmc 
Including Project File: /var/ftp/usrflash/Project/PMAC Script Language/Libraries/SPG_InitScanner.pmc 
Including Project File: /var/ftp/usrflash/Project/PMAC Script Language/Libraries/SPG_InitSeqParam.pmc 
Including Project File: /var/ftp/usrflash/Project/PMAC Script Language/Libraries/SPG_SetDefaultParam.pmc 
Including Project File: /var/ftp/usrflash/Project/PMAC Script Language/Libraries/SPG_SetEquOut.pmc 
Including Project File: /var/ftp/usrflash/Project/PMAC Script Language/Libraries/SPG_SetSeqBufQ.pmc 
Including Project File: /var/ftp/usrflash/Project/PMAC Script Language/Libraries/SPG_SetVsLdParam.pmc 
Including Project File: /var/ftp/usrflash/Project/PMAC Script Language/Libraries/SPG_SetVsRdParam.pmc 
Including Project File: /var/ftp/usrflash/Project/PMAC Script Language/Libraries/SPG_SetVsRjParam.pmc 
Including Project File: /var/ftp/usrflash/Project/PMAC Script Language/Libraries/SPG_SetVsUdParam.pmc 
Including Project File: /var/ftp/usrflash/Project/PMAC Script Language/Libraries/SPG_SetVsVnParam.pmc 
Including Project File: /var/ftp/usrflash/Project/PMAC Script Language/Libraries/SPG_SetVsWtParam.pmc 
Including Project File: /var/ftp/usrflash/Project/PMAC Script Language/Libraries/SPG_SetWsLdParam.pmc 
Including Project File: /var/ftp/usrflash/Project/PMAC Script Language/Libraries/SPG_SetWsRdParam.pmc 
Including Project File: /var/ftp/usrflash/Project/PMAC Script Language/Libraries/SPG_SetWsRjParam.pmc 
Including Project File: /var/ftp/usrflash/Project/PMAC Script Language/Libraries/SPG_SetWsUdParam.pmc 
Including Project File: /var/ftp/usrflash/Project/PMAC Script Language/Libraries/SPG_SetWsWdParam.pmc 
Including Project File: /var/ftp/usrflash/Project/PMAC Script Language/Libraries/SPG_SetWsWtParam.pmc 
Including Project File: /var/ftp/usrflash/Project/PMAC Script Language/Libraries/SPG_ReadScPos.pmc 
Including Project File: /var/ftp/usrflash/Project/PMAC Script Language/Libraries/SPG_ResetVsAlarm.pmc 
Including Project File: /var/ftp/usrflash/Project/PMAC Script Language/Libraries/SPG_ResetWsAlarm.pmc 
Including Project File: /var/ftp/usrflash/Project/PMAC Script Language/Libraries/SPG_ReadThPos.pmc 
Including Project File: /var/ftp/usrflash/Project/PMAC Script Language/Motion Programs/PRG01_Test1.pmc 
Including Project File: /var/ftp/usrflash/Project/PMAC Script Language/Motion Programs/PRG02_Test2.pmc 
Including Project File: /var/ftp/usrflash/Project/PMAC Script Language/Motion Programs/PRG03_Test3.pmc 
Including Project File: /var/ftp/usrflash/Project/PMAC Script Language/Motion Programs/PRG04_Test4.pmc 
Including Project File: /var/ftp/usrflash/Project/PMAC Script Language/Motion Programs/PRG05_Test5.pmc 
Including Project File: /var/ftp/usrflash/Project/PMAC Script Language/Motion Programs/PRG19_Zero.pmc 
Including Project File: /var/ftp/usrflash/Project/PMAC Script Language/Motion Programs/PRG20_Welding.pmc 
Including Project File: /var/ftp/usrflash/Project/PMAC Script Language/Motion Programs/PRG21_Circle.pmc 
Including Project File: /var/ftp/usrflash/Project/PMAC Script Language/Motion Programs/PRG22_SnowMan.pmc 
Including Project File: /var/ftp/usrflash/Project/PMAC Script Language/Motion Programs/PRG23_ButterFly.pmc 
Including Project File: /var/ftp/usrflash/Project/PMAC Script Language/Motion Programs/PRG24_Column.pmc 
Including Project File: /var/ftp/usrflash/Project/PMAC Script Language/Motion Programs/PRG25_Row.pmc 
Including Project File: /var/ftp/usrflash/Project/PMAC Script Language/Motion Programs/PRG30_Vision.pmc 
Including Project File: /var/ftp/usrflash/Project/PMAC Script Language/Motion Programs/PRG50_LaserTest_Cross.pmc 
Including Project File: /var/ftp/usrflash/Project/PMAC Script Language/Motion Programs/PRG51_LaserTest_Line.pmc 
Including Project File: /var/ftp/usrflash/Project/PMAC Script Language/PLC Programs/PLC00_RTI.plc 
Including Project File: /var/ftp/usrflash/Project/PMAC Script Language/PLC Programs/PLC01_Init.plc 
Including Project File: /var/ftp/usrflash/Project/PMAC Script Language/PLC Programs/PLC02_Sta.plc 
Including Project File: /var/ftp/usrflash/Project/PMAC Script Language/PLC Programs/PLC03_Cmd.plc 
Including Project File: /var/ftp/usrflash/Project/PMAC Script Language/PLC Programs/PLC04_Safety.plc 
Including Project File: /var/ftp/usrflash/Project/PMAC Script Language/PLC Programs/PLC05_Ecat.plc 
Including Project File: /var/ftp/usrflash/Project/PMAC Script Language/PLC Programs/PLC06_IoCom.plc 
Including Project File: /var/ftp/usrflash/Project/PMAC Script Language/PLC Programs/PLC10_Home.plc 
Including Project File: /var/ftp/usrflash/Project/PMAC Script Language/PLC Programs/PLC11_Jog.plc 
Including Project File: /var/ftp/usrflash/Project/PMAC Script Language/PLC Programs/PLC12_SeqMc.plc 
Including Project File: /var/ftp/usrflash/Project/PMAC Script Language/PLC Programs/PLC13_SeqWs.plc 
Including Project File: /var/ftp/usrflash/Project/PMAC Script Language/PLC Programs/PLC14_SeqVs.plc 
Including Project File: /var/ftp/usrflash/Project/PMAC Script Language/PLC Programs/PLC20_Cylinder.plc 
Including Project File: /var/ftp/usrflash/Project/PMAC Script Language/PLC Programs/PLC21_TestShot.plc 
Including Project File: /var/ftp/usrflash/Project/PMAC Script Language/PLC Programs/PLC22_LaserCtrl.plc 
Including Project File: /var/ftp/usrflash/Project/PMAC Script Language/PLC Programs/PLC23_TargetMove.plc 
Including Project File: /var/ftp/usrflash/Project/PMAC Script Language/PLC Programs/PLC24_Cover.plc 
Including Project File: /var/ftp/usrflash/Project/PMAC Script Language/PLC Programs/PLC25_BlowOff.plc 
Including Project File: /var/ftp/usrflash/Project/PMAC Script Language/PLC Programs/PLC27_PickAndPlace.plc 
Including Project File: /var/ftp/usrflash/Project/PMAC Script Language/PLC Programs/PLC28_VisionTrigger.plc 
Including Project File: /var/ftp/usrflash/Project/PMAC Script Language/PLC Programs/PLC29_Buf.plc 
Including Project File: /var/ftp/usrflash/Project/PMAC Script Language/PLC Programs/PLC30_Test.plc 
Including Project File: /var/ftp/usrflash/Project/PMAC Script Language/PLC Programs/PLC31_ReqSim.plc 
Including Project File: /var/ftp/usrflash/Project/PMAC Script Language/PLC Programs/PLC26_PowerCheck.plc 
Including Project File: /var/ftp/usrflash/Project/PMAC Script Language/PLC Programs/PLC32_VisionSeq.plc 
Including Project File: /var/ftp/usrflash/Project/Configuration/pp_startup.txt 
Status: Pass 1 Create debug file, #defines, *.h & .sym files, Time (sec) = 0.384102
Status: Pass 2 Verify prog calls, local stack & labels, Time (sec)  = 0.146198
3641 Project Symbols were created for gpascii -2 communication
Status: Create PPMAC Symbol Table & Run CPP Time (sec) = 0.943891
Status: Successful load of preprocessed File: "/var/ftp/usrflash/Temp/pp_proj.pma"
Status: Download to PPMAC Command Processor, Time (sec) = 0.170240
Status: Final pp_proj.h & Run Background C Apps, Time (sec) = 0.090069
Project Preprocessing & Load Total Time (sec) = 2.324423
[PMAC_PROJECT]
Start of Project Loading using INI File: "/var/ftp/usrflash/Project/Configuration/pp_proj.ini"
Including Project File: /var/ftp/usrflash/Project/Configuration/pp_disable.txt 
Including Project File: /var/ftp/usrflash/Project/PMAC Script Language/Global Includes/ECATMap.pmh 
Including Project File: /var/ftp/usrflash/Project/PMAC Script Language/Global Includes/AX1515_Mapping.pmh 
Including Project File: /var/ftp/usrflash/Project/PMAC Script Language/Global Includes/H00_Setup_System.pmh 
Including Project File: /var/ftp/usrflash/Project/PMAC Script Language/Global Includes/H01_Setup_EncTable.pmh 
Including Project File: /var/ftp/usrflash/Project/PMAC Script Language/Global Includes/H02_Setup_Motor.pmh 
Including Project File: /var/ftp/usrflash/Project/PMAC Script Language/Global Includes/H03_Setup_Coord.pmh 
Including Project File: /var/ftp/usrflash/Project/PMAC Script Language/Global Includes/H04_Setup_Ecat.pmh 
Including Project File: /var/ftp/usrflash/Project/PMAC Script Language/Global Includes/H05_Setup_Gpio.pmh 
Including Project File: /var/ftp/usrflash/Project/PMAC Script Language/Global Includes/H06_Variable_Umem.pmh 
Including Project File: /var/ftp/usrflash/Project/PMAC Script Language/Global Includes/H07_Variable_UmemArray.pmh 
Including Project File: /var/ftp/usrflash/Project/PMAC Script Language/Global Includes/H08_Variable_Prog.pmh 
Including Project File: /var/ftp/usrflash/Project/PMAC Script Language/Global Includes/H09_Kinematics.pmh 
Including Project File: /var/ftp/usrflash/Project/PMAC Script Language/Global Includes/H10_Nc.pmh 
Including Project File: /var/ftp/usrflash/Project/PMAC Script Language/Kinematic Routines/Forward1.kin 
Including Project File: /var/ftp/usrflash/Project/PMAC Script Language/Kinematic Routines/Inverse1.kin 
Including Project File: /var/ftp/usrflash/Project/PMAC Script Language/Kinematic Routines/Forward2.kin 
Including Project File: /var/ftp/usrflash/Project/PMAC Script Language/Kinematic Routines/Inverse2.kin 
Including Project File: /var/ftp/usrflash/Project/PMAC Script Language/Kinematic Routines/Forward3.kin 
Including Project File: /var/ftp/usrflash/Project/PMAC Script Language/Kinematic Routines/Inverse3.kin 
Including Project File: /var/ftp/usrflash/Project/PMAC Script Language/Libraries/timer.pmc 
Including Project File: /var/ftp/usrflash/Project/PMAC Script Language/Libraries/SPG_Gcode.pmc 
Including Project File: /var/ftp/usrflash/Project/PMAC Script Language/Libraries/SPG_Mcode.pmc 
Including Project File: /var/ftp/usrflash/Project/PMAC Script Language/Libraries/SPG_AbortVsHome.pmc 
Including Project File: /var/ftp/usrflash/Project/PMAC Script Language/Libraries/SPG_AbortVsLoop.pmc 
Including Project File: /var/ftp/usrflash/Project/PMAC Script Language/Libraries/SPG_AbortWsHome.pmc 
Including Project File: /var/ftp/usrflash/Project/PMAC Script Language/Libraries/SPG_AbortWsLoop.pmc 
Including Project File: /var/ftp/usrflash/Project/PMAC Script Language/Libraries/SPG_InitCommand.pmc 
Including Project File: /var/ftp/usrflash/Project/PMAC Script Language/Libraries/SPG_InitECylinder.pmc 
Including Project File: /var/ftp/usrflash/Project/PMAC Script Language/Libraries/SPG_InitMotor.pmc 
Including Project File: /var/ftp/usrflash/Project/PMAC Script Language/Libraries/SPG_InitScanner.pmc 
Including Project File: /var/ftp/usrflash/Project/PMAC Script Language/Libraries/SPG_InitSeqParam.pmc 
Including Project File: /var/ftp/usrflash/Project/PMAC Script Language/Libraries/SPG_SetDefaultParam.pmc 
Including Project File: /var/ftp/usrflash/Project/PMAC Script Language/Libraries/SPG_SetEquOut.pmc 
Including Project File: /var/ftp/usrflash/Project/PMAC Script Language/Libraries/SPG_SetSeqBufQ.pmc 
Including Project File: /var/ftp/usrflash/Project/PMAC Script Language/Libraries/SPG_SetVsLdParam.pmc 
Including Project File: /var/ftp/usrflash/Project/PMAC Script Language/Libraries/SPG_SetVsRdParam.pmc 
Including Project File: /var/ftp/usrflash/Project/PMAC Script Language/Libraries/SPG_SetVsRjParam.pmc 
Including Project File: /var/ftp/usrflash/Project/PMAC Script Language/Libraries/SPG_SetVsUdParam.pmc 
Including Project File: /var/ftp/usrflash/Project/PMAC Script Language/Libraries/SPG_SetVsVnParam.pmc 
Including Project File: /var/ftp/usrflash/Project/PMAC Script Language/Libraries/SPG_SetVsWtParam.pmc 
Including Project File: /var/ftp/usrflash/Project/PMAC Script Language/Libraries/SPG_SetWsLdParam.pmc 
Including Project File: /var/ftp/usrflash/Project/PMAC Script Language/Libraries/SPG_SetWsRdParam.pmc 
Including Project File: /var/ftp/usrflash/Project/PMAC Script Language/Libraries/SPG_SetWsRjParam.pmc 
Including Project File: /var/ftp/usrflash/Project/PMAC Script Language/Libraries/SPG_SetWsUdParam.pmc 
Including Project File: /var/ftp/usrflash/Project/PMAC Script Language/Libraries/SPG_SetWsWdParam.pmc 
Including Project File: /var/ftp/usrflash/Project/PMAC Script Language/Libraries/SPG_SetWsWtParam.pmc 
Including Project File: /var/ftp/usrflash/Project/PMAC Script Language/Libraries/SPG_ReadScPos.pmc 
Including Project File: /var/ftp/usrflash/Project/PMAC Script Language/Libraries/SPG_ResetVsAlarm.pmc 
Including Project File: /var/ftp/usrflash/Project/PMAC Script Language/Libraries/SPG_ResetWsAlarm.pmc 
Including Project File: /var/ftp/usrflash/Project/PMAC Script Language/Libraries/SPG_ReadThPos.pmc 
Including Project File: /var/ftp/usrflash/Project/PMAC Script Language/Motion Programs/PRG01_Test1.pmc 
Including Project File: /var/ftp/usrflash/Project/PMAC Script Language/Motion Programs/PRG02_Test2.pmc 
Including Project File: /var/ftp/usrflash/Project/PMAC Script Language/Motion Programs/PRG03_Test3.pmc 
Including Project File: /var/ftp/usrflash/Project/PMAC Script Language/Motion Programs/PRG04_Test4.pmc 
Including Project File: /var/ftp/usrflash/Project/PMAC Script Language/Motion Programs/PRG05_Test5.pmc 
Including Project File: /var/ftp/usrflash/Project/PMAC Script Language/Motion Programs/PRG19_Zero.pmc 
Including Project File: /var/ftp/usrflash/Project/PMAC Script Language/Motion Programs/PRG20_Welding.pmc 
Including Project File: /var/ftp/usrflash/Project/PMAC Script Language/Motion Programs/PRG21_Circle.pmc 
Including Project File: /var/ftp/usrflash/Project/PMAC Script Language/Motion Programs/PRG22_SnowMan.pmc 
Including Project File: /var/ftp/usrflash/Project/PMAC Script Language/Motion Programs/PRG23_ButterFly.pmc 
Including Project File: /var/ftp/usrflash/Project/PMAC Script Language/Motion Programs/PRG24_Column.pmc 
Including Project File: /var/ftp/usrflash/Project/PMAC Script Language/Motion Programs/PRG25_Row.pmc 
Including Project File: /var/ftp/usrflash/Project/PMAC Script Language/Motion Programs/PRG30_Vision.pmc 
Including Project File: /var/ftp/usrflash/Project/PMAC Script Language/Motion Programs/PRG50_LaserTest_Cross.pmc 
Including Project File: /var/ftp/usrflash/Project/PMAC Script Language/Motion Programs/PRG51_LaserTest_Line.pmc 
Including Project File: /var/ftp/usrflash/Project/PMAC Script Language/PLC Programs/PLC00_RTI.plc 
Including Project File: /var/ftp/usrflash/Project/PMAC Script Language/PLC Programs/PLC01_Init.plc 
Including Project File: /var/ftp/usrflash/Project/PMAC Script Language/PLC Programs/PLC02_Sta.plc 
Including Project File: /var/ftp/usrflash/Project/PMAC Script Language/PLC Programs/PLC03_Cmd.plc 
Including Project File: /var/ftp/usrflash/Project/PMAC Script Language/PLC Programs/PLC04_Safety.plc 
Including Project File: /var/ftp/usrflash/Project/PMAC Script Language/PLC Programs/PLC05_Ecat.plc 
Including Project File: /var/ftp/usrflash/Project/PMAC Script Language/PLC Programs/PLC06_IoCom.plc 
Including Project File: /var/ftp/usrflash/Project/PMAC Script Language/PLC Programs/PLC10_Home.plc 
Including Project File: /var/ftp/usrflash/Project/PMAC Script Language/PLC Programs/PLC11_Jog.plc 
Including Project File: /var/ftp/usrflash/Project/PMAC Script Language/PLC Programs/PLC12_SeqMc.plc 
Including Project File: /var/ftp/usrflash/Project/PMAC Script Language/PLC Programs/PLC13_SeqWs.plc 
Including Project File: /var/ftp/usrflash/Project/PMAC Script Language/PLC Programs/PLC14_SeqVs.plc 
Including Project File: /var/ftp/usrflash/Project/PMAC Script Language/PLC Programs/PLC20_Cylinder.plc 
Including Project File: /var/ftp/usrflash/Project/PMAC Script Language/PLC Programs/PLC21_TestShot.plc 
Including Project File: /var/ftp/usrflash/Project/PMAC Script Language/PLC Programs/PLC22_LaserCtrl.plc 
Including Project File: /var/ftp/usrflash/Project/PMAC Script Language/PLC Programs/PLC23_TargetMove.plc 
Including Project File: /var/ftp/usrflash/Project/PMAC Script Language/PLC Programs/PLC24_Cover.plc 
Including Project File: /var/ftp/usrflash/Project/PMAC Script Language/PLC Programs/PLC25_BlowOff.plc 
Including Project File: /var/ftp/usrflash/Project/PMAC Script Language/PLC Programs/PLC27_PickAndPlace.plc 
Including Project File: /var/ftp/usrflash/Project/PMAC Script Language/PLC Programs/PLC28_VisionTrigger.plc 
Including Project File: /var/ftp/usrflash/Project/PMAC Script Language/PLC Programs/PLC29_Buf.plc 
Including Project File: /var/ftp/usrflash/Project/PMAC Script Language/PLC Programs/PLC30_Test.plc 
Including Project File: /var/ftp/usrflash/Project/PMAC Script Language/PLC Programs/PLC31_ReqSim.plc 
Including Project File: /var/ftp/usrflash/Project/PMAC Script Language/PLC Programs/PLC26_PowerCheck.plc 
Including Project File: /var/ftp/usrflash/Project/PMAC Script Language/PLC Programs/PLC32_VisionSeq.plc 
Including Project File: /var/ftp/usrflash/Project/Configuration/pp_startup.txt 
3641 Project Symbols were created for gpascii -2 communication
[PMAC_PROJECT]
Start of Project Loading using INI File: "/var/ftp/usrflash/Project/Configuration/pp_proj.ini"
Success: Loading usralgo.ko
Success: Loading RT Address of CfromScript
Success: Loading RT Address of CaptCompISR
LoadRTUserCode() Delta Time (sec) = 0.626685
Including Project File: /var/ftp/usrflash/Project/Configuration/pp_disable.txt 
Including Project File: /var/ftp/usrflash/Project/PMAC Script Language/Global Includes/ECATMap.pmh 
Including Project File: /var/ftp/usrflash/Project/PMAC Script Language/Global Includes/AX1515_Mapping.pmh 
Including Project File: /var/ftp/usrflash/Project/PMAC Script Language/Global Includes/H00_Setup_System.pmh 
Including Project File: /var/ftp/usrflash/Project/PMAC Script Language/Global Includes/H01_Setup_EncTable.pmh 
Including Project File: /var/ftp/usrflash/Project/PMAC Script Language/Global Includes/H02_Setup_Motor.pmh 
Including Project File: /var/ftp/usrflash/Project/PMAC Script Language/Global Includes/H03_Setup_Coord.pmh 
Including Project File: /var/ftp/usrflash/Project/PMAC Script Language/Global Includes/H04_Setup_Ecat.pmh 
Including Project File: /var/ftp/usrflash/Project/PMAC Script Language/Global Includes/H05_Setup_Gpio.pmh 
Including Project File: /var/ftp/usrflash/Project/PMAC Script Language/Global Includes/H06_Variable_Umem.pmh 
Including Project File: /var/ftp/usrflash/Project/PMAC Script Language/Global Includes/H07_Variable_UmemArray.pmh 
Including Project File: /var/ftp/usrflash/Project/PMAC Script Language/Global Includes/H08_Variable_Prog.pmh 
Including Project File: /var/ftp/usrflash/Project/PMAC Script Language/Global Includes/H09_Kinematics.pmh 
Including Project File: /var/ftp/usrflash/Project/PMAC Script Language/Global Includes/H10_Nc.pmh 
Including Project File: /var/ftp/usrflash/Project/PMAC Script Language/Kinematic Routines/Forward1.kin 
Including Project File: /var/ftp/usrflash/Project/PMAC Script Language/Kinematic Routines/Inverse1.kin 
Including Project File: /var/ftp/usrflash/Project/PMAC Script Language/Kinematic Routines/Forward2.kin 
Including Project File: /var/ftp/usrflash/Project/PMAC Script Language/Kinematic Routines/Inverse2.kin 
Including Project File: /var/ftp/usrflash/Project/PMAC Script Language/Kinematic Routines/Forward3.kin 
Including Project File: /var/ftp/usrflash/Project/PMAC Script Language/Kinematic Routines/Inverse3.kin 
Including Project File: /var/ftp/usrflash/Project/PMAC Script Language/Libraries/timer.pmc 
Including Project File: /var/ftp/usrflash/Project/PMAC Script Language/Libraries/SPG_Gcode.pmc 
Including Project File: /var/ftp/usrflash/Project/PMAC Script Language/Libraries/SPG_Mcode.pmc 
Including Project File: /var/ftp/usrflash/Project/PMAC Script Language/Libraries/SPG_AbortVsHome.pmc 
Including Project File: /var/ftp/usrflash/Project/PMAC Script Language/Libraries/SPG_AbortVsLoop.pmc 
Including Project File: /var/ftp/usrflash/Project/PMAC Script Language/Libraries/SPG_AbortWsHome.pmc 
Including Project File: /var/ftp/usrflash/Project/PMAC Script Language/Libraries/SPG_AbortWsLoop.pmc 
Including Project File: /var/ftp/usrflash/Project/PMAC Script Language/Libraries/SPG_InitCommand.pmc 
Including Project File: /var/ftp/usrflash/Project/PMAC Script Language/Libraries/SPG_InitECylinder.pmc 
Including Project File: /var/ftp/usrflash/Project/PMAC Script Language/Libraries/SPG_InitMotor.pmc 
Including Project File: /var/ftp/usrflash/Project/PMAC Script Language/Libraries/SPG_InitScanner.pmc 
Including Project File: /var/ftp/usrflash/Project/PMAC Script Language/Libraries/SPG_InitSeqParam.pmc 
Including Project File: /var/ftp/usrflash/Project/PMAC Script Language/Libraries/SPG_SetDefaultParam.pmc 
Including Project File: /var/ftp/usrflash/Project/PMAC Script Language/Libraries/SPG_SetEquOut.pmc 
Including Project File: /var/ftp/usrflash/Project/PMAC Script Language/Libraries/SPG_SetSeqBufQ.pmc 
Including Project File: /var/ftp/usrflash/Project/PMAC Script Language/Libraries/SPG_SetVsLdParam.pmc 
Including Project File: /var/ftp/usrflash/Project/PMAC Script Language/Libraries/SPG_SetVsRdParam.pmc 
Including Project File: /var/ftp/usrflash/Project/PMAC Script Language/Libraries/SPG_SetVsRjParam.pmc 
Including Project File: /var/ftp/usrflash/Project/PMAC Script Language/Libraries/SPG_SetVsUdParam.pmc 
Including Project File: /var/ftp/usrflash/Project/PMAC Script Language/Libraries/SPG_SetVsVnParam.pmc 
Including Project File: /var/ftp/usrflash/Project/PMAC Script Language/Libraries/SPG_SetVsWtParam.pmc 
Including Project File: /var/ftp/usrflash/Project/PMAC Script Language/Libraries/SPG_SetWsLdParam.pmc 
Including Project File: /var/ftp/usrflash/Project/PMAC Script Language/Libraries/SPG_SetWsRdParam.pmc 
Including Project File: /var/ftp/usrflash/Project/PMAC Script Language/Libraries/SPG_SetWsRjParam.pmc 
Including Project File: /var/ftp/usrflash/Project/PMAC Script Language/Libraries/SPG_SetWsUdParam.pmc 
Including Project File: /var/ftp/usrflash/Project/PMAC Script Language/Libraries/SPG_SetWsWdParam.pmc 
Including Project File: /var/ftp/usrflash/Project/PMAC Script Language/Libraries/SPG_SetWsWtParam.pmc 
Including Project File: /var/ftp/usrflash/Project/PMAC Script Language/Libraries/SPG_ReadScPos.pmc 
Including Project File: /var/ftp/usrflash/Project/PMAC Script Language/Libraries/SPG_ResetVsAlarm.pmc 
Including Project File: /var/ftp/usrflash/Project/PMAC Script Language/Libraries/SPG_ResetWsAlarm.pmc 
Including Project File: /var/ftp/usrflash/Project/PMAC Script Language/Libraries/SPG_ReadThPos.pmc 
Including Project File: /var/ftp/usrflash/Project/PMAC Script Language/Motion Programs/PRG01_Test1.pmc 
Including Project File: /var/ftp/usrflash/Project/PMAC Script Language/Motion Programs/PRG02_Test2.pmc 
Including Project File: /var/ftp/usrflash/Project/PMAC Script Language/Motion Programs/PRG03_Test3.pmc 
Including Project File: /var/ftp/usrflash/Project/PMAC Script Language/Motion Programs/PRG04_Test4.pmc 
Including Project File: /var/ftp/usrflash/Project/PMAC Script Language/Motion Programs/PRG05_Test5.pmc 
Including Project File: /var/ftp/usrflash/Project/PMAC Script Language/Motion Programs/PRG19_Zero.pmc 
Including Project File: /var/ftp/usrflash/Project/PMAC Script Language/Motion Programs/PRG20_Welding.pmc 
Including Project File: /var/ftp/usrflash/Project/PMAC Script Language/Motion Programs/PRG21_Circle.pmc 
Including Project File: /var/ftp/usrflash/Project/PMAC Script Language/Motion Programs/PRG22_SnowMan.pmc 
Including Project File: /var/ftp/usrflash/Project/PMAC Script Language/Motion Programs/PRG23_ButterFly.pmc 
Including Project File: /var/ftp/usrflash/Project/PMAC Script Language/Motion Programs/PRG24_Column.pmc 
Including Project File: /var/ftp/usrflash/Project/PMAC Script Language/Motion Programs/PRG25_Row.pmc 
Including Project File: /var/ftp/usrflash/Project/PMAC Script Language/Motion Programs/PRG30_Vision.pmc 
Including Project File: /var/ftp/usrflash/Project/PMAC Script Language/Motion Programs/PRG50_LaserTest_Cross.pmc 
Including Project File: /var/ftp/usrflash/Project/PMAC Script Language/Motion Programs/PRG51_LaserTest_Line.pmc 
Including Project File: /var/ftp/usrflash/Project/PMAC Script Language/PLC Programs/PLC00_RTI.plc 
Including Project File: /var/ftp/usrflash/Project/PMAC Script Language/PLC Programs/PLC01_Init.plc 
Including Project File: /var/ftp/usrflash/Project/PMAC Script Language/PLC Programs/PLC02_Sta.plc 
Including Project File: /var/ftp/usrflash/Project/PMAC Script Language/PLC Programs/PLC03_Cmd.plc 
Including Project File: /var/ftp/usrflash/Project/PMAC Script Language/PLC Programs/PLC04_Safety.plc 
Including Project File: /var/ftp/usrflash/Project/PMAC Script Language/PLC Programs/PLC05_Ecat.plc 
Including Project File: /var/ftp/usrflash/Project/PMAC Script Language/PLC Programs/PLC06_IoCom.plc 
Including Project File: /var/ftp/usrflash/Project/PMAC Script Language/PLC Programs/PLC10_Home.plc 
Including Project File: /var/ftp/usrflash/Project/PMAC Script Language/PLC Programs/PLC11_Jog.plc 
Including Project File: /var/ftp/usrflash/Project/PMAC Script Language/PLC Programs/PLC12_SeqMc.plc 
Including Project File: /var/ftp/usrflash/Project/PMAC Script Language/PLC Programs/PLC13_SeqWs.plc 
Including Project File: /var/ftp/usrflash/Project/PMAC Script Language/PLC Programs/PLC14_SeqVs.plc 
Including Project File: /var/ftp/usrflash/Project/PMAC Script Language/PLC Programs/PLC20_Cylinder.plc 
Including Project File: /var/ftp/usrflash/Project/PMAC Script Language/PLC Programs/PLC21_TestShot.plc 
Including Project File: /var/ftp/usrflash/Project/PMAC Script Language/PLC Programs/PLC22_LaserCtrl.plc 
Including Project File: /var/ftp/usrflash/Project/PMAC Script Language/PLC Programs/PLC23_TargetMove.plc 
Including Project File: /var/ftp/usrflash/Project/PMAC Script Language/PLC Programs/PLC24_Cover.plc 
Including Project File: /var/ftp/usrflash/Project/PMAC Script Language/PLC Programs/PLC25_BlowOff.plc 
Including Project File: /var/ftp/usrflash/Project/PMAC Script Language/PLC Programs/PLC27_PickAndPlace.plc 
Including Project File: /var/ftp/usrflash/Project/PMAC Script Language/PLC Programs/PLC28_VisionTrigger.plc 
Including Project File: /var/ftp/usrflash/Project/PMAC Script Language/PLC Programs/PLC29_Buf.plc 
Including Project File: /var/ftp/usrflash/Project/PMAC Script Language/PLC Programs/PLC30_Test.plc 
Including Project File: /var/ftp/usrflash/Project/PMAC Script Language/PLC Programs/PLC31_ReqSim.plc 
Including Project File: /var/ftp/usrflash/Project/PMAC Script Language/PLC Programs/PLC26_PowerCheck.plc 
Including Project File: /var/ftp/usrflash/Project/PMAC Script Language/PLC Programs/PLC32_VisionSeq.plc 
Including Project File: /var/ftp/usrflash/Project/Configuration/pp_startup.txt 
Status: Pass 1 Create debug file, #defines, *.h & .sym files, Time (sec) = 0.383196
Status: Pass 2 Verify prog calls, local stack & labels, Time (sec)  = 0.152094
3641 Project Symbols were created for gpascii -2 communication
Status: Create PPMAC Symbol Table & Run CPP Time (sec) = 0.930156
Status: Successful load of preprocessed File: "/var/ftp/usrflash/Temp/pp_proj.pma"
Status: Download to PPMAC Command Processor, Time (sec) = 0.174476
Status: Final pp_proj.h & Run Background C Apps, Time (sec) = 0.087058
Project Preprocessing & Load Total Time (sec) = 2.353769
[PMAC_CONFIG]
Successful: SaveConfiguration using /var/ftp/usrflash/Project/Configuration/pp_save.cfg
Successful: SaveCustomConfiguration using template /var/ftp/usrflash/Project/Configuration/pp_custom_save.tpl
[PMAC_CONFIG]
Successful: FastSave using /var/ftp/usrflash/Project/Configuration/pp_custom_save.tpl
[PMAC_CONFIG]
Successful: FastSave using /var/ftp/usrflash/Project/Configuration/pp_custom_save.tpl
[PMAC_CONFIG]
Successful: FastSave using /var/ftp/usrflash/Project/Configuration/pp_custom_save.tpl
[PMAC_CONFIG]
Successful: FastSave using /var/ftp/usrflash/Project/Configuration/pp_custom_save.tpl
[PMAC_CONFIG]
Successful: FastSave using /var/ftp/usrflash/Project/Configuration/pp_custom_save.tpl
[PMAC_CONFIG]
Successful: FastSave using /var/ftp/usrflash/Project/Configuration/pp_custom_save.tpl
[PMAC_CONFIG]
Successful: FastSave using /var/ftp/usrflash/Project/Configuration/pp_custom_save.tpl
[PMAC_CONFIG]
Successful: FastSave using /var/ftp/usrflash/Project/Configuration/pp_custom_save.tpl
[PMAC_CONFIG]
Successful: FastSave using /var/ftp/usrflash/Project/Configuration/pp_custom_save.tpl
[PMAC_CONFIG]
Successful: FastSave using /var/ftp/usrflash/Project/Configuration/pp_custom_save.tpl
[PMAC_CONFIG]
Successful: FastSave using /var/ftp/usrflash/Project/Configuration/pp_custom_save.tpl
[PMAC_CONFIG]
Successful: FastSave using /var/ftp/usrflash/Project/Configuration/pp_custom_save.tpl
[PMAC_CONFIG]
Successful: FastSave using /var/ftp/usrflash/Project/Configuration/pp_custom_save.tpl
[PMAC_CONFIG]
Successful: FastSave using /var/ftp/usrflash/Project/Configuration/pp_custom_save.tpl
[PMAC_PROJECT]
Start of Project Loading using INI File: "/var/ftp/usrflash/Project/Configuration/pp_proj.ini"
Including Project File: /var/ftp/usrflash/Project/Configuration/pp_disable.txt 
Including Project File: /var/ftp/usrflash/Project/PMAC Script Language/Global Includes/ECATMap.pmh 
Including Project File: /var/ftp/usrflash/Project/PMAC Script Language/Global Includes/AX1515_Mapping.pmh 
Including Project File: /var/ftp/usrflash/Project/PMAC Script Language/Global Includes/H00_Setup_System.pmh 
Including Project File: /var/ftp/usrflash/Project/PMAC Script Language/Global Includes/H01_Setup_EncTable.pmh 
Including Project File: /var/ftp/usrflash/Project/PMAC Script Language/Global Includes/H02_Setup_Motor.pmh 
Including Project File: /var/ftp/usrflash/Project/PMAC Script Language/Global Includes/H03_Setup_Coord.pmh 
Including Project File: /var/ftp/usrflash/Project/PMAC Script Language/Global Includes/H04_Setup_Ecat.pmh 
Including Project File: /var/ftp/usrflash/Project/PMAC Script Language/Global Includes/H05_Setup_Gpio.pmh 
Including Project File: /var/ftp/usrflash/Project/PMAC Script Language/Global Includes/H06_Variable_Umem.pmh 
Including Project File: /var/ftp/usrflash/Project/PMAC Script Language/Global Includes/H07_Variable_UmemArray.pmh 
Including Project File: /var/ftp/usrflash/Project/PMAC Script Language/Global Includes/H08_Variable_Prog.pmh 
Including Project File: /var/ftp/usrflash/Project/PMAC Script Language/Global Includes/H09_Kinematics.pmh 
Including Project File: /var/ftp/usrflash/Project/PMAC Script Language/Global Includes/H10_Nc.pmh 
Including Project File: /var/ftp/usrflash/Project/PMAC Script Language/Kinematic Routines/Forward1.kin 
Including Project File: /var/ftp/usrflash/Project/PMAC Script Language/Kinematic Routines/Inverse1.kin 
Including Project File: /var/ftp/usrflash/Project/PMAC Script Language/Kinematic Routines/Forward2.kin 
Including Project File: /var/ftp/usrflash/Project/PMAC Script Language/Kinematic Routines/Inverse2.kin 
Including Project File: /var/ftp/usrflash/Project/PMAC Script Language/Kinematic Routines/Forward3.kin 
Including Project File: /var/ftp/usrflash/Project/PMAC Script Language/Kinematic Routines/Inverse3.kin 
Including Project File: /var/ftp/usrflash/Project/PMAC Script Language/Libraries/timer.pmc 
Including Project File: /var/ftp/usrflash/Project/PMAC Script Language/Libraries/SPG_Gcode.pmc 
Including Project File: /var/ftp/usrflash/Project/PMAC Script Language/Libraries/SPG_Mcode.pmc 
Including Project File: /var/ftp/usrflash/Project/PMAC Script Language/Libraries/SPG_AbortVsHome.pmc 
Including Project File: /var/ftp/usrflash/Project/PMAC Script Language/Libraries/SPG_AbortVsLoop.pmc 
Including Project File: /var/ftp/usrflash/Project/PMAC Script Language/Libraries/SPG_AbortWsHome.pmc 
Including Project File: /var/ftp/usrflash/Project/PMAC Script Language/Libraries/SPG_AbortWsLoop.pmc 
Including Project File: /var/ftp/usrflash/Project/PMAC Script Language/Libraries/SPG_InitCommand.pmc 
Including Project File: /var/ftp/usrflash/Project/PMAC Script Language/Libraries/SPG_InitECylinder.pmc 
Including Project File: /var/ftp/usrflash/Project/PMAC Script Language/Libraries/SPG_InitMotor.pmc 
Including Project File: /var/ftp/usrflash/Project/PMAC Script Language/Libraries/SPG_InitScanner.pmc 
Including Project File: /var/ftp/usrflash/Project/PMAC Script Language/Libraries/SPG_InitSeqParam.pmc 
Including Project File: /var/ftp/usrflash/Project/PMAC Script Language/Libraries/SPG_SetDefaultParam.pmc 
Including Project File: /var/ftp/usrflash/Project/PMAC Script Language/Libraries/SPG_SetEquOut.pmc 
Including Project File: /var/ftp/usrflash/Project/PMAC Script Language/Libraries/SPG_SetSeqBufQ.pmc 
Including Project File: /var/ftp/usrflash/Project/PMAC Script Language/Libraries/SPG_SetVsLdParam.pmc 
Including Project File: /var/ftp/usrflash/Project/PMAC Script Language/Libraries/SPG_SetVsRdParam.pmc 
Including Project File: /var/ftp/usrflash/Project/PMAC Script Language/Libraries/SPG_SetVsRjParam.pmc 
Including Project File: /var/ftp/usrflash/Project/PMAC Script Language/Libraries/SPG_SetVsUdParam.pmc 
Including Project File: /var/ftp/usrflash/Project/PMAC Script Language/Libraries/SPG_SetVsVnParam.pmc 
Including Project File: /var/ftp/usrflash/Project/PMAC Script Language/Libraries/SPG_SetVsWtParam.pmc 
Including Project File: /var/ftp/usrflash/Project/PMAC Script Language/Libraries/SPG_SetWsLdParam.pmc 
Including Project File: /var/ftp/usrflash/Project/PMAC Script Language/Libraries/SPG_SetWsRdParam.pmc 
Including Project File: /var/ftp/usrflash/Project/PMAC Script Language/Libraries/SPG_SetWsRjParam.pmc 
Including Project File: /var/ftp/usrflash/Project/PMAC Script Language/Libraries/SPG_SetWsUdParam.pmc 
Including Project File: /var/ftp/usrflash/Project/PMAC Script Language/Libraries/SPG_SetWsWdParam.pmc 
Including Project File: /var/ftp/usrflash/Project/PMAC Script Language/Libraries/SPG_SetWsWtParam.pmc 
Including Project File: /var/ftp/usrflash/Project/PMAC Script Language/Libraries/SPG_ReadScPos.pmc 
Including Project File: /var/ftp/usrflash/Project/PMAC Script Language/Libraries/SPG_ResetVsAlarm.pmc 
Including Project File: /var/ftp/usrflash/Project/PMAC Script Language/Libraries/SPG_ResetWsAlarm.pmc 
Including Project File: /var/ftp/usrflash/Project/PMAC Script Language/Libraries/SPG_ReadThPos.pmc 
Including Project File: /var/ftp/usrflash/Project/PMAC Script Language/Motion Programs/PRG01_Test1.pmc 
Including Project File: /var/ftp/usrflash/Project/PMAC Script Language/Motion Programs/PRG02_Test2.pmc 
Including Project File: /var/ftp/usrflash/Project/PMAC Script Language/Motion Programs/PRG03_Test3.pmc 
Including Project File: /var/ftp/usrflash/Project/PMAC Script Language/Motion Programs/PRG04_Test4.pmc 
Including Project File: /var/ftp/usrflash/Project/PMAC Script Language/Motion Programs/PRG05_Test5.pmc 
Including Project File: /var/ftp/usrflash/Project/PMAC Script Language/Motion Programs/PRG19_Zero.pmc 
Including Project File: /var/ftp/usrflash/Project/PMAC Script Language/Motion Programs/PRG20_Welding.pmc 
Including Project File: /var/ftp/usrflash/Project/PMAC Script Language/Motion Programs/PRG21_Circle.pmc 
Including Project File: /var/ftp/usrflash/Project/PMAC Script Language/Motion Programs/PRG22_SnowMan.pmc 
Including Project File: /var/ftp/usrflash/Project/PMAC Script Language/Motion Programs/PRG23_ButterFly.pmc 
Including Project File: /var/ftp/usrflash/Project/PMAC Script Language/Motion Programs/PRG24_Column.pmc 
Including Project File: /var/ftp/usrflash/Project/PMAC Script Language/Motion Programs/PRG25_Row.pmc 
Including Project File: /var/ftp/usrflash/Project/PMAC Script Language/Motion Programs/PRG30_Vision.pmc 
Including Project File: /var/ftp/usrflash/Project/PMAC Script Language/Motion Programs/PRG50_LaserTest_Cross.pmc 
Including Project File: /var/ftp/usrflash/Project/PMAC Script Language/Motion Programs/PRG51_LaserTest_Line.pmc 
Including Project File: /var/ftp/usrflash/Project/PMAC Script Language/PLC Programs/PLC00_RTI.plc 
Including Project File: /var/ftp/usrflash/Project/PMAC Script Language/PLC Programs/PLC01_Init.plc 
Including Project File: /var/ftp/usrflash/Project/PMAC Script Language/PLC Programs/PLC02_Sta.plc 
Including Project File: /var/ftp/usrflash/Project/PMAC Script Language/PLC Programs/PLC03_Cmd.plc 
Including Project File: /var/ftp/usrflash/Project/PMAC Script Language/PLC Programs/PLC04_Safety.plc 
Including Project File: /var/ftp/usrflash/Project/PMAC Script Language/PLC Programs/PLC05_Ecat.plc 
Including Project File: /var/ftp/usrflash/Project/PMAC Script Language/PLC Programs/PLC06_IoCom.plc 
Including Project File: /var/ftp/usrflash/Project/PMAC Script Language/PLC Programs/PLC10_Home.plc 
Including Project File: /var/ftp/usrflash/Project/PMAC Script Language/PLC Programs/PLC11_Jog.plc 
Including Project File: /var/ftp/usrflash/Project/PMAC Script Language/PLC Programs/PLC12_SeqMc.plc 
Including Project File: /var/ftp/usrflash/Project/PMAC Script Language/PLC Programs/PLC13_SeqWs.plc 
Including Project File: /var/ftp/usrflash/Project/PMAC Script Language/PLC Programs/PLC14_SeqVs.plc 
Including Project File: /var/ftp/usrflash/Project/PMAC Script Language/PLC Programs/PLC20_Cylinder.plc 
Including Project File: /var/ftp/usrflash/Project/PMAC Script Language/PLC Programs/PLC21_TestShot.plc 
Including Project File: /var/ftp/usrflash/Project/PMAC Script Language/PLC Programs/PLC22_LaserCtrl.plc 
Including Project File: /var/ftp/usrflash/Project/PMAC Script Language/PLC Programs/PLC23_TargetMove.plc 
Including Project File: /var/ftp/usrflash/Project/PMAC Script Language/PLC Programs/PLC24_Cover.plc 
Including Project File: /var/ftp/usrflash/Project/PMAC Script Language/PLC Programs/PLC25_BlowOff.plc 
Including Project File: /var/ftp/usrflash/Project/PMAC Script Language/PLC Programs/PLC27_PickAndPlace.plc 
Including Project File: /var/ftp/usrflash/Project/PMAC Script Language/PLC Programs/PLC28_VisionTrigger.plc 
Including Project File: /var/ftp/usrflash/Project/PMAC Script Language/PLC Programs/PLC29_Buf.plc 
Including Project File: /var/ftp/usrflash/Project/PMAC Script Language/PLC Programs/PLC30_Test.plc 
Including Project File: /var/ftp/usrflash/Project/PMAC Script Language/PLC Programs/PLC31_ReqSim.plc 
Including Project File: /var/ftp/usrflash/Project/PMAC Script Language/PLC Programs/PLC26_PowerCheck.plc 
Including Project File: /var/ftp/usrflash/Project/PMAC Script Language/PLC Programs/PLC32_VisionSeq.plc 
Including Project File: /var/ftp/usrflash/Project/Configuration/pp_startup.txt 
3641 Project Symbols were created for gpascii -2 communication
[PMAC_PROJECT]
Start of Project Loading using INI File: "/var/ftp/usrflash/Project/Configuration/pp_proj.ini"
Success: Loading usralgo.ko
Success: Loading RT Address of CfromScript
Success: Loading RT Address of CaptCompISR
LoadRTUserCode() Delta Time (sec) = 0.529878
Including Project File: /var/ftp/usrflash/Project/Configuration/pp_disable.txt 
Including Project File: /var/ftp/usrflash/Project/PMAC Script Language/Global Includes/ECATMap.pmh 
Including Project File: /var/ftp/usrflash/Project/PMAC Script Language/Global Includes/AX1515_Mapping.pmh 
Including Project File: /var/ftp/usrflash/Project/PMAC Script Language/Global Includes/H00_Setup_System.pmh 
Including Project File: /var/ftp/usrflash/Project/PMAC Script Language/Global Includes/H01_Setup_EncTable.pmh 
Including Project File: /var/ftp/usrflash/Project/PMAC Script Language/Global Includes/H02_Setup_Motor.pmh 
Including Project File: /var/ftp/usrflash/Project/PMAC Script Language/Global Includes/H03_Setup_Coord.pmh 
Including Project File: /var/ftp/usrflash/Project/PMAC Script Language/Global Includes/H04_Setup_Ecat.pmh 
Including Project File: /var/ftp/usrflash/Project/PMAC Script Language/Global Includes/H05_Setup_Gpio.pmh 
Including Project File: /var/ftp/usrflash/Project/PMAC Script Language/Global Includes/H06_Variable_Umem.pmh 
Including Project File: /var/ftp/usrflash/Project/PMAC Script Language/Global Includes/H07_Variable_UmemArray.pmh 
Including Project File: /var/ftp/usrflash/Project/PMAC Script Language/Global Includes/H08_Variable_Prog.pmh 
Including Project File: /var/ftp/usrflash/Project/PMAC Script Language/Global Includes/H09_Kinematics.pmh 
Including Project File: /var/ftp/usrflash/Project/PMAC Script Language/Global Includes/H10_Nc.pmh 
Including Project File: /var/ftp/usrflash/Project/PMAC Script Language/Kinematic Routines/Forward1.kin 
Including Project File: /var/ftp/usrflash/Project/PMAC Script Language/Kinematic Routines/Inverse1.kin 
Including Project File: /var/ftp/usrflash/Project/PMAC Script Language/Kinematic Routines/Forward2.kin 
Including Project File: /var/ftp/usrflash/Project/PMAC Script Language/Kinematic Routines/Inverse2.kin 
Including Project File: /var/ftp/usrflash/Project/PMAC Script Language/Kinematic Routines/Forward3.kin 
Including Project File: /var/ftp/usrflash/Project/PMAC Script Language/Kinematic Routines/Inverse3.kin 
Including Project File: /var/ftp/usrflash/Project/PMAC Script Language/Libraries/timer.pmc 
Including Project File: /var/ftp/usrflash/Project/PMAC Script Language/Libraries/SPG_Gcode.pmc 
Including Project File: /var/ftp/usrflash/Project/PMAC Script Language/Libraries/SPG_Mcode.pmc 
Including Project File: /var/ftp/usrflash/Project/PMAC Script Language/Libraries/SPG_AbortVsHome.pmc 
Including Project File: /var/ftp/usrflash/Project/PMAC Script Language/Libraries/SPG_AbortVsLoop.pmc 
Including Project File: /var/ftp/usrflash/Project/PMAC Script Language/Libraries/SPG_AbortWsHome.pmc 
Including Project File: /var/ftp/usrflash/Project/PMAC Script Language/Libraries/SPG_AbortWsLoop.pmc 
Including Project File: /var/ftp/usrflash/Project/PMAC Script Language/Libraries/SPG_InitCommand.pmc 
Including Project File: /var/ftp/usrflash/Project/PMAC Script Language/Libraries/SPG_InitECylinder.pmc 
Including Project File: /var/ftp/usrflash/Project/PMAC Script Language/Libraries/SPG_InitMotor.pmc 
Including Project File: /var/ftp/usrflash/Project/PMAC Script Language/Libraries/SPG_InitScanner.pmc 
Including Project File: /var/ftp/usrflash/Project/PMAC Script Language/Libraries/SPG_InitSeqParam.pmc 
Including Project File: /var/ftp/usrflash/Project/PMAC Script Language/Libraries/SPG_SetDefaultParam.pmc 
Including Project File: /var/ftp/usrflash/Project/PMAC Script Language/Libraries/SPG_SetEquOut.pmc 
Including Project File: /var/ftp/usrflash/Project/PMAC Script Language/Libraries/SPG_SetSeqBufQ.pmc 
Including Project File: /var/ftp/usrflash/Project/PMAC Script Language/Libraries/SPG_SetVsLdParam.pmc 
Including Project File: /var/ftp/usrflash/Project/PMAC Script Language/Libraries/SPG_SetVsRdParam.pmc 
Including Project File: /var/ftp/usrflash/Project/PMAC Script Language/Libraries/SPG_SetVsRjParam.pmc 
Including Project File: /var/ftp/usrflash/Project/PMAC Script Language/Libraries/SPG_SetVsUdParam.pmc 
Including Project File: /var/ftp/usrflash/Project/PMAC Script Language/Libraries/SPG_SetVsVnParam.pmc 
Including Project File: /var/ftp/usrflash/Project/PMAC Script Language/Libraries/SPG_SetVsWtParam.pmc 
Including Project File: /var/ftp/usrflash/Project/PMAC Script Language/Libraries/SPG_SetWsLdParam.pmc 
Including Project File: /var/ftp/usrflash/Project/PMAC Script Language/Libraries/SPG_SetWsRdParam.pmc 
Including Project File: /var/ftp/usrflash/Project/PMAC Script Language/Libraries/SPG_SetWsRjParam.pmc 
Including Project File: /var/ftp/usrflash/Project/PMAC Script Language/Libraries/SPG_SetWsUdParam.pmc 
Including Project File: /var/ftp/usrflash/Project/PMAC Script Language/Libraries/SPG_SetWsWdParam.pmc 
Including Project File: /var/ftp/usrflash/Project/PMAC Script Language/Libraries/SPG_SetWsWtParam.pmc 
Including Project File: /var/ftp/usrflash/Project/PMAC Script Language/Libraries/SPG_ReadScPos.pmc 
Including Project File: /var/ftp/usrflash/Project/PMAC Script Language/Libraries/SPG_ResetVsAlarm.pmc 
Including Project File: /var/ftp/usrflash/Project/PMAC Script Language/Libraries/SPG_ResetWsAlarm.pmc 
Including Project File: /var/ftp/usrflash/Project/PMAC Script Language/Libraries/SPG_ReadThPos.pmc 
Including Project File: /var/ftp/usrflash/Project/PMAC Script Language/Motion Programs/PRG01_Test1.pmc 
Including Project File: /var/ftp/usrflash/Project/PMAC Script Language/Motion Programs/PRG02_Test2.pmc 
Including Project File: /var/ftp/usrflash/Project/PMAC Script Language/Motion Programs/PRG03_Test3.pmc 
Including Project File: /var/ftp/usrflash/Project/PMAC Script Language/Motion Programs/PRG04_Test4.pmc 
Including Project File: /var/ftp/usrflash/Project/PMAC Script Language/Motion Programs/PRG05_Test5.pmc 
Including Project File: /var/ftp/usrflash/Project/PMAC Script Language/Motion Programs/PRG19_Zero.pmc 
Including Project File: /var/ftp/usrflash/Project/PMAC Script Language/Motion Programs/PRG20_Welding.pmc 
Including Project File: /var/ftp/usrflash/Project/PMAC Script Language/Motion Programs/PRG21_Circle.pmc 
Including Project File: /var/ftp/usrflash/Project/PMAC Script Language/Motion Programs/PRG22_SnowMan.pmc 
Including Project File: /var/ftp/usrflash/Project/PMAC Script Language/Motion Programs/PRG23_ButterFly.pmc 
Including Project File: /var/ftp/usrflash/Project/PMAC Script Language/Motion Programs/PRG24_Column.pmc 
Including Project File: /var/ftp/usrflash/Project/PMAC Script Language/Motion Programs/PRG25_Row.pmc 
Including Project File: /var/ftp/usrflash/Project/PMAC Script Language/Motion Programs/PRG30_Vision.pmc 
Including Project File: /var/ftp/usrflash/Project/PMAC Script Language/Motion Programs/PRG50_LaserTest_Cross.pmc 
Including Project File: /var/ftp/usrflash/Project/PMAC Script Language/Motion Programs/PRG51_LaserTest_Line.pmc 
Including Project File: /var/ftp/usrflash/Project/PMAC Script Language/PLC Programs/PLC00_RTI.plc 
Including Project File: /var/ftp/usrflash/Project/PMAC Script Language/PLC Programs/PLC01_Init.plc 
Including Project File: /var/ftp/usrflash/Project/PMAC Script Language/PLC Programs/PLC02_Sta.plc 
Including Project File: /var/ftp/usrflash/Project/PMAC Script Language/PLC Programs/PLC03_Cmd.plc 
Including Project File: /var/ftp/usrflash/Project/PMAC Script Language/PLC Programs/PLC04_Safety.plc 
Including Project File: /var/ftp/usrflash/Project/PMAC Script Language/PLC Programs/PLC05_Ecat.plc 
Including Project File: /var/ftp/usrflash/Project/PMAC Script Language/PLC Programs/PLC06_IoCom.plc 
Including Project File: /var/ftp/usrflash/Project/PMAC Script Language/PLC Programs/PLC10_Home.plc 
Including Project File: /var/ftp/usrflash/Project/PMAC Script Language/PLC Programs/PLC11_Jog.plc 
Including Project File: /var/ftp/usrflash/Project/PMAC Script Language/PLC Programs/PLC12_SeqMc.plc 
Including Project File: /var/ftp/usrflash/Project/PMAC Script Language/PLC Programs/PLC13_SeqWs.plc 
Including Project File: /var/ftp/usrflash/Project/PMAC Script Language/PLC Programs/PLC14_SeqVs.plc 
Including Project File: /var/ftp/usrflash/Project/PMAC Script Language/PLC Programs/PLC20_Cylinder.plc 
Including Project File: /var/ftp/usrflash/Project/PMAC Script Language/PLC Programs/PLC21_TestShot.plc 
Including Project File: /var/ftp/usrflash/Project/PMAC Script Language/PLC Programs/PLC22_LaserCtrl.plc 
Including Project File: /var/ftp/usrflash/Project/PMAC Script Language/PLC Programs/PLC23_TargetMove.plc 
Including Project File: /var/ftp/usrflash/Project/PMAC Script Language/PLC Programs/PLC24_Cover.plc 
Including Project File: /var/ftp/usrflash/Project/PMAC Script Language/PLC Programs/PLC25_BlowOff.plc 
Including Project File: /var/ftp/usrflash/Project/PMAC Script Language/PLC Programs/PLC27_PickAndPlace.plc 
Including Project File: /var/ftp/usrflash/Project/PMAC Script Language/PLC Programs/PLC28_VisionTrigger.plc 
Including Project File: /var/ftp/usrflash/Project/PMAC Script Language/PLC Programs/PLC29_Buf.plc 
Including Project File: /var/ftp/usrflash/Project/PMAC Script Language/PLC Programs/PLC30_Test.plc 
Including Project File: /var/ftp/usrflash/Project/PMAC Script Language/PLC Programs/PLC31_ReqSim.plc 
Including Project File: /var/ftp/usrflash/Project/PMAC Script Language/PLC Programs/PLC26_PowerCheck.plc 
Including Project File: /var/ftp/usrflash/Project/PMAC Script Language/PLC Programs/PLC32_VisionSeq.plc 
Including Project File: /var/ftp/usrflash/Project/Configuration/pp_startup.txt 
Status: Pass 1 Create debug file, #defines, *.h & .sym files, Time (sec) = 0.357721
Status: Pass 2 Verify prog calls, local stack & labels, Time (sec)  = 0.203082
3641 Project Symbols were created for gpascii -2 communication
Status: Create PPMAC Symbol Table & Run CPP Time (sec) = 0.882564
Status: Successful load of preprocessed File: "/var/ftp/usrflash/Temp/pp_proj.pma"
Status: Download to PPMAC Command Processor, Time (sec) = 0.209465
Status: Final pp_proj.h & Run Background C Apps, Time (sec) = 0.079511
Project Preprocessing & Load Total Time (sec) = 2.262285
[PMAC_CONFIG]
Successful: SaveConfiguration using /var/ftp/usrflash/Project/Configuration/pp_save.cfg
Successful: SaveCustomConfiguration using template /var/ftp/usrflash/Project/Configuration/pp_custom_save.tpl
[PMAC_PROJECT]
Start of Project Loading using INI File: "/var/ftp/usrflash/Project/Configuration/pp_proj.ini"
Including Project File: /var/ftp/usrflash/Project/Configuration/pp_disable.txt 
Including Project File: /var/ftp/usrflash/Project/PMAC Script Language/Global Includes/ECATMap.pmh 
Including Project File: /var/ftp/usrflash/Project/PMAC Script Language/Global Includes/AX1515_Mapping.pmh 
Including Project File: /var/ftp/usrflash/Project/PMAC Script Language/Global Includes/H00_Setup_System.pmh 
Including Project File: /var/ftp/usrflash/Project/PMAC Script Language/Global Includes/H01_Setup_EncTable.pmh 
Including Project File: /var/ftp/usrflash/Project/PMAC Script Language/Global Includes/H02_Setup_Motor.pmh 
Including Project File: /var/ftp/usrflash/Project/PMAC Script Language/Global Includes/H03_Setup_Coord.pmh 
Including Project File: /var/ftp/usrflash/Project/PMAC Script Language/Global Includes/H04_Setup_Ecat.pmh 
Including Project File: /var/ftp/usrflash/Project/PMAC Script Language/Global Includes/H05_Setup_Gpio.pmh 
Including Project File: /var/ftp/usrflash/Project/PMAC Script Language/Global Includes/H06_Variable_Umem.pmh 
Including Project File: /var/ftp/usrflash/Project/PMAC Script Language/Global Includes/H07_Variable_UmemArray.pmh 
Including Project File: /var/ftp/usrflash/Project/PMAC Script Language/Global Includes/H08_Variable_Prog.pmh 
Including Project File: /var/ftp/usrflash/Project/PMAC Script Language/Global Includes/H09_Kinematics.pmh 
Including Project File: /var/ftp/usrflash/Project/PMAC Script Language/Global Includes/H10_Nc.pmh 
Including Project File: /var/ftp/usrflash/Project/PMAC Script Language/Kinematic Routines/Forward1.kin 
Including Project File: /var/ftp/usrflash/Project/PMAC Script Language/Kinematic Routines/Inverse1.kin 
Including Project File: /var/ftp/usrflash/Project/PMAC Script Language/Kinematic Routines/Forward2.kin 
Including Project File: /var/ftp/usrflash/Project/PMAC Script Language/Kinematic Routines/Inverse2.kin 
Including Project File: /var/ftp/usrflash/Project/PMAC Script Language/Kinematic Routines/Forward3.kin 
Including Project File: /var/ftp/usrflash/Project/PMAC Script Language/Kinematic Routines/Inverse3.kin 
Including Project File: /var/ftp/usrflash/Project/PMAC Script Language/Libraries/timer.pmc 
Including Project File: /var/ftp/usrflash/Project/PMAC Script Language/Libraries/SPG_Gcode.pmc 
Including Project File: /var/ftp/usrflash/Project/PMAC Script Language/Libraries/SPG_Mcode.pmc 
Including Project File: /var/ftp/usrflash/Project/PMAC Script Language/Libraries/SPG_AbortVsHome.pmc 
Including Project File: /var/ftp/usrflash/Project/PMAC Script Language/Libraries/SPG_AbortVsLoop.pmc 
Including Project File: /var/ftp/usrflash/Project/PMAC Script Language/Libraries/SPG_AbortWsHome.pmc 
Including Project File: /var/ftp/usrflash/Project/PMAC Script Language/Libraries/SPG_AbortWsLoop.pmc 
Including Project File: /var/ftp/usrflash/Project/PMAC Script Language/Libraries/SPG_InitCommand.pmc 
Including Project File: /var/ftp/usrflash/Project/PMAC Script Language/Libraries/SPG_InitECylinder.pmc 
Including Project File: /var/ftp/usrflash/Project/PMAC Script Language/Libraries/SPG_InitMotor.pmc 
Including Project File: /var/ftp/usrflash/Project/PMAC Script Language/Libraries/SPG_InitScanner.pmc 
Including Project File: /var/ftp/usrflash/Project/PMAC Script Language/Libraries/SPG_InitSeqParam.pmc 
Including Project File: /var/ftp/usrflash/Project/PMAC Script Language/Libraries/SPG_SetDefaultParam.pmc 
Including Project File: /var/ftp/usrflash/Project/PMAC Script Language/Libraries/SPG_SetEquOut.pmc 
Including Project File: /var/ftp/usrflash/Project/PMAC Script Language/Libraries/SPG_SetSeqBufQ.pmc 
Including Project File: /var/ftp/usrflash/Project/PMAC Script Language/Libraries/SPG_SetVsLdParam.pmc 
Including Project File: /var/ftp/usrflash/Project/PMAC Script Language/Libraries/SPG_SetVsRdParam.pmc 
Including Project File: /var/ftp/usrflash/Project/PMAC Script Language/Libraries/SPG_SetVsRjParam.pmc 
Including Project File: /var/ftp/usrflash/Project/PMAC Script Language/Libraries/SPG_SetVsUdParam.pmc 
Including Project File: /var/ftp/usrflash/Project/PMAC Script Language/Libraries/SPG_SetVsVnParam.pmc 
Including Project File: /var/ftp/usrflash/Project/PMAC Script Language/Libraries/SPG_SetVsWtParam.pmc 
Including Project File: /var/ftp/usrflash/Project/PMAC Script Language/Libraries/SPG_SetWsLdParam.pmc 
Including Project File: /var/ftp/usrflash/Project/PMAC Script Language/Libraries/SPG_SetWsRdParam.pmc 
Including Project File: /var/ftp/usrflash/Project/PMAC Script Language/Libraries/SPG_SetWsRjParam.pmc 
Including Project File: /var/ftp/usrflash/Project/PMAC Script Language/Libraries/SPG_SetWsUdParam.pmc 
Including Project File: /var/ftp/usrflash/Project/PMAC Script Language/Libraries/SPG_SetWsWdParam.pmc 
Including Project File: /var/ftp/usrflash/Project/PMAC Script Language/Libraries/SPG_SetWsWtParam.pmc 
Including Project File: /var/ftp/usrflash/Project/PMAC Script Language/Libraries/SPG_ReadScPos.pmc 
Including Project File: /var/ftp/usrflash/Project/PMAC Script Language/Libraries/SPG_ResetVsAlarm.pmc 
Including Project File: /var/ftp/usrflash/Project/PMAC Script Language/Libraries/SPG_ResetWsAlarm.pmc 
Including Project File: /var/ftp/usrflash/Project/PMAC Script Language/Libraries/SPG_ReadThPos.pmc 
Including Project File: /var/ftp/usrflash/Project/PMAC Script Language/Motion Programs/PRG01_Test1.pmc 
Including Project File: /var/ftp/usrflash/Project/PMAC Script Language/Motion Programs/PRG02_Test2.pmc 
Including Project File: /var/ftp/usrflash/Project/PMAC Script Language/Motion Programs/PRG03_Test3.pmc 
Including Project File: /var/ftp/usrflash/Project/PMAC Script Language/Motion Programs/PRG04_Test4.pmc 
Including Project File: /var/ftp/usrflash/Project/PMAC Script Language/Motion Programs/PRG05_Test5.pmc 
Including Project File: /var/ftp/usrflash/Project/PMAC Script Language/Motion Programs/PRG19_Zero.pmc 
Including Project File: /var/ftp/usrflash/Project/PMAC Script Language/Motion Programs/PRG20_Welding.pmc 
Including Project File: /var/ftp/usrflash/Project/PMAC Script Language/Motion Programs/PRG21_Circle.pmc 
Including Project File: /var/ftp/usrflash/Project/PMAC Script Language/Motion Programs/PRG22_SnowMan.pmc 
Including Project File: /var/ftp/usrflash/Project/PMAC Script Language/Motion Programs/PRG23_ButterFly.pmc 
Including Project File: /var/ftp/usrflash/Project/PMAC Script Language/Motion Programs/PRG24_Column.pmc 
Including Project File: /var/ftp/usrflash/Project/PMAC Script Language/Motion Programs/PRG25_Row.pmc 
Including Project File: /var/ftp/usrflash/Project/PMAC Script Language/Motion Programs/PRG30_Vision.pmc 
Including Project File: /var/ftp/usrflash/Project/PMAC Script Language/Motion Programs/PRG50_LaserTest_Cross.pmc 
Including Project File: /var/ftp/usrflash/Project/PMAC Script Language/Motion Programs/PRG51_LaserTest_Line.pmc 
Including Project File: /var/ftp/usrflash/Project/PMAC Script Language/PLC Programs/PLC00_RTI.plc 
Including Project File: /var/ftp/usrflash/Project/PMAC Script Language/PLC Programs/PLC01_Init.plc 
Including Project File: /var/ftp/usrflash/Project/PMAC Script Language/PLC Programs/PLC02_Sta.plc 
Including Project File: /var/ftp/usrflash/Project/PMAC Script Language/PLC Programs/PLC03_Cmd.plc 
Including Project File: /var/ftp/usrflash/Project/PMAC Script Language/PLC Programs/PLC04_Safety.plc 
Including Project File: /var/ftp/usrflash/Project/PMAC Script Language/PLC Programs/PLC05_Ecat.plc 
Including Project File: /var/ftp/usrflash/Project/PMAC Script Language/PLC Programs/PLC06_IoCom.plc 
Including Project File: /var/ftp/usrflash/Project/PMAC Script Language/PLC Programs/PLC10_Home.plc 
Including Project File: /var/ftp/usrflash/Project/PMAC Script Language/PLC Programs/PLC11_Jog.plc 
Including Project File: /var/ftp/usrflash/Project/PMAC Script Language/PLC Programs/PLC12_SeqMc.plc 
Including Project File: /var/ftp/usrflash/Project/PMAC Script Language/PLC Programs/PLC13_SeqWs.plc 
Including Project File: /var/ftp/usrflash/Project/PMAC Script Language/PLC Programs/PLC14_SeqVs.plc 
Including Project File: /var/ftp/usrflash/Project/PMAC Script Language/PLC Programs/PLC20_Cylinder.plc 
Including Project File: /var/ftp/usrflash/Project/PMAC Script Language/PLC Programs/PLC21_TestShot.plc 
Including Project File: /var/ftp/usrflash/Project/PMAC Script Language/PLC Programs/PLC22_LaserCtrl.plc 
Including Project File: /var/ftp/usrflash/Project/PMAC Script Language/PLC Programs/PLC23_TargetMove.plc 
Including Project File: /var/ftp/usrflash/Project/PMAC Script Language/PLC Programs/PLC24_Cover.plc 
Including Project File: /var/ftp/usrflash/Project/PMAC Script Language/PLC Programs/PLC25_BlowOff.plc 
Including Project File: /var/ftp/usrflash/Project/PMAC Script Language/PLC Programs/PLC27_PickAndPlace.plc 
Including Project File: /var/ftp/usrflash/Project/PMAC Script Language/PLC Programs/PLC28_VisionTrigger.plc 
Including Project File: /var/ftp/usrflash/Project/PMAC Script Language/PLC Programs/PLC29_Buf.plc 
Including Project File: /var/ftp/usrflash/Project/PMAC Script Language/PLC Programs/PLC30_Test.plc 
Including Project File: /var/ftp/usrflash/Project/PMAC Script Language/PLC Programs/PLC31_ReqSim.plc 
Including Project File: /var/ftp/usrflash/Project/PMAC Script Language/PLC Programs/PLC26_PowerCheck.plc 
Including Project File: /var/ftp/usrflash/Project/PMAC Script Language/PLC Programs/PLC32_VisionSeq.plc 
Including Project File: /var/ftp/usrflash/Project/Configuration/pp_startup.txt 
3641 Project Symbols were created for gpascii -2 communication
[PMAC_PROJECT]
Start of Project Loading using INI File: "/var/ftp/usrflash/Project/Configuration/pp_proj.ini"
Success: Loading usralgo.ko
Success: Loading RT Address of CfromScript
Success: Loading RT Address of CaptCompISR
LoadRTUserCode() Delta Time (sec) = 0.582654
Including Project File: /var/ftp/usrflash/Project/Configuration/pp_disable.txt 
Including Project File: /var/ftp/usrflash/Project/PMAC Script Language/Global Includes/ECATMap.pmh 
Including Project File: /var/ftp/usrflash/Project/PMAC Script Language/Global Includes/AX1515_Mapping.pmh 
Including Project File: /var/ftp/usrflash/Project/PMAC Script Language/Global Includes/H00_Setup_System.pmh 
Including Project File: /var/ftp/usrflash/Project/PMAC Script Language/Global Includes/H01_Setup_EncTable.pmh 
Including Project File: /var/ftp/usrflash/Project/PMAC Script Language/Global Includes/H02_Setup_Motor.pmh 
Including Project File: /var/ftp/usrflash/Project/PMAC Script Language/Global Includes/H03_Setup_Coord.pmh 
Including Project File: /var/ftp/usrflash/Project/PMAC Script Language/Global Includes/H04_Setup_Ecat.pmh 
Including Project File: /var/ftp/usrflash/Project/PMAC Script Language/Global Includes/H05_Setup_Gpio.pmh 
Including Project File: /var/ftp/usrflash/Project/PMAC Script Language/Global Includes/H06_Variable_Umem.pmh 
Including Project File: /var/ftp/usrflash/Project/PMAC Script Language/Global Includes/H07_Variable_UmemArray.pmh 
Including Project File: /var/ftp/usrflash/Project/PMAC Script Language/Global Includes/H08_Variable_Prog.pmh 
Including Project File: /var/ftp/usrflash/Project/PMAC Script Language/Global Includes/H09_Kinematics.pmh 
Including Project File: /var/ftp/usrflash/Project/PMAC Script Language/Global Includes/H10_Nc.pmh 
Including Project File: /var/ftp/usrflash/Project/PMAC Script Language/Kinematic Routines/Forward1.kin 
Including Project File: /var/ftp/usrflash/Project/PMAC Script Language/Kinematic Routines/Inverse1.kin 
Including Project File: /var/ftp/usrflash/Project/PMAC Script Language/Kinematic Routines/Forward2.kin 
Including Project File: /var/ftp/usrflash/Project/PMAC Script Language/Kinematic Routines/Inverse2.kin 
Including Project File: /var/ftp/usrflash/Project/PMAC Script Language/Kinematic Routines/Forward3.kin 
Including Project File: /var/ftp/usrflash/Project/PMAC Script Language/Kinematic Routines/Inverse3.kin 
Including Project File: /var/ftp/usrflash/Project/PMAC Script Language/Libraries/timer.pmc 
Including Project File: /var/ftp/usrflash/Project/PMAC Script Language/Libraries/SPG_Gcode.pmc 
Including Project File: /var/ftp/usrflash/Project/PMAC Script Language/Libraries/SPG_Mcode.pmc 
Including Project File: /var/ftp/usrflash/Project/PMAC Script Language/Libraries/SPG_AbortVsHome.pmc 
Including Project File: /var/ftp/usrflash/Project/PMAC Script Language/Libraries/SPG_AbortVsLoop.pmc 
Including Project File: /var/ftp/usrflash/Project/PMAC Script Language/Libraries/SPG_AbortWsHome.pmc 
Including Project File: /var/ftp/usrflash/Project/PMAC Script Language/Libraries/SPG_AbortWsLoop.pmc 
Including Project File: /var/ftp/usrflash/Project/PMAC Script Language/Libraries/SPG_InitCommand.pmc 
Including Project File: /var/ftp/usrflash/Project/PMAC Script Language/Libraries/SPG_InitECylinder.pmc 
Including Project File: /var/ftp/usrflash/Project/PMAC Script Language/Libraries/SPG_InitMotor.pmc 
Including Project File: /var/ftp/usrflash/Project/PMAC Script Language/Libraries/SPG_InitScanner.pmc 
Including Project File: /var/ftp/usrflash/Project/PMAC Script Language/Libraries/SPG_InitSeqParam.pmc 
Including Project File: /var/ftp/usrflash/Project/PMAC Script Language/Libraries/SPG_SetDefaultParam.pmc 
Including Project File: /var/ftp/usrflash/Project/PMAC Script Language/Libraries/SPG_SetEquOut.pmc 
Including Project File: /var/ftp/usrflash/Project/PMAC Script Language/Libraries/SPG_SetSeqBufQ.pmc 
Including Project File: /var/ftp/usrflash/Project/PMAC Script Language/Libraries/SPG_SetVsLdParam.pmc 
Including Project File: /var/ftp/usrflash/Project/PMAC Script Language/Libraries/SPG_SetVsRdParam.pmc 
Including Project File: /var/ftp/usrflash/Project/PMAC Script Language/Libraries/SPG_SetVsRjParam.pmc 
Including Project File: /var/ftp/usrflash/Project/PMAC Script Language/Libraries/SPG_SetVsUdParam.pmc 
Including Project File: /var/ftp/usrflash/Project/PMAC Script Language/Libraries/SPG_SetVsVnParam.pmc 
Including Project File: /var/ftp/usrflash/Project/PMAC Script Language/Libraries/SPG_SetVsWtParam.pmc 
Including Project File: /var/ftp/usrflash/Project/PMAC Script Language/Libraries/SPG_SetWsLdParam.pmc 
Including Project File: /var/ftp/usrflash/Project/PMAC Script Language/Libraries/SPG_SetWsRdParam.pmc 
Including Project File: /var/ftp/usrflash/Project/PMAC Script Language/Libraries/SPG_SetWsRjParam.pmc 
Including Project File: /var/ftp/usrflash/Project/PMAC Script Language/Libraries/SPG_SetWsUdParam.pmc 
Including Project File: /var/ftp/usrflash/Project/PMAC Script Language/Libraries/SPG_SetWsWdParam.pmc 
Including Project File: /var/ftp/usrflash/Project/PMAC Script Language/Libraries/SPG_SetWsWtParam.pmc 
Including Project File: /var/ftp/usrflash/Project/PMAC Script Language/Libraries/SPG_ReadScPos.pmc 
Including Project File: /var/ftp/usrflash/Project/PMAC Script Language/Libraries/SPG_ResetVsAlarm.pmc 
Including Project File: /var/ftp/usrflash/Project/PMAC Script Language/Libraries/SPG_ResetWsAlarm.pmc 
Including Project File: /var/ftp/usrflash/Project/PMAC Script Language/Libraries/SPG_ReadThPos.pmc 
Including Project File: /var/ftp/usrflash/Project/PMAC Script Language/Motion Programs/PRG01_Test1.pmc 
Including Project File: /var/ftp/usrflash/Project/PMAC Script Language/Motion Programs/PRG02_Test2.pmc 
Including Project File: /var/ftp/usrflash/Project/PMAC Script Language/Motion Programs/PRG03_Test3.pmc 
Including Project File: /var/ftp/usrflash/Project/PMAC Script Language/Motion Programs/PRG04_Test4.pmc 
Including Project File: /var/ftp/usrflash/Project/PMAC Script Language/Motion Programs/PRG05_Test5.pmc 
Including Project File: /var/ftp/usrflash/Project/PMAC Script Language/Motion Programs/PRG19_Zero.pmc 
Including Project File: /var/ftp/usrflash/Project/PMAC Script Language/Motion Programs/PRG20_Welding.pmc 
Including Project File: /var/ftp/usrflash/Project/PMAC Script Language/Motion Programs/PRG21_Circle.pmc 
Including Project File: /var/ftp/usrflash/Project/PMAC Script Language/Motion Programs/PRG22_SnowMan.pmc 
Including Project File: /var/ftp/usrflash/Project/PMAC Script Language/Motion Programs/PRG23_ButterFly.pmc 
Including Project File: /var/ftp/usrflash/Project/PMAC Script Language/Motion Programs/PRG24_Column.pmc 
Including Project File: /var/ftp/usrflash/Project/PMAC Script Language/Motion Programs/PRG25_Row.pmc 
Including Project File: /var/ftp/usrflash/Project/PMAC Script Language/Motion Programs/PRG30_Vision.pmc 
Including Project File: /var/ftp/usrflash/Project/PMAC Script Language/Motion Programs/PRG50_LaserTest_Cross.pmc 
Including Project File: /var/ftp/usrflash/Project/PMAC Script Language/Motion Programs/PRG51_LaserTest_Line.pmc 
Including Project File: /var/ftp/usrflash/Project/PMAC Script Language/PLC Programs/PLC00_RTI.plc 
Including Project File: /var/ftp/usrflash/Project/PMAC Script Language/PLC Programs/PLC01_Init.plc 
Including Project File: /var/ftp/usrflash/Project/PMAC Script Language/PLC Programs/PLC02_Sta.plc 
Including Project File: /var/ftp/usrflash/Project/PMAC Script Language/PLC Programs/PLC03_Cmd.plc 
Including Project File: /var/ftp/usrflash/Project/PMAC Script Language/PLC Programs/PLC04_Safety.plc 
Including Project File: /var/ftp/usrflash/Project/PMAC Script Language/PLC Programs/PLC05_Ecat.plc 
Including Project File: /var/ftp/usrflash/Project/PMAC Script Language/PLC Programs/PLC06_IoCom.plc 
Including Project File: /var/ftp/usrflash/Project/PMAC Script Language/PLC Programs/PLC10_Home.plc 
Including Project File: /var/ftp/usrflash/Project/PMAC Script Language/PLC Programs/PLC11_Jog.plc 
Including Project File: /var/ftp/usrflash/Project/PMAC Script Language/PLC Programs/PLC12_SeqMc.plc 
Including Project File: /var/ftp/usrflash/Project/PMAC Script Language/PLC Programs/PLC13_SeqWs.plc 
Including Project File: /var/ftp/usrflash/Project/PMAC Script Language/PLC Programs/PLC14_SeqVs.plc 
Including Project File: /var/ftp/usrflash/Project/PMAC Script Language/PLC Programs/PLC20_Cylinder.plc 
Including Project File: /var/ftp/usrflash/Project/PMAC Script Language/PLC Programs/PLC21_TestShot.plc 
Including Project File: /var/ftp/usrflash/Project/PMAC Script Language/PLC Programs/PLC22_LaserCtrl.plc 
Including Project File: /var/ftp/usrflash/Project/PMAC Script Language/PLC Programs/PLC23_TargetMove.plc 
Including Project File: /var/ftp/usrflash/Project/PMAC Script Language/PLC Programs/PLC24_Cover.plc 
Including Project File: /var/ftp/usrflash/Project/PMAC Script Language/PLC Programs/PLC25_BlowOff.plc 
Including Project File: /var/ftp/usrflash/Project/PMAC Script Language/PLC Programs/PLC27_PickAndPlace.plc 
Including Project File: /var/ftp/usrflash/Project/PMAC Script Language/PLC Programs/PLC28_VisionTrigger.plc 
Including Project File: /var/ftp/usrflash/Project/PMAC Script Language/PLC Programs/PLC29_Buf.plc 
Including Project File: /var/ftp/usrflash/Project/PMAC Script Language/PLC Programs/PLC30_Test.plc 
Including Project File: /var/ftp/usrflash/Project/PMAC Script Language/PLC Programs/PLC31_ReqSim.plc 
Including Project File: /var/ftp/usrflash/Project/PMAC Script Language/PLC Programs/PLC26_PowerCheck.plc 
Including Project File: /var/ftp/usrflash/Project/PMAC Script Language/PLC Programs/PLC32_VisionSeq.plc 
Including Project File: /var/ftp/usrflash/Project/Configuration/pp_startup.txt 
Status: Pass 1 Create debug file, #defines, *.h & .sym files, Time (sec) = 0.374311
Status: Pass 2 Verify prog calls, local stack & labels, Time (sec)  = 0.142047
3641 Project Symbols were created for gpascii -2 communication
Status: Create PPMAC Symbol Table & Run CPP Time (sec) = 0.919394
Status: Successful load of preprocessed File: "/var/ftp/usrflash/Temp/pp_proj.pma"
Status: Download to PPMAC Command Processor, Time (sec) = 0.173924
Status: Final pp_proj.h & Run Background C Apps, Time (sec) = 0.082199
Project Preprocessing & Load Total Time (sec) = 2.274592
[PMAC_CONFIG]
Successful: SaveConfiguration using /var/ftp/usrflash/Project/Configuration/pp_save.cfg
Successful: SaveCustomConfiguration using template /var/ftp/usrflash/Project/Configuration/pp_custom_save.tpl
[PMAC_CONFIG]
Successful: FastSave using /var/ftp/usrflash/Project/Configuration/pp_custom_save.tpl
[PMAC_CONFIG]
Successful: FastSave using /var/ftp/usrflash/Project/Configuration/pp_custom_save.tpl
[PMAC_CONFIG]
Successful: FastSave using /var/ftp/usrflash/Project/Configuration/pp_custom_save.tpl
[PMAC_CONFIG]
Successful: FastSave using /var/ftp/usrflash/Project/Configuration/pp_custom_save.tpl
[PMAC_CONFIG]
Successful: FastSave using /var/ftp/usrflash/Project/Configuration/pp_custom_save.tpl
[PMAC_CONFIG]
Successful: FastSave using /var/ftp/usrflash/Project/Configuration/pp_custom_save.tpl
[PMAC_CONFIG]
Successful: FastSave using /var/ftp/usrflash/Project/Configuration/pp_custom_save.tpl
[PMAC_CONFIG]
Successful: FastSave using /var/ftp/usrflash/Project/Configuration/pp_custom_save.tpl
[PMAC_CONFIG]
Successful: FastSave using /var/ftp/usrflash/Project/Configuration/pp_custom_save.tpl
[PMAC_CONFIG]
Successful: FastSave using /var/ftp/usrflash/Project/Configuration/pp_custom_save.tpl
[PMAC_CONFIG]
Successful: FastSave using /var/ftp/usrflash/Project/Configuration/pp_custom_save.tpl
[PMAC_CONFIG]
Successful: FastSave using /var/ftp/usrflash/Project/Configuration/pp_custom_save.tpl
[PMAC_CONFIG]
Successful: FastSave using /var/ftp/usrflash/Project/Configuration/pp_custom_save.tpl
[PMAC_CONFIG]
Successful: FastSave using /var/ftp/usrflash/Project/Configuration/pp_custom_save.tpl
[PMAC_CONFIG]
Successful: FastSave using /var/ftp/usrflash/Project/Configuration/pp_custom_save.tpl
[PMAC_CONFIG]
Successful: FastSave using /var/ftp/usrflash/Project/Configuration/pp_custom_save.tpl
[PMAC_CONFIG]
Successful: FastSave using /var/ftp/usrflash/Project/Configuration/pp_custom_save.tpl
[PMAC_CONFIG]
Successful: FastSave using /var/ftp/usrflash/Project/Configuration/pp_custom_save.tpl
[PMAC_CONFIG]
Successful: FastSave using /var/ftp/usrflash/Project/Configuration/pp_custom_save.tpl
[PMAC_CONFIG]
Successful: FastSave using /var/ftp/usrflash/Project/Configuration/pp_custom_save.tpl
[PMAC_CONFIG]
Successful: FastSave using /var/ftp/usrflash/Project/Configuration/pp_custom_save.tpl
[PMAC_PROJECT]
Start of Project Loading using INI File: "/var/ftp/usrflash/Project/Configuration/pp_proj.ini"
Including Project File: /var/ftp/usrflash/Project/Configuration/pp_disable.txt 
Including Project File: /var/ftp/usrflash/Project/PMAC Script Language/Global Includes/ECATMap.pmh 
Including Project File: /var/ftp/usrflash/Project/PMAC Script Language/Global Includes/AX1515_Mapping.pmh 
Including Project File: /var/ftp/usrflash/Project/PMAC Script Language/Global Includes/H00_Setup_System.pmh 
Including Project File: /var/ftp/usrflash/Project/PMAC Script Language/Global Includes/H01_Setup_EncTable.pmh 
Including Project File: /var/ftp/usrflash/Project/PMAC Script Language/Global Includes/H02_Setup_Motor.pmh 
Including Project File: /var/ftp/usrflash/Project/PMAC Script Language/Global Includes/H03_Setup_Coord.pmh 
Including Project File: /var/ftp/usrflash/Project/PMAC Script Language/Global Includes/H04_Setup_Ecat.pmh 
Including Project File: /var/ftp/usrflash/Project/PMAC Script Language/Global Includes/H05_Setup_Gpio.pmh 
Including Project File: /var/ftp/usrflash/Project/PMAC Script Language/Global Includes/H06_Variable_Umem.pmh 
Including Project File: /var/ftp/usrflash/Project/PMAC Script Language/Global Includes/H07_Variable_UmemArray.pmh 
Including Project File: /var/ftp/usrflash/Project/PMAC Script Language/Global Includes/H08_Variable_Prog.pmh 
Including Project File: /var/ftp/usrflash/Project/PMAC Script Language/Global Includes/H09_Kinematics.pmh 
Including Project File: /var/ftp/usrflash/Project/PMAC Script Language/Global Includes/H10_Nc.pmh 
Including Project File: /var/ftp/usrflash/Project/PMAC Script Language/Kinematic Routines/Forward1.kin 
Including Project File: /var/ftp/usrflash/Project/PMAC Script Language/Kinematic Routines/Inverse1.kin 
Including Project File: /var/ftp/usrflash/Project/PMAC Script Language/Kinematic Routines/Forward2.kin 
Including Project File: /var/ftp/usrflash/Project/PMAC Script Language/Kinematic Routines/Inverse2.kin 
Including Project File: /var/ftp/usrflash/Project/PMAC Script Language/Kinematic Routines/Forward3.kin 
Including Project File: /var/ftp/usrflash/Project/PMAC Script Language/Kinematic Routines/Inverse3.kin 
Including Project File: /var/ftp/usrflash/Project/PMAC Script Language/Libraries/timer.pmc 
Including Project File: /var/ftp/usrflash/Project/PMAC Script Language/Libraries/SPG_Gcode.pmc 
Including Project File: /var/ftp/usrflash/Project/PMAC Script Language/Libraries/SPG_Mcode.pmc 
Including Project File: /var/ftp/usrflash/Project/PMAC Script Language/Libraries/SPG_AbortVsHome.pmc 
Including Project File: /var/ftp/usrflash/Project/PMAC Script Language/Libraries/SPG_AbortVsLoop.pmc 
Including Project File: /var/ftp/usrflash/Project/PMAC Script Language/Libraries/SPG_AbortWsHome.pmc 
Including Project File: /var/ftp/usrflash/Project/PMAC Script Language/Libraries/SPG_AbortWsLoop.pmc 
Including Project File: /var/ftp/usrflash/Project/PMAC Script Language/Libraries/SPG_InitCommand.pmc 
Including Project File: /var/ftp/usrflash/Project/PMAC Script Language/Libraries/SPG_InitECylinder.pmc 
Including Project File: /var/ftp/usrflash/Project/PMAC Script Language/Libraries/SPG_InitMotor.pmc 
Including Project File: /var/ftp/usrflash/Project/PMAC Script Language/Libraries/SPG_InitScanner.pmc 
Including Project File: /var/ftp/usrflash/Project/PMAC Script Language/Libraries/SPG_InitSeqParam.pmc 
Including Project File: /var/ftp/usrflash/Project/PMAC Script Language/Libraries/SPG_SetDefaultParam.pmc 
Including Project File: /var/ftp/usrflash/Project/PMAC Script Language/Libraries/SPG_SetEquOut.pmc 
Including Project File: /var/ftp/usrflash/Project/PMAC Script Language/Libraries/SPG_SetSeqBufQ.pmc 
Including Project File: /var/ftp/usrflash/Project/PMAC Script Language/Libraries/SPG_SetVsLdParam.pmc 
Including Project File: /var/ftp/usrflash/Project/PMAC Script Language/Libraries/SPG_SetVsRdParam.pmc 
Including Project File: /var/ftp/usrflash/Project/PMAC Script Language/Libraries/SPG_SetVsRjParam.pmc 
Including Project File: /var/ftp/usrflash/Project/PMAC Script Language/Libraries/SPG_SetVsUdParam.pmc 
Including Project File: /var/ftp/usrflash/Project/PMAC Script Language/Libraries/SPG_SetVsVnParam.pmc 
Including Project File: /var/ftp/usrflash/Project/PMAC Script Language/Libraries/SPG_SetVsWtParam.pmc 
Including Project File: /var/ftp/usrflash/Project/PMAC Script Language/Libraries/SPG_SetWsLdParam.pmc 
Including Project File: /var/ftp/usrflash/Project/PMAC Script Language/Libraries/SPG_SetWsRdParam.pmc 
Including Project File: /var/ftp/usrflash/Project/PMAC Script Language/Libraries/SPG_SetWsRjParam.pmc 
Including Project File: /var/ftp/usrflash/Project/PMAC Script Language/Libraries/SPG_SetWsUdParam.pmc 
Including Project File: /var/ftp/usrflash/Project/PMAC Script Language/Libraries/SPG_SetWsWdParam.pmc 
Including Project File: /var/ftp/usrflash/Project/PMAC Script Language/Libraries/SPG_SetWsWtParam.pmc 
Including Project File: /var/ftp/usrflash/Project/PMAC Script Language/Libraries/SPG_ReadScPos.pmc 
Including Project File: /var/ftp/usrflash/Project/PMAC Script Language/Libraries/SPG_ResetVsAlarm.pmc 
Including Project File: /var/ftp/usrflash/Project/PMAC Script Language/Libraries/SPG_ResetWsAlarm.pmc 
Including Project File: /var/ftp/usrflash/Project/PMAC Script Language/Libraries/SPG_ReadThPos.pmc 
Including Project File: /var/ftp/usrflash/Project/PMAC Script Language/Motion Programs/PRG01_Test1.pmc 
Including Project File: /var/ftp/usrflash/Project/PMAC Script Language/Motion Programs/PRG02_Test2.pmc 
Including Project File: /var/ftp/usrflash/Project/PMAC Script Language/Motion Programs/PRG03_Test3.pmc 
Including Project File: /var/ftp/usrflash/Project/PMAC Script Language/Motion Programs/PRG04_Test4.pmc 
Including Project File: /var/ftp/usrflash/Project/PMAC Script Language/Motion Programs/PRG05_Test5.pmc 
Including Project File: /var/ftp/usrflash/Project/PMAC Script Language/Motion Programs/PRG19_Zero.pmc 
Including Project File: /var/ftp/usrflash/Project/PMAC Script Language/Motion Programs/PRG20_Welding.pmc 
Including Project File: /var/ftp/usrflash/Project/PMAC Script Language/Motion Programs/PRG21_Circle.pmc 
Including Project File: /var/ftp/usrflash/Project/PMAC Script Language/Motion Programs/PRG22_SnowMan.pmc 
Including Project File: /var/ftp/usrflash/Project/PMAC Script Language/Motion Programs/PRG23_ButterFly.pmc 
Including Project File: /var/ftp/usrflash/Project/PMAC Script Language/Motion Programs/PRG24_Column.pmc 
Including Project File: /var/ftp/usrflash/Project/PMAC Script Language/Motion Programs/PRG25_Row.pmc 
Including Project File: /var/ftp/usrflash/Project/PMAC Script Language/Motion Programs/PRG30_Vision.pmc 
Including Project File: /var/ftp/usrflash/Project/PMAC Script Language/Motion Programs/PRG50_LaserTest_Cross.pmc 
Including Project File: /var/ftp/usrflash/Project/PMAC Script Language/Motion Programs/PRG51_LaserTest_Line.pmc 
Including Project File: /var/ftp/usrflash/Project/PMAC Script Language/PLC Programs/PLC00_RTI.plc 
Including Project File: /var/ftp/usrflash/Project/PMAC Script Language/PLC Programs/PLC01_Init.plc 
Including Project File: /var/ftp/usrflash/Project/PMAC Script Language/PLC Programs/PLC02_Sta.plc 
Including Project File: /var/ftp/usrflash/Project/PMAC Script Language/PLC Programs/PLC03_Cmd.plc 
Including Project File: /var/ftp/usrflash/Project/PMAC Script Language/PLC Programs/PLC04_Safety.plc 
Including Project File: /var/ftp/usrflash/Project/PMAC Script Language/PLC Programs/PLC05_Ecat.plc 
Including Project File: /var/ftp/usrflash/Project/PMAC Script Language/PLC Programs/PLC06_IoCom.plc 
Including Project File: /var/ftp/usrflash/Project/PMAC Script Language/PLC Programs/PLC10_Home.plc 
Including Project File: /var/ftp/usrflash/Project/PMAC Script Language/PLC Programs/PLC11_Jog.plc 
Including Project File: /var/ftp/usrflash/Project/PMAC Script Language/PLC Programs/PLC12_SeqMc.plc 
Including Project File: /var/ftp/usrflash/Project/PMAC Script Language/PLC Programs/PLC13_SeqWs.plc 
Including Project File: /var/ftp/usrflash/Project/PMAC Script Language/PLC Programs/PLC14_SeqVs.plc 
Including Project File: /var/ftp/usrflash/Project/PMAC Script Language/PLC Programs/PLC20_Cylinder.plc 
Including Project File: /var/ftp/usrflash/Project/PMAC Script Language/PLC Programs/PLC21_TestShot.plc 
Including Project File: /var/ftp/usrflash/Project/PMAC Script Language/PLC Programs/PLC22_LaserCtrl.plc 
Including Project File: /var/ftp/usrflash/Project/PMAC Script Language/PLC Programs/PLC23_TargetMove.plc 
Including Project File: /var/ftp/usrflash/Project/PMAC Script Language/PLC Programs/PLC24_Cover.plc 
Including Project File: /var/ftp/usrflash/Project/PMAC Script Language/PLC Programs/PLC25_BlowOff.plc 
Including Project File: /var/ftp/usrflash/Project/PMAC Script Language/PLC Programs/PLC27_PickAndPlace.plc 
Including Project File: /var/ftp/usrflash/Project/PMAC Script Language/PLC Programs/PLC28_VisionTrigger.plc 
Including Project File: /var/ftp/usrflash/Project/PMAC Script Language/PLC Programs/PLC29_Buf.plc 
Including Project File: /var/ftp/usrflash/Project/PMAC Script Language/PLC Programs/PLC30_Test.plc 
Including Project File: /var/ftp/usrflash/Project/PMAC Script Language/PLC Programs/PLC31_ReqSim.plc 
Including Project File: /var/ftp/usrflash/Project/PMAC Script Language/PLC Programs/PLC26_PowerCheck.plc 
Including Project File: /var/ftp/usrflash/Project/PMAC Script Language/PLC Programs/PLC32_VisionSeq.plc 
Including Project File: /var/ftp/usrflash/Project/Configuration/pp_startup.txt 
3641 Project Symbols were created for gpascii -2 communication
[PMAC_PROJECT]
Start of Project Loading using INI File: "/var/ftp/usrflash/Project/Configuration/pp_proj.ini"
Success: Loading usralgo.ko
Success: Loading RT Address of CfromScript
Success: Loading RT Address of CaptCompISR
LoadRTUserCode() Delta Time (sec) = 0.511585
Including Project File: /var/ftp/usrflash/Project/Configuration/pp_disable.txt 
Including Project File: /var/ftp/usrflash/Project/PMAC Script Language/Global Includes/ECATMap.pmh 
Including Project File: /var/ftp/usrflash/Project/PMAC Script Language/Global Includes/AX1515_Mapping.pmh 
Including Project File: /var/ftp/usrflash/Project/PMAC Script Language/Global Includes/H00_Setup_System.pmh 
Including Project File: /var/ftp/usrflash/Project/PMAC Script Language/Global Includes/H01_Setup_EncTable.pmh 
Including Project File: /var/ftp/usrflash/Project/PMAC Script Language/Global Includes/H02_Setup_Motor.pmh 
Including Project File: /var/ftp/usrflash/Project/PMAC Script Language/Global Includes/H03_Setup_Coord.pmh 
Including Project File: /var/ftp/usrflash/Project/PMAC Script Language/Global Includes/H04_Setup_Ecat.pmh 
Including Project File: /var/ftp/usrflash/Project/PMAC Script Language/Global Includes/H05_Setup_Gpio.pmh 
Including Project File: /var/ftp/usrflash/Project/PMAC Script Language/Global Includes/H06_Variable_Umem.pmh 
Including Project File: /var/ftp/usrflash/Project/PMAC Script Language/Global Includes/H07_Variable_UmemArray.pmh 
Including Project File: /var/ftp/usrflash/Project/PMAC Script Language/Global Includes/H08_Variable_Prog.pmh 
Including Project File: /var/ftp/usrflash/Project/PMAC Script Language/Global Includes/H09_Kinematics.pmh 
Including Project File: /var/ftp/usrflash/Project/PMAC Script Language/Global Includes/H10_Nc.pmh 
Including Project File: /var/ftp/usrflash/Project/PMAC Script Language/Kinematic Routines/Forward1.kin 
Including Project File: /var/ftp/usrflash/Project/PMAC Script Language/Kinematic Routines/Inverse1.kin 
Including Project File: /var/ftp/usrflash/Project/PMAC Script Language/Kinematic Routines/Forward2.kin 
Including Project File: /var/ftp/usrflash/Project/PMAC Script Language/Kinematic Routines/Inverse2.kin 
Including Project File: /var/ftp/usrflash/Project/PMAC Script Language/Kinematic Routines/Forward3.kin 
Including Project File: /var/ftp/usrflash/Project/PMAC Script Language/Kinematic Routines/Inverse3.kin 
Including Project File: /var/ftp/usrflash/Project/PMAC Script Language/Libraries/timer.pmc 
Including Project File: /var/ftp/usrflash/Project/PMAC Script Language/Libraries/SPG_Gcode.pmc 
Including Project File: /var/ftp/usrflash/Project/PMAC Script Language/Libraries/SPG_Mcode.pmc 
Including Project File: /var/ftp/usrflash/Project/PMAC Script Language/Libraries/SPG_AbortVsHome.pmc 
Including Project File: /var/ftp/usrflash/Project/PMAC Script Language/Libraries/SPG_AbortVsLoop.pmc 
Including Project File: /var/ftp/usrflash/Project/PMAC Script Language/Libraries/SPG_AbortWsHome.pmc 
Including Project File: /var/ftp/usrflash/Project/PMAC Script Language/Libraries/SPG_AbortWsLoop.pmc 
Including Project File: /var/ftp/usrflash/Project/PMAC Script Language/Libraries/SPG_InitCommand.pmc 
Including Project File: /var/ftp/usrflash/Project/PMAC Script Language/Libraries/SPG_InitECylinder.pmc 
Including Project File: /var/ftp/usrflash/Project/PMAC Script Language/Libraries/SPG_InitMotor.pmc 
Including Project File: /var/ftp/usrflash/Project/PMAC Script Language/Libraries/SPG_InitScanner.pmc 
Including Project File: /var/ftp/usrflash/Project/PMAC Script Language/Libraries/SPG_InitSeqParam.pmc 
Including Project File: /var/ftp/usrflash/Project/PMAC Script Language/Libraries/SPG_SetDefaultParam.pmc 
Including Project File: /var/ftp/usrflash/Project/PMAC Script Language/Libraries/SPG_SetEquOut.pmc 
Including Project File: /var/ftp/usrflash/Project/PMAC Script Language/Libraries/SPG_SetSeqBufQ.pmc 
Including Project File: /var/ftp/usrflash/Project/PMAC Script Language/Libraries/SPG_SetVsLdParam.pmc 
Including Project File: /var/ftp/usrflash/Project/PMAC Script Language/Libraries/SPG_SetVsRdParam.pmc 
Including Project File: /var/ftp/usrflash/Project/PMAC Script Language/Libraries/SPG_SetVsRjParam.pmc 
Including Project File: /var/ftp/usrflash/Project/PMAC Script Language/Libraries/SPG_SetVsUdParam.pmc 
Including Project File: /var/ftp/usrflash/Project/PMAC Script Language/Libraries/SPG_SetVsVnParam.pmc 
Including Project File: /var/ftp/usrflash/Project/PMAC Script Language/Libraries/SPG_SetVsWtParam.pmc 
Including Project File: /var/ftp/usrflash/Project/PMAC Script Language/Libraries/SPG_SetWsLdParam.pmc 
Including Project File: /var/ftp/usrflash/Project/PMAC Script Language/Libraries/SPG_SetWsRdParam.pmc 
Including Project File: /var/ftp/usrflash/Project/PMAC Script Language/Libraries/SPG_SetWsRjParam.pmc 
Including Project File: /var/ftp/usrflash/Project/PMAC Script Language/Libraries/SPG_SetWsUdParam.pmc 
Including Project File: /var/ftp/usrflash/Project/PMAC Script Language/Libraries/SPG_SetWsWdParam.pmc 
Including Project File: /var/ftp/usrflash/Project/PMAC Script Language/Libraries/SPG_SetWsWtParam.pmc 
Including Project File: /var/ftp/usrflash/Project/PMAC Script Language/Libraries/SPG_ReadScPos.pmc 
Including Project File: /var/ftp/usrflash/Project/PMAC Script Language/Libraries/SPG_ResetVsAlarm.pmc 
Including Project File: /var/ftp/usrflash/Project/PMAC Script Language/Libraries/SPG_ResetWsAlarm.pmc 
Including Project File: /var/ftp/usrflash/Project/PMAC Script Language/Libraries/SPG_ReadThPos.pmc 
Including Project File: /var/ftp/usrflash/Project/PMAC Script Language/Motion Programs/PRG01_Test1.pmc 
Including Project File: /var/ftp/usrflash/Project/PMAC Script Language/Motion Programs/PRG02_Test2.pmc 
Including Project File: /var/ftp/usrflash/Project/PMAC Script Language/Motion Programs/PRG03_Test3.pmc 
Including Project File: /var/ftp/usrflash/Project/PMAC Script Language/Motion Programs/PRG04_Test4.pmc 
Including Project File: /var/ftp/usrflash/Project/PMAC Script Language/Motion Programs/PRG05_Test5.pmc 
Including Project File: /var/ftp/usrflash/Project/PMAC Script Language/Motion Programs/PRG19_Zero.pmc 
Including Project File: /var/ftp/usrflash/Project/PMAC Script Language/Motion Programs/PRG20_Welding.pmc 
Including Project File: /var/ftp/usrflash/Project/PMAC Script Language/Motion Programs/PRG21_Circle.pmc 
Including Project File: /var/ftp/usrflash/Project/PMAC Script Language/Motion Programs/PRG22_SnowMan.pmc 
Including Project File: /var/ftp/usrflash/Project/PMAC Script Language/Motion Programs/PRG23_ButterFly.pmc 
Including Project File: /var/ftp/usrflash/Project/PMAC Script Language/Motion Programs/PRG24_Column.pmc 
Including Project File: /var/ftp/usrflash/Project/PMAC Script Language/Motion Programs/PRG25_Row.pmc 
Including Project File: /var/ftp/usrflash/Project/PMAC Script Language/Motion Programs/PRG30_Vision.pmc 
Including Project File: /var/ftp/usrflash/Project/PMAC Script Language/Motion Programs/PRG50_LaserTest_Cross.pmc 
Including Project File: /var/ftp/usrflash/Project/PMAC Script Language/Motion Programs/PRG51_LaserTest_Line.pmc 
Including Project File: /var/ftp/usrflash/Project/PMAC Script Language/PLC Programs/PLC00_RTI.plc 
Including Project File: /var/ftp/usrflash/Project/PMAC Script Language/PLC Programs/PLC01_Init.plc 
Including Project File: /var/ftp/usrflash/Project/PMAC Script Language/PLC Programs/PLC02_Sta.plc 
Including Project File: /var/ftp/usrflash/Project/PMAC Script Language/PLC Programs/PLC03_Cmd.plc 
Including Project File: /var/ftp/usrflash/Project/PMAC Script Language/PLC Programs/PLC04_Safety.plc 
Including Project File: /var/ftp/usrflash/Project/PMAC Script Language/PLC Programs/PLC05_Ecat.plc 
Including Project File: /var/ftp/usrflash/Project/PMAC Script Language/PLC Programs/PLC06_IoCom.plc 
Including Project File: /var/ftp/usrflash/Project/PMAC Script Language/PLC Programs/PLC10_Home.plc 
Including Project File: /var/ftp/usrflash/Project/PMAC Script Language/PLC Programs/PLC11_Jog.plc 
Including Project File: /var/ftp/usrflash/Project/PMAC Script Language/PLC Programs/PLC12_SeqMc.plc 
Including Project File: /var/ftp/usrflash/Project/PMAC Script Language/PLC Programs/PLC13_SeqWs.plc 
Including Project File: /var/ftp/usrflash/Project/PMAC Script Language/PLC Programs/PLC14_SeqVs.plc 
Including Project File: /var/ftp/usrflash/Project/PMAC Script Language/PLC Programs/PLC20_Cylinder.plc 
Including Project File: /var/ftp/usrflash/Project/PMAC Script Language/PLC Programs/PLC21_TestShot.plc 
Including Project File: /var/ftp/usrflash/Project/PMAC Script Language/PLC Programs/PLC22_LaserCtrl.plc 
Including Project File: /var/ftp/usrflash/Project/PMAC Script Language/PLC Programs/PLC23_TargetMove.plc 
Including Project File: /var/ftp/usrflash/Project/PMAC Script Language/PLC Programs/PLC24_Cover.plc 
Including Project File: /var/ftp/usrflash/Project/PMAC Script Language/PLC Programs/PLC25_BlowOff.plc 
Including Project File: /var/ftp/usrflash/Project/PMAC Script Language/PLC Programs/PLC27_PickAndPlace.plc 
Including Project File: /var/ftp/usrflash/Project/PMAC Script Language/PLC Programs/PLC28_VisionTrigger.plc 
Including Project File: /var/ftp/usrflash/Project/PMAC Script Language/PLC Programs/PLC29_Buf.plc 
Including Project File: /var/ftp/usrflash/Project/PMAC Script Language/PLC Programs/PLC30_Test.plc 
Including Project File: /var/ftp/usrflash/Project/PMAC Script Language/PLC Programs/PLC31_ReqSim.plc 
Including Project File: /var/ftp/usrflash/Project/PMAC Script Language/PLC Programs/PLC26_PowerCheck.plc 
Including Project File: /var/ftp/usrflash/Project/PMAC Script Language/PLC Programs/PLC32_VisionSeq.plc 
Including Project File: /var/ftp/usrflash/Project/Configuration/pp_startup.txt 
Status: Pass 1 Create debug file, #defines, *.h & .sym files, Time (sec) = 0.355933
Status: Pass 2 Verify prog calls, local stack & labels, Time (sec)  = 0.133536
3641 Project Symbols were created for gpascii -2 communication
Status: Create PPMAC Symbol Table & Run CPP Time (sec) = 0.851064
Status: Successful load of preprocessed File: "/var/ftp/usrflash/Temp/pp_proj.pma"
Status: Download to PPMAC Command Processor, Time (sec) = 0.163107
Status: Final pp_proj.h & Run Background C Apps, Time (sec) = 0.066921
Project Preprocessing & Load Total Time (sec) = 2.082214
[PMAC_PROJECT]
Start of Project Loading using INI File: "/var/ftp/usrflash/Project/Configuration/pp_proj.ini"
Including Project File: /var/ftp/usrflash/Project/Configuration/pp_disable.txt 
Including Project File: /var/ftp/usrflash/Project/PMAC Script Language/Global Includes/ECATMap.pmh 
Including Project File: /var/ftp/usrflash/Project/PMAC Script Language/Global Includes/AX1515_Mapping.pmh 
Including Project File: /var/ftp/usrflash/Project/PMAC Script Language/Global Includes/H00_Setup_System.pmh 
Including Project File: /var/ftp/usrflash/Project/PMAC Script Language/Global Includes/H01_Setup_EncTable.pmh 
Including Project File: /var/ftp/usrflash/Project/PMAC Script Language/Global Includes/H02_Setup_Motor.pmh 
Including Project File: /var/ftp/usrflash/Project/PMAC Script Language/Global Includes/H03_Setup_Coord.pmh 
Including Project File: /var/ftp/usrflash/Project/PMAC Script Language/Global Includes/H04_Setup_Ecat.pmh 
Including Project File: /var/ftp/usrflash/Project/PMAC Script Language/Global Includes/H05_Setup_Gpio.pmh 
Including Project File: /var/ftp/usrflash/Project/PMAC Script Language/Global Includes/H06_Variable_Umem.pmh 
Including Project File: /var/ftp/usrflash/Project/PMAC Script Language/Global Includes/H07_Variable_UmemArray.pmh 
Including Project File: /var/ftp/usrflash/Project/PMAC Script Language/Global Includes/H08_Variable_Prog.pmh 
Including Project File: /var/ftp/usrflash/Project/PMAC Script Language/Global Includes/H09_Kinematics.pmh 
Including Project File: /var/ftp/usrflash/Project/PMAC Script Language/Global Includes/H10_Nc.pmh 
Including Project File: /var/ftp/usrflash/Project/PMAC Script Language/Kinematic Routines/Forward1.kin 
Including Project File: /var/ftp/usrflash/Project/PMAC Script Language/Kinematic Routines/Inverse1.kin 
Including Project File: /var/ftp/usrflash/Project/PMAC Script Language/Kinematic Routines/Forward2.kin 
Including Project File: /var/ftp/usrflash/Project/PMAC Script Language/Kinematic Routines/Inverse2.kin 
Including Project File: /var/ftp/usrflash/Project/PMAC Script Language/Kinematic Routines/Forward3.kin 
Including Project File: /var/ftp/usrflash/Project/PMAC Script Language/Kinematic Routines/Inverse3.kin 
Including Project File: /var/ftp/usrflash/Project/PMAC Script Language/Libraries/timer.pmc 
Including Project File: /var/ftp/usrflash/Project/PMAC Script Language/Libraries/SPG_Gcode.pmc 
Including Project File: /var/ftp/usrflash/Project/PMAC Script Language/Libraries/SPG_Mcode.pmc 
Including Project File: /var/ftp/usrflash/Project/PMAC Script Language/Libraries/SPG_AbortVsHome.pmc 
Including Project File: /var/ftp/usrflash/Project/PMAC Script Language/Libraries/SPG_AbortVsLoop.pmc 
Including Project File: /var/ftp/usrflash/Project/PMAC Script Language/Libraries/SPG_AbortWsHome.pmc 
Including Project File: /var/ftp/usrflash/Project/PMAC Script Language/Libraries/SPG_AbortWsLoop.pmc 
Including Project File: /var/ftp/usrflash/Project/PMAC Script Language/Libraries/SPG_InitCommand.pmc 
Including Project File: /var/ftp/usrflash/Project/PMAC Script Language/Libraries/SPG_InitECylinder.pmc 
Including Project File: /var/ftp/usrflash/Project/PMAC Script Language/Libraries/SPG_InitMotor.pmc 
Including Project File: /var/ftp/usrflash/Project/PMAC Script Language/Libraries/SPG_InitScanner.pmc 
Including Project File: /var/ftp/usrflash/Project/PMAC Script Language/Libraries/SPG_InitSeqParam.pmc 
Including Project File: /var/ftp/usrflash/Project/PMAC Script Language/Libraries/SPG_SetDefaultParam.pmc 
Including Project File: /var/ftp/usrflash/Project/PMAC Script Language/Libraries/SPG_SetEquOut.pmc 
Including Project File: /var/ftp/usrflash/Project/PMAC Script Language/Libraries/SPG_SetSeqBufQ.pmc 
Including Project File: /var/ftp/usrflash/Project/PMAC Script Language/Libraries/SPG_SetVsLdParam.pmc 
Including Project File: /var/ftp/usrflash/Project/PMAC Script Language/Libraries/SPG_SetVsRdParam.pmc 
Including Project File: /var/ftp/usrflash/Project/PMAC Script Language/Libraries/SPG_SetVsRjParam.pmc 
Including Project File: /var/ftp/usrflash/Project/PMAC Script Language/Libraries/SPG_SetVsUdParam.pmc 
Including Project File: /var/ftp/usrflash/Project/PMAC Script Language/Libraries/SPG_SetVsVnParam.pmc 
Including Project File: /var/ftp/usrflash/Project/PMAC Script Language/Libraries/SPG_SetVsWtParam.pmc 
Including Project File: /var/ftp/usrflash/Project/PMAC Script Language/Libraries/SPG_SetWsLdParam.pmc 
Including Project File: /var/ftp/usrflash/Project/PMAC Script Language/Libraries/SPG_SetWsRdParam.pmc 
Including Project File: /var/ftp/usrflash/Project/PMAC Script Language/Libraries/SPG_SetWsRjParam.pmc 
Including Project File: /var/ftp/usrflash/Project/PMAC Script Language/Libraries/SPG_SetWsUdParam.pmc 
Including Project File: /var/ftp/usrflash/Project/PMAC Script Language/Libraries/SPG_SetWsWdParam.pmc 
Including Project File: /var/ftp/usrflash/Project/PMAC Script Language/Libraries/SPG_SetWsWtParam.pmc 
Including Project File: /var/ftp/usrflash/Project/PMAC Script Language/Libraries/SPG_ReadScPos.pmc 
Including Project File: /var/ftp/usrflash/Project/PMAC Script Language/Libraries/SPG_ResetVsAlarm.pmc 
Including Project File: /var/ftp/usrflash/Project/PMAC Script Language/Libraries/SPG_ResetWsAlarm.pmc 
Including Project File: /var/ftp/usrflash/Project/PMAC Script Language/Libraries/SPG_ReadThPos.pmc 
Including Project File: /var/ftp/usrflash/Project/PMAC Script Language/Motion Programs/PRG01_Test1.pmc 
Including Project File: /var/ftp/usrflash/Project/PMAC Script Language/Motion Programs/PRG02_Test2.pmc 
Including Project File: /var/ftp/usrflash/Project/PMAC Script Language/Motion Programs/PRG03_Test3.pmc 
Including Project File: /var/ftp/usrflash/Project/PMAC Script Language/Motion Programs/PRG04_Test4.pmc 
Including Project File: /var/ftp/usrflash/Project/PMAC Script Language/Motion Programs/PRG05_Test5.pmc 
Including Project File: /var/ftp/usrflash/Project/PMAC Script Language/Motion Programs/PRG19_Zero.pmc 
Including Project File: /var/ftp/usrflash/Project/PMAC Script Language/Motion Programs/PRG20_Welding.pmc 
Including Project File: /var/ftp/usrflash/Project/PMAC Script Language/Motion Programs/PRG21_Circle.pmc 
Including Project File: /var/ftp/usrflash/Project/PMAC Script Language/Motion Programs/PRG22_SnowMan.pmc 
Including Project File: /var/ftp/usrflash/Project/PMAC Script Language/Motion Programs/PRG23_ButterFly.pmc 
Including Project File: /var/ftp/usrflash/Project/PMAC Script Language/Motion Programs/PRG24_Column.pmc 
Including Project File: /var/ftp/usrflash/Project/PMAC Script Language/Motion Programs/PRG25_Row.pmc 
Including Project File: /var/ftp/usrflash/Project/PMAC Script Language/Motion Programs/PRG30_Vision.pmc 
Including Project File: /var/ftp/usrflash/Project/PMAC Script Language/Motion Programs/PRG50_LaserTest_Cross.pmc 
Including Project File: /var/ftp/usrflash/Project/PMAC Script Language/Motion Programs/PRG51_LaserTest_Line.pmc 
Including Project File: /var/ftp/usrflash/Project/PMAC Script Language/PLC Programs/PLC00_RTI.plc 
Including Project File: /var/ftp/usrflash/Project/PMAC Script Language/PLC Programs/PLC01_Init.plc 
Including Project File: /var/ftp/usrflash/Project/PMAC Script Language/PLC Programs/PLC02_Sta.plc 
Including Project File: /var/ftp/usrflash/Project/PMAC Script Language/PLC Programs/PLC03_Cmd.plc 
Including Project File: /var/ftp/usrflash/Project/PMAC Script Language/PLC Programs/PLC04_Safety.plc 
Including Project File: /var/ftp/usrflash/Project/PMAC Script Language/PLC Programs/PLC05_Ecat.plc 
Including Project File: /var/ftp/usrflash/Project/PMAC Script Language/PLC Programs/PLC06_IoCom.plc 
Including Project File: /var/ftp/usrflash/Project/PMAC Script Language/PLC Programs/PLC10_Home.plc 
Including Project File: /var/ftp/usrflash/Project/PMAC Script Language/PLC Programs/PLC11_Jog.plc 
Including Project File: /var/ftp/usrflash/Project/PMAC Script Language/PLC Programs/PLC12_SeqMc.plc 
Including Project File: /var/ftp/usrflash/Project/PMAC Script Language/PLC Programs/PLC13_SeqWs.plc 
Including Project File: /var/ftp/usrflash/Project/PMAC Script Language/PLC Programs/PLC14_SeqVs.plc 
Including Project File: /var/ftp/usrflash/Project/PMAC Script Language/PLC Programs/PLC20_Cylinder.plc 
Including Project File: /var/ftp/usrflash/Project/PMAC Script Language/PLC Programs/PLC21_TestShot.plc 
Including Project File: /var/ftp/usrflash/Project/PMAC Script Language/PLC Programs/PLC22_LaserCtrl.plc 
Including Project File: /var/ftp/usrflash/Project/PMAC Script Language/PLC Programs/PLC23_TargetMove.plc 
Including Project File: /var/ftp/usrflash/Project/PMAC Script Language/PLC Programs/PLC24_Cover.plc 
Including Project File: /var/ftp/usrflash/Project/PMAC Script Language/PLC Programs/PLC25_BlowOff.plc 
Including Project File: /var/ftp/usrflash/Project/PMAC Script Language/PLC Programs/PLC27_PickAndPlace.plc 
Including Project File: /var/ftp/usrflash/Project/PMAC Script Language/PLC Programs/PLC28_VisionTrigger.plc 
Including Project File: /var/ftp/usrflash/Project/PMAC Script Language/PLC Programs/PLC29_Buf.plc 
Including Project File: /var/ftp/usrflash/Project/PMAC Script Language/PLC Programs/PLC30_Test.plc 
Including Project File: /var/ftp/usrflash/Project/PMAC Script Language/PLC Programs/PLC31_ReqSim.plc 
Including Project File: /var/ftp/usrflash/Project/PMAC Script Language/PLC Programs/PLC26_PowerCheck.plc 
Including Project File: /var/ftp/usrflash/Project/PMAC Script Language/PLC Programs/PLC32_VisionSeq.plc 
Including Project File: /var/ftp/usrflash/Project/Configuration/pp_startup.txt 
3641 Project Symbols were created for gpascii -2 communication
[PMAC_PROJECT]
Start of Project Loading using INI File: "/var/ftp/usrflash/Project/Configuration/pp_proj.ini"
Success: Loading usralgo.ko
Success: Loading RT Address of CfromScript
Success: Loading RT Address of CaptCompISR
LoadRTUserCode() Delta Time (sec) = 0.498485
Including Project File: /var/ftp/usrflash/Project/Configuration/pp_disable.txt 
Including Project File: /var/ftp/usrflash/Project/PMAC Script Language/Global Includes/ECATMap.pmh 
Including Project File: /var/ftp/usrflash/Project/PMAC Script Language/Global Includes/AX1515_Mapping.pmh 
Including Project File: /var/ftp/usrflash/Project/PMAC Script Language/Global Includes/H00_Setup_System.pmh 
Including Project File: /var/ftp/usrflash/Project/PMAC Script Language/Global Includes/H01_Setup_EncTable.pmh 
Including Project File: /var/ftp/usrflash/Project/PMAC Script Language/Global Includes/H02_Setup_Motor.pmh 
Including Project File: /var/ftp/usrflash/Project/PMAC Script Language/Global Includes/H03_Setup_Coord.pmh 
Including Project File: /var/ftp/usrflash/Project/PMAC Script Language/Global Includes/H04_Setup_Ecat.pmh 
Including Project File: /var/ftp/usrflash/Project/PMAC Script Language/Global Includes/H05_Setup_Gpio.pmh 
Including Project File: /var/ftp/usrflash/Project/PMAC Script Language/Global Includes/H06_Variable_Umem.pmh 
Including Project File: /var/ftp/usrflash/Project/PMAC Script Language/Global Includes/H07_Variable_UmemArray.pmh 
Including Project File: /var/ftp/usrflash/Project/PMAC Script Language/Global Includes/H08_Variable_Prog.pmh 
Including Project File: /var/ftp/usrflash/Project/PMAC Script Language/Global Includes/H09_Kinematics.pmh 
Including Project File: /var/ftp/usrflash/Project/PMAC Script Language/Global Includes/H10_Nc.pmh 
Including Project File: /var/ftp/usrflash/Project/PMAC Script Language/Kinematic Routines/Forward1.kin 
Including Project File: /var/ftp/usrflash/Project/PMAC Script Language/Kinematic Routines/Inverse1.kin 
Including Project File: /var/ftp/usrflash/Project/PMAC Script Language/Kinematic Routines/Forward2.kin 
Including Project File: /var/ftp/usrflash/Project/PMAC Script Language/Kinematic Routines/Inverse2.kin 
Including Project File: /var/ftp/usrflash/Project/PMAC Script Language/Kinematic Routines/Forward3.kin 
Including Project File: /var/ftp/usrflash/Project/PMAC Script Language/Kinematic Routines/Inverse3.kin 
Including Project File: /var/ftp/usrflash/Project/PMAC Script Language/Libraries/timer.pmc 
Including Project File: /var/ftp/usrflash/Project/PMAC Script Language/Libraries/SPG_Gcode.pmc 
Including Project File: /var/ftp/usrflash/Project/PMAC Script Language/Libraries/SPG_Mcode.pmc 
Including Project File: /var/ftp/usrflash/Project/PMAC Script Language/Libraries/SPG_AbortVsHome.pmc 
Including Project File: /var/ftp/usrflash/Project/PMAC Script Language/Libraries/SPG_AbortVsLoop.pmc 
Including Project File: /var/ftp/usrflash/Project/PMAC Script Language/Libraries/SPG_AbortWsHome.pmc 
Including Project File: /var/ftp/usrflash/Project/PMAC Script Language/Libraries/SPG_AbortWsLoop.pmc 
Including Project File: /var/ftp/usrflash/Project/PMAC Script Language/Libraries/SPG_InitCommand.pmc 
Including Project File: /var/ftp/usrflash/Project/PMAC Script Language/Libraries/SPG_InitECylinder.pmc 
Including Project File: /var/ftp/usrflash/Project/PMAC Script Language/Libraries/SPG_InitMotor.pmc 
Including Project File: /var/ftp/usrflash/Project/PMAC Script Language/Libraries/SPG_InitScanner.pmc 
Including Project File: /var/ftp/usrflash/Project/PMAC Script Language/Libraries/SPG_InitSeqParam.pmc 
Including Project File: /var/ftp/usrflash/Project/PMAC Script Language/Libraries/SPG_SetDefaultParam.pmc 
Including Project File: /var/ftp/usrflash/Project/PMAC Script Language/Libraries/SPG_SetEquOut.pmc 
Including Project File: /var/ftp/usrflash/Project/PMAC Script Language/Libraries/SPG_SetSeqBufQ.pmc 
Including Project File: /var/ftp/usrflash/Project/PMAC Script Language/Libraries/SPG_SetVsLdParam.pmc 
Including Project File: /var/ftp/usrflash/Project/PMAC Script Language/Libraries/SPG_SetVsRdParam.pmc 
Including Project File: /var/ftp/usrflash/Project/PMAC Script Language/Libraries/SPG_SetVsRjParam.pmc 
Including Project File: /var/ftp/usrflash/Project/PMAC Script Language/Libraries/SPG_SetVsUdParam.pmc 
Including Project File: /var/ftp/usrflash/Project/PMAC Script Language/Libraries/SPG_SetVsVnParam.pmc 
Including Project File: /var/ftp/usrflash/Project/PMAC Script Language/Libraries/SPG_SetVsWtParam.pmc 
Including Project File: /var/ftp/usrflash/Project/PMAC Script Language/Libraries/SPG_SetWsLdParam.pmc 
Including Project File: /var/ftp/usrflash/Project/PMAC Script Language/Libraries/SPG_SetWsRdParam.pmc 
Including Project File: /var/ftp/usrflash/Project/PMAC Script Language/Libraries/SPG_SetWsRjParam.pmc 
Including Project File: /var/ftp/usrflash/Project/PMAC Script Language/Libraries/SPG_SetWsUdParam.pmc 
Including Project File: /var/ftp/usrflash/Project/PMAC Script Language/Libraries/SPG_SetWsWdParam.pmc 
Including Project File: /var/ftp/usrflash/Project/PMAC Script Language/Libraries/SPG_SetWsWtParam.pmc 
Including Project File: /var/ftp/usrflash/Project/PMAC Script Language/Libraries/SPG_ReadScPos.pmc 
Including Project File: /var/ftp/usrflash/Project/PMAC Script Language/Libraries/SPG_ResetVsAlarm.pmc 
Including Project File: /var/ftp/usrflash/Project/PMAC Script Language/Libraries/SPG_ResetWsAlarm.pmc 
Including Project File: /var/ftp/usrflash/Project/PMAC Script Language/Libraries/SPG_ReadThPos.pmc 
Including Project File: /var/ftp/usrflash/Project/PMAC Script Language/Motion Programs/PRG01_Test1.pmc 
Including Project File: /var/ftp/usrflash/Project/PMAC Script Language/Motion Programs/PRG02_Test2.pmc 
Including Project File: /var/ftp/usrflash/Project/PMAC Script Language/Motion Programs/PRG03_Test3.pmc 
Including Project File: /var/ftp/usrflash/Project/PMAC Script Language/Motion Programs/PRG04_Test4.pmc 
Including Project File: /var/ftp/usrflash/Project/PMAC Script Language/Motion Programs/PRG05_Test5.pmc 
Including Project File: /var/ftp/usrflash/Project/PMAC Script Language/Motion Programs/PRG19_Zero.pmc 
Including Project File: /var/ftp/usrflash/Project/PMAC Script Language/Motion Programs/PRG20_Welding.pmc 
Including Project File: /var/ftp/usrflash/Project/PMAC Script Language/Motion Programs/PRG21_Circle.pmc 
Including Project File: /var/ftp/usrflash/Project/PMAC Script Language/Motion Programs/PRG22_SnowMan.pmc 
Including Project File: /var/ftp/usrflash/Project/PMAC Script Language/Motion Programs/PRG23_ButterFly.pmc 
Including Project File: /var/ftp/usrflash/Project/PMAC Script Language/Motion Programs/PRG24_Column.pmc 
Including Project File: /var/ftp/usrflash/Project/PMAC Script Language/Motion Programs/PRG25_Row.pmc 
Including Project File: /var/ftp/usrflash/Project/PMAC Script Language/Motion Programs/PRG30_Vision.pmc 
Including Project File: /var/ftp/usrflash/Project/PMAC Script Language/Motion Programs/PRG50_LaserTest_Cross.pmc 
Including Project File: /var/ftp/usrflash/Project/PMAC Script Language/Motion Programs/PRG51_LaserTest_Line.pmc 
Including Project File: /var/ftp/usrflash/Project/PMAC Script Language/PLC Programs/PLC00_RTI.plc 
Including Project File: /var/ftp/usrflash/Project/PMAC Script Language/PLC Programs/PLC01_Init.plc 
Including Project File: /var/ftp/usrflash/Project/PMAC Script Language/PLC Programs/PLC02_Sta.plc 
Including Project File: /var/ftp/usrflash/Project/PMAC Script Language/PLC Programs/PLC03_Cmd.plc 
Including Project File: /var/ftp/usrflash/Project/PMAC Script Language/PLC Programs/PLC04_Safety.plc 
Including Project File: /var/ftp/usrflash/Project/PMAC Script Language/PLC Programs/PLC05_Ecat.plc 
Including Project File: /var/ftp/usrflash/Project/PMAC Script Language/PLC Programs/PLC06_IoCom.plc 
Including Project File: /var/ftp/usrflash/Project/PMAC Script Language/PLC Programs/PLC10_Home.plc 
Including Project File: /var/ftp/usrflash/Project/PMAC Script Language/PLC Programs/PLC11_Jog.plc 
Including Project File: /var/ftp/usrflash/Project/PMAC Script Language/PLC Programs/PLC12_SeqMc.plc 
Including Project File: /var/ftp/usrflash/Project/PMAC Script Language/PLC Programs/PLC13_SeqWs.plc 
Including Project File: /var/ftp/usrflash/Project/PMAC Script Language/PLC Programs/PLC14_SeqVs.plc 
Including Project File: /var/ftp/usrflash/Project/PMAC Script Language/PLC Programs/PLC20_Cylinder.plc 
Including Project File: /var/ftp/usrflash/Project/PMAC Script Language/PLC Programs/PLC21_TestShot.plc 
Including Project File: /var/ftp/usrflash/Project/PMAC Script Language/PLC Programs/PLC22_LaserCtrl.plc 
Including Project File: /var/ftp/usrflash/Project/PMAC Script Language/PLC Programs/PLC23_TargetMove.plc 
Including Project File: /var/ftp/usrflash/Project/PMAC Script Language/PLC Programs/PLC24_Cover.plc 
Including Project File: /var/ftp/usrflash/Project/PMAC Script Language/PLC Programs/PLC25_BlowOff.plc 
Including Project File: /var/ftp/usrflash/Project/PMAC Script Language/PLC Programs/PLC27_PickAndPlace.plc 
Including Project File: /var/ftp/usrflash/Project/PMAC Script Language/PLC Programs/PLC28_VisionTrigger.plc 
Including Project File: /var/ftp/usrflash/Project/PMAC Script Language/PLC Programs/PLC29_Buf.plc 
Including Project File: /var/ftp/usrflash/Project/PMAC Script Language/PLC Programs/PLC30_Test.plc 
Including Project File: /var/ftp/usrflash/Project/PMAC Script Language/PLC Programs/PLC31_ReqSim.plc 
Including Project File: /var/ftp/usrflash/Project/PMAC Script Language/PLC Programs/PLC26_PowerCheck.plc 
Including Project File: /var/ftp/usrflash/Project/PMAC Script Language/PLC Programs/PLC32_VisionSeq.plc 
Including Project File: /var/ftp/usrflash/Project/Configuration/pp_startup.txt 
Status: Pass 1 Create debug file, #defines, *.h & .sym files, Time (sec) = 0.361230
Status: Pass 2 Verify prog calls, local stack & labels, Time (sec)  = 0.149908
3641 Project Symbols were created for gpascii -2 communication
Status: Create PPMAC Symbol Table & Run CPP Time (sec) = 0.830677
Status: Successful load of preprocessed File: "/var/ftp/usrflash/Temp/pp_proj.pma"
Status: Download to PPMAC Command Processor, Time (sec) = 0.163759
Status: Final pp_proj.h & Run Background C Apps, Time (sec) = 0.057766
Project Preprocessing & Load Total Time (sec) = 2.061893
[PMAC_PROJECT]
Start of Project Loading using INI File: "/var/ftp/usrflash/Project/Configuration/pp_proj.ini"
Including Project File: /var/ftp/usrflash/Project/Configuration/pp_disable.txt 
Including Project File: /var/ftp/usrflash/Project/PMAC Script Language/Global Includes/ECATMap.pmh 
Including Project File: /var/ftp/usrflash/Project/PMAC Script Language/Global Includes/AX1515_Mapping.pmh 
Including Project File: /var/ftp/usrflash/Project/PMAC Script Language/Global Includes/H00_Setup_System.pmh 
Including Project File: /var/ftp/usrflash/Project/PMAC Script Language/Global Includes/H01_Setup_EncTable.pmh 
Including Project File: /var/ftp/usrflash/Project/PMAC Script Language/Global Includes/H02_Setup_Motor.pmh 
Including Project File: /var/ftp/usrflash/Project/PMAC Script Language/Global Includes/H03_Setup_Coord.pmh 
Including Project File: /var/ftp/usrflash/Project/PMAC Script Language/Global Includes/H04_Setup_Ecat.pmh 
Including Project File: /var/ftp/usrflash/Project/PMAC Script Language/Global Includes/H05_Setup_Gpio.pmh 
Including Project File: /var/ftp/usrflash/Project/PMAC Script Language/Global Includes/H06_Variable_Umem.pmh 
Including Project File: /var/ftp/usrflash/Project/PMAC Script Language/Global Includes/H07_Variable_UmemArray.pmh 
Including Project File: /var/ftp/usrflash/Project/PMAC Script Language/Global Includes/H08_Variable_Prog.pmh 
Including Project File: /var/ftp/usrflash/Project/PMAC Script Language/Global Includes/H09_Kinematics.pmh 
Including Project File: /var/ftp/usrflash/Project/PMAC Script Language/Global Includes/H10_Nc.pmh 
Including Project File: /var/ftp/usrflash/Project/PMAC Script Language/Kinematic Routines/Forward1.kin 
Including Project File: /var/ftp/usrflash/Project/PMAC Script Language/Kinematic Routines/Inverse1.kin 
Including Project File: /var/ftp/usrflash/Project/PMAC Script Language/Kinematic Routines/Forward2.kin 
Including Project File: /var/ftp/usrflash/Project/PMAC Script Language/Kinematic Routines/Inverse2.kin 
Including Project File: /var/ftp/usrflash/Project/PMAC Script Language/Kinematic Routines/Forward3.kin 
Including Project File: /var/ftp/usrflash/Project/PMAC Script Language/Kinematic Routines/Inverse3.kin 
Including Project File: /var/ftp/usrflash/Project/PMAC Script Language/Libraries/timer.pmc 
Including Project File: /var/ftp/usrflash/Project/PMAC Script Language/Libraries/SPG_Gcode.pmc 
Including Project File: /var/ftp/usrflash/Project/PMAC Script Language/Libraries/SPG_Mcode.pmc 
Including Project File: /var/ftp/usrflash/Project/PMAC Script Language/Libraries/SPG_AbortVsHome.pmc 
Including Project File: /var/ftp/usrflash/Project/PMAC Script Language/Libraries/SPG_AbortVsLoop.pmc 
Including Project File: /var/ftp/usrflash/Project/PMAC Script Language/Libraries/SPG_AbortWsHome.pmc 
Including Project File: /var/ftp/usrflash/Project/PMAC Script Language/Libraries/SPG_AbortWsLoop.pmc 
Including Project File: /var/ftp/usrflash/Project/PMAC Script Language/Libraries/SPG_InitCommand.pmc 
Including Project File: /var/ftp/usrflash/Project/PMAC Script Language/Libraries/SPG_InitECylinder.pmc 
Including Project File: /var/ftp/usrflash/Project/PMAC Script Language/Libraries/SPG_InitMotor.pmc 
Including Project File: /var/ftp/usrflash/Project/PMAC Script Language/Libraries/SPG_InitScanner.pmc 
Including Project File: /var/ftp/usrflash/Project/PMAC Script Language/Libraries/SPG_InitSeqParam.pmc 
Including Project File: /var/ftp/usrflash/Project/PMAC Script Language/Libraries/SPG_SetDefaultParam.pmc 
Including Project File: /var/ftp/usrflash/Project/PMAC Script Language/Libraries/SPG_SetEquOut.pmc 
Including Project File: /var/ftp/usrflash/Project/PMAC Script Language/Libraries/SPG_SetSeqBufQ.pmc 
Including Project File: /var/ftp/usrflash/Project/PMAC Script Language/Libraries/SPG_SetVsLdParam.pmc 
Including Project File: /var/ftp/usrflash/Project/PMAC Script Language/Libraries/SPG_SetVsRdParam.pmc 
Including Project File: /var/ftp/usrflash/Project/PMAC Script Language/Libraries/SPG_SetVsRjParam.pmc 
Including Project File: /var/ftp/usrflash/Project/PMAC Script Language/Libraries/SPG_SetVsUdParam.pmc 
Including Project File: /var/ftp/usrflash/Project/PMAC Script Language/Libraries/SPG_SetVsVnParam.pmc 
Including Project File: /var/ftp/usrflash/Project/PMAC Script Language/Libraries/SPG_SetVsWtParam.pmc 
Including Project File: /var/ftp/usrflash/Project/PMAC Script Language/Libraries/SPG_SetWsLdParam.pmc 
Including Project File: /var/ftp/usrflash/Project/PMAC Script Language/Libraries/SPG_SetWsRdParam.pmc 
Including Project File: /var/ftp/usrflash/Project/PMAC Script Language/Libraries/SPG_SetWsRjParam.pmc 
Including Project File: /var/ftp/usrflash/Project/PMAC Script Language/Libraries/SPG_SetWsUdParam.pmc 
Including Project File: /var/ftp/usrflash/Project/PMAC Script Language/Libraries/SPG_SetWsWdParam.pmc 
Including Project File: /var/ftp/usrflash/Project/PMAC Script Language/Libraries/SPG_SetWsWtParam.pmc 
Including Project File: /var/ftp/usrflash/Project/PMAC Script Language/Libraries/SPG_ReadScPos.pmc 
Including Project File: /var/ftp/usrflash/Project/PMAC Script Language/Libraries/SPG_ResetVsAlarm.pmc 
Including Project File: /var/ftp/usrflash/Project/PMAC Script Language/Libraries/SPG_ResetWsAlarm.pmc 
Including Project File: /var/ftp/usrflash/Project/PMAC Script Language/Libraries/SPG_ReadThPos.pmc 
Including Project File: /var/ftp/usrflash/Project/PMAC Script Language/Motion Programs/PRG01_Test1.pmc 
Including Project File: /var/ftp/usrflash/Project/PMAC Script Language/Motion Programs/PRG02_Test2.pmc 
Including Project File: /var/ftp/usrflash/Project/PMAC Script Language/Motion Programs/PRG03_Test3.pmc 
Including Project File: /var/ftp/usrflash/Project/PMAC Script Language/Motion Programs/PRG04_Test4.pmc 
Including Project File: /var/ftp/usrflash/Project/PMAC Script Language/Motion Programs/PRG05_Test5.pmc 
Including Project File: /var/ftp/usrflash/Project/PMAC Script Language/Motion Programs/PRG19_Zero.pmc 
Including Project File: /var/ftp/usrflash/Project/PMAC Script Language/Motion Programs/PRG20_Welding.pmc 
Including Project File: /var/ftp/usrflash/Project/PMAC Script Language/Motion Programs/PRG21_Circle.pmc 
Including Project File: /var/ftp/usrflash/Project/PMAC Script Language/Motion Programs/PRG22_SnowMan.pmc 
Including Project File: /var/ftp/usrflash/Project/PMAC Script Language/Motion Programs/PRG23_ButterFly.pmc 
Including Project File: /var/ftp/usrflash/Project/PMAC Script Language/Motion Programs/PRG24_Column.pmc 
Including Project File: /var/ftp/usrflash/Project/PMAC Script Language/Motion Programs/PRG25_Row.pmc 
Including Project File: /var/ftp/usrflash/Project/PMAC Script Language/Motion Programs/PRG30_Vision.pmc 
Including Project File: /var/ftp/usrflash/Project/PMAC Script Language/Motion Programs/PRG50_LaserTest_Cross.pmc 
Including Project File: /var/ftp/usrflash/Project/PMAC Script Language/Motion Programs/PRG51_LaserTest_Line.pmc 
Including Project File: /var/ftp/usrflash/Project/PMAC Script Language/PLC Programs/PLC00_RTI.plc 
Including Project File: /var/ftp/usrflash/Project/PMAC Script Language/PLC Programs/PLC01_Init.plc 
Including Project File: /var/ftp/usrflash/Project/PMAC Script Language/PLC Programs/PLC02_Sta.plc 
Including Project File: /var/ftp/usrflash/Project/PMAC Script Language/PLC Programs/PLC03_Cmd.plc 
Including Project File: /var/ftp/usrflash/Project/PMAC Script Language/PLC Programs/PLC04_Safety.plc 
Including Project File: /var/ftp/usrflash/Project/PMAC Script Language/PLC Programs/PLC05_Ecat.plc 
Including Project File: /var/ftp/usrflash/Project/PMAC Script Language/PLC Programs/PLC06_IoCom.plc 
Including Project File: /var/ftp/usrflash/Project/PMAC Script Language/PLC Programs/PLC10_Home.plc 
Including Project File: /var/ftp/usrflash/Project/PMAC Script Language/PLC Programs/PLC11_Jog.plc 
Including Project File: /var/ftp/usrflash/Project/PMAC Script Language/PLC Programs/PLC12_SeqMc.plc 
Including Project File: /var/ftp/usrflash/Project/PMAC Script Language/PLC Programs/PLC13_SeqWs.plc 
Including Project File: /var/ftp/usrflash/Project/PMAC Script Language/PLC Programs/PLC14_SeqVs.plc 
Including Project File: /var/ftp/usrflash/Project/PMAC Script Language/PLC Programs/PLC20_Cylinder.plc 
Including Project File: /var/ftp/usrflash/Project/PMAC Script Language/PLC Programs/PLC21_TestShot.plc 
Including Project File: /var/ftp/usrflash/Project/PMAC Script Language/PLC Programs/PLC22_LaserCtrl.plc 
Including Project File: /var/ftp/usrflash/Project/PMAC Script Language/PLC Programs/PLC23_TargetMove.plc 
Including Project File: /var/ftp/usrflash/Project/PMAC Script Language/PLC Programs/PLC24_Cover.plc 
Including Project File: /var/ftp/usrflash/Project/PMAC Script Language/PLC Programs/PLC25_BlowOff.plc 
Including Project File: /var/ftp/usrflash/Project/PMAC Script Language/PLC Programs/PLC27_PickAndPlace.plc 
Including Project File: /var/ftp/usrflash/Project/PMAC Script Language/PLC Programs/PLC28_VisionTrigger.plc 
Including Project File: /var/ftp/usrflash/Project/PMAC Script Language/PLC Programs/PLC29_Buf.plc 
Including Project File: /var/ftp/usrflash/Project/PMAC Script Language/PLC Programs/PLC30_Test.plc 
Including Project File: /var/ftp/usrflash/Project/PMAC Script Language/PLC Programs/PLC31_ReqSim.plc 
Including Project File: /var/ftp/usrflash/Project/PMAC Script Language/PLC Programs/PLC26_PowerCheck.plc 
Including Project File: /var/ftp/usrflash/Project/PMAC Script Language/PLC Programs/PLC32_VisionSeq.plc 
Including Project File: /var/ftp/usrflash/Project/Configuration/pp_startup.txt 
3641 Project Symbols were created for gpascii -2 communication
[PMAC_PROJECT]
Start of Project Loading using INI File: "/var/ftp/usrflash/Project/Configuration/pp_proj.ini"
Success: Loading usralgo.ko
Success: Loading RT Address of CfromScript
Success: Loading RT Address of CaptCompISR
LoadRTUserCode() Delta Time (sec) = 0.555826
Including Project File: /var/ftp/usrflash/Project/Configuration/pp_disable.txt 
Including Project File: /var/ftp/usrflash/Project/PMAC Script Language/Global Includes/ECATMap.pmh 
Including Project File: /var/ftp/usrflash/Project/PMAC Script Language/Global Includes/AX1515_Mapping.pmh 
Including Project File: /var/ftp/usrflash/Project/PMAC Script Language/Global Includes/H00_Setup_System.pmh 
Including Project File: /var/ftp/usrflash/Project/PMAC Script Language/Global Includes/H01_Setup_EncTable.pmh 
Including Project File: /var/ftp/usrflash/Project/PMAC Script Language/Global Includes/H02_Setup_Motor.pmh 
Including Project File: /var/ftp/usrflash/Project/PMAC Script Language/Global Includes/H03_Setup_Coord.pmh 
Including Project File: /var/ftp/usrflash/Project/PMAC Script Language/Global Includes/H04_Setup_Ecat.pmh 
Including Project File: /var/ftp/usrflash/Project/PMAC Script Language/Global Includes/H05_Setup_Gpio.pmh 
Including Project File: /var/ftp/usrflash/Project/PMAC Script Language/Global Includes/H06_Variable_Umem.pmh 
Including Project File: /var/ftp/usrflash/Project/PMAC Script Language/Global Includes/H07_Variable_UmemArray.pmh 
Including Project File: /var/ftp/usrflash/Project/PMAC Script Language/Global Includes/H08_Variable_Prog.pmh 
Including Project File: /var/ftp/usrflash/Project/PMAC Script Language/Global Includes/H09_Kinematics.pmh 
Including Project File: /var/ftp/usrflash/Project/PMAC Script Language/Global Includes/H10_Nc.pmh 
Including Project File: /var/ftp/usrflash/Project/PMAC Script Language/Kinematic Routines/Forward1.kin 
Including Project File: /var/ftp/usrflash/Project/PMAC Script Language/Kinematic Routines/Inverse1.kin 
Including Project File: /var/ftp/usrflash/Project/PMAC Script Language/Kinematic Routines/Forward2.kin 
Including Project File: /var/ftp/usrflash/Project/PMAC Script Language/Kinematic Routines/Inverse2.kin 
Including Project File: /var/ftp/usrflash/Project/PMAC Script Language/Kinematic Routines/Forward3.kin 
Including Project File: /var/ftp/usrflash/Project/PMAC Script Language/Kinematic Routines/Inverse3.kin 
Including Project File: /var/ftp/usrflash/Project/PMAC Script Language/Libraries/timer.pmc 
Including Project File: /var/ftp/usrflash/Project/PMAC Script Language/Libraries/SPG_Gcode.pmc 
Including Project File: /var/ftp/usrflash/Project/PMAC Script Language/Libraries/SPG_Mcode.pmc 
Including Project File: /var/ftp/usrflash/Project/PMAC Script Language/Libraries/SPG_AbortVsHome.pmc 
Including Project File: /var/ftp/usrflash/Project/PMAC Script Language/Libraries/SPG_AbortVsLoop.pmc 
Including Project File: /var/ftp/usrflash/Project/PMAC Script Language/Libraries/SPG_AbortWsHome.pmc 
Including Project File: /var/ftp/usrflash/Project/PMAC Script Language/Libraries/SPG_AbortWsLoop.pmc 
Including Project File: /var/ftp/usrflash/Project/PMAC Script Language/Libraries/SPG_InitCommand.pmc 
Including Project File: /var/ftp/usrflash/Project/PMAC Script Language/Libraries/SPG_InitECylinder.pmc 
Including Project File: /var/ftp/usrflash/Project/PMAC Script Language/Libraries/SPG_InitMotor.pmc 
Including Project File: /var/ftp/usrflash/Project/PMAC Script Language/Libraries/SPG_InitScanner.pmc 
Including Project File: /var/ftp/usrflash/Project/PMAC Script Language/Libraries/SPG_InitSeqParam.pmc 
Including Project File: /var/ftp/usrflash/Project/PMAC Script Language/Libraries/SPG_SetDefaultParam.pmc 
Including Project File: /var/ftp/usrflash/Project/PMAC Script Language/Libraries/SPG_SetEquOut.pmc 
Including Project File: /var/ftp/usrflash/Project/PMAC Script Language/Libraries/SPG_SetSeqBufQ.pmc 
Including Project File: /var/ftp/usrflash/Project/PMAC Script Language/Libraries/SPG_SetVsLdParam.pmc 
Including Project File: /var/ftp/usrflash/Project/PMAC Script Language/Libraries/SPG_SetVsRdParam.pmc 
Including Project File: /var/ftp/usrflash/Project/PMAC Script Language/Libraries/SPG_SetVsRjParam.pmc 
Including Project File: /var/ftp/usrflash/Project/PMAC Script Language/Libraries/SPG_SetVsUdParam.pmc 
Including Project File: /var/ftp/usrflash/Project/PMAC Script Language/Libraries/SPG_SetVsVnParam.pmc 
Including Project File: /var/ftp/usrflash/Project/PMAC Script Language/Libraries/SPG_SetVsWtParam.pmc 
Including Project File: /var/ftp/usrflash/Project/PMAC Script Language/Libraries/SPG_SetWsLdParam.pmc 
Including Project File: /var/ftp/usrflash/Project/PMAC Script Language/Libraries/SPG_SetWsRdParam.pmc 
Including Project File: /var/ftp/usrflash/Project/PMAC Script Language/Libraries/SPG_SetWsRjParam.pmc 
Including Project File: /var/ftp/usrflash/Project/PMAC Script Language/Libraries/SPG_SetWsUdParam.pmc 
Including Project File: /var/ftp/usrflash/Project/PMAC Script Language/Libraries/SPG_SetWsWdParam.pmc 
Including Project File: /var/ftp/usrflash/Project/PMAC Script Language/Libraries/SPG_SetWsWtParam.pmc 
Including Project File: /var/ftp/usrflash/Project/PMAC Script Language/Libraries/SPG_ReadScPos.pmc 
Including Project File: /var/ftp/usrflash/Project/PMAC Script Language/Libraries/SPG_ResetVsAlarm.pmc 
Including Project File: /var/ftp/usrflash/Project/PMAC Script Language/Libraries/SPG_ResetWsAlarm.pmc 
Including Project File: /var/ftp/usrflash/Project/PMAC Script Language/Libraries/SPG_ReadThPos.pmc 
Including Project File: /var/ftp/usrflash/Project/PMAC Script Language/Motion Programs/PRG01_Test1.pmc 
Including Project File: /var/ftp/usrflash/Project/PMAC Script Language/Motion Programs/PRG02_Test2.pmc 
Including Project File: /var/ftp/usrflash/Project/PMAC Script Language/Motion Programs/PRG03_Test3.pmc 
Including Project File: /var/ftp/usrflash/Project/PMAC Script Language/Motion Programs/PRG04_Test4.pmc 
Including Project File: /var/ftp/usrflash/Project/PMAC Script Language/Motion Programs/PRG05_Test5.pmc 
Including Project File: /var/ftp/usrflash/Project/PMAC Script Language/Motion Programs/PRG19_Zero.pmc 
Including Project File: /var/ftp/usrflash/Project/PMAC Script Language/Motion Programs/PRG20_Welding.pmc 
Including Project File: /var/ftp/usrflash/Project/PMAC Script Language/Motion Programs/PRG21_Circle.pmc 
Including Project File: /var/ftp/usrflash/Project/PMAC Script Language/Motion Programs/PRG22_SnowMan.pmc 
Including Project File: /var/ftp/usrflash/Project/PMAC Script Language/Motion Programs/PRG23_ButterFly.pmc 
Including Project File: /var/ftp/usrflash/Project/PMAC Script Language/Motion Programs/PRG24_Column.pmc 
Including Project File: /var/ftp/usrflash/Project/PMAC Script Language/Motion Programs/PRG25_Row.pmc 
Including Project File: /var/ftp/usrflash/Project/PMAC Script Language/Motion Programs/PRG30_Vision.pmc 
Including Project File: /var/ftp/usrflash/Project/PMAC Script Language/Motion Programs/PRG50_LaserTest_Cross.pmc 
Including Project File: /var/ftp/usrflash/Project/PMAC Script Language/Motion Programs/PRG51_LaserTest_Line.pmc 
Including Project File: /var/ftp/usrflash/Project/PMAC Script Language/PLC Programs/PLC00_RTI.plc 
Including Project File: /var/ftp/usrflash/Project/PMAC Script Language/PLC Programs/PLC01_Init.plc 
Including Project File: /var/ftp/usrflash/Project/PMAC Script Language/PLC Programs/PLC02_Sta.plc 
Including Project File: /var/ftp/usrflash/Project/PMAC Script Language/PLC Programs/PLC03_Cmd.plc 
Including Project File: /var/ftp/usrflash/Project/PMAC Script Language/PLC Programs/PLC04_Safety.plc 
Including Project File: /var/ftp/usrflash/Project/PMAC Script Language/PLC Programs/PLC05_Ecat.plc 
Including Project File: /var/ftp/usrflash/Project/PMAC Script Language/PLC Programs/PLC06_IoCom.plc 
Including Project File: /var/ftp/usrflash/Project/PMAC Script Language/PLC Programs/PLC10_Home.plc 
Including Project File: /var/ftp/usrflash/Project/PMAC Script Language/PLC Programs/PLC11_Jog.plc 
Including Project File: /var/ftp/usrflash/Project/PMAC Script Language/PLC Programs/PLC12_SeqMc.plc 
Including Project File: /var/ftp/usrflash/Project/PMAC Script Language/PLC Programs/PLC13_SeqWs.plc 
Including Project File: /var/ftp/usrflash/Project/PMAC Script Language/PLC Programs/PLC14_SeqVs.plc 
Including Project File: /var/ftp/usrflash/Project/PMAC Script Language/PLC Programs/PLC20_Cylinder.plc 
Including Project File: /var/ftp/usrflash/Project/PMAC Script Language/PLC Programs/PLC21_TestShot.plc 
Including Project File: /var/ftp/usrflash/Project/PMAC Script Language/PLC Programs/PLC22_LaserCtrl.plc 
Including Project File: /var/ftp/usrflash/Project/PMAC Script Language/PLC Programs/PLC23_TargetMove.plc 
Including Project File: /var/ftp/usrflash/Project/PMAC Script Language/PLC Programs/PLC24_Cover.plc 
Including Project File: /var/ftp/usrflash/Project/PMAC Script Language/PLC Programs/PLC25_BlowOff.plc 
Including Project File: /var/ftp/usrflash/Project/PMAC Script Language/PLC Programs/PLC27_PickAndPlace.plc 
Including Project File: /var/ftp/usrflash/Project/PMAC Script Language/PLC Programs/PLC28_VisionTrigger.plc 
Including Project File: /var/ftp/usrflash/Project/PMAC Script Language/PLC Programs/PLC29_Buf.plc 
Including Project File: /var/ftp/usrflash/Project/PMAC Script Language/PLC Programs/PLC30_Test.plc 
Including Project File: /var/ftp/usrflash/Project/PMAC Script Language/PLC Programs/PLC31_ReqSim.plc 
Including Project File: /var/ftp/usrflash/Project/PMAC Script Language/PLC Programs/PLC26_PowerCheck.plc 
Including Project File: /var/ftp/usrflash/Project/PMAC Script Language/PLC Programs/PLC32_VisionSeq.plc 
Including Project File: /var/ftp/usrflash/Project/Configuration/pp_startup.txt 
Status: Pass 1 Create debug file, #defines, *.h & .sym files, Time (sec) = 0.400606
Status: Pass 2 Verify prog calls, local stack & labels, Time (sec)  = 0.152476
3641 Project Symbols were created for gpascii -2 communication
Status: Create PPMAC Symbol Table & Run CPP Time (sec) = 0.973799
Status: Successful load of preprocessed File: "/var/ftp/usrflash/Temp/pp_proj.pma"
Status: Download to PPMAC Command Processor, Time (sec) = 0.158480
Status: Final pp_proj.h & Run Background C Apps, Time (sec) = 0.110129
Project Preprocessing & Load Total Time (sec) = 2.351385
[PMAC_CONFIG]
Successful: SaveConfiguration using /var/ftp/usrflash/Project/Configuration/pp_save.cfg
Successful: SaveCustomConfiguration using template /var/ftp/usrflash/Project/Configuration/pp_custom_save.tpl
[PMAC_PROJECT]
Start of Project Loading using INI File: "/var/ftp/usrflash/Project/Configuration/pp_proj.ini"
Including Project File: /var/ftp/usrflash/Project/Configuration/pp_disable.txt 
Including Project File: /var/ftp/usrflash/Project/PMAC Script Language/Global Includes/ECATMap.pmh 
Including Project File: /var/ftp/usrflash/Project/PMAC Script Language/Global Includes/AX1515_Mapping.pmh 
Including Project File: /var/ftp/usrflash/Project/PMAC Script Language/Global Includes/H00_Setup_System.pmh 
Including Project File: /var/ftp/usrflash/Project/PMAC Script Language/Global Includes/H01_Setup_EncTable.pmh 
Including Project File: /var/ftp/usrflash/Project/PMAC Script Language/Global Includes/H02_Setup_Motor.pmh 
Including Project File: /var/ftp/usrflash/Project/PMAC Script Language/Global Includes/H03_Setup_Coord.pmh 
Including Project File: /var/ftp/usrflash/Project/PMAC Script Language/Global Includes/H04_Setup_Ecat.pmh 
Including Project File: /var/ftp/usrflash/Project/PMAC Script Language/Global Includes/H05_Setup_Gpio.pmh 
Including Project File: /var/ftp/usrflash/Project/PMAC Script Language/Global Includes/H06_Variable_Umem.pmh 
Including Project File: /var/ftp/usrflash/Project/PMAC Script Language/Global Includes/H07_Variable_UmemArray.pmh 
Including Project File: /var/ftp/usrflash/Project/PMAC Script Language/Global Includes/H08_Variable_Prog.pmh 
Including Project File: /var/ftp/usrflash/Project/PMAC Script Language/Global Includes/H09_Kinematics.pmh 
Including Project File: /var/ftp/usrflash/Project/PMAC Script Language/Global Includes/H10_Nc.pmh 
Including Project File: /var/ftp/usrflash/Project/PMAC Script Language/Kinematic Routines/Forward1.kin 
Including Project File: /var/ftp/usrflash/Project/PMAC Script Language/Kinematic Routines/Inverse1.kin 
Including Project File: /var/ftp/usrflash/Project/PMAC Script Language/Kinematic Routines/Forward2.kin 
Including Project File: /var/ftp/usrflash/Project/PMAC Script Language/Kinematic Routines/Inverse2.kin 
Including Project File: /var/ftp/usrflash/Project/PMAC Script Language/Kinematic Routines/Forward3.kin 
Including Project File: /var/ftp/usrflash/Project/PMAC Script Language/Kinematic Routines/Inverse3.kin 
Including Project File: /var/ftp/usrflash/Project/PMAC Script Language/Libraries/timer.pmc 
Including Project File: /var/ftp/usrflash/Project/PMAC Script Language/Libraries/SPG_Gcode.pmc 
Including Project File: /var/ftp/usrflash/Project/PMAC Script Language/Libraries/SPG_Mcode.pmc 
Including Project File: /var/ftp/usrflash/Project/PMAC Script Language/Libraries/SPG_AbortVsHome.pmc 
Including Project File: /var/ftp/usrflash/Project/PMAC Script Language/Libraries/SPG_AbortVsLoop.pmc 
Including Project File: /var/ftp/usrflash/Project/PMAC Script Language/Libraries/SPG_AbortWsHome.pmc 
Including Project File: /var/ftp/usrflash/Project/PMAC Script Language/Libraries/SPG_AbortWsLoop.pmc 
Including Project File: /var/ftp/usrflash/Project/PMAC Script Language/Libraries/SPG_InitCommand.pmc 
Including Project File: /var/ftp/usrflash/Project/PMAC Script Language/Libraries/SPG_InitECylinder.pmc 
Including Project File: /var/ftp/usrflash/Project/PMAC Script Language/Libraries/SPG_InitMotor.pmc 
Including Project File: /var/ftp/usrflash/Project/PMAC Script Language/Libraries/SPG_InitScanner.pmc 
Including Project File: /var/ftp/usrflash/Project/PMAC Script Language/Libraries/SPG_InitSeqParam.pmc 
Including Project File: /var/ftp/usrflash/Project/PMAC Script Language/Libraries/SPG_SetDefaultParam.pmc 
Including Project File: /var/ftp/usrflash/Project/PMAC Script Language/Libraries/SPG_SetEquOut.pmc 
Including Project File: /var/ftp/usrflash/Project/PMAC Script Language/Libraries/SPG_SetSeqBufQ.pmc 
Including Project File: /var/ftp/usrflash/Project/PMAC Script Language/Libraries/SPG_SetVsLdParam.pmc 
Including Project File: /var/ftp/usrflash/Project/PMAC Script Language/Libraries/SPG_SetVsRdParam.pmc 
Including Project File: /var/ftp/usrflash/Project/PMAC Script Language/Libraries/SPG_SetVsRjParam.pmc 
Including Project File: /var/ftp/usrflash/Project/PMAC Script Language/Libraries/SPG_SetVsUdParam.pmc 
Including Project File: /var/ftp/usrflash/Project/PMAC Script Language/Libraries/SPG_SetVsVnParam.pmc 
Including Project File: /var/ftp/usrflash/Project/PMAC Script Language/Libraries/SPG_SetVsWtParam.pmc 
Including Project File: /var/ftp/usrflash/Project/PMAC Script Language/Libraries/SPG_SetWsLdParam.pmc 
Including Project File: /var/ftp/usrflash/Project/PMAC Script Language/Libraries/SPG_SetWsRdParam.pmc 
Including Project File: /var/ftp/usrflash/Project/PMAC Script Language/Libraries/SPG_SetWsRjParam.pmc 
Including Project File: /var/ftp/usrflash/Project/PMAC Script Language/Libraries/SPG_SetWsUdParam.pmc 
Including Project File: /var/ftp/usrflash/Project/PMAC Script Language/Libraries/SPG_SetWsWdParam.pmc 
Including Project File: /var/ftp/usrflash/Project/PMAC Script Language/Libraries/SPG_SetWsWtParam.pmc 
Including Project File: /var/ftp/usrflash/Project/PMAC Script Language/Libraries/SPG_ReadScPos.pmc 
Including Project File: /var/ftp/usrflash/Project/PMAC Script Language/Libraries/SPG_ResetVsAlarm.pmc 
Including Project File: /var/ftp/usrflash/Project/PMAC Script Language/Libraries/SPG_ResetWsAlarm.pmc 
Including Project File: /var/ftp/usrflash/Project/PMAC Script Language/Libraries/SPG_ReadThPos.pmc 
Including Project File: /var/ftp/usrflash/Project/PMAC Script Language/Motion Programs/PRG01_Test1.pmc 
Including Project File: /var/ftp/usrflash/Project/PMAC Script Language/Motion Programs/PRG02_Test2.pmc 
Including Project File: /var/ftp/usrflash/Project/PMAC Script Language/Motion Programs/PRG03_Test3.pmc 
Including Project File: /var/ftp/usrflash/Project/PMAC Script Language/Motion Programs/PRG04_Test4.pmc 
Including Project File: /var/ftp/usrflash/Project/PMAC Script Language/Motion Programs/PRG05_Test5.pmc 
Including Project File: /var/ftp/usrflash/Project/PMAC Script Language/Motion Programs/PRG19_Zero.pmc 
Including Project File: /var/ftp/usrflash/Project/PMAC Script Language/Motion Programs/PRG20_Welding.pmc 
Including Project File: /var/ftp/usrflash/Project/PMAC Script Language/Motion Programs/PRG21_Circle.pmc 
Including Project File: /var/ftp/usrflash/Project/PMAC Script Language/Motion Programs/PRG22_SnowMan.pmc 
Including Project File: /var/ftp/usrflash/Project/PMAC Script Language/Motion Programs/PRG23_ButterFly.pmc 
Including Project File: /var/ftp/usrflash/Project/PMAC Script Language/Motion Programs/PRG24_Column.pmc 
Including Project File: /var/ftp/usrflash/Project/PMAC Script Language/Motion Programs/PRG25_Row.pmc 
Including Project File: /var/ftp/usrflash/Project/PMAC Script Language/Motion Programs/PRG30_Vision.pmc 
Including Project File: /var/ftp/usrflash/Project/PMAC Script Language/Motion Programs/PRG50_LaserTest_Cross.pmc 
Including Project File: /var/ftp/usrflash/Project/PMAC Script Language/Motion Programs/PRG51_LaserTest_Line.pmc 
Including Project File: /var/ftp/usrflash/Project/PMAC Script Language/PLC Programs/PLC00_RTI.plc 
Including Project File: /var/ftp/usrflash/Project/PMAC Script Language/PLC Programs/PLC01_Init.plc 
Including Project File: /var/ftp/usrflash/Project/PMAC Script Language/PLC Programs/PLC02_Sta.plc 
Including Project File: /var/ftp/usrflash/Project/PMAC Script Language/PLC Programs/PLC03_Cmd.plc 
Including Project File: /var/ftp/usrflash/Project/PMAC Script Language/PLC Programs/PLC04_Safety.plc 
Including Project File: /var/ftp/usrflash/Project/PMAC Script Language/PLC Programs/PLC05_Ecat.plc 
Including Project File: /var/ftp/usrflash/Project/PMAC Script Language/PLC Programs/PLC06_IoCom.plc 
Including Project File: /var/ftp/usrflash/Project/PMAC Script Language/PLC Programs/PLC10_Home.plc 
Including Project File: /var/ftp/usrflash/Project/PMAC Script Language/PLC Programs/PLC11_Jog.plc 
Including Project File: /var/ftp/usrflash/Project/PMAC Script Language/PLC Programs/PLC12_SeqMc.plc 
Including Project File: /var/ftp/usrflash/Project/PMAC Script Language/PLC Programs/PLC13_SeqWs.plc 
Including Project File: /var/ftp/usrflash/Project/PMAC Script Language/PLC Programs/PLC14_SeqVs.plc 
Including Project File: /var/ftp/usrflash/Project/PMAC Script Language/PLC Programs/PLC20_Cylinder.plc 
Including Project File: /var/ftp/usrflash/Project/PMAC Script Language/PLC Programs/PLC21_TestShot.plc 
Including Project File: /var/ftp/usrflash/Project/PMAC Script Language/PLC Programs/PLC22_LaserCtrl.plc 
Including Project File: /var/ftp/usrflash/Project/PMAC Script Language/PLC Programs/PLC23_TargetMove.plc 
Including Project File: /var/ftp/usrflash/Project/PMAC Script Language/PLC Programs/PLC24_Cover.plc 
Including Project File: /var/ftp/usrflash/Project/PMAC Script Language/PLC Programs/PLC25_BlowOff.plc 
Including Project File: /var/ftp/usrflash/Project/PMAC Script Language/PLC Programs/PLC27_PickAndPlace.plc 
Including Project File: /var/ftp/usrflash/Project/PMAC Script Language/PLC Programs/PLC28_VisionTrigger.plc 
Including Project File: /var/ftp/usrflash/Project/PMAC Script Language/PLC Programs/PLC29_Buf.plc 
Including Project File: /var/ftp/usrflash/Project/PMAC Script Language/PLC Programs/PLC30_Test.plc 
Including Project File: /var/ftp/usrflash/Project/PMAC Script Language/PLC Programs/PLC31_ReqSim.plc 
Including Project File: /var/ftp/usrflash/Project/PMAC Script Language/PLC Programs/PLC26_PowerCheck.plc 
Including Project File: /var/ftp/usrflash/Project/PMAC Script Language/PLC Programs/PLC32_VisionSeq.plc 
Including Project File: /var/ftp/usrflash/Project/Configuration/pp_startup.txt 
3641 Project Symbols were created for gpascii -2 communication
[PMAC_PROJECT]
Start of Project Loading using INI File: "/var/ftp/usrflash/Project/Configuration/pp_proj.ini"
Success: Loading usralgo.ko
Success: Loading RT Address of CfromScript
Success: Loading RT Address of CaptCompISR
LoadRTUserCode() Delta Time (sec) = 0.579690
Including Project File: /var/ftp/usrflash/Project/Configuration/pp_disable.txt 
Including Project File: /var/ftp/usrflash/Project/PMAC Script Language/Global Includes/ECATMap.pmh 
Including Project File: /var/ftp/usrflash/Project/PMAC Script Language/Global Includes/AX1515_Mapping.pmh 
Including Project File: /var/ftp/usrflash/Project/PMAC Script Language/Global Includes/H00_Setup_System.pmh 
Including Project File: /var/ftp/usrflash/Project/PMAC Script Language/Global Includes/H01_Setup_EncTable.pmh 
Including Project File: /var/ftp/usrflash/Project/PMAC Script Language/Global Includes/H02_Setup_Motor.pmh 
Including Project File: /var/ftp/usrflash/Project/PMAC Script Language/Global Includes/H03_Setup_Coord.pmh 
Including Project File: /var/ftp/usrflash/Project/PMAC Script Language/Global Includes/H04_Setup_Ecat.pmh 
Including Project File: /var/ftp/usrflash/Project/PMAC Script Language/Global Includes/H05_Setup_Gpio.pmh 
Including Project File: /var/ftp/usrflash/Project/PMAC Script Language/Global Includes/H06_Variable_Umem.pmh 
Including Project File: /var/ftp/usrflash/Project/PMAC Script Language/Global Includes/H07_Variable_UmemArray.pmh 
Including Project File: /var/ftp/usrflash/Project/PMAC Script Language/Global Includes/H08_Variable_Prog.pmh 
Including Project File: /var/ftp/usrflash/Project/PMAC Script Language/Global Includes/H09_Kinematics.pmh 
Including Project File: /var/ftp/usrflash/Project/PMAC Script Language/Global Includes/H10_Nc.pmh 
Including Project File: /var/ftp/usrflash/Project/PMAC Script Language/Kinematic Routines/Forward1.kin 
Including Project File: /var/ftp/usrflash/Project/PMAC Script Language/Kinematic Routines/Inverse1.kin 
Including Project File: /var/ftp/usrflash/Project/PMAC Script Language/Kinematic Routines/Forward2.kin 
Including Project File: /var/ftp/usrflash/Project/PMAC Script Language/Kinematic Routines/Inverse2.kin 
Including Project File: /var/ftp/usrflash/Project/PMAC Script Language/Kinematic Routines/Forward3.kin 
Including Project File: /var/ftp/usrflash/Project/PMAC Script Language/Kinematic Routines/Inverse3.kin 
Including Project File: /var/ftp/usrflash/Project/PMAC Script Language/Libraries/timer.pmc 
Including Project File: /var/ftp/usrflash/Project/PMAC Script Language/Libraries/SPG_Gcode.pmc 
Including Project File: /var/ftp/usrflash/Project/PMAC Script Language/Libraries/SPG_Mcode.pmc 
Including Project File: /var/ftp/usrflash/Project/PMAC Script Language/Libraries/SPG_AbortVsHome.pmc 
Including Project File: /var/ftp/usrflash/Project/PMAC Script Language/Libraries/SPG_AbortVsLoop.pmc 
Including Project File: /var/ftp/usrflash/Project/PMAC Script Language/Libraries/SPG_AbortWsHome.pmc 
Including Project File: /var/ftp/usrflash/Project/PMAC Script Language/Libraries/SPG_AbortWsLoop.pmc 
Including Project File: /var/ftp/usrflash/Project/PMAC Script Language/Libraries/SPG_InitCommand.pmc 
Including Project File: /var/ftp/usrflash/Project/PMAC Script Language/Libraries/SPG_InitECylinder.pmc 
Including Project File: /var/ftp/usrflash/Project/PMAC Script Language/Libraries/SPG_InitMotor.pmc 
Including Project File: /var/ftp/usrflash/Project/PMAC Script Language/Libraries/SPG_InitScanner.pmc 
Including Project File: /var/ftp/usrflash/Project/PMAC Script Language/Libraries/SPG_InitSeqParam.pmc 
Including Project File: /var/ftp/usrflash/Project/PMAC Script Language/Libraries/SPG_SetDefaultParam.pmc 
Including Project File: /var/ftp/usrflash/Project/PMAC Script Language/Libraries/SPG_SetEquOut.pmc 
Including Project File: /var/ftp/usrflash/Project/PMAC Script Language/Libraries/SPG_SetSeqBufQ.pmc 
Including Project File: /var/ftp/usrflash/Project/PMAC Script Language/Libraries/SPG_SetVsLdParam.pmc 
Including Project File: /var/ftp/usrflash/Project/PMAC Script Language/Libraries/SPG_SetVsRdParam.pmc 
Including Project File: /var/ftp/usrflash/Project/PMAC Script Language/Libraries/SPG_SetVsRjParam.pmc 
Including Project File: /var/ftp/usrflash/Project/PMAC Script Language/Libraries/SPG_SetVsUdParam.pmc 
Including Project File: /var/ftp/usrflash/Project/PMAC Script Language/Libraries/SPG_SetVsVnParam.pmc 
Including Project File: /var/ftp/usrflash/Project/PMAC Script Language/Libraries/SPG_SetVsWtParam.pmc 
Including Project File: /var/ftp/usrflash/Project/PMAC Script Language/Libraries/SPG_SetWsLdParam.pmc 
Including Project File: /var/ftp/usrflash/Project/PMAC Script Language/Libraries/SPG_SetWsRdParam.pmc 
Including Project File: /var/ftp/usrflash/Project/PMAC Script Language/Libraries/SPG_SetWsRjParam.pmc 
Including Project File: /var/ftp/usrflash/Project/PMAC Script Language/Libraries/SPG_SetWsUdParam.pmc 
Including Project File: /var/ftp/usrflash/Project/PMAC Script Language/Libraries/SPG_SetWsWdParam.pmc 
Including Project File: /var/ftp/usrflash/Project/PMAC Script Language/Libraries/SPG_SetWsWtParam.pmc 
Including Project File: /var/ftp/usrflash/Project/PMAC Script Language/Libraries/SPG_ReadScPos.pmc 
Including Project File: /var/ftp/usrflash/Project/PMAC Script Language/Libraries/SPG_ResetVsAlarm.pmc 
Including Project File: /var/ftp/usrflash/Project/PMAC Script Language/Libraries/SPG_ResetWsAlarm.pmc 
Including Project File: /var/ftp/usrflash/Project/PMAC Script Language/Libraries/SPG_ReadThPos.pmc 
Including Project File: /var/ftp/usrflash/Project/PMAC Script Language/Motion Programs/PRG01_Test1.pmc 
Including Project File: /var/ftp/usrflash/Project/PMAC Script Language/Motion Programs/PRG02_Test2.pmc 
Including Project File: /var/ftp/usrflash/Project/PMAC Script Language/Motion Programs/PRG03_Test3.pmc 
Including Project File: /var/ftp/usrflash/Project/PMAC Script Language/Motion Programs/PRG04_Test4.pmc 
Including Project File: /var/ftp/usrflash/Project/PMAC Script Language/Motion Programs/PRG05_Test5.pmc 
Including Project File: /var/ftp/usrflash/Project/PMAC Script Language/Motion Programs/PRG19_Zero.pmc 
Including Project File: /var/ftp/usrflash/Project/PMAC Script Language/Motion Programs/PRG20_Welding.pmc 
Including Project File: /var/ftp/usrflash/Project/PMAC Script Language/Motion Programs/PRG21_Circle.pmc 
Including Project File: /var/ftp/usrflash/Project/PMAC Script Language/Motion Programs/PRG22_SnowMan.pmc 
Including Project File: /var/ftp/usrflash/Project/PMAC Script Language/Motion Programs/PRG23_ButterFly.pmc 
Including Project File: /var/ftp/usrflash/Project/PMAC Script Language/Motion Programs/PRG24_Column.pmc 
Including Project File: /var/ftp/usrflash/Project/PMAC Script Language/Motion Programs/PRG25_Row.pmc 
Including Project File: /var/ftp/usrflash/Project/PMAC Script Language/Motion Programs/PRG30_Vision.pmc 
Including Project File: /var/ftp/usrflash/Project/PMAC Script Language/Motion Programs/PRG50_LaserTest_Cross.pmc 
Including Project File: /var/ftp/usrflash/Project/PMAC Script Language/Motion Programs/PRG51_LaserTest_Line.pmc 
Including Project File: /var/ftp/usrflash/Project/PMAC Script Language/PLC Programs/PLC00_RTI.plc 
Including Project File: /var/ftp/usrflash/Project/PMAC Script Language/PLC Programs/PLC01_Init.plc 
Including Project File: /var/ftp/usrflash/Project/PMAC Script Language/PLC Programs/PLC02_Sta.plc 
Including Project File: /var/ftp/usrflash/Project/PMAC Script Language/PLC Programs/PLC03_Cmd.plc 
Including Project File: /var/ftp/usrflash/Project/PMAC Script Language/PLC Programs/PLC04_Safety.plc 
Including Project File: /var/ftp/usrflash/Project/PMAC Script Language/PLC Programs/PLC05_Ecat.plc 
Including Project File: /var/ftp/usrflash/Project/PMAC Script Language/PLC Programs/PLC06_IoCom.plc 
Including Project File: /var/ftp/usrflash/Project/PMAC Script Language/PLC Programs/PLC10_Home.plc 
Including Project File: /var/ftp/usrflash/Project/PMAC Script Language/PLC Programs/PLC11_Jog.plc 
Including Project File: /var/ftp/usrflash/Project/PMAC Script Language/PLC Programs/PLC12_SeqMc.plc 
Including Project File: /var/ftp/usrflash/Project/PMAC Script Language/PLC Programs/PLC13_SeqWs.plc 
Including Project File: /var/ftp/usrflash/Project/PMAC Script Language/PLC Programs/PLC14_SeqVs.plc 
Including Project File: /var/ftp/usrflash/Project/PMAC Script Language/PLC Programs/PLC20_Cylinder.plc 
Including Project File: /var/ftp/usrflash/Project/PMAC Script Language/PLC Programs/PLC21_TestShot.plc 
Including Project File: /var/ftp/usrflash/Project/PMAC Script Language/PLC Programs/PLC22_LaserCtrl.plc 
Including Project File: /var/ftp/usrflash/Project/PMAC Script Language/PLC Programs/PLC23_TargetMove.plc 
Including Project File: /var/ftp/usrflash/Project/PMAC Script Language/PLC Programs/PLC24_Cover.plc 
Including Project File: /var/ftp/usrflash/Project/PMAC Script Language/PLC Programs/PLC25_BlowOff.plc 
Including Project File: /var/ftp/usrflash/Project/PMAC Script Language/PLC Programs/PLC27_PickAndPlace.plc 
Including Project File: /var/ftp/usrflash/Project/PMAC Script Language/PLC Programs/PLC28_VisionTrigger.plc 
Including Project File: /var/ftp/usrflash/Project/PMAC Script Language/PLC Programs/PLC29_Buf.plc 
Including Project File: /var/ftp/usrflash/Project/PMAC Script Language/PLC Programs/PLC30_Test.plc 
Including Project File: /var/ftp/usrflash/Project/PMAC Script Language/PLC Programs/PLC31_ReqSim.plc 
Including Project File: /var/ftp/usrflash/Project/PMAC Script Language/PLC Programs/PLC26_PowerCheck.plc 
Including Project File: /var/ftp/usrflash/Project/PMAC Script Language/PLC Programs/PLC32_VisionSeq.plc 
Including Project File: /var/ftp/usrflash/Project/Configuration/pp_startup.txt 
Status: Pass 1 Create debug file, #defines, *.h & .sym files, Time (sec) = 0.377136
Status: Pass 2 Verify prog calls, local stack & labels, Time (sec)  = 0.159080
3641 Project Symbols were created for gpascii -2 communication
Status: Create PPMAC Symbol Table & Run CPP Time (sec) = 0.918817
Status: Successful load of preprocessed File: "/var/ftp/usrflash/Temp/pp_proj.pma"
Status: Download to PPMAC Command Processor, Time (sec) = 0.172240
Status: Final pp_proj.h & Run Background C Apps, Time (sec) = 0.077915
Project Preprocessing & Load Total Time (sec) = 2.284946
