[PMAC_HARDWARE]
Gate1AutoDetect=0x0
Gate2AutoDetect=0x0
Gate3AutoDetect=0x3
CardIOAutoDetect=0x0
CardDPRAutoDetect=0x0
Success: Loading usralgo.ko
Success: Loading RT Address of CfromScript
Success: Loading RT Address of CaptCompISR
[PMAC_CONFIG]
// *** EOF 
Successful Configuration using "/var/ftp/usrflash/Project/Configuration/pp_save.cfg"
// *** EOF 
Successful Custom Configuration using "/var/ftp/usrflash/Project/Configuration/pp_custom_save.cfg"
[PMAC_PROJECT]
Start of Project Loading using INI File: "/var/ftp/usrflash/Project/Configuration/pp_proj.ini"
Success: Loading usralgo.ko
Success: Loading RT Address of CfromScript
Success: Loading RT Address of CaptCompISR
Including Project File: /var/ftp/usrflash/Project/Configuration/pp_disable.txt 
Including Project File: /var/ftp/usrflash/Project/PMAC Script Language/Global Includes/ECATMap.pmh 
Including Project File: /var/ftp/usrflash/Project/PMAC Script Language/Global Includes/AX1515_Mapping.pmh 
Including Project File: /var/ftp/usrflash/Project/PMAC Script Language/Global Includes/H00_Setup_System.pmh 
Including Project File: /var/ftp/usrflash/Project/PMAC Script Language/Global Includes/H01_Setup_EncTable.pmh 
Including Project File: /var/ftp/usrflash/Project/PMAC Script Language/Global Includes/H02_Setup_Motor.pmh 
Including Project File: /var/ftp/usrflash/Project/PMAC Script Language/Global Includes/H03_Setup_Coord.pmh 
Including Project File: /var/ftp/usrflash/Project/PMAC Script Language/Global Includes/H04_Setup_Ecat.pmh 
Including Project File: /var/ftp/usrflash/Project/PMAC Script Language/Global Includes/H05_Setup_Gpio.pmh 
Including Project File: /var/ftp/usrflash/Project/PMAC Script Language/Global Includes/H06_Variable_Umem.pmh 
Including Project File: /var/ftp/usrflash/Project/PMAC Script Language/Global Includes/H07_Variable_UmemArray.pmh 
Including Project File: /var/ftp/usrflash/Project/PMAC Script Language/Global Includes/H08_Variable_Prog.pmh 
Including Project File: /var/ftp/usrflash/Project/PMAC Script Language/Global Includes/H09_Kinematics.pmh 
Including Project File: /var/ftp/usrflash/Project/PMAC Script Language/Global Includes/H10_Nc.pmh 
Including Project File: /var/ftp/usrflash/Project/PMAC Script Language/Global Includes/AX1515_0_Mapping.pmh 
Including Project File: /var/ftp/usrflash/Project/PMAC Script Language/Kinematic Routines/Forward1.kin 
Including Project File: /var/ftp/usrflash/Project/PMAC Script Language/Kinematic Routines/Inverse1.kin 
Including Project File: /var/ftp/usrflash/Project/PMAC Script Language/Kinematic Routines/Forward2.kin 
Including Project File: /var/ftp/usrflash/Project/PMAC Script Language/Kinematic Routines/Inverse2.kin 
Including Project File: /var/ftp/usrflash/Project/PMAC Script Language/Kinematic Routines/Forward3.kin 
Including Project File: /var/ftp/usrflash/Project/PMAC Script Language/Kinematic Routines/Inverse3.kin 
Including Project File: /var/ftp/usrflash/Project/PMAC Script Language/Libraries/timer.pmc 
Including Project File: /var/ftp/usrflash/Project/PMAC Script Language/Libraries/SPG_Gcode.pmc 
Including Project File: /var/ftp/usrflash/Project/PMAC Script Language/Libraries/SPG_Mcode.pmc 
Including Project File: /var/ftp/usrflash/Project/PMAC Script Language/Libraries/SPG_AbortVsHome.pmc 
Including Project File: /var/ftp/usrflash/Project/PMAC Script Language/Libraries/SPG_AbortVsLoop.pmc 
Including Project File: /var/ftp/usrflash/Project/PMAC Script Language/Libraries/SPG_AbortWsHome.pmc 
Including Project File: /var/ftp/usrflash/Project/PMAC Script Language/Libraries/SPG_AbortWsLoop.pmc 
Including Project File: /var/ftp/usrflash/Project/PMAC Script Language/Libraries/SPG_InitCommand.pmc 
Including Project File: /var/ftp/usrflash/Project/PMAC Script Language/Libraries/SPG_InitECylinder.pmc 
Including Project File: /var/ftp/usrflash/Project/PMAC Script Language/Libraries/SPG_InitMotor.pmc 
Including Project File: /var/ftp/usrflash/Project/PMAC Script Language/Libraries/SPG_InitScanner.pmc 
Including Project File: /var/ftp/usrflash/Project/PMAC Script Language/Libraries/SPG_InitSeqParam.pmc 
Including Project File: /var/ftp/usrflash/Project/PMAC Script Language/Libraries/SPG_SetDefaultParam.pmc 
Including Project File: /var/ftp/usrflash/Project/PMAC Script Language/Libraries/SPG_SetEquOut.pmc 
Including Project File: /var/ftp/usrflash/Project/PMAC Script Language/Libraries/SPG_SetSeqBufQ.pmc 
Including Project File: /var/ftp/usrflash/Project/PMAC Script Language/Libraries/SPG_SetVsLdParam.pmc 
Including Project File: /var/ftp/usrflash/Project/PMAC Script Language/Libraries/SPG_SetVsRdParam.pmc 
Including Project File: /var/ftp/usrflash/Project/PMAC Script Language/Libraries/SPG_SetVsRjParam.pmc 
Including Project File: /var/ftp/usrflash/Project/PMAC Script Language/Libraries/SPG_SetVsUdParam.pmc 
Including Project File: /var/ftp/usrflash/Project/PMAC Script Language/Libraries/SPG_SetVsVnParam.pmc 
Including Project File: /var/ftp/usrflash/Project/PMAC Script Language/Libraries/SPG_SetVsWtParam.pmc 
Including Project File: /var/ftp/usrflash/Project/PMAC Script Language/Libraries/SPG_SetWsLdParam.pmc 
Including Project File: /var/ftp/usrflash/Project/PMAC Script Language/Libraries/SPG_SetWsRdParam.pmc 
Including Project File: /var/ftp/usrflash/Project/PMAC Script Language/Libraries/SPG_SetWsRjParam.pmc 
Including Project File: /var/ftp/usrflash/Project/PMAC Script Language/Libraries/SPG_SetWsUdParam.pmc 
Including Project File: /var/ftp/usrflash/Project/PMAC Script Language/Libraries/SPG_SetWsWdParam.pmc 
Including Project File: /var/ftp/usrflash/Project/PMAC Script Language/Libraries/SPG_SetWsWtParam.pmc 
Including Project File: /var/ftp/usrflash/Project/PMAC Script Language/Libraries/SPG_ReadScPos.pmc 
Including Project File: /var/ftp/usrflash/Project/PMAC Script Language/Libraries/SPG_ResetVsAlarm.pmc 
Including Project File: /var/ftp/usrflash/Project/PMAC Script Language/Libraries/SPG_ResetWsAlarm.pmc 
Including Project File: /var/ftp/usrflash/Project/PMAC Script Language/Libraries/SPG_ReadThPos.pmc 
Including Project File: /var/ftp/usrflash/Project/PMAC Script Language/Libraries/SPG_ConvertFunc.pmc 
Including Project File: /var/ftp/usrflash/Project/PMAC Script Language/Motion Programs/PRG01_Test1.pmc 
Including Project File: /var/ftp/usrflash/Project/PMAC Script Language/Motion Programs/PRG02_Test2.pmc 
Including Project File: /var/ftp/usrflash/Project/PMAC Script Language/Motion Programs/PRG03_Test3.pmc 
Including Project File: /var/ftp/usrflash/Project/PMAC Script Language/Motion Programs/PRG04_Test4.pmc 
Including Project File: /var/ftp/usrflash/Project/PMAC Script Language/Motion Programs/PRG05_Test5.pmc 
Including Project File: /var/ftp/usrflash/Project/PMAC Script Language/Motion Programs/PRG19_Zero.pmc 
Including Project File: /var/ftp/usrflash/Project/PMAC Script Language/Motion Programs/PRG20_Welding.pmc 
Including Project File: /var/ftp/usrflash/Project/PMAC Script Language/Motion Programs/PRG21_Circle.pmc 
Including Project File: /var/ftp/usrflash/Project/PMAC Script Language/Motion Programs/PRG22_SnowMan.pmc 
Including Project File: /var/ftp/usrflash/Project/PMAC Script Language/Motion Programs/PRG23_ButterFly.pmc 
Including Project File: /var/ftp/usrflash/Project/PMAC Script Language/Motion Programs/PRG24_Column.pmc 
Including Project File: /var/ftp/usrflash/Project/PMAC Script Language/Motion Programs/PRG25_Row.pmc 
Including Project File: /var/ftp/usrflash/Project/PMAC Script Language/Motion Programs/PRG30_Vision.pmc 
Including Project File: /var/ftp/usrflash/Project/PMAC Script Language/Motion Programs/PRG50_LaserTest_Cross.pmc 
Including Project File: /var/ftp/usrflash/Project/PMAC Script Language/Motion Programs/PRG51_LaserTest_Line.pmc 
Including Project File: /var/ftp/usrflash/Project/PMAC Script Language/Motion Programs/PRG18_ProgMove.pmc 
Including Project File: /var/ftp/usrflash/Project/PMAC Script Language/PLC Programs/PLC00_RTI.plc 
Including Project File: /var/ftp/usrflash/Project/PMAC Script Language/PLC Programs/PLC01_Init.plc 
Including Project File: /var/ftp/usrflash/Project/PMAC Script Language/PLC Programs/PLC02_Sta.plc 
Including Project File: /var/ftp/usrflash/Project/PMAC Script Language/PLC Programs/PLC03_Cmd.plc 
Including Project File: /var/ftp/usrflash/Project/PMAC Script Language/PLC Programs/PLC04_Safety.plc 
Including Project File: /var/ftp/usrflash/Project/PMAC Script Language/PLC Programs/PLC05_Ecat.plc 
Including Project File: /var/ftp/usrflash/Project/PMAC Script Language/PLC Programs/PLC06_IoCom.plc 
Including Project File: /var/ftp/usrflash/Project/PMAC Script Language/PLC Programs/PLC10_Home.plc 
Including Project File: /var/ftp/usrflash/Project/PMAC Script Language/PLC Programs/PLC11_Jog.plc 
Including Project File: /var/ftp/usrflash/Project/PMAC Script Language/PLC Programs/PLC12_SeqMc.plc 
Including Project File: /var/ftp/usrflash/Project/PMAC Script Language/PLC Programs/PLC13_SeqWs.plc 
Including Project File: /var/ftp/usrflash/Project/PMAC Script Language/PLC Programs/PLC14_SeqVs.plc 
Including Project File: /var/ftp/usrflash/Project/PMAC Script Language/PLC Programs/PLC20_Cylinder.plc 
Including Project File: /var/ftp/usrflash/Project/PMAC Script Language/PLC Programs/PLC21_TestShot.plc 
Including Project File: /var/ftp/usrflash/Project/PMAC Script Language/PLC Programs/PLC22_LaserCtrl.plc 
Including Project File: /var/ftp/usrflash/Project/PMAC Script Language/PLC Programs/PLC23_TargetMove.plc 
Including Project File: /var/ftp/usrflash/Project/PMAC Script Language/PLC Programs/PLC24_Cover.plc 
Including Project File: /var/ftp/usrflash/Project/PMAC Script Language/PLC Programs/PLC25_BlowOff.plc 
Including Project File: /var/ftp/usrflash/Project/PMAC Script Language/PLC Programs/PLC27_PickAndPlace.plc 
Including Project File: /var/ftp/usrflash/Project/PMAC Script Language/PLC Programs/PLC28_VisionTrigger.plc 
Including Project File: /var/ftp/usrflash/Project/PMAC Script Language/PLC Programs/PLC29_Buf.plc 
Including Project File: /var/ftp/usrflash/Project/PMAC Script Language/PLC Programs/PLC30_Test.plc 
Including Project File: /var/ftp/usrflash/Project/PMAC Script Language/PLC Programs/PLC31_ReqSim.plc 
Including Project File: /var/ftp/usrflash/Project/PMAC Script Language/PLC Programs/PLC26_PowerCheck.plc 
Including Project File: /var/ftp/usrflash/Project/PMAC Script Language/PLC Programs/PLC32_VisionSeq.plc 
Including Project File: /var/ftp/usrflash/Project/Configuration/pp_startup.txt 
3777 Project Symbols were created for gpascii -2 communication
Status: Successful load of preprocessed File: "/var/ftp/usrflash/Temp/pp_proj.pma"
[PMAC_CONFIG]
Successful: FastSave using /var/ftp/usrflash/Project/Configuration/pp_custom_save.tpl
[PMAC_CONFIG]
Successful: FastSave using /var/ftp/usrflash/Project/Configuration/pp_custom_save.tpl
[PMAC_CONFIG]
Successful: FastSave using /var/ftp/usrflash/Project/Configuration/pp_custom_save.tpl
[PMAC_CONFIG]
Successful: FastSave using /var/ftp/usrflash/Project/Configuration/pp_custom_save.tpl
[PMAC_CONFIG]
Successful: FastSave using /var/ftp/usrflash/Project/Configuration/pp_custom_save.tpl
[PMAC_CONFIG]
Successful: FastSave using /var/ftp/usrflash/Project/Configuration/pp_custom_save.tpl
[PMAC_CONFIG]
Successful: FastSave using /var/ftp/usrflash/Project/Configuration/pp_custom_save.tpl
[PMAC_CONFIG]
Successful: FastSave using /var/ftp/usrflash/Project/Configuration/pp_custom_save.tpl
[PMAC_CONFIG]
Successful: FastSave using /var/ftp/usrflash/Project/Configuration/pp_custom_save.tpl
[PMAC_CONFIG]
Successful: FastSave using /var/ftp/usrflash/Project/Configuration/pp_custom_save.tpl
[PMAC_CONFIG]
Successful: FastSave using /var/ftp/usrflash/Project/Configuration/pp_custom_save.tpl
[PMAC_CONFIG]
Successful: FastSave using /var/ftp/usrflash/Project/Configuration/pp_custom_save.tpl
[PMAC_CONFIG]
Successful: FastSave using /var/ftp/usrflash/Project/Configuration/pp_custom_save.tpl
[PMAC_CONFIG]
Successful: FastSave using /var/ftp/usrflash/Project/Configuration/pp_custom_save.tpl
[PMAC_CONFIG]
Successful: FastSave using /var/ftp/usrflash/Project/Configuration/pp_custom_save.tpl
[PMAC_CONFIG]
Successful: FastSave using /var/ftp/usrflash/Project/Configuration/pp_custom_save.tpl
[PMAC_CONFIG]
Successful: FastSave using /var/ftp/usrflash/Project/Configuration/pp_custom_save.tpl
[PMAC_CONFIG]
Successful: FastSave using /var/ftp/usrflash/Project/Configuration/pp_custom_save.tpl
[PMAC_CONFIG]
Successful: FastSave using /var/ftp/usrflash/Project/Configuration/pp_custom_save.tpl
[PMAC_PROJECT]
Start of Project Loading using INI File: "/var/ftp/usrflash/Project/Configuration/pp_proj.ini"
Including Project File: /var/ftp/usrflash/Project/Configuration/pp_disable.txt 
Including Project File: /var/ftp/usrflash/Project/PMAC Script Language/Global Includes/ECATMap.pmh 
Including Project File: /var/ftp/usrflash/Project/PMAC Script Language/Global Includes/AX1515_Mapping.pmh 
Including Project File: /var/ftp/usrflash/Project/PMAC Script Language/Global Includes/H00_Setup_System.pmh 
Including Project File: /var/ftp/usrflash/Project/PMAC Script Language/Global Includes/H01_Setup_EncTable.pmh 
Including Project File: /var/ftp/usrflash/Project/PMAC Script Language/Global Includes/H02_Setup_Motor.pmh 
Including Project File: /var/ftp/usrflash/Project/PMAC Script Language/Global Includes/H03_Setup_Coord.pmh 
Including Project File: /var/ftp/usrflash/Project/PMAC Script Language/Global Includes/H04_Setup_Ecat.pmh 
Including Project File: /var/ftp/usrflash/Project/PMAC Script Language/Global Includes/H05_Setup_Gpio.pmh 
Including Project File: /var/ftp/usrflash/Project/PMAC Script Language/Global Includes/H06_Variable_Umem.pmh 
Including Project File: /var/ftp/usrflash/Project/PMAC Script Language/Global Includes/H07_Variable_UmemArray.pmh 
Including Project File: /var/ftp/usrflash/Project/PMAC Script Language/Global Includes/H08_Variable_Prog.pmh 
Including Project File: /var/ftp/usrflash/Project/PMAC Script Language/Global Includes/H09_Kinematics.pmh 
Including Project File: /var/ftp/usrflash/Project/PMAC Script Language/Global Includes/H10_Nc.pmh 
Including Project File: /var/ftp/usrflash/Project/PMAC Script Language/Kinematic Routines/Forward1.kin 
Including Project File: /var/ftp/usrflash/Project/PMAC Script Language/Kinematic Routines/Inverse1.kin 
Including Project File: /var/ftp/usrflash/Project/PMAC Script Language/Kinematic Routines/Forward2.kin 
Including Project File: /var/ftp/usrflash/Project/PMAC Script Language/Kinematic Routines/Inverse2.kin 
Including Project File: /var/ftp/usrflash/Project/PMAC Script Language/Kinematic Routines/Forward3.kin 
Including Project File: /var/ftp/usrflash/Project/PMAC Script Language/Kinematic Routines/Inverse3.kin 
Including Project File: /var/ftp/usrflash/Project/PMAC Script Language/Libraries/timer.pmc 
Including Project File: /var/ftp/usrflash/Project/PMAC Script Language/Libraries/SPG_Gcode.pmc 
Including Project File: /var/ftp/usrflash/Project/PMAC Script Language/Libraries/SPG_Mcode.pmc 
Including Project File: /var/ftp/usrflash/Project/PMAC Script Language/Libraries/SPG_AbortVsHome.pmc 
Including Project File: /var/ftp/usrflash/Project/PMAC Script Language/Libraries/SPG_AbortVsLoop.pmc 
Including Project File: /var/ftp/usrflash/Project/PMAC Script Language/Libraries/SPG_AbortWsHome.pmc 
Including Project File: /var/ftp/usrflash/Project/PMAC Script Language/Libraries/SPG_AbortWsLoop.pmc 
Including Project File: /var/ftp/usrflash/Project/PMAC Script Language/Libraries/SPG_InitCommand.pmc 
Including Project File: /var/ftp/usrflash/Project/PMAC Script Language/Libraries/SPG_InitECylinder.pmc 
Including Project File: /var/ftp/usrflash/Project/PMAC Script Language/Libraries/SPG_InitMotor.pmc 
Including Project File: /var/ftp/usrflash/Project/PMAC Script Language/Libraries/SPG_InitScanner.pmc 
Including Project File: /var/ftp/usrflash/Project/PMAC Script Language/Libraries/SPG_InitSeqParam.pmc 
Including Project File: /var/ftp/usrflash/Project/PMAC Script Language/Libraries/SPG_SetDefaultParam.pmc 
Including Project File: /var/ftp/usrflash/Project/PMAC Script Language/Libraries/SPG_SetEquOut.pmc 
Including Project File: /var/ftp/usrflash/Project/PMAC Script Language/Libraries/SPG_SetSeqBufQ.pmc 
Including Project File: /var/ftp/usrflash/Project/PMAC Script Language/Libraries/SPG_SetVsLdParam.pmc 
Including Project File: /var/ftp/usrflash/Project/PMAC Script Language/Libraries/SPG_SetVsRdParam.pmc 
Including Project File: /var/ftp/usrflash/Project/PMAC Script Language/Libraries/SPG_SetVsRjParam.pmc 
Including Project File: /var/ftp/usrflash/Project/PMAC Script Language/Libraries/SPG_SetVsUdParam.pmc 
Including Project File: /var/ftp/usrflash/Project/PMAC Script Language/Libraries/SPG_SetVsVnParam.pmc 
Including Project File: /var/ftp/usrflash/Project/PMAC Script Language/Libraries/SPG_SetVsWtParam.pmc 
Including Project File: /var/ftp/usrflash/Project/PMAC Script Language/Libraries/SPG_SetWsLdParam.pmc 
Including Project File: /var/ftp/usrflash/Project/PMAC Script Language/Libraries/SPG_SetWsRdParam.pmc 
Including Project File: /var/ftp/usrflash/Project/PMAC Script Language/Libraries/SPG_SetWsRjParam.pmc 
Including Project File: /var/ftp/usrflash/Project/PMAC Script Language/Libraries/SPG_SetWsUdParam.pmc 
Including Project File: /var/ftp/usrflash/Project/PMAC Script Language/Libraries/SPG_SetWsWdParam.pmc 
Including Project File: /var/ftp/usrflash/Project/PMAC Script Language/Libraries/SPG_SetWsWtParam.pmc 
Including Project File: /var/ftp/usrflash/Project/PMAC Script Language/Libraries/SPG_ReadScPos.pmc 
Including Project File: /var/ftp/usrflash/Project/PMAC Script Language/Libraries/SPG_ResetVsAlarm.pmc 
Including Project File: /var/ftp/usrflash/Project/PMAC Script Language/Libraries/SPG_ResetWsAlarm.pmc 
Including Project File: /var/ftp/usrflash/Project/PMAC Script Language/Libraries/SPG_ReadThPos.pmc 
Including Project File: /var/ftp/usrflash/Project/PMAC Script Language/Libraries/SPG_ConvertFunc.pmc 
Including Project File: /var/ftp/usrflash/Project/PMAC Script Language/Motion Programs/PRG01_Test1.pmc 
Including Project File: /var/ftp/usrflash/Project/PMAC Script Language/Motion Programs/PRG02_Test2.pmc 
Including Project File: /var/ftp/usrflash/Project/PMAC Script Language/Motion Programs/PRG03_Test3.pmc 
Including Project File: /var/ftp/usrflash/Project/PMAC Script Language/Motion Programs/PRG04_Test4.pmc 
Including Project File: /var/ftp/usrflash/Project/PMAC Script Language/Motion Programs/PRG05_Test5.pmc 
Including Project File: /var/ftp/usrflash/Project/PMAC Script Language/Motion Programs/PRG19_Zero.pmc 
Including Project File: /var/ftp/usrflash/Project/PMAC Script Language/Motion Programs/PRG20_Welding.pmc 
Including Project File: /var/ftp/usrflash/Project/PMAC Script Language/Motion Programs/PRG21_Circle.pmc 
Including Project File: /var/ftp/usrflash/Project/PMAC Script Language/Motion Programs/PRG22_SnowMan.pmc 
Including Project File: /var/ftp/usrflash/Project/PMAC Script Language/Motion Programs/PRG23_ButterFly.pmc 
Including Project File: /var/ftp/usrflash/Project/PMAC Script Language/Motion Programs/PRG24_Column.pmc 
Including Project File: /var/ftp/usrflash/Project/PMAC Script Language/Motion Programs/PRG25_Row.pmc 
Including Project File: /var/ftp/usrflash/Project/PMAC Script Language/Motion Programs/PRG30_Vision.pmc 
Including Project File: /var/ftp/usrflash/Project/PMAC Script Language/Motion Programs/PRG50_LaserTest_Cross.pmc 
Including Project File: /var/ftp/usrflash/Project/PMAC Script Language/Motion Programs/PRG51_LaserTest_Line.pmc 
Including Project File: /var/ftp/usrflash/Project/PMAC Script Language/Motion Programs/PRG18_ProgMove.pmc 
Including Project File: /var/ftp/usrflash/Project/PMAC Script Language/PLC Programs/PLC00_RTI.plc 
Including Project File: /var/ftp/usrflash/Project/PMAC Script Language/PLC Programs/PLC01_Init.plc 
Including Project File: /var/ftp/usrflash/Project/PMAC Script Language/PLC Programs/PLC02_Sta.plc 
Including Project File: /var/ftp/usrflash/Project/PMAC Script Language/PLC Programs/PLC03_Cmd.plc 
Including Project File: /var/ftp/usrflash/Project/PMAC Script Language/PLC Programs/PLC04_Safety.plc 
Including Project File: /var/ftp/usrflash/Project/PMAC Script Language/PLC Programs/PLC05_Ecat.plc 
Including Project File: /var/ftp/usrflash/Project/PMAC Script Language/PLC Programs/PLC06_IoCom.plc 
Including Project File: /var/ftp/usrflash/Project/PMAC Script Language/PLC Programs/PLC10_Home.plc 
Including Project File: /var/ftp/usrflash/Project/PMAC Script Language/PLC Programs/PLC11_Jog.plc 
Including Project File: /var/ftp/usrflash/Project/PMAC Script Language/PLC Programs/PLC12_SeqMc.plc 
Including Project File: /var/ftp/usrflash/Project/PMAC Script Language/PLC Programs/PLC13_SeqWs.plc 
Including Project File: /var/ftp/usrflash/Project/PMAC Script Language/PLC Programs/PLC14_SeqVs.plc 
Including Project File: /var/ftp/usrflash/Project/PMAC Script Language/PLC Programs/PLC20_Cylinder.plc 
Including Project File: /var/ftp/usrflash/Project/PMAC Script Language/PLC Programs/PLC21_TestShot.plc 
Including Project File: /var/ftp/usrflash/Project/PMAC Script Language/PLC Programs/PLC22_LaserCtrl.plc 
Including Project File: /var/ftp/usrflash/Project/PMAC Script Language/PLC Programs/PLC23_TargetMove.plc 
Including Project File: /var/ftp/usrflash/Project/PMAC Script Language/PLC Programs/PLC24_Cover.plc 
Including Project File: /var/ftp/usrflash/Project/PMAC Script Language/PLC Programs/PLC25_BlowOff.plc 
Including Project File: /var/ftp/usrflash/Project/PMAC Script Language/PLC Programs/PLC27_PickAndPlace.plc 
Including Project File: /var/ftp/usrflash/Project/PMAC Script Language/PLC Programs/PLC28_VisionTrigger.plc 
Including Project File: /var/ftp/usrflash/Project/PMAC Script Language/PLC Programs/PLC29_Buf.plc 
Including Project File: /var/ftp/usrflash/Project/PMAC Script Language/PLC Programs/PLC30_Test.plc 
Including Project File: /var/ftp/usrflash/Project/PMAC Script Language/PLC Programs/PLC31_ReqSim.plc 
Including Project File: /var/ftp/usrflash/Project/PMAC Script Language/PLC Programs/PLC26_PowerCheck.plc 
Including Project File: /var/ftp/usrflash/Project/PMAC Script Language/PLC Programs/PLC32_VisionSeq.plc 
Including Project File: /var/ftp/usrflash/Project/Configuration/pp_startup.txt 
3750 Project Symbols were created for gpascii -2 communication
[PMAC_PROJECT]
Start of Project Loading using INI File: "/var/ftp/usrflash/Project/Configuration/pp_proj.ini"
Success: Loading usralgo.ko
Success: Loading RT Address of CfromScript
Success: Loading RT Address of CaptCompISR
LoadRTUserCode() Delta Time (sec) = 0.547006
Including Project File: /var/ftp/usrflash/Project/Configuration/pp_disable.txt 
Including Project File: /var/ftp/usrflash/Project/PMAC Script Language/Global Includes/ECATMap.pmh 
Including Project File: /var/ftp/usrflash/Project/PMAC Script Language/Global Includes/AX1515_Mapping.pmh 
Including Project File: /var/ftp/usrflash/Project/PMAC Script Language/Global Includes/H00_Setup_System.pmh 
Including Project File: /var/ftp/usrflash/Project/PMAC Script Language/Global Includes/H01_Setup_EncTable.pmh 
Including Project File: /var/ftp/usrflash/Project/PMAC Script Language/Global Includes/H02_Setup_Motor.pmh 
Including Project File: /var/ftp/usrflash/Project/PMAC Script Language/Global Includes/H03_Setup_Coord.pmh 
Including Project File: /var/ftp/usrflash/Project/PMAC Script Language/Global Includes/H04_Setup_Ecat.pmh 
Including Project File: /var/ftp/usrflash/Project/PMAC Script Language/Global Includes/H05_Setup_Gpio.pmh 
Including Project File: /var/ftp/usrflash/Project/PMAC Script Language/Global Includes/H06_Variable_Umem.pmh 
Including Project File: /var/ftp/usrflash/Project/PMAC Script Language/Global Includes/H07_Variable_UmemArray.pmh 
Including Project File: /var/ftp/usrflash/Project/PMAC Script Language/Global Includes/H08_Variable_Prog.pmh 
Including Project File: /var/ftp/usrflash/Project/PMAC Script Language/Global Includes/H09_Kinematics.pmh 
Including Project File: /var/ftp/usrflash/Project/PMAC Script Language/Global Includes/H10_Nc.pmh 
Including Project File: /var/ftp/usrflash/Project/PMAC Script Language/Kinematic Routines/Forward1.kin 
Including Project File: /var/ftp/usrflash/Project/PMAC Script Language/Kinematic Routines/Inverse1.kin 
Including Project File: /var/ftp/usrflash/Project/PMAC Script Language/Kinematic Routines/Forward2.kin 
Including Project File: /var/ftp/usrflash/Project/PMAC Script Language/Kinematic Routines/Inverse2.kin 
Including Project File: /var/ftp/usrflash/Project/PMAC Script Language/Kinematic Routines/Forward3.kin 
Including Project File: /var/ftp/usrflash/Project/PMAC Script Language/Kinematic Routines/Inverse3.kin 
Including Project File: /var/ftp/usrflash/Project/PMAC Script Language/Libraries/timer.pmc 
Including Project File: /var/ftp/usrflash/Project/PMAC Script Language/Libraries/SPG_Gcode.pmc 
Including Project File: /var/ftp/usrflash/Project/PMAC Script Language/Libraries/SPG_Mcode.pmc 
Including Project File: /var/ftp/usrflash/Project/PMAC Script Language/Libraries/SPG_AbortVsHome.pmc 
Including Project File: /var/ftp/usrflash/Project/PMAC Script Language/Libraries/SPG_AbortVsLoop.pmc 
Including Project File: /var/ftp/usrflash/Project/PMAC Script Language/Libraries/SPG_AbortWsHome.pmc 
Including Project File: /var/ftp/usrflash/Project/PMAC Script Language/Libraries/SPG_AbortWsLoop.pmc 
Including Project File: /var/ftp/usrflash/Project/PMAC Script Language/Libraries/SPG_InitCommand.pmc 
Including Project File: /var/ftp/usrflash/Project/PMAC Script Language/Libraries/SPG_InitECylinder.pmc 
Including Project File: /var/ftp/usrflash/Project/PMAC Script Language/Libraries/SPG_InitMotor.pmc 
Including Project File: /var/ftp/usrflash/Project/PMAC Script Language/Libraries/SPG_InitScanner.pmc 
Including Project File: /var/ftp/usrflash/Project/PMAC Script Language/Libraries/SPG_InitSeqParam.pmc 
Including Project File: /var/ftp/usrflash/Project/PMAC Script Language/Libraries/SPG_SetDefaultParam.pmc 
Including Project File: /var/ftp/usrflash/Project/PMAC Script Language/Libraries/SPG_SetEquOut.pmc 
Including Project File: /var/ftp/usrflash/Project/PMAC Script Language/Libraries/SPG_SetSeqBufQ.pmc 
Including Project File: /var/ftp/usrflash/Project/PMAC Script Language/Libraries/SPG_SetVsLdParam.pmc 
Including Project File: /var/ftp/usrflash/Project/PMAC Script Language/Libraries/SPG_SetVsRdParam.pmc 
Including Project File: /var/ftp/usrflash/Project/PMAC Script Language/Libraries/SPG_SetVsRjParam.pmc 
Including Project File: /var/ftp/usrflash/Project/PMAC Script Language/Libraries/SPG_SetVsUdParam.pmc 
Including Project File: /var/ftp/usrflash/Project/PMAC Script Language/Libraries/SPG_SetVsVnParam.pmc 
Including Project File: /var/ftp/usrflash/Project/PMAC Script Language/Libraries/SPG_SetVsWtParam.pmc 
Including Project File: /var/ftp/usrflash/Project/PMAC Script Language/Libraries/SPG_SetWsLdParam.pmc 
Including Project File: /var/ftp/usrflash/Project/PMAC Script Language/Libraries/SPG_SetWsRdParam.pmc 
Including Project File: /var/ftp/usrflash/Project/PMAC Script Language/Libraries/SPG_SetWsRjParam.pmc 
Including Project File: /var/ftp/usrflash/Project/PMAC Script Language/Libraries/SPG_SetWsUdParam.pmc 
Including Project File: /var/ftp/usrflash/Project/PMAC Script Language/Libraries/SPG_SetWsWdParam.pmc 
Including Project File: /var/ftp/usrflash/Project/PMAC Script Language/Libraries/SPG_SetWsWtParam.pmc 
Including Project File: /var/ftp/usrflash/Project/PMAC Script Language/Libraries/SPG_ReadScPos.pmc 
Including Project File: /var/ftp/usrflash/Project/PMAC Script Language/Libraries/SPG_ResetVsAlarm.pmc 
Including Project File: /var/ftp/usrflash/Project/PMAC Script Language/Libraries/SPG_ResetWsAlarm.pmc 
Including Project File: /var/ftp/usrflash/Project/PMAC Script Language/Libraries/SPG_ReadThPos.pmc 
Including Project File: /var/ftp/usrflash/Project/PMAC Script Language/Libraries/SPG_ConvertFunc.pmc 
Including Project File: /var/ftp/usrflash/Project/PMAC Script Language/Motion Programs/PRG01_Test1.pmc 
Including Project File: /var/ftp/usrflash/Project/PMAC Script Language/Motion Programs/PRG02_Test2.pmc 
Including Project File: /var/ftp/usrflash/Project/PMAC Script Language/Motion Programs/PRG03_Test3.pmc 
Including Project File: /var/ftp/usrflash/Project/PMAC Script Language/Motion Programs/PRG04_Test4.pmc 
Including Project File: /var/ftp/usrflash/Project/PMAC Script Language/Motion Programs/PRG05_Test5.pmc 
Including Project File: /var/ftp/usrflash/Project/PMAC Script Language/Motion Programs/PRG19_Zero.pmc 
Including Project File: /var/ftp/usrflash/Project/PMAC Script Language/Motion Programs/PRG20_Welding.pmc 
Including Project File: /var/ftp/usrflash/Project/PMAC Script Language/Motion Programs/PRG21_Circle.pmc 
Including Project File: /var/ftp/usrflash/Project/PMAC Script Language/Motion Programs/PRG22_SnowMan.pmc 
Including Project File: /var/ftp/usrflash/Project/PMAC Script Language/Motion Programs/PRG23_ButterFly.pmc 
Including Project File: /var/ftp/usrflash/Project/PMAC Script Language/Motion Programs/PRG24_Column.pmc 
Including Project File: /var/ftp/usrflash/Project/PMAC Script Language/Motion Programs/PRG25_Row.pmc 
Including Project File: /var/ftp/usrflash/Project/PMAC Script Language/Motion Programs/PRG30_Vision.pmc 
Including Project File: /var/ftp/usrflash/Project/PMAC Script Language/Motion Programs/PRG50_LaserTest_Cross.pmc 
Including Project File: /var/ftp/usrflash/Project/PMAC Script Language/Motion Programs/PRG51_LaserTest_Line.pmc 
Including Project File: /var/ftp/usrflash/Project/PMAC Script Language/Motion Programs/PRG18_ProgMove.pmc 
Including Project File: /var/ftp/usrflash/Project/PMAC Script Language/PLC Programs/PLC00_RTI.plc 
Including Project File: /var/ftp/usrflash/Project/PMAC Script Language/PLC Programs/PLC01_Init.plc 
Including Project File: /var/ftp/usrflash/Project/PMAC Script Language/PLC Programs/PLC02_Sta.plc 
Including Project File: /var/ftp/usrflash/Project/PMAC Script Language/PLC Programs/PLC03_Cmd.plc 
Including Project File: /var/ftp/usrflash/Project/PMAC Script Language/PLC Programs/PLC04_Safety.plc 
Including Project File: /var/ftp/usrflash/Project/PMAC Script Language/PLC Programs/PLC05_Ecat.plc 
Including Project File: /var/ftp/usrflash/Project/PMAC Script Language/PLC Programs/PLC06_IoCom.plc 
Including Project File: /var/ftp/usrflash/Project/PMAC Script Language/PLC Programs/PLC10_Home.plc 
Including Project File: /var/ftp/usrflash/Project/PMAC Script Language/PLC Programs/PLC11_Jog.plc 
Including Project File: /var/ftp/usrflash/Project/PMAC Script Language/PLC Programs/PLC12_SeqMc.plc 
Including Project File: /var/ftp/usrflash/Project/PMAC Script Language/PLC Programs/PLC13_SeqWs.plc 
Including Project File: /var/ftp/usrflash/Project/PMAC Script Language/PLC Programs/PLC14_SeqVs.plc 
Including Project File: /var/ftp/usrflash/Project/PMAC Script Language/PLC Programs/PLC20_Cylinder.plc 
Including Project File: /var/ftp/usrflash/Project/PMAC Script Language/PLC Programs/PLC21_TestShot.plc 
Including Project File: /var/ftp/usrflash/Project/PMAC Script Language/PLC Programs/PLC22_LaserCtrl.plc 
Including Project File: /var/ftp/usrflash/Project/PMAC Script Language/PLC Programs/PLC23_TargetMove.plc 
Including Project File: /var/ftp/usrflash/Project/PMAC Script Language/PLC Programs/PLC24_Cover.plc 
Including Project File: /var/ftp/usrflash/Project/PMAC Script Language/PLC Programs/PLC25_BlowOff.plc 
Including Project File: /var/ftp/usrflash/Project/PMAC Script Language/PLC Programs/PLC27_PickAndPlace.plc 
Including Project File: /var/ftp/usrflash/Project/PMAC Script Language/PLC Programs/PLC28_VisionTrigger.plc 
Including Project File: /var/ftp/usrflash/Project/PMAC Script Language/PLC Programs/PLC29_Buf.plc 
Including Project File: /var/ftp/usrflash/Project/PMAC Script Language/PLC Programs/PLC30_Test.plc 
Including Project File: /var/ftp/usrflash/Project/PMAC Script Language/PLC Programs/PLC31_ReqSim.plc 
Including Project File: /var/ftp/usrflash/Project/PMAC Script Language/PLC Programs/PLC26_PowerCheck.plc 
Including Project File: /var/ftp/usrflash/Project/PMAC Script Language/PLC Programs/PLC32_VisionSeq.plc 
Including Project File: /var/ftp/usrflash/Project/Configuration/pp_startup.txt 
Status: Pass 1 Create debug file, #defines, *.h & .sym files, Time (sec) = 0.365076
/var/ftp/usrflash/Project/PMAC Script Language/PLC Programs/PLC02_Sta.plc:349:1: Preprocessing Error: SubProgram not found: on string:" call spConvertTempScaled(pBuf_Ti00_Ws_TempSen1, &gTi00_Ws_TempSen1) "
Status: Pass 2 Verify prog calls, local stack & labels, Time (sec)  = 0.121923
Status: Final pp_proj.h & Run Background C Apps, Time (sec) = 0.120374
Project Preprocessing & Load Total Time (sec) = 1.155192
[PMAC_PROJECT]
Start of Project Loading using INI File: "/var/ftp/usrflash/Project/Configuration/pp_proj.ini"
Including Project File: /var/ftp/usrflash/Project/Configuration/pp_disable.txt 
Including Project File: /var/ftp/usrflash/Project/PMAC Script Language/Global Includes/ECATMap.pmh 
Including Project File: /var/ftp/usrflash/Project/PMAC Script Language/Global Includes/AX1515_Mapping.pmh 
Including Project File: /var/ftp/usrflash/Project/PMAC Script Language/Global Includes/H00_Setup_System.pmh 
Including Project File: /var/ftp/usrflash/Project/PMAC Script Language/Global Includes/H01_Setup_EncTable.pmh 
Including Project File: /var/ftp/usrflash/Project/PMAC Script Language/Global Includes/H02_Setup_Motor.pmh 
Including Project File: /var/ftp/usrflash/Project/PMAC Script Language/Global Includes/H03_Setup_Coord.pmh 
Including Project File: /var/ftp/usrflash/Project/PMAC Script Language/Global Includes/H04_Setup_Ecat.pmh 
Including Project File: /var/ftp/usrflash/Project/PMAC Script Language/Global Includes/H05_Setup_Gpio.pmh 
Including Project File: /var/ftp/usrflash/Project/PMAC Script Language/Global Includes/H06_Variable_Umem.pmh 
Including Project File: /var/ftp/usrflash/Project/PMAC Script Language/Global Includes/H07_Variable_UmemArray.pmh 
Including Project File: /var/ftp/usrflash/Project/PMAC Script Language/Global Includes/H08_Variable_Prog.pmh 
Including Project File: /var/ftp/usrflash/Project/PMAC Script Language/Global Includes/H09_Kinematics.pmh 
Including Project File: /var/ftp/usrflash/Project/PMAC Script Language/Global Includes/H10_Nc.pmh 
Including Project File: /var/ftp/usrflash/Project/PMAC Script Language/Kinematic Routines/Forward1.kin 
Including Project File: /var/ftp/usrflash/Project/PMAC Script Language/Kinematic Routines/Inverse1.kin 
Including Project File: /var/ftp/usrflash/Project/PMAC Script Language/Kinematic Routines/Forward2.kin 
Including Project File: /var/ftp/usrflash/Project/PMAC Script Language/Kinematic Routines/Inverse2.kin 
Including Project File: /var/ftp/usrflash/Project/PMAC Script Language/Kinematic Routines/Forward3.kin 
Including Project File: /var/ftp/usrflash/Project/PMAC Script Language/Kinematic Routines/Inverse3.kin 
Including Project File: /var/ftp/usrflash/Project/PMAC Script Language/Libraries/timer.pmc 
Including Project File: /var/ftp/usrflash/Project/PMAC Script Language/Libraries/SPG_Gcode.pmc 
Including Project File: /var/ftp/usrflash/Project/PMAC Script Language/Libraries/SPG_Mcode.pmc 
Including Project File: /var/ftp/usrflash/Project/PMAC Script Language/Libraries/SPG_AbortVsHome.pmc 
Including Project File: /var/ftp/usrflash/Project/PMAC Script Language/Libraries/SPG_AbortVsLoop.pmc 
Including Project File: /var/ftp/usrflash/Project/PMAC Script Language/Libraries/SPG_AbortWsHome.pmc 
Including Project File: /var/ftp/usrflash/Project/PMAC Script Language/Libraries/SPG_AbortWsLoop.pmc 
Including Project File: /var/ftp/usrflash/Project/PMAC Script Language/Libraries/SPG_InitCommand.pmc 
Including Project File: /var/ftp/usrflash/Project/PMAC Script Language/Libraries/SPG_InitECylinder.pmc 
Including Project File: /var/ftp/usrflash/Project/PMAC Script Language/Libraries/SPG_InitMotor.pmc 
Including Project File: /var/ftp/usrflash/Project/PMAC Script Language/Libraries/SPG_InitScanner.pmc 
Including Project File: /var/ftp/usrflash/Project/PMAC Script Language/Libraries/SPG_InitSeqParam.pmc 
Including Project File: /var/ftp/usrflash/Project/PMAC Script Language/Libraries/SPG_SetDefaultParam.pmc 
Including Project File: /var/ftp/usrflash/Project/PMAC Script Language/Libraries/SPG_SetEquOut.pmc 
Including Project File: /var/ftp/usrflash/Project/PMAC Script Language/Libraries/SPG_SetSeqBufQ.pmc 
Including Project File: /var/ftp/usrflash/Project/PMAC Script Language/Libraries/SPG_SetVsLdParam.pmc 
Including Project File: /var/ftp/usrflash/Project/PMAC Script Language/Libraries/SPG_SetVsRdParam.pmc 
Including Project File: /var/ftp/usrflash/Project/PMAC Script Language/Libraries/SPG_SetVsRjParam.pmc 
Including Project File: /var/ftp/usrflash/Project/PMAC Script Language/Libraries/SPG_SetVsUdParam.pmc 
Including Project File: /var/ftp/usrflash/Project/PMAC Script Language/Libraries/SPG_SetVsVnParam.pmc 
Including Project File: /var/ftp/usrflash/Project/PMAC Script Language/Libraries/SPG_SetVsWtParam.pmc 
Including Project File: /var/ftp/usrflash/Project/PMAC Script Language/Libraries/SPG_SetWsLdParam.pmc 
Including Project File: /var/ftp/usrflash/Project/PMAC Script Language/Libraries/SPG_SetWsRdParam.pmc 
Including Project File: /var/ftp/usrflash/Project/PMAC Script Language/Libraries/SPG_SetWsRjParam.pmc 
Including Project File: /var/ftp/usrflash/Project/PMAC Script Language/Libraries/SPG_SetWsUdParam.pmc 
Including Project File: /var/ftp/usrflash/Project/PMAC Script Language/Libraries/SPG_SetWsWdParam.pmc 
Including Project File: /var/ftp/usrflash/Project/PMAC Script Language/Libraries/SPG_SetWsWtParam.pmc 
Including Project File: /var/ftp/usrflash/Project/PMAC Script Language/Libraries/SPG_ReadScPos.pmc 
Including Project File: /var/ftp/usrflash/Project/PMAC Script Language/Libraries/SPG_ResetVsAlarm.pmc 
Including Project File: /var/ftp/usrflash/Project/PMAC Script Language/Libraries/SPG_ResetWsAlarm.pmc 
Including Project File: /var/ftp/usrflash/Project/PMAC Script Language/Libraries/SPG_ReadThPos.pmc 
Including Project File: /var/ftp/usrflash/Project/PMAC Script Language/Libraries/SPG_ConvertFunc.pmc 
Including Project File: /var/ftp/usrflash/Project/PMAC Script Language/Motion Programs/PRG01_Test1.pmc 
Including Project File: /var/ftp/usrflash/Project/PMAC Script Language/Motion Programs/PRG02_Test2.pmc 
Including Project File: /var/ftp/usrflash/Project/PMAC Script Language/Motion Programs/PRG03_Test3.pmc 
Including Project File: /var/ftp/usrflash/Project/PMAC Script Language/Motion Programs/PRG04_Test4.pmc 
Including Project File: /var/ftp/usrflash/Project/PMAC Script Language/Motion Programs/PRG05_Test5.pmc 
Including Project File: /var/ftp/usrflash/Project/PMAC Script Language/Motion Programs/PRG19_Zero.pmc 
Including Project File: /var/ftp/usrflash/Project/PMAC Script Language/Motion Programs/PRG20_Welding.pmc 
Including Project File: /var/ftp/usrflash/Project/PMAC Script Language/Motion Programs/PRG21_Circle.pmc 
Including Project File: /var/ftp/usrflash/Project/PMAC Script Language/Motion Programs/PRG22_SnowMan.pmc 
Including Project File: /var/ftp/usrflash/Project/PMAC Script Language/Motion Programs/PRG23_ButterFly.pmc 
Including Project File: /var/ftp/usrflash/Project/PMAC Script Language/Motion Programs/PRG24_Column.pmc 
Including Project File: /var/ftp/usrflash/Project/PMAC Script Language/Motion Programs/PRG25_Row.pmc 
Including Project File: /var/ftp/usrflash/Project/PMAC Script Language/Motion Programs/PRG30_Vision.pmc 
Including Project File: /var/ftp/usrflash/Project/PMAC Script Language/Motion Programs/PRG50_LaserTest_Cross.pmc 
Including Project File: /var/ftp/usrflash/Project/PMAC Script Language/Motion Programs/PRG51_LaserTest_Line.pmc 
Including Project File: /var/ftp/usrflash/Project/PMAC Script Language/Motion Programs/PRG18_ProgMove.pmc 
Including Project File: /var/ftp/usrflash/Project/PMAC Script Language/PLC Programs/PLC00_RTI.plc 
Including Project File: /var/ftp/usrflash/Project/PMAC Script Language/PLC Programs/PLC01_Init.plc 
Including Project File: /var/ftp/usrflash/Project/PMAC Script Language/PLC Programs/PLC02_Sta.plc 
Including Project File: /var/ftp/usrflash/Project/PMAC Script Language/PLC Programs/PLC03_Cmd.plc 
Including Project File: /var/ftp/usrflash/Project/PMAC Script Language/PLC Programs/PLC04_Safety.plc 
Including Project File: /var/ftp/usrflash/Project/PMAC Script Language/PLC Programs/PLC05_Ecat.plc 
Including Project File: /var/ftp/usrflash/Project/PMAC Script Language/PLC Programs/PLC06_IoCom.plc 
Including Project File: /var/ftp/usrflash/Project/PMAC Script Language/PLC Programs/PLC10_Home.plc 
Including Project File: /var/ftp/usrflash/Project/PMAC Script Language/PLC Programs/PLC11_Jog.plc 
Including Project File: /var/ftp/usrflash/Project/PMAC Script Language/PLC Programs/PLC12_SeqMc.plc 
Including Project File: /var/ftp/usrflash/Project/PMAC Script Language/PLC Programs/PLC13_SeqWs.plc 
Including Project File: /var/ftp/usrflash/Project/PMAC Script Language/PLC Programs/PLC14_SeqVs.plc 
Including Project File: /var/ftp/usrflash/Project/PMAC Script Language/PLC Programs/PLC20_Cylinder.plc 
Including Project File: /var/ftp/usrflash/Project/PMAC Script Language/PLC Programs/PLC21_TestShot.plc 
Including Project File: /var/ftp/usrflash/Project/PMAC Script Language/PLC Programs/PLC22_LaserCtrl.plc 
Including Project File: /var/ftp/usrflash/Project/PMAC Script Language/PLC Programs/PLC23_TargetMove.plc 
Including Project File: /var/ftp/usrflash/Project/PMAC Script Language/PLC Programs/PLC24_Cover.plc 
Including Project File: /var/ftp/usrflash/Project/PMAC Script Language/PLC Programs/PLC25_BlowOff.plc 
Including Project File: /var/ftp/usrflash/Project/PMAC Script Language/PLC Programs/PLC27_PickAndPlace.plc 
Including Project File: /var/ftp/usrflash/Project/PMAC Script Language/PLC Programs/PLC28_VisionTrigger.plc 
Including Project File: /var/ftp/usrflash/Project/PMAC Script Language/PLC Programs/PLC29_Buf.plc 
Including Project File: /var/ftp/usrflash/Project/PMAC Script Language/PLC Programs/PLC30_Test.plc 
Including Project File: /var/ftp/usrflash/Project/PMAC Script Language/PLC Programs/PLC31_ReqSim.plc 
Including Project File: /var/ftp/usrflash/Project/PMAC Script Language/PLC Programs/PLC26_PowerCheck.plc 
Including Project File: /var/ftp/usrflash/Project/PMAC Script Language/PLC Programs/PLC32_VisionSeq.plc 
Including Project File: /var/ftp/usrflash/Project/Configuration/pp_startup.txt 
3750 Project Symbols were created for gpascii -2 communication
[PMAC_PROJECT]
Start of Project Loading using INI File: "/var/ftp/usrflash/Project/Configuration/pp_proj.ini"
Success: Loading usralgo.ko
Success: Loading RT Address of CfromScript
Success: Loading RT Address of CaptCompISR
LoadRTUserCode() Delta Time (sec) = 0.608057
Including Project File: /var/ftp/usrflash/Project/Configuration/pp_disable.txt 
Including Project File: /var/ftp/usrflash/Project/PMAC Script Language/Global Includes/ECATMap.pmh 
Including Project File: /var/ftp/usrflash/Project/PMAC Script Language/Global Includes/AX1515_Mapping.pmh 
Including Project File: /var/ftp/usrflash/Project/PMAC Script Language/Global Includes/H00_Setup_System.pmh 
Including Project File: /var/ftp/usrflash/Project/PMAC Script Language/Global Includes/H01_Setup_EncTable.pmh 
Including Project File: /var/ftp/usrflash/Project/PMAC Script Language/Global Includes/H02_Setup_Motor.pmh 
Including Project File: /var/ftp/usrflash/Project/PMAC Script Language/Global Includes/H03_Setup_Coord.pmh 
Including Project File: /var/ftp/usrflash/Project/PMAC Script Language/Global Includes/H04_Setup_Ecat.pmh 
Including Project File: /var/ftp/usrflash/Project/PMAC Script Language/Global Includes/H05_Setup_Gpio.pmh 
Including Project File: /var/ftp/usrflash/Project/PMAC Script Language/Global Includes/H06_Variable_Umem.pmh 
Including Project File: /var/ftp/usrflash/Project/PMAC Script Language/Global Includes/H07_Variable_UmemArray.pmh 
Including Project File: /var/ftp/usrflash/Project/PMAC Script Language/Global Includes/H08_Variable_Prog.pmh 
Including Project File: /var/ftp/usrflash/Project/PMAC Script Language/Global Includes/H09_Kinematics.pmh 
Including Project File: /var/ftp/usrflash/Project/PMAC Script Language/Global Includes/H10_Nc.pmh 
Including Project File: /var/ftp/usrflash/Project/PMAC Script Language/Kinematic Routines/Forward1.kin 
Including Project File: /var/ftp/usrflash/Project/PMAC Script Language/Kinematic Routines/Inverse1.kin 
Including Project File: /var/ftp/usrflash/Project/PMAC Script Language/Kinematic Routines/Forward2.kin 
Including Project File: /var/ftp/usrflash/Project/PMAC Script Language/Kinematic Routines/Inverse2.kin 
Including Project File: /var/ftp/usrflash/Project/PMAC Script Language/Kinematic Routines/Forward3.kin 
Including Project File: /var/ftp/usrflash/Project/PMAC Script Language/Kinematic Routines/Inverse3.kin 
Including Project File: /var/ftp/usrflash/Project/PMAC Script Language/Libraries/timer.pmc 
Including Project File: /var/ftp/usrflash/Project/PMAC Script Language/Libraries/SPG_Gcode.pmc 
Including Project File: /var/ftp/usrflash/Project/PMAC Script Language/Libraries/SPG_Mcode.pmc 
Including Project File: /var/ftp/usrflash/Project/PMAC Script Language/Libraries/SPG_AbortVsHome.pmc 
Including Project File: /var/ftp/usrflash/Project/PMAC Script Language/Libraries/SPG_AbortVsLoop.pmc 
Including Project File: /var/ftp/usrflash/Project/PMAC Script Language/Libraries/SPG_AbortWsHome.pmc 
Including Project File: /var/ftp/usrflash/Project/PMAC Script Language/Libraries/SPG_AbortWsLoop.pmc 
Including Project File: /var/ftp/usrflash/Project/PMAC Script Language/Libraries/SPG_InitCommand.pmc 
Including Project File: /var/ftp/usrflash/Project/PMAC Script Language/Libraries/SPG_InitECylinder.pmc 
Including Project File: /var/ftp/usrflash/Project/PMAC Script Language/Libraries/SPG_InitMotor.pmc 
Including Project File: /var/ftp/usrflash/Project/PMAC Script Language/Libraries/SPG_InitScanner.pmc 
Including Project File: /var/ftp/usrflash/Project/PMAC Script Language/Libraries/SPG_InitSeqParam.pmc 
Including Project File: /var/ftp/usrflash/Project/PMAC Script Language/Libraries/SPG_SetDefaultParam.pmc 
Including Project File: /var/ftp/usrflash/Project/PMAC Script Language/Libraries/SPG_SetEquOut.pmc 
Including Project File: /var/ftp/usrflash/Project/PMAC Script Language/Libraries/SPG_SetSeqBufQ.pmc 
Including Project File: /var/ftp/usrflash/Project/PMAC Script Language/Libraries/SPG_SetVsLdParam.pmc 
Including Project File: /var/ftp/usrflash/Project/PMAC Script Language/Libraries/SPG_SetVsRdParam.pmc 
Including Project File: /var/ftp/usrflash/Project/PMAC Script Language/Libraries/SPG_SetVsRjParam.pmc 
Including Project File: /var/ftp/usrflash/Project/PMAC Script Language/Libraries/SPG_SetVsUdParam.pmc 
Including Project File: /var/ftp/usrflash/Project/PMAC Script Language/Libraries/SPG_SetVsVnParam.pmc 
Including Project File: /var/ftp/usrflash/Project/PMAC Script Language/Libraries/SPG_SetVsWtParam.pmc 
Including Project File: /var/ftp/usrflash/Project/PMAC Script Language/Libraries/SPG_SetWsLdParam.pmc 
Including Project File: /var/ftp/usrflash/Project/PMAC Script Language/Libraries/SPG_SetWsRdParam.pmc 
Including Project File: /var/ftp/usrflash/Project/PMAC Script Language/Libraries/SPG_SetWsRjParam.pmc 
Including Project File: /var/ftp/usrflash/Project/PMAC Script Language/Libraries/SPG_SetWsUdParam.pmc 
Including Project File: /var/ftp/usrflash/Project/PMAC Script Language/Libraries/SPG_SetWsWdParam.pmc 
Including Project File: /var/ftp/usrflash/Project/PMAC Script Language/Libraries/SPG_SetWsWtParam.pmc 
Including Project File: /var/ftp/usrflash/Project/PMAC Script Language/Libraries/SPG_ReadScPos.pmc 
Including Project File: /var/ftp/usrflash/Project/PMAC Script Language/Libraries/SPG_ResetVsAlarm.pmc 
Including Project File: /var/ftp/usrflash/Project/PMAC Script Language/Libraries/SPG_ResetWsAlarm.pmc 
Including Project File: /var/ftp/usrflash/Project/PMAC Script Language/Libraries/SPG_ReadThPos.pmc 
Including Project File: /var/ftp/usrflash/Project/PMAC Script Language/Libraries/SPG_ConvertFunc.pmc 
Including Project File: /var/ftp/usrflash/Project/PMAC Script Language/Motion Programs/PRG01_Test1.pmc 
Including Project File: /var/ftp/usrflash/Project/PMAC Script Language/Motion Programs/PRG02_Test2.pmc 
Including Project File: /var/ftp/usrflash/Project/PMAC Script Language/Motion Programs/PRG03_Test3.pmc 
Including Project File: /var/ftp/usrflash/Project/PMAC Script Language/Motion Programs/PRG04_Test4.pmc 
Including Project File: /var/ftp/usrflash/Project/PMAC Script Language/Motion Programs/PRG05_Test5.pmc 
Including Project File: /var/ftp/usrflash/Project/PMAC Script Language/Motion Programs/PRG19_Zero.pmc 
Including Project File: /var/ftp/usrflash/Project/PMAC Script Language/Motion Programs/PRG20_Welding.pmc 
Including Project File: /var/ftp/usrflash/Project/PMAC Script Language/Motion Programs/PRG21_Circle.pmc 
Including Project File: /var/ftp/usrflash/Project/PMAC Script Language/Motion Programs/PRG22_SnowMan.pmc 
Including Project File: /var/ftp/usrflash/Project/PMAC Script Language/Motion Programs/PRG23_ButterFly.pmc 
Including Project File: /var/ftp/usrflash/Project/PMAC Script Language/Motion Programs/PRG24_Column.pmc 
Including Project File: /var/ftp/usrflash/Project/PMAC Script Language/Motion Programs/PRG25_Row.pmc 
Including Project File: /var/ftp/usrflash/Project/PMAC Script Language/Motion Programs/PRG30_Vision.pmc 
Including Project File: /var/ftp/usrflash/Project/PMAC Script Language/Motion Programs/PRG50_LaserTest_Cross.pmc 
Including Project File: /var/ftp/usrflash/Project/PMAC Script Language/Motion Programs/PRG51_LaserTest_Line.pmc 
Including Project File: /var/ftp/usrflash/Project/PMAC Script Language/Motion Programs/PRG18_ProgMove.pmc 
Including Project File: /var/ftp/usrflash/Project/PMAC Script Language/PLC Programs/PLC00_RTI.plc 
Including Project File: /var/ftp/usrflash/Project/PMAC Script Language/PLC Programs/PLC01_Init.plc 
Including Project File: /var/ftp/usrflash/Project/PMAC Script Language/PLC Programs/PLC02_Sta.plc 
Including Project File: /var/ftp/usrflash/Project/PMAC Script Language/PLC Programs/PLC03_Cmd.plc 
Including Project File: /var/ftp/usrflash/Project/PMAC Script Language/PLC Programs/PLC04_Safety.plc 
Including Project File: /var/ftp/usrflash/Project/PMAC Script Language/PLC Programs/PLC05_Ecat.plc 
Including Project File: /var/ftp/usrflash/Project/PMAC Script Language/PLC Programs/PLC06_IoCom.plc 
Including Project File: /var/ftp/usrflash/Project/PMAC Script Language/PLC Programs/PLC10_Home.plc 
Including Project File: /var/ftp/usrflash/Project/PMAC Script Language/PLC Programs/PLC11_Jog.plc 
Including Project File: /var/ftp/usrflash/Project/PMAC Script Language/PLC Programs/PLC12_SeqMc.plc 
Including Project File: /var/ftp/usrflash/Project/PMAC Script Language/PLC Programs/PLC13_SeqWs.plc 
Including Project File: /var/ftp/usrflash/Project/PMAC Script Language/PLC Programs/PLC14_SeqVs.plc 
Including Project File: /var/ftp/usrflash/Project/PMAC Script Language/PLC Programs/PLC20_Cylinder.plc 
Including Project File: /var/ftp/usrflash/Project/PMAC Script Language/PLC Programs/PLC21_TestShot.plc 
Including Project File: /var/ftp/usrflash/Project/PMAC Script Language/PLC Programs/PLC22_LaserCtrl.plc 
Including Project File: /var/ftp/usrflash/Project/PMAC Script Language/PLC Programs/PLC23_TargetMove.plc 
Including Project File: /var/ftp/usrflash/Project/PMAC Script Language/PLC Programs/PLC24_Cover.plc 
Including Project File: /var/ftp/usrflash/Project/PMAC Script Language/PLC Programs/PLC25_BlowOff.plc 
Including Project File: /var/ftp/usrflash/Project/PMAC Script Language/PLC Programs/PLC27_PickAndPlace.plc 
Including Project File: /var/ftp/usrflash/Project/PMAC Script Language/PLC Programs/PLC28_VisionTrigger.plc 
Including Project File: /var/ftp/usrflash/Project/PMAC Script Language/PLC Programs/PLC29_Buf.plc 
Including Project File: /var/ftp/usrflash/Project/PMAC Script Language/PLC Programs/PLC30_Test.plc 
Including Project File: /var/ftp/usrflash/Project/PMAC Script Language/PLC Programs/PLC31_ReqSim.plc 
Including Project File: /var/ftp/usrflash/Project/PMAC Script Language/PLC Programs/PLC26_PowerCheck.plc 
Including Project File: /var/ftp/usrflash/Project/PMAC Script Language/PLC Programs/PLC32_VisionSeq.plc 
Including Project File: /var/ftp/usrflash/Project/Configuration/pp_startup.txt 
Status: Pass 1 Create debug file, #defines, *.h & .sym files, Time (sec) = 0.410126
Status: Pass 2 Verify prog calls, local stack & labels, Time (sec)  = 0.173312
3750 Project Symbols were created for gpascii -2 communication
Status: Create PPMAC Symbol Table & Run CPP Time (sec) = 0.950136
Error: downloading preprocessed File: "/var/ftp/usrflash/Temp/pp_proj.pma"
Status: Download to PPMAC Command Processor, Time (sec) = 0.029204
Project Preprocessing & Load Total Time (sec) = 2.171371
[PMAC_PROJECT]
Start of Project Loading using INI File: "/var/ftp/usrflash/Project/Configuration/pp_proj.ini"
Including Project File: /var/ftp/usrflash/Project/Configuration/pp_disable.txt 
Including Project File: /var/ftp/usrflash/Project/PMAC Script Language/Global Includes/ECATMap.pmh 
Including Project File: /var/ftp/usrflash/Project/PMAC Script Language/Global Includes/AX1515_Mapping.pmh 
Including Project File: /var/ftp/usrflash/Project/PMAC Script Language/Global Includes/H00_Setup_System.pmh 
Including Project File: /var/ftp/usrflash/Project/PMAC Script Language/Global Includes/H01_Setup_EncTable.pmh 
Including Project File: /var/ftp/usrflash/Project/PMAC Script Language/Global Includes/H02_Setup_Motor.pmh 
Including Project File: /var/ftp/usrflash/Project/PMAC Script Language/Global Includes/H03_Setup_Coord.pmh 
Including Project File: /var/ftp/usrflash/Project/PMAC Script Language/Global Includes/H04_Setup_Ecat.pmh 
Including Project File: /var/ftp/usrflash/Project/PMAC Script Language/Global Includes/H05_Setup_Gpio.pmh 
Including Project File: /var/ftp/usrflash/Project/PMAC Script Language/Global Includes/H06_Variable_Umem.pmh 
Including Project File: /var/ftp/usrflash/Project/PMAC Script Language/Global Includes/H07_Variable_UmemArray.pmh 
Including Project File: /var/ftp/usrflash/Project/PMAC Script Language/Global Includes/H08_Variable_Prog.pmh 
Including Project File: /var/ftp/usrflash/Project/PMAC Script Language/Global Includes/H09_Kinematics.pmh 
Including Project File: /var/ftp/usrflash/Project/PMAC Script Language/Global Includes/H10_Nc.pmh 
Including Project File: /var/ftp/usrflash/Project/PMAC Script Language/Kinematic Routines/Forward1.kin 
Including Project File: /var/ftp/usrflash/Project/PMAC Script Language/Kinematic Routines/Inverse1.kin 
Including Project File: /var/ftp/usrflash/Project/PMAC Script Language/Kinematic Routines/Forward2.kin 
Including Project File: /var/ftp/usrflash/Project/PMAC Script Language/Kinematic Routines/Inverse2.kin 
Including Project File: /var/ftp/usrflash/Project/PMAC Script Language/Kinematic Routines/Forward3.kin 
Including Project File: /var/ftp/usrflash/Project/PMAC Script Language/Kinematic Routines/Inverse3.kin 
Including Project File: /var/ftp/usrflash/Project/PMAC Script Language/Libraries/timer.pmc 
Including Project File: /var/ftp/usrflash/Project/PMAC Script Language/Libraries/SPG_Gcode.pmc 
Including Project File: /var/ftp/usrflash/Project/PMAC Script Language/Libraries/SPG_Mcode.pmc 
Including Project File: /var/ftp/usrflash/Project/PMAC Script Language/Libraries/SPG_AbortVsHome.pmc 
Including Project File: /var/ftp/usrflash/Project/PMAC Script Language/Libraries/SPG_AbortVsLoop.pmc 
Including Project File: /var/ftp/usrflash/Project/PMAC Script Language/Libraries/SPG_AbortWsHome.pmc 
Including Project File: /var/ftp/usrflash/Project/PMAC Script Language/Libraries/SPG_AbortWsLoop.pmc 
Including Project File: /var/ftp/usrflash/Project/PMAC Script Language/Libraries/SPG_InitCommand.pmc 
Including Project File: /var/ftp/usrflash/Project/PMAC Script Language/Libraries/SPG_InitECylinder.pmc 
Including Project File: /var/ftp/usrflash/Project/PMAC Script Language/Libraries/SPG_InitMotor.pmc 
Including Project File: /var/ftp/usrflash/Project/PMAC Script Language/Libraries/SPG_InitScanner.pmc 
Including Project File: /var/ftp/usrflash/Project/PMAC Script Language/Libraries/SPG_InitSeqParam.pmc 
Including Project File: /var/ftp/usrflash/Project/PMAC Script Language/Libraries/SPG_SetDefaultParam.pmc 
Including Project File: /var/ftp/usrflash/Project/PMAC Script Language/Libraries/SPG_SetEquOut.pmc 
Including Project File: /var/ftp/usrflash/Project/PMAC Script Language/Libraries/SPG_SetSeqBufQ.pmc 
Including Project File: /var/ftp/usrflash/Project/PMAC Script Language/Libraries/SPG_SetVsLdParam.pmc 
Including Project File: /var/ftp/usrflash/Project/PMAC Script Language/Libraries/SPG_SetVsRdParam.pmc 
Including Project File: /var/ftp/usrflash/Project/PMAC Script Language/Libraries/SPG_SetVsRjParam.pmc 
Including Project File: /var/ftp/usrflash/Project/PMAC Script Language/Libraries/SPG_SetVsUdParam.pmc 
Including Project File: /var/ftp/usrflash/Project/PMAC Script Language/Libraries/SPG_SetVsVnParam.pmc 
Including Project File: /var/ftp/usrflash/Project/PMAC Script Language/Libraries/SPG_SetVsWtParam.pmc 
Including Project File: /var/ftp/usrflash/Project/PMAC Script Language/Libraries/SPG_SetWsLdParam.pmc 
Including Project File: /var/ftp/usrflash/Project/PMAC Script Language/Libraries/SPG_SetWsRdParam.pmc 
Including Project File: /var/ftp/usrflash/Project/PMAC Script Language/Libraries/SPG_SetWsRjParam.pmc 
Including Project File: /var/ftp/usrflash/Project/PMAC Script Language/Libraries/SPG_SetWsUdParam.pmc 
Including Project File: /var/ftp/usrflash/Project/PMAC Script Language/Libraries/SPG_SetWsWdParam.pmc 
Including Project File: /var/ftp/usrflash/Project/PMAC Script Language/Libraries/SPG_SetWsWtParam.pmc 
Including Project File: /var/ftp/usrflash/Project/PMAC Script Language/Libraries/SPG_ReadScPos.pmc 
Including Project File: /var/ftp/usrflash/Project/PMAC Script Language/Libraries/SPG_ResetVsAlarm.pmc 
Including Project File: /var/ftp/usrflash/Project/PMAC Script Language/Libraries/SPG_ResetWsAlarm.pmc 
Including Project File: /var/ftp/usrflash/Project/PMAC Script Language/Libraries/SPG_ReadThPos.pmc 
Including Project File: /var/ftp/usrflash/Project/PMAC Script Language/Libraries/SPG_ConvertFunc.pmc 
Including Project File: /var/ftp/usrflash/Project/PMAC Script Language/Motion Programs/PRG01_Test1.pmc 
Including Project File: /var/ftp/usrflash/Project/PMAC Script Language/Motion Programs/PRG02_Test2.pmc 
Including Project File: /var/ftp/usrflash/Project/PMAC Script Language/Motion Programs/PRG03_Test3.pmc 
Including Project File: /var/ftp/usrflash/Project/PMAC Script Language/Motion Programs/PRG04_Test4.pmc 
Including Project File: /var/ftp/usrflash/Project/PMAC Script Language/Motion Programs/PRG05_Test5.pmc 
Including Project File: /var/ftp/usrflash/Project/PMAC Script Language/Motion Programs/PRG19_Zero.pmc 
Including Project File: /var/ftp/usrflash/Project/PMAC Script Language/Motion Programs/PRG20_Welding.pmc 
Including Project File: /var/ftp/usrflash/Project/PMAC Script Language/Motion Programs/PRG21_Circle.pmc 
Including Project File: /var/ftp/usrflash/Project/PMAC Script Language/Motion Programs/PRG22_SnowMan.pmc 
Including Project File: /var/ftp/usrflash/Project/PMAC Script Language/Motion Programs/PRG23_ButterFly.pmc 
Including Project File: /var/ftp/usrflash/Project/PMAC Script Language/Motion Programs/PRG24_Column.pmc 
Including Project File: /var/ftp/usrflash/Project/PMAC Script Language/Motion Programs/PRG25_Row.pmc 
Including Project File: /var/ftp/usrflash/Project/PMAC Script Language/Motion Programs/PRG30_Vision.pmc 
Including Project File: /var/ftp/usrflash/Project/PMAC Script Language/Motion Programs/PRG50_LaserTest_Cross.pmc 
Including Project File: /var/ftp/usrflash/Project/PMAC Script Language/Motion Programs/PRG51_LaserTest_Line.pmc 
Including Project File: /var/ftp/usrflash/Project/PMAC Script Language/Motion Programs/PRG18_ProgMove.pmc 
Including Project File: /var/ftp/usrflash/Project/PMAC Script Language/PLC Programs/PLC00_RTI.plc 
Including Project File: /var/ftp/usrflash/Project/PMAC Script Language/PLC Programs/PLC01_Init.plc 
Including Project File: /var/ftp/usrflash/Project/PMAC Script Language/PLC Programs/PLC02_Sta.plc 
Including Project File: /var/ftp/usrflash/Project/PMAC Script Language/PLC Programs/PLC03_Cmd.plc 
Including Project File: /var/ftp/usrflash/Project/PMAC Script Language/PLC Programs/PLC04_Safety.plc 
Including Project File: /var/ftp/usrflash/Project/PMAC Script Language/PLC Programs/PLC05_Ecat.plc 
Including Project File: /var/ftp/usrflash/Project/PMAC Script Language/PLC Programs/PLC06_IoCom.plc 
Including Project File: /var/ftp/usrflash/Project/PMAC Script Language/PLC Programs/PLC10_Home.plc 
Including Project File: /var/ftp/usrflash/Project/PMAC Script Language/PLC Programs/PLC11_Jog.plc 
Including Project File: /var/ftp/usrflash/Project/PMAC Script Language/PLC Programs/PLC12_SeqMc.plc 
Including Project File: /var/ftp/usrflash/Project/PMAC Script Language/PLC Programs/PLC13_SeqWs.plc 
Including Project File: /var/ftp/usrflash/Project/PMAC Script Language/PLC Programs/PLC14_SeqVs.plc 
Including Project File: /var/ftp/usrflash/Project/PMAC Script Language/PLC Programs/PLC20_Cylinder.plc 
Including Project File: /var/ftp/usrflash/Project/PMAC Script Language/PLC Programs/PLC21_TestShot.plc 
Including Project File: /var/ftp/usrflash/Project/PMAC Script Language/PLC Programs/PLC22_LaserCtrl.plc 
Including Project File: /var/ftp/usrflash/Project/PMAC Script Language/PLC Programs/PLC23_TargetMove.plc 
Including Project File: /var/ftp/usrflash/Project/PMAC Script Language/PLC Programs/PLC24_Cover.plc 
Including Project File: /var/ftp/usrflash/Project/PMAC Script Language/PLC Programs/PLC25_BlowOff.plc 
Including Project File: /var/ftp/usrflash/Project/PMAC Script Language/PLC Programs/PLC27_PickAndPlace.plc 
Including Project File: /var/ftp/usrflash/Project/PMAC Script Language/PLC Programs/PLC28_VisionTrigger.plc 
Including Project File: /var/ftp/usrflash/Project/PMAC Script Language/PLC Programs/PLC29_Buf.plc 
Including Project File: /var/ftp/usrflash/Project/PMAC Script Language/PLC Programs/PLC30_Test.plc 
Including Project File: /var/ftp/usrflash/Project/PMAC Script Language/PLC Programs/PLC31_ReqSim.plc 
Including Project File: /var/ftp/usrflash/Project/PMAC Script Language/PLC Programs/PLC26_PowerCheck.plc 
Including Project File: /var/ftp/usrflash/Project/PMAC Script Language/PLC Programs/PLC32_VisionSeq.plc 
Including Project File: /var/ftp/usrflash/Project/Configuration/pp_startup.txt 
3750 Project Symbols were created for gpascii -2 communication
[PMAC_PROJECT]
Start of Project Loading using INI File: "/var/ftp/usrflash/Project/Configuration/pp_proj.ini"
Success: Loading usralgo.ko
Success: Loading RT Address of CfromScript
Success: Loading RT Address of CaptCompISR
LoadRTUserCode() Delta Time (sec) = 0.386031
Including Project File: /var/ftp/usrflash/Project/Configuration/pp_disable.txt 
Including Project File: /var/ftp/usrflash/Project/PMAC Script Language/Global Includes/ECATMap.pmh 
Including Project File: /var/ftp/usrflash/Project/PMAC Script Language/Global Includes/AX1515_Mapping.pmh 
Including Project File: /var/ftp/usrflash/Project/PMAC Script Language/Global Includes/H00_Setup_System.pmh 
Including Project File: /var/ftp/usrflash/Project/PMAC Script Language/Global Includes/H01_Setup_EncTable.pmh 
Including Project File: /var/ftp/usrflash/Project/PMAC Script Language/Global Includes/H02_Setup_Motor.pmh 
Including Project File: /var/ftp/usrflash/Project/PMAC Script Language/Global Includes/H03_Setup_Coord.pmh 
Including Project File: /var/ftp/usrflash/Project/PMAC Script Language/Global Includes/H04_Setup_Ecat.pmh 
Including Project File: /var/ftp/usrflash/Project/PMAC Script Language/Global Includes/H05_Setup_Gpio.pmh 
Including Project File: /var/ftp/usrflash/Project/PMAC Script Language/Global Includes/H06_Variable_Umem.pmh 
Including Project File: /var/ftp/usrflash/Project/PMAC Script Language/Global Includes/H07_Variable_UmemArray.pmh 
Including Project File: /var/ftp/usrflash/Project/PMAC Script Language/Global Includes/H08_Variable_Prog.pmh 
Including Project File: /var/ftp/usrflash/Project/PMAC Script Language/Global Includes/H09_Kinematics.pmh 
Including Project File: /var/ftp/usrflash/Project/PMAC Script Language/Global Includes/H10_Nc.pmh 
Including Project File: /var/ftp/usrflash/Project/PMAC Script Language/Kinematic Routines/Forward1.kin 
Including Project File: /var/ftp/usrflash/Project/PMAC Script Language/Kinematic Routines/Inverse1.kin 
Including Project File: /var/ftp/usrflash/Project/PMAC Script Language/Kinematic Routines/Forward2.kin 
Including Project File: /var/ftp/usrflash/Project/PMAC Script Language/Kinematic Routines/Inverse2.kin 
Including Project File: /var/ftp/usrflash/Project/PMAC Script Language/Kinematic Routines/Forward3.kin 
Including Project File: /var/ftp/usrflash/Project/PMAC Script Language/Kinematic Routines/Inverse3.kin 
Including Project File: /var/ftp/usrflash/Project/PMAC Script Language/Libraries/timer.pmc 
Including Project File: /var/ftp/usrflash/Project/PMAC Script Language/Libraries/SPG_Gcode.pmc 
Including Project File: /var/ftp/usrflash/Project/PMAC Script Language/Libraries/SPG_Mcode.pmc 
Including Project File: /var/ftp/usrflash/Project/PMAC Script Language/Libraries/SPG_AbortVsHome.pmc 
Including Project File: /var/ftp/usrflash/Project/PMAC Script Language/Libraries/SPG_AbortVsLoop.pmc 
Including Project File: /var/ftp/usrflash/Project/PMAC Script Language/Libraries/SPG_AbortWsHome.pmc 
Including Project File: /var/ftp/usrflash/Project/PMAC Script Language/Libraries/SPG_AbortWsLoop.pmc 
Including Project File: /var/ftp/usrflash/Project/PMAC Script Language/Libraries/SPG_InitCommand.pmc 
Including Project File: /var/ftp/usrflash/Project/PMAC Script Language/Libraries/SPG_InitECylinder.pmc 
Including Project File: /var/ftp/usrflash/Project/PMAC Script Language/Libraries/SPG_InitMotor.pmc 
Including Project File: /var/ftp/usrflash/Project/PMAC Script Language/Libraries/SPG_InitScanner.pmc 
Including Project File: /var/ftp/usrflash/Project/PMAC Script Language/Libraries/SPG_InitSeqParam.pmc 
Including Project File: /var/ftp/usrflash/Project/PMAC Script Language/Libraries/SPG_SetDefaultParam.pmc 
Including Project File: /var/ftp/usrflash/Project/PMAC Script Language/Libraries/SPG_SetEquOut.pmc 
Including Project File: /var/ftp/usrflash/Project/PMAC Script Language/Libraries/SPG_SetSeqBufQ.pmc 
Including Project File: /var/ftp/usrflash/Project/PMAC Script Language/Libraries/SPG_SetVsLdParam.pmc 
Including Project File: /var/ftp/usrflash/Project/PMAC Script Language/Libraries/SPG_SetVsRdParam.pmc 
Including Project File: /var/ftp/usrflash/Project/PMAC Script Language/Libraries/SPG_SetVsRjParam.pmc 
Including Project File: /var/ftp/usrflash/Project/PMAC Script Language/Libraries/SPG_SetVsUdParam.pmc 
Including Project File: /var/ftp/usrflash/Project/PMAC Script Language/Libraries/SPG_SetVsVnParam.pmc 
Including Project File: /var/ftp/usrflash/Project/PMAC Script Language/Libraries/SPG_SetVsWtParam.pmc 
Including Project File: /var/ftp/usrflash/Project/PMAC Script Language/Libraries/SPG_SetWsLdParam.pmc 
Including Project File: /var/ftp/usrflash/Project/PMAC Script Language/Libraries/SPG_SetWsRdParam.pmc 
Including Project File: /var/ftp/usrflash/Project/PMAC Script Language/Libraries/SPG_SetWsRjParam.pmc 
Including Project File: /var/ftp/usrflash/Project/PMAC Script Language/Libraries/SPG_SetWsUdParam.pmc 
Including Project File: /var/ftp/usrflash/Project/PMAC Script Language/Libraries/SPG_SetWsWdParam.pmc 
Including Project File: /var/ftp/usrflash/Project/PMAC Script Language/Libraries/SPG_SetWsWtParam.pmc 
Including Project File: /var/ftp/usrflash/Project/PMAC Script Language/Libraries/SPG_ReadScPos.pmc 
Including Project File: /var/ftp/usrflash/Project/PMAC Script Language/Libraries/SPG_ResetVsAlarm.pmc 
Including Project File: /var/ftp/usrflash/Project/PMAC Script Language/Libraries/SPG_ResetWsAlarm.pmc 
Including Project File: /var/ftp/usrflash/Project/PMAC Script Language/Libraries/SPG_ReadThPos.pmc 
Including Project File: /var/ftp/usrflash/Project/PMAC Script Language/Libraries/SPG_ConvertFunc.pmc 
Including Project File: /var/ftp/usrflash/Project/PMAC Script Language/Motion Programs/PRG01_Test1.pmc 
Including Project File: /var/ftp/usrflash/Project/PMAC Script Language/Motion Programs/PRG02_Test2.pmc 
Including Project File: /var/ftp/usrflash/Project/PMAC Script Language/Motion Programs/PRG03_Test3.pmc 
Including Project File: /var/ftp/usrflash/Project/PMAC Script Language/Motion Programs/PRG04_Test4.pmc 
Including Project File: /var/ftp/usrflash/Project/PMAC Script Language/Motion Programs/PRG05_Test5.pmc 
Including Project File: /var/ftp/usrflash/Project/PMAC Script Language/Motion Programs/PRG19_Zero.pmc 
Including Project File: /var/ftp/usrflash/Project/PMAC Script Language/Motion Programs/PRG20_Welding.pmc 
Including Project File: /var/ftp/usrflash/Project/PMAC Script Language/Motion Programs/PRG21_Circle.pmc 
Including Project File: /var/ftp/usrflash/Project/PMAC Script Language/Motion Programs/PRG22_SnowMan.pmc 
Including Project File: /var/ftp/usrflash/Project/PMAC Script Language/Motion Programs/PRG23_ButterFly.pmc 
Including Project File: /var/ftp/usrflash/Project/PMAC Script Language/Motion Programs/PRG24_Column.pmc 
Including Project File: /var/ftp/usrflash/Project/PMAC Script Language/Motion Programs/PRG25_Row.pmc 
Including Project File: /var/ftp/usrflash/Project/PMAC Script Language/Motion Programs/PRG30_Vision.pmc 
Including Project File: /var/ftp/usrflash/Project/PMAC Script Language/Motion Programs/PRG50_LaserTest_Cross.pmc 
Including Project File: /var/ftp/usrflash/Project/PMAC Script Language/Motion Programs/PRG51_LaserTest_Line.pmc 
Including Project File: /var/ftp/usrflash/Project/PMAC Script Language/Motion Programs/PRG18_ProgMove.pmc 
Including Project File: /var/ftp/usrflash/Project/PMAC Script Language/PLC Programs/PLC00_RTI.plc 
Including Project File: /var/ftp/usrflash/Project/PMAC Script Language/PLC Programs/PLC01_Init.plc 
Including Project File: /var/ftp/usrflash/Project/PMAC Script Language/PLC Programs/PLC02_Sta.plc 
Including Project File: /var/ftp/usrflash/Project/PMAC Script Language/PLC Programs/PLC03_Cmd.plc 
Including Project File: /var/ftp/usrflash/Project/PMAC Script Language/PLC Programs/PLC04_Safety.plc 
Including Project File: /var/ftp/usrflash/Project/PMAC Script Language/PLC Programs/PLC05_Ecat.plc 
Including Project File: /var/ftp/usrflash/Project/PMAC Script Language/PLC Programs/PLC06_IoCom.plc 
Including Project File: /var/ftp/usrflash/Project/PMAC Script Language/PLC Programs/PLC10_Home.plc 
Including Project File: /var/ftp/usrflash/Project/PMAC Script Language/PLC Programs/PLC11_Jog.plc 
Including Project File: /var/ftp/usrflash/Project/PMAC Script Language/PLC Programs/PLC12_SeqMc.plc 
Including Project File: /var/ftp/usrflash/Project/PMAC Script Language/PLC Programs/PLC13_SeqWs.plc 
Including Project File: /var/ftp/usrflash/Project/PMAC Script Language/PLC Programs/PLC14_SeqVs.plc 
Including Project File: /var/ftp/usrflash/Project/PMAC Script Language/PLC Programs/PLC20_Cylinder.plc 
Including Project File: /var/ftp/usrflash/Project/PMAC Script Language/PLC Programs/PLC21_TestShot.plc 
Including Project File: /var/ftp/usrflash/Project/PMAC Script Language/PLC Programs/PLC22_LaserCtrl.plc 
Including Project File: /var/ftp/usrflash/Project/PMAC Script Language/PLC Programs/PLC23_TargetMove.plc 
Including Project File: /var/ftp/usrflash/Project/PMAC Script Language/PLC Programs/PLC24_Cover.plc 
Including Project File: /var/ftp/usrflash/Project/PMAC Script Language/PLC Programs/PLC25_BlowOff.plc 
Including Project File: /var/ftp/usrflash/Project/PMAC Script Language/PLC Programs/PLC27_PickAndPlace.plc 
Including Project File: /var/ftp/usrflash/Project/PMAC Script Language/PLC Programs/PLC28_VisionTrigger.plc 
Including Project File: /var/ftp/usrflash/Project/PMAC Script Language/PLC Programs/PLC29_Buf.plc 
Including Project File: /var/ftp/usrflash/Project/PMAC Script Language/PLC Programs/PLC30_Test.plc 
Including Project File: /var/ftp/usrflash/Project/PMAC Script Language/PLC Programs/PLC31_ReqSim.plc 
Including Project File: /var/ftp/usrflash/Project/PMAC Script Language/PLC Programs/PLC26_PowerCheck.plc 
Including Project File: /var/ftp/usrflash/Project/PMAC Script Language/PLC Programs/PLC32_VisionSeq.plc 
Including Project File: /var/ftp/usrflash/Project/Configuration/pp_startup.txt 
Status: Pass 1 Create debug file, #defines, *.h & .sym files, Time (sec) = 0.258813
Status: Pass 2 Verify prog calls, local stack & labels, Time (sec)  = 0.115148
3750 Project Symbols were created for gpascii -2 communication
Status: Create PPMAC Symbol Table & Run CPP Time (sec) = 0.680016
Error: downloading preprocessed File: "/var/ftp/usrflash/Temp/pp_proj.pma"
Status: Download to PPMAC Command Processor, Time (sec) = 0.026155
Project Preprocessing & Load Total Time (sec) = 1.467469
[PMAC_PROJECT]
Start of Project Loading using INI File: "/var/ftp/usrflash/Project/Configuration/pp_proj.ini"
Including Project File: /var/ftp/usrflash/Project/Configuration/pp_disable.txt 
Including Project File: /var/ftp/usrflash/Project/PMAC Script Language/Global Includes/ECATMap.pmh 
Including Project File: /var/ftp/usrflash/Project/PMAC Script Language/Global Includes/AX1515_Mapping.pmh 
Including Project File: /var/ftp/usrflash/Project/PMAC Script Language/Global Includes/H00_Setup_System.pmh 
Including Project File: /var/ftp/usrflash/Project/PMAC Script Language/Global Includes/H01_Setup_EncTable.pmh 
Including Project File: /var/ftp/usrflash/Project/PMAC Script Language/Global Includes/H02_Setup_Motor.pmh 
Including Project File: /var/ftp/usrflash/Project/PMAC Script Language/Global Includes/H03_Setup_Coord.pmh 
Including Project File: /var/ftp/usrflash/Project/PMAC Script Language/Global Includes/H04_Setup_Ecat.pmh 
Including Project File: /var/ftp/usrflash/Project/PMAC Script Language/Global Includes/H05_Setup_Gpio.pmh 
Including Project File: /var/ftp/usrflash/Project/PMAC Script Language/Global Includes/H06_Variable_Umem.pmh 
Including Project File: /var/ftp/usrflash/Project/PMAC Script Language/Global Includes/H07_Variable_UmemArray.pmh 
Including Project File: /var/ftp/usrflash/Project/PMAC Script Language/Global Includes/H08_Variable_Prog.pmh 
Including Project File: /var/ftp/usrflash/Project/PMAC Script Language/Global Includes/H09_Kinematics.pmh 
Including Project File: /var/ftp/usrflash/Project/PMAC Script Language/Global Includes/H10_Nc.pmh 
Including Project File: /var/ftp/usrflash/Project/PMAC Script Language/Kinematic Routines/Forward1.kin 
Including Project File: /var/ftp/usrflash/Project/PMAC Script Language/Kinematic Routines/Inverse1.kin 
Including Project File: /var/ftp/usrflash/Project/PMAC Script Language/Kinematic Routines/Forward2.kin 
Including Project File: /var/ftp/usrflash/Project/PMAC Script Language/Kinematic Routines/Inverse2.kin 
Including Project File: /var/ftp/usrflash/Project/PMAC Script Language/Kinematic Routines/Forward3.kin 
Including Project File: /var/ftp/usrflash/Project/PMAC Script Language/Kinematic Routines/Inverse3.kin 
Including Project File: /var/ftp/usrflash/Project/PMAC Script Language/Libraries/timer.pmc 
Including Project File: /var/ftp/usrflash/Project/PMAC Script Language/Libraries/SPG_Gcode.pmc 
Including Project File: /var/ftp/usrflash/Project/PMAC Script Language/Libraries/SPG_Mcode.pmc 
Including Project File: /var/ftp/usrflash/Project/PMAC Script Language/Libraries/SPG_AbortVsHome.pmc 
Including Project File: /var/ftp/usrflash/Project/PMAC Script Language/Libraries/SPG_AbortVsLoop.pmc 
Including Project File: /var/ftp/usrflash/Project/PMAC Script Language/Libraries/SPG_AbortWsHome.pmc 
Including Project File: /var/ftp/usrflash/Project/PMAC Script Language/Libraries/SPG_AbortWsLoop.pmc 
Including Project File: /var/ftp/usrflash/Project/PMAC Script Language/Libraries/SPG_InitCommand.pmc 
Including Project File: /var/ftp/usrflash/Project/PMAC Script Language/Libraries/SPG_InitECylinder.pmc 
Including Project File: /var/ftp/usrflash/Project/PMAC Script Language/Libraries/SPG_InitMotor.pmc 
Including Project File: /var/ftp/usrflash/Project/PMAC Script Language/Libraries/SPG_InitScanner.pmc 
Including Project File: /var/ftp/usrflash/Project/PMAC Script Language/Libraries/SPG_InitSeqParam.pmc 
Including Project File: /var/ftp/usrflash/Project/PMAC Script Language/Libraries/SPG_SetDefaultParam.pmc 
Including Project File: /var/ftp/usrflash/Project/PMAC Script Language/Libraries/SPG_SetEquOut.pmc 
Including Project File: /var/ftp/usrflash/Project/PMAC Script Language/Libraries/SPG_SetSeqBufQ.pmc 
Including Project File: /var/ftp/usrflash/Project/PMAC Script Language/Libraries/SPG_SetVsLdParam.pmc 
Including Project File: /var/ftp/usrflash/Project/PMAC Script Language/Libraries/SPG_SetVsRdParam.pmc 
Including Project File: /var/ftp/usrflash/Project/PMAC Script Language/Libraries/SPG_SetVsRjParam.pmc 
Including Project File: /var/ftp/usrflash/Project/PMAC Script Language/Libraries/SPG_SetVsUdParam.pmc 
Including Project File: /var/ftp/usrflash/Project/PMAC Script Language/Libraries/SPG_SetVsVnParam.pmc 
Including Project File: /var/ftp/usrflash/Project/PMAC Script Language/Libraries/SPG_SetVsWtParam.pmc 
Including Project File: /var/ftp/usrflash/Project/PMAC Script Language/Libraries/SPG_SetWsLdParam.pmc 
Including Project File: /var/ftp/usrflash/Project/PMAC Script Language/Libraries/SPG_SetWsRdParam.pmc 
Including Project File: /var/ftp/usrflash/Project/PMAC Script Language/Libraries/SPG_SetWsRjParam.pmc 
Including Project File: /var/ftp/usrflash/Project/PMAC Script Language/Libraries/SPG_SetWsUdParam.pmc 
Including Project File: /var/ftp/usrflash/Project/PMAC Script Language/Libraries/SPG_SetWsWdParam.pmc 
Including Project File: /var/ftp/usrflash/Project/PMAC Script Language/Libraries/SPG_SetWsWtParam.pmc 
Including Project File: /var/ftp/usrflash/Project/PMAC Script Language/Libraries/SPG_ReadScPos.pmc 
Including Project File: /var/ftp/usrflash/Project/PMAC Script Language/Libraries/SPG_ResetVsAlarm.pmc 
Including Project File: /var/ftp/usrflash/Project/PMAC Script Language/Libraries/SPG_ResetWsAlarm.pmc 
Including Project File: /var/ftp/usrflash/Project/PMAC Script Language/Libraries/SPG_ReadThPos.pmc 
Including Project File: /var/ftp/usrflash/Project/PMAC Script Language/Libraries/SPG_ConvertFunc.pmc 
Including Project File: /var/ftp/usrflash/Project/PMAC Script Language/Motion Programs/PRG01_Test1.pmc 
Including Project File: /var/ftp/usrflash/Project/PMAC Script Language/Motion Programs/PRG02_Test2.pmc 
Including Project File: /var/ftp/usrflash/Project/PMAC Script Language/Motion Programs/PRG03_Test3.pmc 
Including Project File: /var/ftp/usrflash/Project/PMAC Script Language/Motion Programs/PRG04_Test4.pmc 
Including Project File: /var/ftp/usrflash/Project/PMAC Script Language/Motion Programs/PRG05_Test5.pmc 
Including Project File: /var/ftp/usrflash/Project/PMAC Script Language/Motion Programs/PRG19_Zero.pmc 
Including Project File: /var/ftp/usrflash/Project/PMAC Script Language/Motion Programs/PRG20_Welding.pmc 
Including Project File: /var/ftp/usrflash/Project/PMAC Script Language/Motion Programs/PRG21_Circle.pmc 
Including Project File: /var/ftp/usrflash/Project/PMAC Script Language/Motion Programs/PRG22_SnowMan.pmc 
Including Project File: /var/ftp/usrflash/Project/PMAC Script Language/Motion Programs/PRG23_ButterFly.pmc 
Including Project File: /var/ftp/usrflash/Project/PMAC Script Language/Motion Programs/PRG24_Column.pmc 
Including Project File: /var/ftp/usrflash/Project/PMAC Script Language/Motion Programs/PRG25_Row.pmc 
Including Project File: /var/ftp/usrflash/Project/PMAC Script Language/Motion Programs/PRG30_Vision.pmc 
Including Project File: /var/ftp/usrflash/Project/PMAC Script Language/Motion Programs/PRG50_LaserTest_Cross.pmc 
Including Project File: /var/ftp/usrflash/Project/PMAC Script Language/Motion Programs/PRG51_LaserTest_Line.pmc 
Including Project File: /var/ftp/usrflash/Project/PMAC Script Language/Motion Programs/PRG18_ProgMove.pmc 
Including Project File: /var/ftp/usrflash/Project/PMAC Script Language/PLC Programs/PLC00_RTI.plc 
Including Project File: /var/ftp/usrflash/Project/PMAC Script Language/PLC Programs/PLC01_Init.plc 
Including Project File: /var/ftp/usrflash/Project/PMAC Script Language/PLC Programs/PLC02_Sta.plc 
Including Project File: /var/ftp/usrflash/Project/PMAC Script Language/PLC Programs/PLC03_Cmd.plc 
Including Project File: /var/ftp/usrflash/Project/PMAC Script Language/PLC Programs/PLC04_Safety.plc 
Including Project File: /var/ftp/usrflash/Project/PMAC Script Language/PLC Programs/PLC05_Ecat.plc 
Including Project File: /var/ftp/usrflash/Project/PMAC Script Language/PLC Programs/PLC06_IoCom.plc 
Including Project File: /var/ftp/usrflash/Project/PMAC Script Language/PLC Programs/PLC10_Home.plc 
Including Project File: /var/ftp/usrflash/Project/PMAC Script Language/PLC Programs/PLC11_Jog.plc 
Including Project File: /var/ftp/usrflash/Project/PMAC Script Language/PLC Programs/PLC12_SeqMc.plc 
Including Project File: /var/ftp/usrflash/Project/PMAC Script Language/PLC Programs/PLC13_SeqWs.plc 
Including Project File: /var/ftp/usrflash/Project/PMAC Script Language/PLC Programs/PLC14_SeqVs.plc 
Including Project File: /var/ftp/usrflash/Project/PMAC Script Language/PLC Programs/PLC20_Cylinder.plc 
Including Project File: /var/ftp/usrflash/Project/PMAC Script Language/PLC Programs/PLC21_TestShot.plc 
Including Project File: /var/ftp/usrflash/Project/PMAC Script Language/PLC Programs/PLC22_LaserCtrl.plc 
Including Project File: /var/ftp/usrflash/Project/PMAC Script Language/PLC Programs/PLC23_TargetMove.plc 
Including Project File: /var/ftp/usrflash/Project/PMAC Script Language/PLC Programs/PLC24_Cover.plc 
Including Project File: /var/ftp/usrflash/Project/PMAC Script Language/PLC Programs/PLC25_BlowOff.plc 
Including Project File: /var/ftp/usrflash/Project/PMAC Script Language/PLC Programs/PLC27_PickAndPlace.plc 
Including Project File: /var/ftp/usrflash/Project/PMAC Script Language/PLC Programs/PLC28_VisionTrigger.plc 
Including Project File: /var/ftp/usrflash/Project/PMAC Script Language/PLC Programs/PLC29_Buf.plc 
Including Project File: /var/ftp/usrflash/Project/PMAC Script Language/PLC Programs/PLC30_Test.plc 
Including Project File: /var/ftp/usrflash/Project/PMAC Script Language/PLC Programs/PLC31_ReqSim.plc 
Including Project File: /var/ftp/usrflash/Project/PMAC Script Language/PLC Programs/PLC26_PowerCheck.plc 
Including Project File: /var/ftp/usrflash/Project/PMAC Script Language/PLC Programs/PLC32_VisionSeq.plc 
Including Project File: /var/ftp/usrflash/Project/Configuration/pp_startup.txt 
3750 Project Symbols were created for gpascii -2 communication
[PMAC_PROJECT]
Start of Project Loading using INI File: "/var/ftp/usrflash/Project/Configuration/pp_proj.ini"
Success: Loading usralgo.ko
Success: Loading RT Address of CfromScript
Success: Loading RT Address of CaptCompISR
LoadRTUserCode() Delta Time (sec) = 0.388709
Including Project File: /var/ftp/usrflash/Project/Configuration/pp_disable.txt 
Including Project File: /var/ftp/usrflash/Project/PMAC Script Language/Global Includes/ECATMap.pmh 
Including Project File: /var/ftp/usrflash/Project/PMAC Script Language/Global Includes/AX1515_Mapping.pmh 
Including Project File: /var/ftp/usrflash/Project/PMAC Script Language/Global Includes/H00_Setup_System.pmh 
Including Project File: /var/ftp/usrflash/Project/PMAC Script Language/Global Includes/H01_Setup_EncTable.pmh 
Including Project File: /var/ftp/usrflash/Project/PMAC Script Language/Global Includes/H02_Setup_Motor.pmh 
Including Project File: /var/ftp/usrflash/Project/PMAC Script Language/Global Includes/H03_Setup_Coord.pmh 
Including Project File: /var/ftp/usrflash/Project/PMAC Script Language/Global Includes/H04_Setup_Ecat.pmh 
Including Project File: /var/ftp/usrflash/Project/PMAC Script Language/Global Includes/H05_Setup_Gpio.pmh 
Including Project File: /var/ftp/usrflash/Project/PMAC Script Language/Global Includes/H06_Variable_Umem.pmh 
Including Project File: /var/ftp/usrflash/Project/PMAC Script Language/Global Includes/H07_Variable_UmemArray.pmh 
Including Project File: /var/ftp/usrflash/Project/PMAC Script Language/Global Includes/H08_Variable_Prog.pmh 
Including Project File: /var/ftp/usrflash/Project/PMAC Script Language/Global Includes/H09_Kinematics.pmh 
Including Project File: /var/ftp/usrflash/Project/PMAC Script Language/Global Includes/H10_Nc.pmh 
Including Project File: /var/ftp/usrflash/Project/PMAC Script Language/Kinematic Routines/Forward1.kin 
Including Project File: /var/ftp/usrflash/Project/PMAC Script Language/Kinematic Routines/Inverse1.kin 
Including Project File: /var/ftp/usrflash/Project/PMAC Script Language/Kinematic Routines/Forward2.kin 
Including Project File: /var/ftp/usrflash/Project/PMAC Script Language/Kinematic Routines/Inverse2.kin 
Including Project File: /var/ftp/usrflash/Project/PMAC Script Language/Kinematic Routines/Forward3.kin 
Including Project File: /var/ftp/usrflash/Project/PMAC Script Language/Kinematic Routines/Inverse3.kin 
Including Project File: /var/ftp/usrflash/Project/PMAC Script Language/Libraries/timer.pmc 
Including Project File: /var/ftp/usrflash/Project/PMAC Script Language/Libraries/SPG_Gcode.pmc 
Including Project File: /var/ftp/usrflash/Project/PMAC Script Language/Libraries/SPG_Mcode.pmc 
Including Project File: /var/ftp/usrflash/Project/PMAC Script Language/Libraries/SPG_AbortVsHome.pmc 
Including Project File: /var/ftp/usrflash/Project/PMAC Script Language/Libraries/SPG_AbortVsLoop.pmc 
Including Project File: /var/ftp/usrflash/Project/PMAC Script Language/Libraries/SPG_AbortWsHome.pmc 
Including Project File: /var/ftp/usrflash/Project/PMAC Script Language/Libraries/SPG_AbortWsLoop.pmc 
Including Project File: /var/ftp/usrflash/Project/PMAC Script Language/Libraries/SPG_InitCommand.pmc 
Including Project File: /var/ftp/usrflash/Project/PMAC Script Language/Libraries/SPG_InitECylinder.pmc 
Including Project File: /var/ftp/usrflash/Project/PMAC Script Language/Libraries/SPG_InitMotor.pmc 
Including Project File: /var/ftp/usrflash/Project/PMAC Script Language/Libraries/SPG_InitScanner.pmc 
Including Project File: /var/ftp/usrflash/Project/PMAC Script Language/Libraries/SPG_InitSeqParam.pmc 
Including Project File: /var/ftp/usrflash/Project/PMAC Script Language/Libraries/SPG_SetDefaultParam.pmc 
Including Project File: /var/ftp/usrflash/Project/PMAC Script Language/Libraries/SPG_SetEquOut.pmc 
Including Project File: /var/ftp/usrflash/Project/PMAC Script Language/Libraries/SPG_SetSeqBufQ.pmc 
Including Project File: /var/ftp/usrflash/Project/PMAC Script Language/Libraries/SPG_SetVsLdParam.pmc 
Including Project File: /var/ftp/usrflash/Project/PMAC Script Language/Libraries/SPG_SetVsRdParam.pmc 
Including Project File: /var/ftp/usrflash/Project/PMAC Script Language/Libraries/SPG_SetVsRjParam.pmc 
Including Project File: /var/ftp/usrflash/Project/PMAC Script Language/Libraries/SPG_SetVsUdParam.pmc 
Including Project File: /var/ftp/usrflash/Project/PMAC Script Language/Libraries/SPG_SetVsVnParam.pmc 
Including Project File: /var/ftp/usrflash/Project/PMAC Script Language/Libraries/SPG_SetVsWtParam.pmc 
Including Project File: /var/ftp/usrflash/Project/PMAC Script Language/Libraries/SPG_SetWsLdParam.pmc 
Including Project File: /var/ftp/usrflash/Project/PMAC Script Language/Libraries/SPG_SetWsRdParam.pmc 
Including Project File: /var/ftp/usrflash/Project/PMAC Script Language/Libraries/SPG_SetWsRjParam.pmc 
Including Project File: /var/ftp/usrflash/Project/PMAC Script Language/Libraries/SPG_SetWsUdParam.pmc 
Including Project File: /var/ftp/usrflash/Project/PMAC Script Language/Libraries/SPG_SetWsWdParam.pmc 
Including Project File: /var/ftp/usrflash/Project/PMAC Script Language/Libraries/SPG_SetWsWtParam.pmc 
Including Project File: /var/ftp/usrflash/Project/PMAC Script Language/Libraries/SPG_ReadScPos.pmc 
Including Project File: /var/ftp/usrflash/Project/PMAC Script Language/Libraries/SPG_ResetVsAlarm.pmc 
Including Project File: /var/ftp/usrflash/Project/PMAC Script Language/Libraries/SPG_ResetWsAlarm.pmc 
Including Project File: /var/ftp/usrflash/Project/PMAC Script Language/Libraries/SPG_ReadThPos.pmc 
Including Project File: /var/ftp/usrflash/Project/PMAC Script Language/Libraries/SPG_ConvertFunc.pmc 
Including Project File: /var/ftp/usrflash/Project/PMAC Script Language/Motion Programs/PRG01_Test1.pmc 
Including Project File: /var/ftp/usrflash/Project/PMAC Script Language/Motion Programs/PRG02_Test2.pmc 
Including Project File: /var/ftp/usrflash/Project/PMAC Script Language/Motion Programs/PRG03_Test3.pmc 
Including Project File: /var/ftp/usrflash/Project/PMAC Script Language/Motion Programs/PRG04_Test4.pmc 
Including Project File: /var/ftp/usrflash/Project/PMAC Script Language/Motion Programs/PRG05_Test5.pmc 
Including Project File: /var/ftp/usrflash/Project/PMAC Script Language/Motion Programs/PRG19_Zero.pmc 
Including Project File: /var/ftp/usrflash/Project/PMAC Script Language/Motion Programs/PRG20_Welding.pmc 
Including Project File: /var/ftp/usrflash/Project/PMAC Script Language/Motion Programs/PRG21_Circle.pmc 
Including Project File: /var/ftp/usrflash/Project/PMAC Script Language/Motion Programs/PRG22_SnowMan.pmc 
Including Project File: /var/ftp/usrflash/Project/PMAC Script Language/Motion Programs/PRG23_ButterFly.pmc 
Including Project File: /var/ftp/usrflash/Project/PMAC Script Language/Motion Programs/PRG24_Column.pmc 
Including Project File: /var/ftp/usrflash/Project/PMAC Script Language/Motion Programs/PRG25_Row.pmc 
Including Project File: /var/ftp/usrflash/Project/PMAC Script Language/Motion Programs/PRG30_Vision.pmc 
Including Project File: /var/ftp/usrflash/Project/PMAC Script Language/Motion Programs/PRG50_LaserTest_Cross.pmc 
Including Project File: /var/ftp/usrflash/Project/PMAC Script Language/Motion Programs/PRG51_LaserTest_Line.pmc 
Including Project File: /var/ftp/usrflash/Project/PMAC Script Language/Motion Programs/PRG18_ProgMove.pmc 
Including Project File: /var/ftp/usrflash/Project/PMAC Script Language/PLC Programs/PLC00_RTI.plc 
Including Project File: /var/ftp/usrflash/Project/PMAC Script Language/PLC Programs/PLC01_Init.plc 
Including Project File: /var/ftp/usrflash/Project/PMAC Script Language/PLC Programs/PLC02_Sta.plc 
Including Project File: /var/ftp/usrflash/Project/PMAC Script Language/PLC Programs/PLC03_Cmd.plc 
Including Project File: /var/ftp/usrflash/Project/PMAC Script Language/PLC Programs/PLC04_Safety.plc 
Including Project File: /var/ftp/usrflash/Project/PMAC Script Language/PLC Programs/PLC05_Ecat.plc 
Including Project File: /var/ftp/usrflash/Project/PMAC Script Language/PLC Programs/PLC06_IoCom.plc 
Including Project File: /var/ftp/usrflash/Project/PMAC Script Language/PLC Programs/PLC10_Home.plc 
Including Project File: /var/ftp/usrflash/Project/PMAC Script Language/PLC Programs/PLC11_Jog.plc 
Including Project File: /var/ftp/usrflash/Project/PMAC Script Language/PLC Programs/PLC12_SeqMc.plc 
Including Project File: /var/ftp/usrflash/Project/PMAC Script Language/PLC Programs/PLC13_SeqWs.plc 
Including Project File: /var/ftp/usrflash/Project/PMAC Script Language/PLC Programs/PLC14_SeqVs.plc 
Including Project File: /var/ftp/usrflash/Project/PMAC Script Language/PLC Programs/PLC20_Cylinder.plc 
Including Project File: /var/ftp/usrflash/Project/PMAC Script Language/PLC Programs/PLC21_TestShot.plc 
Including Project File: /var/ftp/usrflash/Project/PMAC Script Language/PLC Programs/PLC22_LaserCtrl.plc 
Including Project File: /var/ftp/usrflash/Project/PMAC Script Language/PLC Programs/PLC23_TargetMove.plc 
Including Project File: /var/ftp/usrflash/Project/PMAC Script Language/PLC Programs/PLC24_Cover.plc 
Including Project File: /var/ftp/usrflash/Project/PMAC Script Language/PLC Programs/PLC25_BlowOff.plc 
Including Project File: /var/ftp/usrflash/Project/PMAC Script Language/PLC Programs/PLC27_PickAndPlace.plc 
Including Project File: /var/ftp/usrflash/Project/PMAC Script Language/PLC Programs/PLC28_VisionTrigger.plc 
Including Project File: /var/ftp/usrflash/Project/PMAC Script Language/PLC Programs/PLC29_Buf.plc 
Including Project File: /var/ftp/usrflash/Project/PMAC Script Language/PLC Programs/PLC30_Test.plc 
Including Project File: /var/ftp/usrflash/Project/PMAC Script Language/PLC Programs/PLC31_ReqSim.plc 
Including Project File: /var/ftp/usrflash/Project/PMAC Script Language/PLC Programs/PLC26_PowerCheck.plc 
Including Project File: /var/ftp/usrflash/Project/PMAC Script Language/PLC Programs/PLC32_VisionSeq.plc 
Including Project File: /var/ftp/usrflash/Project/Configuration/pp_startup.txt 
Status: Pass 1 Create debug file, #defines, *.h & .sym files, Time (sec) = 0.268961
Status: Pass 2 Verify prog calls, local stack & labels, Time (sec)  = 0.112936
3750 Project Symbols were created for gpascii -2 communication
Status: Create PPMAC Symbol Table & Run CPP Time (sec) = 0.665743
Error: downloading preprocessed File: "/var/ftp/usrflash/Temp/pp_proj.pma"
Status: Download to PPMAC Command Processor, Time (sec) = 0.028006
Project Preprocessing & Load Total Time (sec) = 1.464854
[PMAC_PROJECT]
Start of Project Loading using INI File: "/var/ftp/usrflash/Project/Configuration/pp_proj.ini"
Including Project File: /var/ftp/usrflash/Project/Configuration/pp_disable.txt 
Including Project File: /var/ftp/usrflash/Project/PMAC Script Language/Global Includes/ECATMap.pmh 
Including Project File: /var/ftp/usrflash/Project/PMAC Script Language/Global Includes/AX1515_Mapping.pmh 
Including Project File: /var/ftp/usrflash/Project/PMAC Script Language/Global Includes/H00_Setup_System.pmh 
Including Project File: /var/ftp/usrflash/Project/PMAC Script Language/Global Includes/H01_Setup_EncTable.pmh 
Including Project File: /var/ftp/usrflash/Project/PMAC Script Language/Global Includes/H02_Setup_Motor.pmh 
Including Project File: /var/ftp/usrflash/Project/PMAC Script Language/Global Includes/H03_Setup_Coord.pmh 
Including Project File: /var/ftp/usrflash/Project/PMAC Script Language/Global Includes/H04_Setup_Ecat.pmh 
Including Project File: /var/ftp/usrflash/Project/PMAC Script Language/Global Includes/H05_Setup_Gpio.pmh 
Including Project File: /var/ftp/usrflash/Project/PMAC Script Language/Global Includes/H06_Variable_Umem.pmh 
Including Project File: /var/ftp/usrflash/Project/PMAC Script Language/Global Includes/H07_Variable_UmemArray.pmh 
Including Project File: /var/ftp/usrflash/Project/PMAC Script Language/Global Includes/H08_Variable_Prog.pmh 
Including Project File: /var/ftp/usrflash/Project/PMAC Script Language/Global Includes/H09_Kinematics.pmh 
Including Project File: /var/ftp/usrflash/Project/PMAC Script Language/Global Includes/H10_Nc.pmh 
Including Project File: /var/ftp/usrflash/Project/PMAC Script Language/Kinematic Routines/Forward1.kin 
Including Project File: /var/ftp/usrflash/Project/PMAC Script Language/Kinematic Routines/Inverse1.kin 
Including Project File: /var/ftp/usrflash/Project/PMAC Script Language/Kinematic Routines/Forward2.kin 
Including Project File: /var/ftp/usrflash/Project/PMAC Script Language/Kinematic Routines/Inverse2.kin 
Including Project File: /var/ftp/usrflash/Project/PMAC Script Language/Kinematic Routines/Forward3.kin 
Including Project File: /var/ftp/usrflash/Project/PMAC Script Language/Kinematic Routines/Inverse3.kin 
Including Project File: /var/ftp/usrflash/Project/PMAC Script Language/Libraries/timer.pmc 
Including Project File: /var/ftp/usrflash/Project/PMAC Script Language/Libraries/SPG_Gcode.pmc 
Including Project File: /var/ftp/usrflash/Project/PMAC Script Language/Libraries/SPG_Mcode.pmc 
Including Project File: /var/ftp/usrflash/Project/PMAC Script Language/Libraries/SPG_AbortVsHome.pmc 
Including Project File: /var/ftp/usrflash/Project/PMAC Script Language/Libraries/SPG_AbortVsLoop.pmc 
Including Project File: /var/ftp/usrflash/Project/PMAC Script Language/Libraries/SPG_AbortWsHome.pmc 
Including Project File: /var/ftp/usrflash/Project/PMAC Script Language/Libraries/SPG_AbortWsLoop.pmc 
Including Project File: /var/ftp/usrflash/Project/PMAC Script Language/Libraries/SPG_InitCommand.pmc 
Including Project File: /var/ftp/usrflash/Project/PMAC Script Language/Libraries/SPG_InitECylinder.pmc 
Including Project File: /var/ftp/usrflash/Project/PMAC Script Language/Libraries/SPG_InitMotor.pmc 
Including Project File: /var/ftp/usrflash/Project/PMAC Script Language/Libraries/SPG_InitScanner.pmc 
Including Project File: /var/ftp/usrflash/Project/PMAC Script Language/Libraries/SPG_InitSeqParam.pmc 
Including Project File: /var/ftp/usrflash/Project/PMAC Script Language/Libraries/SPG_SetDefaultParam.pmc 
Including Project File: /var/ftp/usrflash/Project/PMAC Script Language/Libraries/SPG_SetEquOut.pmc 
Including Project File: /var/ftp/usrflash/Project/PMAC Script Language/Libraries/SPG_SetSeqBufQ.pmc 
Including Project File: /var/ftp/usrflash/Project/PMAC Script Language/Libraries/SPG_SetVsLdParam.pmc 
Including Project File: /var/ftp/usrflash/Project/PMAC Script Language/Libraries/SPG_SetVsRdParam.pmc 
Including Project File: /var/ftp/usrflash/Project/PMAC Script Language/Libraries/SPG_SetVsRjParam.pmc 
Including Project File: /var/ftp/usrflash/Project/PMAC Script Language/Libraries/SPG_SetVsUdParam.pmc 
Including Project File: /var/ftp/usrflash/Project/PMAC Script Language/Libraries/SPG_SetVsVnParam.pmc 
Including Project File: /var/ftp/usrflash/Project/PMAC Script Language/Libraries/SPG_SetVsWtParam.pmc 
Including Project File: /var/ftp/usrflash/Project/PMAC Script Language/Libraries/SPG_SetWsLdParam.pmc 
Including Project File: /var/ftp/usrflash/Project/PMAC Script Language/Libraries/SPG_SetWsRdParam.pmc 
Including Project File: /var/ftp/usrflash/Project/PMAC Script Language/Libraries/SPG_SetWsRjParam.pmc 
Including Project File: /var/ftp/usrflash/Project/PMAC Script Language/Libraries/SPG_SetWsUdParam.pmc 
Including Project File: /var/ftp/usrflash/Project/PMAC Script Language/Libraries/SPG_SetWsWdParam.pmc 
Including Project File: /var/ftp/usrflash/Project/PMAC Script Language/Libraries/SPG_SetWsWtParam.pmc 
Including Project File: /var/ftp/usrflash/Project/PMAC Script Language/Libraries/SPG_ReadScPos.pmc 
Including Project File: /var/ftp/usrflash/Project/PMAC Script Language/Libraries/SPG_ResetVsAlarm.pmc 
Including Project File: /var/ftp/usrflash/Project/PMAC Script Language/Libraries/SPG_ResetWsAlarm.pmc 
Including Project File: /var/ftp/usrflash/Project/PMAC Script Language/Libraries/SPG_ReadThPos.pmc 
Including Project File: /var/ftp/usrflash/Project/PMAC Script Language/Libraries/SPG_ConvertFunc.pmc 
Including Project File: /var/ftp/usrflash/Project/PMAC Script Language/Motion Programs/PRG01_Test1.pmc 
Including Project File: /var/ftp/usrflash/Project/PMAC Script Language/Motion Programs/PRG02_Test2.pmc 
Including Project File: /var/ftp/usrflash/Project/PMAC Script Language/Motion Programs/PRG03_Test3.pmc 
Including Project File: /var/ftp/usrflash/Project/PMAC Script Language/Motion Programs/PRG04_Test4.pmc 
Including Project File: /var/ftp/usrflash/Project/PMAC Script Language/Motion Programs/PRG05_Test5.pmc 
Including Project File: /var/ftp/usrflash/Project/PMAC Script Language/Motion Programs/PRG19_Zero.pmc 
Including Project File: /var/ftp/usrflash/Project/PMAC Script Language/Motion Programs/PRG20_Welding.pmc 
Including Project File: /var/ftp/usrflash/Project/PMAC Script Language/Motion Programs/PRG21_Circle.pmc 
Including Project File: /var/ftp/usrflash/Project/PMAC Script Language/Motion Programs/PRG22_SnowMan.pmc 
Including Project File: /var/ftp/usrflash/Project/PMAC Script Language/Motion Programs/PRG23_ButterFly.pmc 
Including Project File: /var/ftp/usrflash/Project/PMAC Script Language/Motion Programs/PRG24_Column.pmc 
Including Project File: /var/ftp/usrflash/Project/PMAC Script Language/Motion Programs/PRG25_Row.pmc 
Including Project File: /var/ftp/usrflash/Project/PMAC Script Language/Motion Programs/PRG30_Vision.pmc 
Including Project File: /var/ftp/usrflash/Project/PMAC Script Language/Motion Programs/PRG50_LaserTest_Cross.pmc 
Including Project File: /var/ftp/usrflash/Project/PMAC Script Language/Motion Programs/PRG51_LaserTest_Line.pmc 
Including Project File: /var/ftp/usrflash/Project/PMAC Script Language/Motion Programs/PRG18_ProgMove.pmc 
Including Project File: /var/ftp/usrflash/Project/PMAC Script Language/PLC Programs/PLC00_RTI.plc 
Including Project File: /var/ftp/usrflash/Project/PMAC Script Language/PLC Programs/PLC01_Init.plc 
Including Project File: /var/ftp/usrflash/Project/PMAC Script Language/PLC Programs/PLC02_Sta.plc 
Including Project File: /var/ftp/usrflash/Project/PMAC Script Language/PLC Programs/PLC03_Cmd.plc 
Including Project File: /var/ftp/usrflash/Project/PMAC Script Language/PLC Programs/PLC04_Safety.plc 
Including Project File: /var/ftp/usrflash/Project/PMAC Script Language/PLC Programs/PLC05_Ecat.plc 
Including Project File: /var/ftp/usrflash/Project/PMAC Script Language/PLC Programs/PLC06_IoCom.plc 
Including Project File: /var/ftp/usrflash/Project/PMAC Script Language/PLC Programs/PLC10_Home.plc 
Including Project File: /var/ftp/usrflash/Project/PMAC Script Language/PLC Programs/PLC11_Jog.plc 
Including Project File: /var/ftp/usrflash/Project/PMAC Script Language/PLC Programs/PLC12_SeqMc.plc 
Including Project File: /var/ftp/usrflash/Project/PMAC Script Language/PLC Programs/PLC13_SeqWs.plc 
Including Project File: /var/ftp/usrflash/Project/PMAC Script Language/PLC Programs/PLC14_SeqVs.plc 
Including Project File: /var/ftp/usrflash/Project/PMAC Script Language/PLC Programs/PLC20_Cylinder.plc 
Including Project File: /var/ftp/usrflash/Project/PMAC Script Language/PLC Programs/PLC21_TestShot.plc 
Including Project File: /var/ftp/usrflash/Project/PMAC Script Language/PLC Programs/PLC22_LaserCtrl.plc 
Including Project File: /var/ftp/usrflash/Project/PMAC Script Language/PLC Programs/PLC23_TargetMove.plc 
Including Project File: /var/ftp/usrflash/Project/PMAC Script Language/PLC Programs/PLC24_Cover.plc 
Including Project File: /var/ftp/usrflash/Project/PMAC Script Language/PLC Programs/PLC25_BlowOff.plc 
Including Project File: /var/ftp/usrflash/Project/PMAC Script Language/PLC Programs/PLC27_PickAndPlace.plc 
Including Project File: /var/ftp/usrflash/Project/PMAC Script Language/PLC Programs/PLC28_VisionTrigger.plc 
Including Project File: /var/ftp/usrflash/Project/PMAC Script Language/PLC Programs/PLC29_Buf.plc 
Including Project File: /var/ftp/usrflash/Project/PMAC Script Language/PLC Programs/PLC30_Test.plc 
Including Project File: /var/ftp/usrflash/Project/PMAC Script Language/PLC Programs/PLC31_ReqSim.plc 
Including Project File: /var/ftp/usrflash/Project/PMAC Script Language/PLC Programs/PLC26_PowerCheck.plc 
Including Project File: /var/ftp/usrflash/Project/PMAC Script Language/PLC Programs/PLC32_VisionSeq.plc 
Including Project File: /var/ftp/usrflash/Project/Configuration/pp_startup.txt 
3750 Project Symbols were created for gpascii -2 communication
[PMAC_PROJECT]
Start of Project Loading using INI File: "/var/ftp/usrflash/Project/Configuration/pp_proj.ini"
Success: Loading usralgo.ko
Success: Loading RT Address of CfromScript
Success: Loading RT Address of CaptCompISR
LoadRTUserCode() Delta Time (sec) = 0.437679
Including Project File: /var/ftp/usrflash/Project/Configuration/pp_disable.txt 
Including Project File: /var/ftp/usrflash/Project/PMAC Script Language/Global Includes/ECATMap.pmh 
Including Project File: /var/ftp/usrflash/Project/PMAC Script Language/Global Includes/AX1515_Mapping.pmh 
Including Project File: /var/ftp/usrflash/Project/PMAC Script Language/Global Includes/H00_Setup_System.pmh 
Including Project File: /var/ftp/usrflash/Project/PMAC Script Language/Global Includes/H01_Setup_EncTable.pmh 
Including Project File: /var/ftp/usrflash/Project/PMAC Script Language/Global Includes/H02_Setup_Motor.pmh 
Including Project File: /var/ftp/usrflash/Project/PMAC Script Language/Global Includes/H03_Setup_Coord.pmh 
Including Project File: /var/ftp/usrflash/Project/PMAC Script Language/Global Includes/H04_Setup_Ecat.pmh 
Including Project File: /var/ftp/usrflash/Project/PMAC Script Language/Global Includes/H05_Setup_Gpio.pmh 
Including Project File: /var/ftp/usrflash/Project/PMAC Script Language/Global Includes/H06_Variable_Umem.pmh 
Including Project File: /var/ftp/usrflash/Project/PMAC Script Language/Global Includes/H07_Variable_UmemArray.pmh 
Including Project File: /var/ftp/usrflash/Project/PMAC Script Language/Global Includes/H08_Variable_Prog.pmh 
Including Project File: /var/ftp/usrflash/Project/PMAC Script Language/Global Includes/H09_Kinematics.pmh 
Including Project File: /var/ftp/usrflash/Project/PMAC Script Language/Global Includes/H10_Nc.pmh 
Including Project File: /var/ftp/usrflash/Project/PMAC Script Language/Kinematic Routines/Forward1.kin 
Including Project File: /var/ftp/usrflash/Project/PMAC Script Language/Kinematic Routines/Inverse1.kin 
Including Project File: /var/ftp/usrflash/Project/PMAC Script Language/Kinematic Routines/Forward2.kin 
Including Project File: /var/ftp/usrflash/Project/PMAC Script Language/Kinematic Routines/Inverse2.kin 
Including Project File: /var/ftp/usrflash/Project/PMAC Script Language/Kinematic Routines/Forward3.kin 
Including Project File: /var/ftp/usrflash/Project/PMAC Script Language/Kinematic Routines/Inverse3.kin 
Including Project File: /var/ftp/usrflash/Project/PMAC Script Language/Libraries/timer.pmc 
Including Project File: /var/ftp/usrflash/Project/PMAC Script Language/Libraries/SPG_Gcode.pmc 
Including Project File: /var/ftp/usrflash/Project/PMAC Script Language/Libraries/SPG_Mcode.pmc 
Including Project File: /var/ftp/usrflash/Project/PMAC Script Language/Libraries/SPG_AbortVsHome.pmc 
Including Project File: /var/ftp/usrflash/Project/PMAC Script Language/Libraries/SPG_AbortVsLoop.pmc 
Including Project File: /var/ftp/usrflash/Project/PMAC Script Language/Libraries/SPG_AbortWsHome.pmc 
Including Project File: /var/ftp/usrflash/Project/PMAC Script Language/Libraries/SPG_AbortWsLoop.pmc 
Including Project File: /var/ftp/usrflash/Project/PMAC Script Language/Libraries/SPG_InitCommand.pmc 
Including Project File: /var/ftp/usrflash/Project/PMAC Script Language/Libraries/SPG_InitECylinder.pmc 
Including Project File: /var/ftp/usrflash/Project/PMAC Script Language/Libraries/SPG_InitMotor.pmc 
Including Project File: /var/ftp/usrflash/Project/PMAC Script Language/Libraries/SPG_InitScanner.pmc 
Including Project File: /var/ftp/usrflash/Project/PMAC Script Language/Libraries/SPG_InitSeqParam.pmc 
Including Project File: /var/ftp/usrflash/Project/PMAC Script Language/Libraries/SPG_SetDefaultParam.pmc 
Including Project File: /var/ftp/usrflash/Project/PMAC Script Language/Libraries/SPG_SetEquOut.pmc 
Including Project File: /var/ftp/usrflash/Project/PMAC Script Language/Libraries/SPG_SetSeqBufQ.pmc 
Including Project File: /var/ftp/usrflash/Project/PMAC Script Language/Libraries/SPG_SetVsLdParam.pmc 
Including Project File: /var/ftp/usrflash/Project/PMAC Script Language/Libraries/SPG_SetVsRdParam.pmc 
Including Project File: /var/ftp/usrflash/Project/PMAC Script Language/Libraries/SPG_SetVsRjParam.pmc 
Including Project File: /var/ftp/usrflash/Project/PMAC Script Language/Libraries/SPG_SetVsUdParam.pmc 
Including Project File: /var/ftp/usrflash/Project/PMAC Script Language/Libraries/SPG_SetVsVnParam.pmc 
Including Project File: /var/ftp/usrflash/Project/PMAC Script Language/Libraries/SPG_SetVsWtParam.pmc 
Including Project File: /var/ftp/usrflash/Project/PMAC Script Language/Libraries/SPG_SetWsLdParam.pmc 
Including Project File: /var/ftp/usrflash/Project/PMAC Script Language/Libraries/SPG_SetWsRdParam.pmc 
Including Project File: /var/ftp/usrflash/Project/PMAC Script Language/Libraries/SPG_SetWsRjParam.pmc 
Including Project File: /var/ftp/usrflash/Project/PMAC Script Language/Libraries/SPG_SetWsUdParam.pmc 
Including Project File: /var/ftp/usrflash/Project/PMAC Script Language/Libraries/SPG_SetWsWdParam.pmc 
Including Project File: /var/ftp/usrflash/Project/PMAC Script Language/Libraries/SPG_SetWsWtParam.pmc 
Including Project File: /var/ftp/usrflash/Project/PMAC Script Language/Libraries/SPG_ReadScPos.pmc 
Including Project File: /var/ftp/usrflash/Project/PMAC Script Language/Libraries/SPG_ResetVsAlarm.pmc 
Including Project File: /var/ftp/usrflash/Project/PMAC Script Language/Libraries/SPG_ResetWsAlarm.pmc 
Including Project File: /var/ftp/usrflash/Project/PMAC Script Language/Libraries/SPG_ReadThPos.pmc 
Including Project File: /var/ftp/usrflash/Project/PMAC Script Language/Libraries/SPG_ConvertFunc.pmc 
Including Project File: /var/ftp/usrflash/Project/PMAC Script Language/Motion Programs/PRG01_Test1.pmc 
Including Project File: /var/ftp/usrflash/Project/PMAC Script Language/Motion Programs/PRG02_Test2.pmc 
Including Project File: /var/ftp/usrflash/Project/PMAC Script Language/Motion Programs/PRG03_Test3.pmc 
Including Project File: /var/ftp/usrflash/Project/PMAC Script Language/Motion Programs/PRG04_Test4.pmc 
Including Project File: /var/ftp/usrflash/Project/PMAC Script Language/Motion Programs/PRG05_Test5.pmc 
Including Project File: /var/ftp/usrflash/Project/PMAC Script Language/Motion Programs/PRG19_Zero.pmc 
Including Project File: /var/ftp/usrflash/Project/PMAC Script Language/Motion Programs/PRG20_Welding.pmc 
Including Project File: /var/ftp/usrflash/Project/PMAC Script Language/Motion Programs/PRG21_Circle.pmc 
Including Project File: /var/ftp/usrflash/Project/PMAC Script Language/Motion Programs/PRG22_SnowMan.pmc 
Including Project File: /var/ftp/usrflash/Project/PMAC Script Language/Motion Programs/PRG23_ButterFly.pmc 
Including Project File: /var/ftp/usrflash/Project/PMAC Script Language/Motion Programs/PRG24_Column.pmc 
Including Project File: /var/ftp/usrflash/Project/PMAC Script Language/Motion Programs/PRG25_Row.pmc 
Including Project File: /var/ftp/usrflash/Project/PMAC Script Language/Motion Programs/PRG30_Vision.pmc 
Including Project File: /var/ftp/usrflash/Project/PMAC Script Language/Motion Programs/PRG50_LaserTest_Cross.pmc 
Including Project File: /var/ftp/usrflash/Project/PMAC Script Language/Motion Programs/PRG51_LaserTest_Line.pmc 
Including Project File: /var/ftp/usrflash/Project/PMAC Script Language/Motion Programs/PRG18_ProgMove.pmc 
Including Project File: /var/ftp/usrflash/Project/PMAC Script Language/PLC Programs/PLC00_RTI.plc 
Including Project File: /var/ftp/usrflash/Project/PMAC Script Language/PLC Programs/PLC01_Init.plc 
Including Project File: /var/ftp/usrflash/Project/PMAC Script Language/PLC Programs/PLC02_Sta.plc 
Including Project File: /var/ftp/usrflash/Project/PMAC Script Language/PLC Programs/PLC03_Cmd.plc 
Including Project File: /var/ftp/usrflash/Project/PMAC Script Language/PLC Programs/PLC04_Safety.plc 
Including Project File: /var/ftp/usrflash/Project/PMAC Script Language/PLC Programs/PLC05_Ecat.plc 
Including Project File: /var/ftp/usrflash/Project/PMAC Script Language/PLC Programs/PLC06_IoCom.plc 
Including Project File: /var/ftp/usrflash/Project/PMAC Script Language/PLC Programs/PLC10_Home.plc 
Including Project File: /var/ftp/usrflash/Project/PMAC Script Language/PLC Programs/PLC11_Jog.plc 
Including Project File: /var/ftp/usrflash/Project/PMAC Script Language/PLC Programs/PLC12_SeqMc.plc 
Including Project File: /var/ftp/usrflash/Project/PMAC Script Language/PLC Programs/PLC13_SeqWs.plc 
Including Project File: /var/ftp/usrflash/Project/PMAC Script Language/PLC Programs/PLC14_SeqVs.plc 
Including Project File: /var/ftp/usrflash/Project/PMAC Script Language/PLC Programs/PLC20_Cylinder.plc 
Including Project File: /var/ftp/usrflash/Project/PMAC Script Language/PLC Programs/PLC21_TestShot.plc 
Including Project File: /var/ftp/usrflash/Project/PMAC Script Language/PLC Programs/PLC22_LaserCtrl.plc 
Including Project File: /var/ftp/usrflash/Project/PMAC Script Language/PLC Programs/PLC23_TargetMove.plc 
Including Project File: /var/ftp/usrflash/Project/PMAC Script Language/PLC Programs/PLC24_Cover.plc 
Including Project File: /var/ftp/usrflash/Project/PMAC Script Language/PLC Programs/PLC25_BlowOff.plc 
Including Project File: /var/ftp/usrflash/Project/PMAC Script Language/PLC Programs/PLC27_PickAndPlace.plc 
Including Project File: /var/ftp/usrflash/Project/PMAC Script Language/PLC Programs/PLC28_VisionTrigger.plc 
Including Project File: /var/ftp/usrflash/Project/PMAC Script Language/PLC Programs/PLC29_Buf.plc 
Including Project File: /var/ftp/usrflash/Project/PMAC Script Language/PLC Programs/PLC30_Test.plc 
Including Project File: /var/ftp/usrflash/Project/PMAC Script Language/PLC Programs/PLC31_ReqSim.plc 
Including Project File: /var/ftp/usrflash/Project/PMAC Script Language/PLC Programs/PLC26_PowerCheck.plc 
Including Project File: /var/ftp/usrflash/Project/PMAC Script Language/PLC Programs/PLC32_VisionSeq.plc 
Including Project File: /var/ftp/usrflash/Project/Configuration/pp_startup.txt 
Status: Pass 1 Create debug file, #defines, *.h & .sym files, Time (sec) = 0.277890
Status: Pass 2 Verify prog calls, local stack & labels, Time (sec)  = 0.116292
3750 Project Symbols were created for gpascii -2 communication
Status: Create PPMAC Symbol Table & Run CPP Time (sec) = 0.627242
Error: downloading preprocessed File: "/var/ftp/usrflash/Temp/pp_proj.pma"
Status: Download to PPMAC Command Processor, Time (sec) = 0.032091
Project Preprocessing & Load Total Time (sec) = 1.491742
[PMAC_PROJECT]
Start of Project Loading using INI File: "/var/ftp/usrflash/Project/Configuration/pp_proj.ini"
Including Project File: /var/ftp/usrflash/Project/Configuration/pp_disable.txt 
Including Project File: /var/ftp/usrflash/Project/PMAC Script Language/Global Includes/ECATMap.pmh 
Including Project File: /var/ftp/usrflash/Project/PMAC Script Language/Global Includes/AX1515_Mapping.pmh 
Including Project File: /var/ftp/usrflash/Project/PMAC Script Language/Global Includes/H00_Setup_System.pmh 
Including Project File: /var/ftp/usrflash/Project/PMAC Script Language/Global Includes/H01_Setup_EncTable.pmh 
Including Project File: /var/ftp/usrflash/Project/PMAC Script Language/Global Includes/H02_Setup_Motor.pmh 
Including Project File: /var/ftp/usrflash/Project/PMAC Script Language/Global Includes/H03_Setup_Coord.pmh 
Including Project File: /var/ftp/usrflash/Project/PMAC Script Language/Global Includes/H04_Setup_Ecat.pmh 
Including Project File: /var/ftp/usrflash/Project/PMAC Script Language/Global Includes/H05_Setup_Gpio.pmh 
Including Project File: /var/ftp/usrflash/Project/PMAC Script Language/Global Includes/H06_Variable_Umem.pmh 
Including Project File: /var/ftp/usrflash/Project/PMAC Script Language/Global Includes/H07_Variable_UmemArray.pmh 
Including Project File: /var/ftp/usrflash/Project/PMAC Script Language/Global Includes/H08_Variable_Prog.pmh 
Including Project File: /var/ftp/usrflash/Project/PMAC Script Language/Global Includes/H09_Kinematics.pmh 
Including Project File: /var/ftp/usrflash/Project/PMAC Script Language/Global Includes/H10_Nc.pmh 
Including Project File: /var/ftp/usrflash/Project/PMAC Script Language/Kinematic Routines/Forward1.kin 
Including Project File: /var/ftp/usrflash/Project/PMAC Script Language/Kinematic Routines/Inverse1.kin 
Including Project File: /var/ftp/usrflash/Project/PMAC Script Language/Kinematic Routines/Forward2.kin 
Including Project File: /var/ftp/usrflash/Project/PMAC Script Language/Kinematic Routines/Inverse2.kin 
Including Project File: /var/ftp/usrflash/Project/PMAC Script Language/Kinematic Routines/Forward3.kin 
Including Project File: /var/ftp/usrflash/Project/PMAC Script Language/Kinematic Routines/Inverse3.kin 
Including Project File: /var/ftp/usrflash/Project/PMAC Script Language/Libraries/timer.pmc 
Including Project File: /var/ftp/usrflash/Project/PMAC Script Language/Libraries/SPG_Gcode.pmc 
Including Project File: /var/ftp/usrflash/Project/PMAC Script Language/Libraries/SPG_Mcode.pmc 
Including Project File: /var/ftp/usrflash/Project/PMAC Script Language/Libraries/SPG_AbortVsHome.pmc 
Including Project File: /var/ftp/usrflash/Project/PMAC Script Language/Libraries/SPG_AbortVsLoop.pmc 
Including Project File: /var/ftp/usrflash/Project/PMAC Script Language/Libraries/SPG_AbortWsHome.pmc 
Including Project File: /var/ftp/usrflash/Project/PMAC Script Language/Libraries/SPG_AbortWsLoop.pmc 
Including Project File: /var/ftp/usrflash/Project/PMAC Script Language/Libraries/SPG_InitCommand.pmc 
Including Project File: /var/ftp/usrflash/Project/PMAC Script Language/Libraries/SPG_InitECylinder.pmc 
Including Project File: /var/ftp/usrflash/Project/PMAC Script Language/Libraries/SPG_InitMotor.pmc 
Including Project File: /var/ftp/usrflash/Project/PMAC Script Language/Libraries/SPG_InitScanner.pmc 
Including Project File: /var/ftp/usrflash/Project/PMAC Script Language/Libraries/SPG_InitSeqParam.pmc 
Including Project File: /var/ftp/usrflash/Project/PMAC Script Language/Libraries/SPG_SetDefaultParam.pmc 
Including Project File: /var/ftp/usrflash/Project/PMAC Script Language/Libraries/SPG_SetEquOut.pmc 
Including Project File: /var/ftp/usrflash/Project/PMAC Script Language/Libraries/SPG_SetSeqBufQ.pmc 
Including Project File: /var/ftp/usrflash/Project/PMAC Script Language/Libraries/SPG_SetVsLdParam.pmc 
Including Project File: /var/ftp/usrflash/Project/PMAC Script Language/Libraries/SPG_SetVsRdParam.pmc 
Including Project File: /var/ftp/usrflash/Project/PMAC Script Language/Libraries/SPG_SetVsRjParam.pmc 
Including Project File: /var/ftp/usrflash/Project/PMAC Script Language/Libraries/SPG_SetVsUdParam.pmc 
Including Project File: /var/ftp/usrflash/Project/PMAC Script Language/Libraries/SPG_SetVsVnParam.pmc 
Including Project File: /var/ftp/usrflash/Project/PMAC Script Language/Libraries/SPG_SetVsWtParam.pmc 
Including Project File: /var/ftp/usrflash/Project/PMAC Script Language/Libraries/SPG_SetWsLdParam.pmc 
Including Project File: /var/ftp/usrflash/Project/PMAC Script Language/Libraries/SPG_SetWsRdParam.pmc 
Including Project File: /var/ftp/usrflash/Project/PMAC Script Language/Libraries/SPG_SetWsRjParam.pmc 
Including Project File: /var/ftp/usrflash/Project/PMAC Script Language/Libraries/SPG_SetWsUdParam.pmc 
Including Project File: /var/ftp/usrflash/Project/PMAC Script Language/Libraries/SPG_SetWsWdParam.pmc 
Including Project File: /var/ftp/usrflash/Project/PMAC Script Language/Libraries/SPG_SetWsWtParam.pmc 
Including Project File: /var/ftp/usrflash/Project/PMAC Script Language/Libraries/SPG_ReadScPos.pmc 
Including Project File: /var/ftp/usrflash/Project/PMAC Script Language/Libraries/SPG_ResetVsAlarm.pmc 
Including Project File: /var/ftp/usrflash/Project/PMAC Script Language/Libraries/SPG_ResetWsAlarm.pmc 
Including Project File: /var/ftp/usrflash/Project/PMAC Script Language/Libraries/SPG_ReadThPos.pmc 
Including Project File: /var/ftp/usrflash/Project/PMAC Script Language/Libraries/SPG_ConvertFunc.pmc 
Including Project File: /var/ftp/usrflash/Project/PMAC Script Language/Motion Programs/PRG01_Test1.pmc 
Including Project File: /var/ftp/usrflash/Project/PMAC Script Language/Motion Programs/PRG02_Test2.pmc 
Including Project File: /var/ftp/usrflash/Project/PMAC Script Language/Motion Programs/PRG03_Test3.pmc 
Including Project File: /var/ftp/usrflash/Project/PMAC Script Language/Motion Programs/PRG04_Test4.pmc 
Including Project File: /var/ftp/usrflash/Project/PMAC Script Language/Motion Programs/PRG05_Test5.pmc 
Including Project File: /var/ftp/usrflash/Project/PMAC Script Language/Motion Programs/PRG19_Zero.pmc 
Including Project File: /var/ftp/usrflash/Project/PMAC Script Language/Motion Programs/PRG20_Welding.pmc 
Including Project File: /var/ftp/usrflash/Project/PMAC Script Language/Motion Programs/PRG21_Circle.pmc 
Including Project File: /var/ftp/usrflash/Project/PMAC Script Language/Motion Programs/PRG22_SnowMan.pmc 
Including Project File: /var/ftp/usrflash/Project/PMAC Script Language/Motion Programs/PRG23_ButterFly.pmc 
Including Project File: /var/ftp/usrflash/Project/PMAC Script Language/Motion Programs/PRG24_Column.pmc 
Including Project File: /var/ftp/usrflash/Project/PMAC Script Language/Motion Programs/PRG25_Row.pmc 
Including Project File: /var/ftp/usrflash/Project/PMAC Script Language/Motion Programs/PRG30_Vision.pmc 
Including Project File: /var/ftp/usrflash/Project/PMAC Script Language/Motion Programs/PRG50_LaserTest_Cross.pmc 
Including Project File: /var/ftp/usrflash/Project/PMAC Script Language/Motion Programs/PRG51_LaserTest_Line.pmc 
Including Project File: /var/ftp/usrflash/Project/PMAC Script Language/Motion Programs/PRG18_ProgMove.pmc 
Including Project File: /var/ftp/usrflash/Project/PMAC Script Language/PLC Programs/PLC00_RTI.plc 
Including Project File: /var/ftp/usrflash/Project/PMAC Script Language/PLC Programs/PLC01_Init.plc 
Including Project File: /var/ftp/usrflash/Project/PMAC Script Language/PLC Programs/PLC02_Sta.plc 
Including Project File: /var/ftp/usrflash/Project/PMAC Script Language/PLC Programs/PLC03_Cmd.plc 
Including Project File: /var/ftp/usrflash/Project/PMAC Script Language/PLC Programs/PLC04_Safety.plc 
Including Project File: /var/ftp/usrflash/Project/PMAC Script Language/PLC Programs/PLC05_Ecat.plc 
Including Project File: /var/ftp/usrflash/Project/PMAC Script Language/PLC Programs/PLC06_IoCom.plc 
Including Project File: /var/ftp/usrflash/Project/PMAC Script Language/PLC Programs/PLC10_Home.plc 
Including Project File: /var/ftp/usrflash/Project/PMAC Script Language/PLC Programs/PLC11_Jog.plc 
Including Project File: /var/ftp/usrflash/Project/PMAC Script Language/PLC Programs/PLC12_SeqMc.plc 
Including Project File: /var/ftp/usrflash/Project/PMAC Script Language/PLC Programs/PLC13_SeqWs.plc 
Including Project File: /var/ftp/usrflash/Project/PMAC Script Language/PLC Programs/PLC14_SeqVs.plc 
Including Project File: /var/ftp/usrflash/Project/PMAC Script Language/PLC Programs/PLC20_Cylinder.plc 
Including Project File: /var/ftp/usrflash/Project/PMAC Script Language/PLC Programs/PLC21_TestShot.plc 
Including Project File: /var/ftp/usrflash/Project/PMAC Script Language/PLC Programs/PLC22_LaserCtrl.plc 
Including Project File: /var/ftp/usrflash/Project/PMAC Script Language/PLC Programs/PLC23_TargetMove.plc 
Including Project File: /var/ftp/usrflash/Project/PMAC Script Language/PLC Programs/PLC24_Cover.plc 
Including Project File: /var/ftp/usrflash/Project/PMAC Script Language/PLC Programs/PLC25_BlowOff.plc 
Including Project File: /var/ftp/usrflash/Project/PMAC Script Language/PLC Programs/PLC27_PickAndPlace.plc 
Including Project File: /var/ftp/usrflash/Project/PMAC Script Language/PLC Programs/PLC28_VisionTrigger.plc 
Including Project File: /var/ftp/usrflash/Project/PMAC Script Language/PLC Programs/PLC29_Buf.plc 
Including Project File: /var/ftp/usrflash/Project/PMAC Script Language/PLC Programs/PLC30_Test.plc 
Including Project File: /var/ftp/usrflash/Project/PMAC Script Language/PLC Programs/PLC31_ReqSim.plc 
Including Project File: /var/ftp/usrflash/Project/PMAC Script Language/PLC Programs/PLC26_PowerCheck.plc 
Including Project File: /var/ftp/usrflash/Project/PMAC Script Language/PLC Programs/PLC32_VisionSeq.plc 
Including Project File: /var/ftp/usrflash/Project/Configuration/pp_startup.txt 
3750 Project Symbols were created for gpascii -2 communication
[PMAC_PROJECT]
Start of Project Loading using INI File: "/var/ftp/usrflash/Project/Configuration/pp_proj.ini"
Success: Loading usralgo.ko
Success: Loading RT Address of CfromScript
Success: Loading RT Address of CaptCompISR
LoadRTUserCode() Delta Time (sec) = 0.373041
Including Project File: /var/ftp/usrflash/Project/Configuration/pp_disable.txt 
Including Project File: /var/ftp/usrflash/Project/PMAC Script Language/Global Includes/ECATMap.pmh 
Including Project File: /var/ftp/usrflash/Project/PMAC Script Language/Global Includes/AX1515_Mapping.pmh 
Including Project File: /var/ftp/usrflash/Project/PMAC Script Language/Global Includes/H00_Setup_System.pmh 
Including Project File: /var/ftp/usrflash/Project/PMAC Script Language/Global Includes/H01_Setup_EncTable.pmh 
Including Project File: /var/ftp/usrflash/Project/PMAC Script Language/Global Includes/H02_Setup_Motor.pmh 
Including Project File: /var/ftp/usrflash/Project/PMAC Script Language/Global Includes/H03_Setup_Coord.pmh 
Including Project File: /var/ftp/usrflash/Project/PMAC Script Language/Global Includes/H04_Setup_Ecat.pmh 
Including Project File: /var/ftp/usrflash/Project/PMAC Script Language/Global Includes/H05_Setup_Gpio.pmh 
Including Project File: /var/ftp/usrflash/Project/PMAC Script Language/Global Includes/H06_Variable_Umem.pmh 
Including Project File: /var/ftp/usrflash/Project/PMAC Script Language/Global Includes/H07_Variable_UmemArray.pmh 
Including Project File: /var/ftp/usrflash/Project/PMAC Script Language/Global Includes/H08_Variable_Prog.pmh 
Including Project File: /var/ftp/usrflash/Project/PMAC Script Language/Global Includes/H09_Kinematics.pmh 
Including Project File: /var/ftp/usrflash/Project/PMAC Script Language/Global Includes/H10_Nc.pmh 
Including Project File: /var/ftp/usrflash/Project/PMAC Script Language/Kinematic Routines/Forward1.kin 
Including Project File: /var/ftp/usrflash/Project/PMAC Script Language/Kinematic Routines/Inverse1.kin 
Including Project File: /var/ftp/usrflash/Project/PMAC Script Language/Kinematic Routines/Forward2.kin 
Including Project File: /var/ftp/usrflash/Project/PMAC Script Language/Kinematic Routines/Inverse2.kin 
Including Project File: /var/ftp/usrflash/Project/PMAC Script Language/Kinematic Routines/Forward3.kin 
Including Project File: /var/ftp/usrflash/Project/PMAC Script Language/Kinematic Routines/Inverse3.kin 
Including Project File: /var/ftp/usrflash/Project/PMAC Script Language/Libraries/timer.pmc 
Including Project File: /var/ftp/usrflash/Project/PMAC Script Language/Libraries/SPG_Gcode.pmc 
Including Project File: /var/ftp/usrflash/Project/PMAC Script Language/Libraries/SPG_Mcode.pmc 
Including Project File: /var/ftp/usrflash/Project/PMAC Script Language/Libraries/SPG_AbortVsHome.pmc 
Including Project File: /var/ftp/usrflash/Project/PMAC Script Language/Libraries/SPG_AbortVsLoop.pmc 
Including Project File: /var/ftp/usrflash/Project/PMAC Script Language/Libraries/SPG_AbortWsHome.pmc 
Including Project File: /var/ftp/usrflash/Project/PMAC Script Language/Libraries/SPG_AbortWsLoop.pmc 
Including Project File: /var/ftp/usrflash/Project/PMAC Script Language/Libraries/SPG_InitCommand.pmc 
Including Project File: /var/ftp/usrflash/Project/PMAC Script Language/Libraries/SPG_InitECylinder.pmc 
Including Project File: /var/ftp/usrflash/Project/PMAC Script Language/Libraries/SPG_InitMotor.pmc 
Including Project File: /var/ftp/usrflash/Project/PMAC Script Language/Libraries/SPG_InitScanner.pmc 
Including Project File: /var/ftp/usrflash/Project/PMAC Script Language/Libraries/SPG_InitSeqParam.pmc 
Including Project File: /var/ftp/usrflash/Project/PMAC Script Language/Libraries/SPG_SetDefaultParam.pmc 
Including Project File: /var/ftp/usrflash/Project/PMAC Script Language/Libraries/SPG_SetEquOut.pmc 
Including Project File: /var/ftp/usrflash/Project/PMAC Script Language/Libraries/SPG_SetSeqBufQ.pmc 
Including Project File: /var/ftp/usrflash/Project/PMAC Script Language/Libraries/SPG_SetVsLdParam.pmc 
Including Project File: /var/ftp/usrflash/Project/PMAC Script Language/Libraries/SPG_SetVsRdParam.pmc 
Including Project File: /var/ftp/usrflash/Project/PMAC Script Language/Libraries/SPG_SetVsRjParam.pmc 
Including Project File: /var/ftp/usrflash/Project/PMAC Script Language/Libraries/SPG_SetVsUdParam.pmc 
Including Project File: /var/ftp/usrflash/Project/PMAC Script Language/Libraries/SPG_SetVsVnParam.pmc 
Including Project File: /var/ftp/usrflash/Project/PMAC Script Language/Libraries/SPG_SetVsWtParam.pmc 
Including Project File: /var/ftp/usrflash/Project/PMAC Script Language/Libraries/SPG_SetWsLdParam.pmc 
Including Project File: /var/ftp/usrflash/Project/PMAC Script Language/Libraries/SPG_SetWsRdParam.pmc 
Including Project File: /var/ftp/usrflash/Project/PMAC Script Language/Libraries/SPG_SetWsRjParam.pmc 
Including Project File: /var/ftp/usrflash/Project/PMAC Script Language/Libraries/SPG_SetWsUdParam.pmc 
Including Project File: /var/ftp/usrflash/Project/PMAC Script Language/Libraries/SPG_SetWsWdParam.pmc 
Including Project File: /var/ftp/usrflash/Project/PMAC Script Language/Libraries/SPG_SetWsWtParam.pmc 
Including Project File: /var/ftp/usrflash/Project/PMAC Script Language/Libraries/SPG_ReadScPos.pmc 
Including Project File: /var/ftp/usrflash/Project/PMAC Script Language/Libraries/SPG_ResetVsAlarm.pmc 
Including Project File: /var/ftp/usrflash/Project/PMAC Script Language/Libraries/SPG_ResetWsAlarm.pmc 
Including Project File: /var/ftp/usrflash/Project/PMAC Script Language/Libraries/SPG_ReadThPos.pmc 
Including Project File: /var/ftp/usrflash/Project/PMAC Script Language/Libraries/SPG_ConvertFunc.pmc 
Including Project File: /var/ftp/usrflash/Project/PMAC Script Language/Motion Programs/PRG01_Test1.pmc 
Including Project File: /var/ftp/usrflash/Project/PMAC Script Language/Motion Programs/PRG02_Test2.pmc 
Including Project File: /var/ftp/usrflash/Project/PMAC Script Language/Motion Programs/PRG03_Test3.pmc 
Including Project File: /var/ftp/usrflash/Project/PMAC Script Language/Motion Programs/PRG04_Test4.pmc 
Including Project File: /var/ftp/usrflash/Project/PMAC Script Language/Motion Programs/PRG05_Test5.pmc 
Including Project File: /var/ftp/usrflash/Project/PMAC Script Language/Motion Programs/PRG19_Zero.pmc 
Including Project File: /var/ftp/usrflash/Project/PMAC Script Language/Motion Programs/PRG20_Welding.pmc 
Including Project File: /var/ftp/usrflash/Project/PMAC Script Language/Motion Programs/PRG21_Circle.pmc 
Including Project File: /var/ftp/usrflash/Project/PMAC Script Language/Motion Programs/PRG22_SnowMan.pmc 
Including Project File: /var/ftp/usrflash/Project/PMAC Script Language/Motion Programs/PRG23_ButterFly.pmc 
Including Project File: /var/ftp/usrflash/Project/PMAC Script Language/Motion Programs/PRG24_Column.pmc 
Including Project File: /var/ftp/usrflash/Project/PMAC Script Language/Motion Programs/PRG25_Row.pmc 
Including Project File: /var/ftp/usrflash/Project/PMAC Script Language/Motion Programs/PRG30_Vision.pmc 
Including Project File: /var/ftp/usrflash/Project/PMAC Script Language/Motion Programs/PRG50_LaserTest_Cross.pmc 
Including Project File: /var/ftp/usrflash/Project/PMAC Script Language/Motion Programs/PRG51_LaserTest_Line.pmc 
Including Project File: /var/ftp/usrflash/Project/PMAC Script Language/Motion Programs/PRG18_ProgMove.pmc 
Including Project File: /var/ftp/usrflash/Project/PMAC Script Language/PLC Programs/PLC00_RTI.plc 
Including Project File: /var/ftp/usrflash/Project/PMAC Script Language/PLC Programs/PLC01_Init.plc 
Including Project File: /var/ftp/usrflash/Project/PMAC Script Language/PLC Programs/PLC02_Sta.plc 
Including Project File: /var/ftp/usrflash/Project/PMAC Script Language/PLC Programs/PLC03_Cmd.plc 
Including Project File: /var/ftp/usrflash/Project/PMAC Script Language/PLC Programs/PLC04_Safety.plc 
Including Project File: /var/ftp/usrflash/Project/PMAC Script Language/PLC Programs/PLC05_Ecat.plc 
Including Project File: /var/ftp/usrflash/Project/PMAC Script Language/PLC Programs/PLC06_IoCom.plc 
Including Project File: /var/ftp/usrflash/Project/PMAC Script Language/PLC Programs/PLC10_Home.plc 
Including Project File: /var/ftp/usrflash/Project/PMAC Script Language/PLC Programs/PLC11_Jog.plc 
Including Project File: /var/ftp/usrflash/Project/PMAC Script Language/PLC Programs/PLC12_SeqMc.plc 
Including Project File: /var/ftp/usrflash/Project/PMAC Script Language/PLC Programs/PLC13_SeqWs.plc 
Including Project File: /var/ftp/usrflash/Project/PMAC Script Language/PLC Programs/PLC14_SeqVs.plc 
Including Project File: /var/ftp/usrflash/Project/PMAC Script Language/PLC Programs/PLC20_Cylinder.plc 
Including Project File: /var/ftp/usrflash/Project/PMAC Script Language/PLC Programs/PLC21_TestShot.plc 
Including Project File: /var/ftp/usrflash/Project/PMAC Script Language/PLC Programs/PLC22_LaserCtrl.plc 
Including Project File: /var/ftp/usrflash/Project/PMAC Script Language/PLC Programs/PLC23_TargetMove.plc 
Including Project File: /var/ftp/usrflash/Project/PMAC Script Language/PLC Programs/PLC24_Cover.plc 
Including Project File: /var/ftp/usrflash/Project/PMAC Script Language/PLC Programs/PLC25_BlowOff.plc 
Including Project File: /var/ftp/usrflash/Project/PMAC Script Language/PLC Programs/PLC27_PickAndPlace.plc 
Including Project File: /var/ftp/usrflash/Project/PMAC Script Language/PLC Programs/PLC28_VisionTrigger.plc 
Including Project File: /var/ftp/usrflash/Project/PMAC Script Language/PLC Programs/PLC29_Buf.plc 
Including Project File: /var/ftp/usrflash/Project/PMAC Script Language/PLC Programs/PLC30_Test.plc 
Including Project File: /var/ftp/usrflash/Project/PMAC Script Language/PLC Programs/PLC31_ReqSim.plc 
Including Project File: /var/ftp/usrflash/Project/PMAC Script Language/PLC Programs/PLC26_PowerCheck.plc 
Including Project File: /var/ftp/usrflash/Project/PMAC Script Language/PLC Programs/PLC32_VisionSeq.plc 
Including Project File: /var/ftp/usrflash/Project/Configuration/pp_startup.txt 
Status: Pass 1 Create debug file, #defines, *.h & .sym files, Time (sec) = 0.289315
Status: Pass 2 Verify prog calls, local stack & labels, Time (sec)  = 0.109000
3750 Project Symbols were created for gpascii -2 communication
Status: Create PPMAC Symbol Table & Run CPP Time (sec) = 0.635947
Error: downloading preprocessed File: "/var/ftp/usrflash/Temp/pp_proj.pma"
Status: Download to PPMAC Command Processor, Time (sec) = 0.027325
Project Preprocessing & Load Total Time (sec) = 1.435934
[PMAC_PROJECT]
Start of Project Loading using INI File: "/var/ftp/usrflash/Project/Configuration/pp_proj.ini"
Including Project File: /var/ftp/usrflash/Project/Configuration/pp_disable.txt 
Including Project File: /var/ftp/usrflash/Project/PMAC Script Language/Global Includes/ECATMap.pmh 
Including Project File: /var/ftp/usrflash/Project/PMAC Script Language/Global Includes/AX1515_Mapping.pmh 
Including Project File: /var/ftp/usrflash/Project/PMAC Script Language/Global Includes/H00_Setup_System.pmh 
Including Project File: /var/ftp/usrflash/Project/PMAC Script Language/Global Includes/H01_Setup_EncTable.pmh 
Including Project File: /var/ftp/usrflash/Project/PMAC Script Language/Global Includes/H02_Setup_Motor.pmh 
Including Project File: /var/ftp/usrflash/Project/PMAC Script Language/Global Includes/H03_Setup_Coord.pmh 
Including Project File: /var/ftp/usrflash/Project/PMAC Script Language/Global Includes/H04_Setup_Ecat.pmh 
Including Project File: /var/ftp/usrflash/Project/PMAC Script Language/Global Includes/H05_Setup_Gpio.pmh 
Including Project File: /var/ftp/usrflash/Project/PMAC Script Language/Global Includes/H06_Variable_Umem.pmh 
Including Project File: /var/ftp/usrflash/Project/PMAC Script Language/Global Includes/H07_Variable_UmemArray.pmh 
Including Project File: /var/ftp/usrflash/Project/PMAC Script Language/Global Includes/H08_Variable_Prog.pmh 
Including Project File: /var/ftp/usrflash/Project/PMAC Script Language/Global Includes/H09_Kinematics.pmh 
Including Project File: /var/ftp/usrflash/Project/PMAC Script Language/Global Includes/H10_Nc.pmh 
Including Project File: /var/ftp/usrflash/Project/PMAC Script Language/Kinematic Routines/Forward1.kin 
Including Project File: /var/ftp/usrflash/Project/PMAC Script Language/Kinematic Routines/Inverse1.kin 
Including Project File: /var/ftp/usrflash/Project/PMAC Script Language/Kinematic Routines/Forward2.kin 
Including Project File: /var/ftp/usrflash/Project/PMAC Script Language/Kinematic Routines/Inverse2.kin 
Including Project File: /var/ftp/usrflash/Project/PMAC Script Language/Kinematic Routines/Forward3.kin 
Including Project File: /var/ftp/usrflash/Project/PMAC Script Language/Kinematic Routines/Inverse3.kin 
Including Project File: /var/ftp/usrflash/Project/PMAC Script Language/Libraries/timer.pmc 
Including Project File: /var/ftp/usrflash/Project/PMAC Script Language/Libraries/SPG_Gcode.pmc 
Including Project File: /var/ftp/usrflash/Project/PMAC Script Language/Libraries/SPG_Mcode.pmc 
Including Project File: /var/ftp/usrflash/Project/PMAC Script Language/Libraries/SPG_AbortVsHome.pmc 
Including Project File: /var/ftp/usrflash/Project/PMAC Script Language/Libraries/SPG_AbortVsLoop.pmc 
Including Project File: /var/ftp/usrflash/Project/PMAC Script Language/Libraries/SPG_AbortWsHome.pmc 
Including Project File: /var/ftp/usrflash/Project/PMAC Script Language/Libraries/SPG_AbortWsLoop.pmc 
Including Project File: /var/ftp/usrflash/Project/PMAC Script Language/Libraries/SPG_InitCommand.pmc 
Including Project File: /var/ftp/usrflash/Project/PMAC Script Language/Libraries/SPG_InitECylinder.pmc 
Including Project File: /var/ftp/usrflash/Project/PMAC Script Language/Libraries/SPG_InitMotor.pmc 
Including Project File: /var/ftp/usrflash/Project/PMAC Script Language/Libraries/SPG_InitScanner.pmc 
Including Project File: /var/ftp/usrflash/Project/PMAC Script Language/Libraries/SPG_InitSeqParam.pmc 
Including Project File: /var/ftp/usrflash/Project/PMAC Script Language/Libraries/SPG_SetDefaultParam.pmc 
Including Project File: /var/ftp/usrflash/Project/PMAC Script Language/Libraries/SPG_SetEquOut.pmc 
Including Project File: /var/ftp/usrflash/Project/PMAC Script Language/Libraries/SPG_SetSeqBufQ.pmc 
Including Project File: /var/ftp/usrflash/Project/PMAC Script Language/Libraries/SPG_SetVsLdParam.pmc 
Including Project File: /var/ftp/usrflash/Project/PMAC Script Language/Libraries/SPG_SetVsRdParam.pmc 
Including Project File: /var/ftp/usrflash/Project/PMAC Script Language/Libraries/SPG_SetVsRjParam.pmc 
Including Project File: /var/ftp/usrflash/Project/PMAC Script Language/Libraries/SPG_SetVsUdParam.pmc 
Including Project File: /var/ftp/usrflash/Project/PMAC Script Language/Libraries/SPG_SetVsVnParam.pmc 
Including Project File: /var/ftp/usrflash/Project/PMAC Script Language/Libraries/SPG_SetVsWtParam.pmc 
Including Project File: /var/ftp/usrflash/Project/PMAC Script Language/Libraries/SPG_SetWsLdParam.pmc 
Including Project File: /var/ftp/usrflash/Project/PMAC Script Language/Libraries/SPG_SetWsRdParam.pmc 
Including Project File: /var/ftp/usrflash/Project/PMAC Script Language/Libraries/SPG_SetWsRjParam.pmc 
Including Project File: /var/ftp/usrflash/Project/PMAC Script Language/Libraries/SPG_SetWsUdParam.pmc 
Including Project File: /var/ftp/usrflash/Project/PMAC Script Language/Libraries/SPG_SetWsWdParam.pmc 
Including Project File: /var/ftp/usrflash/Project/PMAC Script Language/Libraries/SPG_SetWsWtParam.pmc 
Including Project File: /var/ftp/usrflash/Project/PMAC Script Language/Libraries/SPG_ReadScPos.pmc 
Including Project File: /var/ftp/usrflash/Project/PMAC Script Language/Libraries/SPG_ResetVsAlarm.pmc 
Including Project File: /var/ftp/usrflash/Project/PMAC Script Language/Libraries/SPG_ResetWsAlarm.pmc 
Including Project File: /var/ftp/usrflash/Project/PMAC Script Language/Libraries/SPG_ReadThPos.pmc 
Including Project File: /var/ftp/usrflash/Project/PMAC Script Language/Libraries/SPG_ConvertFunc.pmc 
Including Project File: /var/ftp/usrflash/Project/PMAC Script Language/Motion Programs/PRG01_Test1.pmc 
Including Project File: /var/ftp/usrflash/Project/PMAC Script Language/Motion Programs/PRG02_Test2.pmc 
Including Project File: /var/ftp/usrflash/Project/PMAC Script Language/Motion Programs/PRG03_Test3.pmc 
Including Project File: /var/ftp/usrflash/Project/PMAC Script Language/Motion Programs/PRG04_Test4.pmc 
Including Project File: /var/ftp/usrflash/Project/PMAC Script Language/Motion Programs/PRG05_Test5.pmc 
Including Project File: /var/ftp/usrflash/Project/PMAC Script Language/Motion Programs/PRG19_Zero.pmc 
Including Project File: /var/ftp/usrflash/Project/PMAC Script Language/Motion Programs/PRG20_Welding.pmc 
Including Project File: /var/ftp/usrflash/Project/PMAC Script Language/Motion Programs/PRG21_Circle.pmc 
Including Project File: /var/ftp/usrflash/Project/PMAC Script Language/Motion Programs/PRG22_SnowMan.pmc 
Including Project File: /var/ftp/usrflash/Project/PMAC Script Language/Motion Programs/PRG23_ButterFly.pmc 
Including Project File: /var/ftp/usrflash/Project/PMAC Script Language/Motion Programs/PRG24_Column.pmc 
Including Project File: /var/ftp/usrflash/Project/PMAC Script Language/Motion Programs/PRG25_Row.pmc 
Including Project File: /var/ftp/usrflash/Project/PMAC Script Language/Motion Programs/PRG30_Vision.pmc 
Including Project File: /var/ftp/usrflash/Project/PMAC Script Language/Motion Programs/PRG50_LaserTest_Cross.pmc 
Including Project File: /var/ftp/usrflash/Project/PMAC Script Language/Motion Programs/PRG51_LaserTest_Line.pmc 
Including Project File: /var/ftp/usrflash/Project/PMAC Script Language/Motion Programs/PRG18_ProgMove.pmc 
Including Project File: /var/ftp/usrflash/Project/PMAC Script Language/PLC Programs/PLC00_RTI.plc 
Including Project File: /var/ftp/usrflash/Project/PMAC Script Language/PLC Programs/PLC01_Init.plc 
Including Project File: /var/ftp/usrflash/Project/PMAC Script Language/PLC Programs/PLC02_Sta.plc 
Including Project File: /var/ftp/usrflash/Project/PMAC Script Language/PLC Programs/PLC03_Cmd.plc 
Including Project File: /var/ftp/usrflash/Project/PMAC Script Language/PLC Programs/PLC04_Safety.plc 
Including Project File: /var/ftp/usrflash/Project/PMAC Script Language/PLC Programs/PLC05_Ecat.plc 
Including Project File: /var/ftp/usrflash/Project/PMAC Script Language/PLC Programs/PLC06_IoCom.plc 
Including Project File: /var/ftp/usrflash/Project/PMAC Script Language/PLC Programs/PLC10_Home.plc 
Including Project File: /var/ftp/usrflash/Project/PMAC Script Language/PLC Programs/PLC11_Jog.plc 
Including Project File: /var/ftp/usrflash/Project/PMAC Script Language/PLC Programs/PLC12_SeqMc.plc 
Including Project File: /var/ftp/usrflash/Project/PMAC Script Language/PLC Programs/PLC13_SeqWs.plc 
Including Project File: /var/ftp/usrflash/Project/PMAC Script Language/PLC Programs/PLC14_SeqVs.plc 
Including Project File: /var/ftp/usrflash/Project/PMAC Script Language/PLC Programs/PLC20_Cylinder.plc 
Including Project File: /var/ftp/usrflash/Project/PMAC Script Language/PLC Programs/PLC21_TestShot.plc 
Including Project File: /var/ftp/usrflash/Project/PMAC Script Language/PLC Programs/PLC22_LaserCtrl.plc 
Including Project File: /var/ftp/usrflash/Project/PMAC Script Language/PLC Programs/PLC23_TargetMove.plc 
Including Project File: /var/ftp/usrflash/Project/PMAC Script Language/PLC Programs/PLC24_Cover.plc 
Including Project File: /var/ftp/usrflash/Project/PMAC Script Language/PLC Programs/PLC25_BlowOff.plc 
Including Project File: /var/ftp/usrflash/Project/PMAC Script Language/PLC Programs/PLC27_PickAndPlace.plc 
Including Project File: /var/ftp/usrflash/Project/PMAC Script Language/PLC Programs/PLC28_VisionTrigger.plc 
Including Project File: /var/ftp/usrflash/Project/PMAC Script Language/PLC Programs/PLC29_Buf.plc 
Including Project File: /var/ftp/usrflash/Project/PMAC Script Language/PLC Programs/PLC30_Test.plc 
Including Project File: /var/ftp/usrflash/Project/PMAC Script Language/PLC Programs/PLC31_ReqSim.plc 
Including Project File: /var/ftp/usrflash/Project/PMAC Script Language/PLC Programs/PLC26_PowerCheck.plc 
Including Project File: /var/ftp/usrflash/Project/PMAC Script Language/PLC Programs/PLC32_VisionSeq.plc 
Including Project File: /var/ftp/usrflash/Project/Configuration/pp_startup.txt 
3750 Project Symbols were created for gpascii -2 communication
[PMAC_PROJECT]
Start of Project Loading using INI File: "/var/ftp/usrflash/Project/Configuration/pp_proj.ini"
Success: Loading usralgo.ko
Success: Loading RT Address of CfromScript
Success: Loading RT Address of CaptCompISR
LoadRTUserCode() Delta Time (sec) = 0.397439
Including Project File: /var/ftp/usrflash/Project/Configuration/pp_disable.txt 
Including Project File: /var/ftp/usrflash/Project/PMAC Script Language/Global Includes/ECATMap.pmh 
Including Project File: /var/ftp/usrflash/Project/PMAC Script Language/Global Includes/AX1515_Mapping.pmh 
Including Project File: /var/ftp/usrflash/Project/PMAC Script Language/Global Includes/H00_Setup_System.pmh 
Including Project File: /var/ftp/usrflash/Project/PMAC Script Language/Global Includes/H01_Setup_EncTable.pmh 
Including Project File: /var/ftp/usrflash/Project/PMAC Script Language/Global Includes/H02_Setup_Motor.pmh 
Including Project File: /var/ftp/usrflash/Project/PMAC Script Language/Global Includes/H03_Setup_Coord.pmh 
Including Project File: /var/ftp/usrflash/Project/PMAC Script Language/Global Includes/H04_Setup_Ecat.pmh 
Including Project File: /var/ftp/usrflash/Project/PMAC Script Language/Global Includes/H05_Setup_Gpio.pmh 
Including Project File: /var/ftp/usrflash/Project/PMAC Script Language/Global Includes/H06_Variable_Umem.pmh 
Including Project File: /var/ftp/usrflash/Project/PMAC Script Language/Global Includes/H07_Variable_UmemArray.pmh 
Including Project File: /var/ftp/usrflash/Project/PMAC Script Language/Global Includes/H08_Variable_Prog.pmh 
Including Project File: /var/ftp/usrflash/Project/PMAC Script Language/Global Includes/H09_Kinematics.pmh 
Including Project File: /var/ftp/usrflash/Project/PMAC Script Language/Global Includes/H10_Nc.pmh 
Including Project File: /var/ftp/usrflash/Project/PMAC Script Language/Kinematic Routines/Forward1.kin 
Including Project File: /var/ftp/usrflash/Project/PMAC Script Language/Kinematic Routines/Inverse1.kin 
Including Project File: /var/ftp/usrflash/Project/PMAC Script Language/Kinematic Routines/Forward2.kin 
Including Project File: /var/ftp/usrflash/Project/PMAC Script Language/Kinematic Routines/Inverse2.kin 
Including Project File: /var/ftp/usrflash/Project/PMAC Script Language/Kinematic Routines/Forward3.kin 
Including Project File: /var/ftp/usrflash/Project/PMAC Script Language/Kinematic Routines/Inverse3.kin 
Including Project File: /var/ftp/usrflash/Project/PMAC Script Language/Libraries/timer.pmc 
Including Project File: /var/ftp/usrflash/Project/PMAC Script Language/Libraries/SPG_Gcode.pmc 
Including Project File: /var/ftp/usrflash/Project/PMAC Script Language/Libraries/SPG_Mcode.pmc 
Including Project File: /var/ftp/usrflash/Project/PMAC Script Language/Libraries/SPG_AbortVsHome.pmc 
Including Project File: /var/ftp/usrflash/Project/PMAC Script Language/Libraries/SPG_AbortVsLoop.pmc 
Including Project File: /var/ftp/usrflash/Project/PMAC Script Language/Libraries/SPG_AbortWsHome.pmc 
Including Project File: /var/ftp/usrflash/Project/PMAC Script Language/Libraries/SPG_AbortWsLoop.pmc 
Including Project File: /var/ftp/usrflash/Project/PMAC Script Language/Libraries/SPG_InitCommand.pmc 
Including Project File: /var/ftp/usrflash/Project/PMAC Script Language/Libraries/SPG_InitECylinder.pmc 
Including Project File: /var/ftp/usrflash/Project/PMAC Script Language/Libraries/SPG_InitMotor.pmc 
Including Project File: /var/ftp/usrflash/Project/PMAC Script Language/Libraries/SPG_InitScanner.pmc 
Including Project File: /var/ftp/usrflash/Project/PMAC Script Language/Libraries/SPG_InitSeqParam.pmc 
Including Project File: /var/ftp/usrflash/Project/PMAC Script Language/Libraries/SPG_SetDefaultParam.pmc 
Including Project File: /var/ftp/usrflash/Project/PMAC Script Language/Libraries/SPG_SetEquOut.pmc 
Including Project File: /var/ftp/usrflash/Project/PMAC Script Language/Libraries/SPG_SetSeqBufQ.pmc 
Including Project File: /var/ftp/usrflash/Project/PMAC Script Language/Libraries/SPG_SetVsLdParam.pmc 
Including Project File: /var/ftp/usrflash/Project/PMAC Script Language/Libraries/SPG_SetVsRdParam.pmc 
Including Project File: /var/ftp/usrflash/Project/PMAC Script Language/Libraries/SPG_SetVsRjParam.pmc 
Including Project File: /var/ftp/usrflash/Project/PMAC Script Language/Libraries/SPG_SetVsUdParam.pmc 
Including Project File: /var/ftp/usrflash/Project/PMAC Script Language/Libraries/SPG_SetVsVnParam.pmc 
Including Project File: /var/ftp/usrflash/Project/PMAC Script Language/Libraries/SPG_SetVsWtParam.pmc 
Including Project File: /var/ftp/usrflash/Project/PMAC Script Language/Libraries/SPG_SetWsLdParam.pmc 
Including Project File: /var/ftp/usrflash/Project/PMAC Script Language/Libraries/SPG_SetWsRdParam.pmc 
Including Project File: /var/ftp/usrflash/Project/PMAC Script Language/Libraries/SPG_SetWsRjParam.pmc 
Including Project File: /var/ftp/usrflash/Project/PMAC Script Language/Libraries/SPG_SetWsUdParam.pmc 
Including Project File: /var/ftp/usrflash/Project/PMAC Script Language/Libraries/SPG_SetWsWdParam.pmc 
Including Project File: /var/ftp/usrflash/Project/PMAC Script Language/Libraries/SPG_SetWsWtParam.pmc 
Including Project File: /var/ftp/usrflash/Project/PMAC Script Language/Libraries/SPG_ReadScPos.pmc 
Including Project File: /var/ftp/usrflash/Project/PMAC Script Language/Libraries/SPG_ResetVsAlarm.pmc 
Including Project File: /var/ftp/usrflash/Project/PMAC Script Language/Libraries/SPG_ResetWsAlarm.pmc 
Including Project File: /var/ftp/usrflash/Project/PMAC Script Language/Libraries/SPG_ReadThPos.pmc 
Including Project File: /var/ftp/usrflash/Project/PMAC Script Language/Libraries/SPG_ConvertFunc.pmc 
Including Project File: /var/ftp/usrflash/Project/PMAC Script Language/Motion Programs/PRG01_Test1.pmc 
Including Project File: /var/ftp/usrflash/Project/PMAC Script Language/Motion Programs/PRG02_Test2.pmc 
Including Project File: /var/ftp/usrflash/Project/PMAC Script Language/Motion Programs/PRG03_Test3.pmc 
Including Project File: /var/ftp/usrflash/Project/PMAC Script Language/Motion Programs/PRG04_Test4.pmc 
Including Project File: /var/ftp/usrflash/Project/PMAC Script Language/Motion Programs/PRG05_Test5.pmc 
Including Project File: /var/ftp/usrflash/Project/PMAC Script Language/Motion Programs/PRG19_Zero.pmc 
Including Project File: /var/ftp/usrflash/Project/PMAC Script Language/Motion Programs/PRG20_Welding.pmc 
Including Project File: /var/ftp/usrflash/Project/PMAC Script Language/Motion Programs/PRG21_Circle.pmc 
Including Project File: /var/ftp/usrflash/Project/PMAC Script Language/Motion Programs/PRG22_SnowMan.pmc 
Including Project File: /var/ftp/usrflash/Project/PMAC Script Language/Motion Programs/PRG23_ButterFly.pmc 
Including Project File: /var/ftp/usrflash/Project/PMAC Script Language/Motion Programs/PRG24_Column.pmc 
Including Project File: /var/ftp/usrflash/Project/PMAC Script Language/Motion Programs/PRG25_Row.pmc 
Including Project File: /var/ftp/usrflash/Project/PMAC Script Language/Motion Programs/PRG30_Vision.pmc 
Including Project File: /var/ftp/usrflash/Project/PMAC Script Language/Motion Programs/PRG50_LaserTest_Cross.pmc 
Including Project File: /var/ftp/usrflash/Project/PMAC Script Language/Motion Programs/PRG51_LaserTest_Line.pmc 
Including Project File: /var/ftp/usrflash/Project/PMAC Script Language/Motion Programs/PRG18_ProgMove.pmc 
Including Project File: /var/ftp/usrflash/Project/PMAC Script Language/PLC Programs/PLC00_RTI.plc 
Including Project File: /var/ftp/usrflash/Project/PMAC Script Language/PLC Programs/PLC01_Init.plc 
Including Project File: /var/ftp/usrflash/Project/PMAC Script Language/PLC Programs/PLC02_Sta.plc 
Including Project File: /var/ftp/usrflash/Project/PMAC Script Language/PLC Programs/PLC03_Cmd.plc 
Including Project File: /var/ftp/usrflash/Project/PMAC Script Language/PLC Programs/PLC04_Safety.plc 
Including Project File: /var/ftp/usrflash/Project/PMAC Script Language/PLC Programs/PLC05_Ecat.plc 
Including Project File: /var/ftp/usrflash/Project/PMAC Script Language/PLC Programs/PLC06_IoCom.plc 
Including Project File: /var/ftp/usrflash/Project/PMAC Script Language/PLC Programs/PLC10_Home.plc 
Including Project File: /var/ftp/usrflash/Project/PMAC Script Language/PLC Programs/PLC11_Jog.plc 
Including Project File: /var/ftp/usrflash/Project/PMAC Script Language/PLC Programs/PLC12_SeqMc.plc 
Including Project File: /var/ftp/usrflash/Project/PMAC Script Language/PLC Programs/PLC13_SeqWs.plc 
Including Project File: /var/ftp/usrflash/Project/PMAC Script Language/PLC Programs/PLC14_SeqVs.plc 
Including Project File: /var/ftp/usrflash/Project/PMAC Script Language/PLC Programs/PLC20_Cylinder.plc 
Including Project File: /var/ftp/usrflash/Project/PMAC Script Language/PLC Programs/PLC21_TestShot.plc 
Including Project File: /var/ftp/usrflash/Project/PMAC Script Language/PLC Programs/PLC22_LaserCtrl.plc 
Including Project File: /var/ftp/usrflash/Project/PMAC Script Language/PLC Programs/PLC23_TargetMove.plc 
Including Project File: /var/ftp/usrflash/Project/PMAC Script Language/PLC Programs/PLC24_Cover.plc 
Including Project File: /var/ftp/usrflash/Project/PMAC Script Language/PLC Programs/PLC25_BlowOff.plc 
Including Project File: /var/ftp/usrflash/Project/PMAC Script Language/PLC Programs/PLC27_PickAndPlace.plc 
Including Project File: /var/ftp/usrflash/Project/PMAC Script Language/PLC Programs/PLC28_VisionTrigger.plc 
Including Project File: /var/ftp/usrflash/Project/PMAC Script Language/PLC Programs/PLC29_Buf.plc 
Including Project File: /var/ftp/usrflash/Project/PMAC Script Language/PLC Programs/PLC30_Test.plc 
Including Project File: /var/ftp/usrflash/Project/PMAC Script Language/PLC Programs/PLC31_ReqSim.plc 
Including Project File: /var/ftp/usrflash/Project/PMAC Script Language/PLC Programs/PLC26_PowerCheck.plc 
Including Project File: /var/ftp/usrflash/Project/PMAC Script Language/PLC Programs/PLC32_VisionSeq.plc 
Including Project File: /var/ftp/usrflash/Project/Configuration/pp_startup.txt 
Status: Pass 1 Create debug file, #defines, *.h & .sym files, Time (sec) = 0.260611
Status: Pass 2 Verify prog calls, local stack & labels, Time (sec)  = 0.100733
3750 Project Symbols were created for gpascii -2 communication
Status: Create PPMAC Symbol Table & Run CPP Time (sec) = 0.664701
Status: Successful load of preprocessed File: "/var/ftp/usrflash/Temp/pp_proj.pma"
Status: Download to PPMAC Command Processor, Time (sec) = 0.113718
Status: Final pp_proj.h & Run Background C Apps, Time (sec) = 0.077562
Project Preprocessing & Load Total Time (sec) = 1.614823
[PMAC_PROJECT]
Start of Project Loading using INI File: "/var/ftp/usrflash/Project/Configuration/pp_proj.ini"
Including Project File: /var/ftp/usrflash/Project/Configuration/pp_disable.txt 
Including Project File: /var/ftp/usrflash/Project/PMAC Script Language/Global Includes/ECATMap.pmh 
Including Project File: /var/ftp/usrflash/Project/PMAC Script Language/Global Includes/AX1515_Mapping.pmh 
Including Project File: /var/ftp/usrflash/Project/PMAC Script Language/Global Includes/H00_Setup_System.pmh 
Including Project File: /var/ftp/usrflash/Project/PMAC Script Language/Global Includes/H01_Setup_EncTable.pmh 
Including Project File: /var/ftp/usrflash/Project/PMAC Script Language/Global Includes/H02_Setup_Motor.pmh 
Including Project File: /var/ftp/usrflash/Project/PMAC Script Language/Global Includes/H03_Setup_Coord.pmh 
Including Project File: /var/ftp/usrflash/Project/PMAC Script Language/Global Includes/H04_Setup_Ecat.pmh 
Including Project File: /var/ftp/usrflash/Project/PMAC Script Language/Global Includes/H05_Setup_Gpio.pmh 
Including Project File: /var/ftp/usrflash/Project/PMAC Script Language/Global Includes/H06_Variable_Umem.pmh 
Including Project File: /var/ftp/usrflash/Project/PMAC Script Language/Global Includes/H07_Variable_UmemArray.pmh 
Including Project File: /var/ftp/usrflash/Project/PMAC Script Language/Global Includes/H08_Variable_Prog.pmh 
Including Project File: /var/ftp/usrflash/Project/PMAC Script Language/Global Includes/H09_Kinematics.pmh 
Including Project File: /var/ftp/usrflash/Project/PMAC Script Language/Global Includes/H10_Nc.pmh 
Including Project File: /var/ftp/usrflash/Project/PMAC Script Language/Kinematic Routines/Forward1.kin 
Including Project File: /var/ftp/usrflash/Project/PMAC Script Language/Kinematic Routines/Inverse1.kin 
Including Project File: /var/ftp/usrflash/Project/PMAC Script Language/Kinematic Routines/Forward2.kin 
Including Project File: /var/ftp/usrflash/Project/PMAC Script Language/Kinematic Routines/Inverse2.kin 
Including Project File: /var/ftp/usrflash/Project/PMAC Script Language/Kinematic Routines/Forward3.kin 
Including Project File: /var/ftp/usrflash/Project/PMAC Script Language/Kinematic Routines/Inverse3.kin 
Including Project File: /var/ftp/usrflash/Project/PMAC Script Language/Libraries/timer.pmc 
Including Project File: /var/ftp/usrflash/Project/PMAC Script Language/Libraries/SPG_Gcode.pmc 
Including Project File: /var/ftp/usrflash/Project/PMAC Script Language/Libraries/SPG_Mcode.pmc 
Including Project File: /var/ftp/usrflash/Project/PMAC Script Language/Libraries/SPG_AbortVsHome.pmc 
Including Project File: /var/ftp/usrflash/Project/PMAC Script Language/Libraries/SPG_AbortVsLoop.pmc 
Including Project File: /var/ftp/usrflash/Project/PMAC Script Language/Libraries/SPG_AbortWsHome.pmc 
Including Project File: /var/ftp/usrflash/Project/PMAC Script Language/Libraries/SPG_AbortWsLoop.pmc 
Including Project File: /var/ftp/usrflash/Project/PMAC Script Language/Libraries/SPG_InitCommand.pmc 
Including Project File: /var/ftp/usrflash/Project/PMAC Script Language/Libraries/SPG_InitECylinder.pmc 
Including Project File: /var/ftp/usrflash/Project/PMAC Script Language/Libraries/SPG_InitMotor.pmc 
Including Project File: /var/ftp/usrflash/Project/PMAC Script Language/Libraries/SPG_InitScanner.pmc 
Including Project File: /var/ftp/usrflash/Project/PMAC Script Language/Libraries/SPG_InitSeqParam.pmc 
Including Project File: /var/ftp/usrflash/Project/PMAC Script Language/Libraries/SPG_SetDefaultParam.pmc 
Including Project File: /var/ftp/usrflash/Project/PMAC Script Language/Libraries/SPG_SetEquOut.pmc 
Including Project File: /var/ftp/usrflash/Project/PMAC Script Language/Libraries/SPG_SetSeqBufQ.pmc 
Including Project File: /var/ftp/usrflash/Project/PMAC Script Language/Libraries/SPG_SetVsLdParam.pmc 
Including Project File: /var/ftp/usrflash/Project/PMAC Script Language/Libraries/SPG_SetVsRdParam.pmc 
Including Project File: /var/ftp/usrflash/Project/PMAC Script Language/Libraries/SPG_SetVsRjParam.pmc 
Including Project File: /var/ftp/usrflash/Project/PMAC Script Language/Libraries/SPG_SetVsUdParam.pmc 
Including Project File: /var/ftp/usrflash/Project/PMAC Script Language/Libraries/SPG_SetVsVnParam.pmc 
Including Project File: /var/ftp/usrflash/Project/PMAC Script Language/Libraries/SPG_SetVsWtParam.pmc 
Including Project File: /var/ftp/usrflash/Project/PMAC Script Language/Libraries/SPG_SetWsLdParam.pmc 
Including Project File: /var/ftp/usrflash/Project/PMAC Script Language/Libraries/SPG_SetWsRdParam.pmc 
Including Project File: /var/ftp/usrflash/Project/PMAC Script Language/Libraries/SPG_SetWsRjParam.pmc 
Including Project File: /var/ftp/usrflash/Project/PMAC Script Language/Libraries/SPG_SetWsUdParam.pmc 
Including Project File: /var/ftp/usrflash/Project/PMAC Script Language/Libraries/SPG_SetWsWdParam.pmc 
Including Project File: /var/ftp/usrflash/Project/PMAC Script Language/Libraries/SPG_SetWsWtParam.pmc 
Including Project File: /var/ftp/usrflash/Project/PMAC Script Language/Libraries/SPG_ReadScPos.pmc 
Including Project File: /var/ftp/usrflash/Project/PMAC Script Language/Libraries/SPG_ResetVsAlarm.pmc 
Including Project File: /var/ftp/usrflash/Project/PMAC Script Language/Libraries/SPG_ResetWsAlarm.pmc 
Including Project File: /var/ftp/usrflash/Project/PMAC Script Language/Libraries/SPG_ReadThPos.pmc 
Including Project File: /var/ftp/usrflash/Project/PMAC Script Language/Libraries/SPG_ConvertFunc.pmc 
Including Project File: /var/ftp/usrflash/Project/PMAC Script Language/Motion Programs/PRG01_Test1.pmc 
Including Project File: /var/ftp/usrflash/Project/PMAC Script Language/Motion Programs/PRG02_Test2.pmc 
Including Project File: /var/ftp/usrflash/Project/PMAC Script Language/Motion Programs/PRG03_Test3.pmc 
Including Project File: /var/ftp/usrflash/Project/PMAC Script Language/Motion Programs/PRG04_Test4.pmc 
Including Project File: /var/ftp/usrflash/Project/PMAC Script Language/Motion Programs/PRG05_Test5.pmc 
Including Project File: /var/ftp/usrflash/Project/PMAC Script Language/Motion Programs/PRG19_Zero.pmc 
Including Project File: /var/ftp/usrflash/Project/PMAC Script Language/Motion Programs/PRG20_Welding.pmc 
Including Project File: /var/ftp/usrflash/Project/PMAC Script Language/Motion Programs/PRG21_Circle.pmc 
Including Project File: /var/ftp/usrflash/Project/PMAC Script Language/Motion Programs/PRG22_SnowMan.pmc 
Including Project File: /var/ftp/usrflash/Project/PMAC Script Language/Motion Programs/PRG23_ButterFly.pmc 
Including Project File: /var/ftp/usrflash/Project/PMAC Script Language/Motion Programs/PRG24_Column.pmc 
Including Project File: /var/ftp/usrflash/Project/PMAC Script Language/Motion Programs/PRG25_Row.pmc 
Including Project File: /var/ftp/usrflash/Project/PMAC Script Language/Motion Programs/PRG30_Vision.pmc 
Including Project File: /var/ftp/usrflash/Project/PMAC Script Language/Motion Programs/PRG50_LaserTest_Cross.pmc 
Including Project File: /var/ftp/usrflash/Project/PMAC Script Language/Motion Programs/PRG51_LaserTest_Line.pmc 
Including Project File: /var/ftp/usrflash/Project/PMAC Script Language/Motion Programs/PRG18_ProgMove.pmc 
Including Project File: /var/ftp/usrflash/Project/PMAC Script Language/PLC Programs/PLC00_RTI.plc 
Including Project File: /var/ftp/usrflash/Project/PMAC Script Language/PLC Programs/PLC01_Init.plc 
Including Project File: /var/ftp/usrflash/Project/PMAC Script Language/PLC Programs/PLC02_Sta.plc 
Including Project File: /var/ftp/usrflash/Project/PMAC Script Language/PLC Programs/PLC03_Cmd.plc 
Including Project File: /var/ftp/usrflash/Project/PMAC Script Language/PLC Programs/PLC04_Safety.plc 
Including Project File: /var/ftp/usrflash/Project/PMAC Script Language/PLC Programs/PLC05_Ecat.plc 
Including Project File: /var/ftp/usrflash/Project/PMAC Script Language/PLC Programs/PLC06_IoCom.plc 
Including Project File: /var/ftp/usrflash/Project/PMAC Script Language/PLC Programs/PLC10_Home.plc 
Including Project File: /var/ftp/usrflash/Project/PMAC Script Language/PLC Programs/PLC11_Jog.plc 
Including Project File: /var/ftp/usrflash/Project/PMAC Script Language/PLC Programs/PLC12_SeqMc.plc 
Including Project File: /var/ftp/usrflash/Project/PMAC Script Language/PLC Programs/PLC13_SeqWs.plc 
Including Project File: /var/ftp/usrflash/Project/PMAC Script Language/PLC Programs/PLC14_SeqVs.plc 
Including Project File: /var/ftp/usrflash/Project/PMAC Script Language/PLC Programs/PLC20_Cylinder.plc 
Including Project File: /var/ftp/usrflash/Project/PMAC Script Language/PLC Programs/PLC21_TestShot.plc 
Including Project File: /var/ftp/usrflash/Project/PMAC Script Language/PLC Programs/PLC22_LaserCtrl.plc 
Including Project File: /var/ftp/usrflash/Project/PMAC Script Language/PLC Programs/PLC23_TargetMove.plc 
Including Project File: /var/ftp/usrflash/Project/PMAC Script Language/PLC Programs/PLC24_Cover.plc 
Including Project File: /var/ftp/usrflash/Project/PMAC Script Language/PLC Programs/PLC25_BlowOff.plc 
Including Project File: /var/ftp/usrflash/Project/PMAC Script Language/PLC Programs/PLC27_PickAndPlace.plc 
Including Project File: /var/ftp/usrflash/Project/PMAC Script Language/PLC Programs/PLC28_VisionTrigger.plc 
Including Project File: /var/ftp/usrflash/Project/PMAC Script Language/PLC Programs/PLC29_Buf.plc 
Including Project File: /var/ftp/usrflash/Project/PMAC Script Language/PLC Programs/PLC30_Test.plc 
Including Project File: /var/ftp/usrflash/Project/PMAC Script Language/PLC Programs/PLC31_ReqSim.plc 
Including Project File: /var/ftp/usrflash/Project/PMAC Script Language/PLC Programs/PLC26_PowerCheck.plc 
Including Project File: /var/ftp/usrflash/Project/PMAC Script Language/PLC Programs/PLC32_VisionSeq.plc 
Including Project File: /var/ftp/usrflash/Project/Configuration/pp_startup.txt 
3750 Project Symbols were created for gpascii -2 communication
[PMAC_PROJECT]
Start of Project Loading using INI File: "/var/ftp/usrflash/Project/Configuration/pp_proj.ini"
Success: Loading usralgo.ko
Success: Loading RT Address of CfromScript
Success: Loading RT Address of CaptCompISR
LoadRTUserCode() Delta Time (sec) = 0.556564
Including Project File: /var/ftp/usrflash/Project/Configuration/pp_disable.txt 
Including Project File: /var/ftp/usrflash/Project/PMAC Script Language/Global Includes/ECATMap.pmh 
Including Project File: /var/ftp/usrflash/Project/PMAC Script Language/Global Includes/AX1515_Mapping.pmh 
Including Project File: /var/ftp/usrflash/Project/PMAC Script Language/Global Includes/H00_Setup_System.pmh 
Including Project File: /var/ftp/usrflash/Project/PMAC Script Language/Global Includes/H01_Setup_EncTable.pmh 
Including Project File: /var/ftp/usrflash/Project/PMAC Script Language/Global Includes/H02_Setup_Motor.pmh 
Including Project File: /var/ftp/usrflash/Project/PMAC Script Language/Global Includes/H03_Setup_Coord.pmh 
Including Project File: /var/ftp/usrflash/Project/PMAC Script Language/Global Includes/H04_Setup_Ecat.pmh 
Including Project File: /var/ftp/usrflash/Project/PMAC Script Language/Global Includes/H05_Setup_Gpio.pmh 
Including Project File: /var/ftp/usrflash/Project/PMAC Script Language/Global Includes/H06_Variable_Umem.pmh 
Including Project File: /var/ftp/usrflash/Project/PMAC Script Language/Global Includes/H07_Variable_UmemArray.pmh 
Including Project File: /var/ftp/usrflash/Project/PMAC Script Language/Global Includes/H08_Variable_Prog.pmh 
Including Project File: /var/ftp/usrflash/Project/PMAC Script Language/Global Includes/H09_Kinematics.pmh 
Including Project File: /var/ftp/usrflash/Project/PMAC Script Language/Global Includes/H10_Nc.pmh 
Including Project File: /var/ftp/usrflash/Project/PMAC Script Language/Kinematic Routines/Forward1.kin 
Including Project File: /var/ftp/usrflash/Project/PMAC Script Language/Kinematic Routines/Inverse1.kin 
Including Project File: /var/ftp/usrflash/Project/PMAC Script Language/Kinematic Routines/Forward2.kin 
Including Project File: /var/ftp/usrflash/Project/PMAC Script Language/Kinematic Routines/Inverse2.kin 
Including Project File: /var/ftp/usrflash/Project/PMAC Script Language/Kinematic Routines/Forward3.kin 
Including Project File: /var/ftp/usrflash/Project/PMAC Script Language/Kinematic Routines/Inverse3.kin 
Including Project File: /var/ftp/usrflash/Project/PMAC Script Language/Libraries/timer.pmc 
Including Project File: /var/ftp/usrflash/Project/PMAC Script Language/Libraries/SPG_Gcode.pmc 
Including Project File: /var/ftp/usrflash/Project/PMAC Script Language/Libraries/SPG_Mcode.pmc 
Including Project File: /var/ftp/usrflash/Project/PMAC Script Language/Libraries/SPG_AbortVsHome.pmc 
Including Project File: /var/ftp/usrflash/Project/PMAC Script Language/Libraries/SPG_AbortVsLoop.pmc 
Including Project File: /var/ftp/usrflash/Project/PMAC Script Language/Libraries/SPG_AbortWsHome.pmc 
Including Project File: /var/ftp/usrflash/Project/PMAC Script Language/Libraries/SPG_AbortWsLoop.pmc 
Including Project File: /var/ftp/usrflash/Project/PMAC Script Language/Libraries/SPG_InitCommand.pmc 
Including Project File: /var/ftp/usrflash/Project/PMAC Script Language/Libraries/SPG_InitECylinder.pmc 
Including Project File: /var/ftp/usrflash/Project/PMAC Script Language/Libraries/SPG_InitMotor.pmc 
Including Project File: /var/ftp/usrflash/Project/PMAC Script Language/Libraries/SPG_InitScanner.pmc 
Including Project File: /var/ftp/usrflash/Project/PMAC Script Language/Libraries/SPG_InitSeqParam.pmc 
Including Project File: /var/ftp/usrflash/Project/PMAC Script Language/Libraries/SPG_SetDefaultParam.pmc 
Including Project File: /var/ftp/usrflash/Project/PMAC Script Language/Libraries/SPG_SetEquOut.pmc 
Including Project File: /var/ftp/usrflash/Project/PMAC Script Language/Libraries/SPG_SetSeqBufQ.pmc 
Including Project File: /var/ftp/usrflash/Project/PMAC Script Language/Libraries/SPG_SetVsLdParam.pmc 
Including Project File: /var/ftp/usrflash/Project/PMAC Script Language/Libraries/SPG_SetVsRdParam.pmc 
Including Project File: /var/ftp/usrflash/Project/PMAC Script Language/Libraries/SPG_SetVsRjParam.pmc 
Including Project File: /var/ftp/usrflash/Project/PMAC Script Language/Libraries/SPG_SetVsUdParam.pmc 
Including Project File: /var/ftp/usrflash/Project/PMAC Script Language/Libraries/SPG_SetVsVnParam.pmc 
Including Project File: /var/ftp/usrflash/Project/PMAC Script Language/Libraries/SPG_SetVsWtParam.pmc 
Including Project File: /var/ftp/usrflash/Project/PMAC Script Language/Libraries/SPG_SetWsLdParam.pmc 
Including Project File: /var/ftp/usrflash/Project/PMAC Script Language/Libraries/SPG_SetWsRdParam.pmc 
Including Project File: /var/ftp/usrflash/Project/PMAC Script Language/Libraries/SPG_SetWsRjParam.pmc 
Including Project File: /var/ftp/usrflash/Project/PMAC Script Language/Libraries/SPG_SetWsUdParam.pmc 
Including Project File: /var/ftp/usrflash/Project/PMAC Script Language/Libraries/SPG_SetWsWdParam.pmc 
Including Project File: /var/ftp/usrflash/Project/PMAC Script Language/Libraries/SPG_SetWsWtParam.pmc 
Including Project File: /var/ftp/usrflash/Project/PMAC Script Language/Libraries/SPG_ReadScPos.pmc 
Including Project File: /var/ftp/usrflash/Project/PMAC Script Language/Libraries/SPG_ResetVsAlarm.pmc 
Including Project File: /var/ftp/usrflash/Project/PMAC Script Language/Libraries/SPG_ResetWsAlarm.pmc 
Including Project File: /var/ftp/usrflash/Project/PMAC Script Language/Libraries/SPG_ReadThPos.pmc 
Including Project File: /var/ftp/usrflash/Project/PMAC Script Language/Libraries/SPG_ConvertFunc.pmc 
Including Project File: /var/ftp/usrflash/Project/PMAC Script Language/Motion Programs/PRG01_Test1.pmc 
Including Project File: /var/ftp/usrflash/Project/PMAC Script Language/Motion Programs/PRG02_Test2.pmc 
Including Project File: /var/ftp/usrflash/Project/PMAC Script Language/Motion Programs/PRG03_Test3.pmc 
Including Project File: /var/ftp/usrflash/Project/PMAC Script Language/Motion Programs/PRG04_Test4.pmc 
Including Project File: /var/ftp/usrflash/Project/PMAC Script Language/Motion Programs/PRG05_Test5.pmc 
Including Project File: /var/ftp/usrflash/Project/PMAC Script Language/Motion Programs/PRG19_Zero.pmc 
Including Project File: /var/ftp/usrflash/Project/PMAC Script Language/Motion Programs/PRG20_Welding.pmc 
Including Project File: /var/ftp/usrflash/Project/PMAC Script Language/Motion Programs/PRG21_Circle.pmc 
Including Project File: /var/ftp/usrflash/Project/PMAC Script Language/Motion Programs/PRG22_SnowMan.pmc 
Including Project File: /var/ftp/usrflash/Project/PMAC Script Language/Motion Programs/PRG23_ButterFly.pmc 
Including Project File: /var/ftp/usrflash/Project/PMAC Script Language/Motion Programs/PRG24_Column.pmc 
Including Project File: /var/ftp/usrflash/Project/PMAC Script Language/Motion Programs/PRG25_Row.pmc 
Including Project File: /var/ftp/usrflash/Project/PMAC Script Language/Motion Programs/PRG30_Vision.pmc 
Including Project File: /var/ftp/usrflash/Project/PMAC Script Language/Motion Programs/PRG50_LaserTest_Cross.pmc 
Including Project File: /var/ftp/usrflash/Project/PMAC Script Language/Motion Programs/PRG51_LaserTest_Line.pmc 
Including Project File: /var/ftp/usrflash/Project/PMAC Script Language/Motion Programs/PRG18_ProgMove.pmc 
Including Project File: /var/ftp/usrflash/Project/PMAC Script Language/PLC Programs/PLC00_RTI.plc 
Including Project File: /var/ftp/usrflash/Project/PMAC Script Language/PLC Programs/PLC01_Init.plc 
Including Project File: /var/ftp/usrflash/Project/PMAC Script Language/PLC Programs/PLC02_Sta.plc 
Including Project File: /var/ftp/usrflash/Project/PMAC Script Language/PLC Programs/PLC03_Cmd.plc 
Including Project File: /var/ftp/usrflash/Project/PMAC Script Language/PLC Programs/PLC04_Safety.plc 
Including Project File: /var/ftp/usrflash/Project/PMAC Script Language/PLC Programs/PLC05_Ecat.plc 
Including Project File: /var/ftp/usrflash/Project/PMAC Script Language/PLC Programs/PLC06_IoCom.plc 
Including Project File: /var/ftp/usrflash/Project/PMAC Script Language/PLC Programs/PLC10_Home.plc 
Including Project File: /var/ftp/usrflash/Project/PMAC Script Language/PLC Programs/PLC11_Jog.plc 
Including Project File: /var/ftp/usrflash/Project/PMAC Script Language/PLC Programs/PLC12_SeqMc.plc 
Including Project File: /var/ftp/usrflash/Project/PMAC Script Language/PLC Programs/PLC13_SeqWs.plc 
Including Project File: /var/ftp/usrflash/Project/PMAC Script Language/PLC Programs/PLC14_SeqVs.plc 
Including Project File: /var/ftp/usrflash/Project/PMAC Script Language/PLC Programs/PLC20_Cylinder.plc 
Including Project File: /var/ftp/usrflash/Project/PMAC Script Language/PLC Programs/PLC21_TestShot.plc 
Including Project File: /var/ftp/usrflash/Project/PMAC Script Language/PLC Programs/PLC22_LaserCtrl.plc 
Including Project File: /var/ftp/usrflash/Project/PMAC Script Language/PLC Programs/PLC23_TargetMove.plc 
Including Project File: /var/ftp/usrflash/Project/PMAC Script Language/PLC Programs/PLC24_Cover.plc 
Including Project File: /var/ftp/usrflash/Project/PMAC Script Language/PLC Programs/PLC25_BlowOff.plc 
Including Project File: /var/ftp/usrflash/Project/PMAC Script Language/PLC Programs/PLC27_PickAndPlace.plc 
Including Project File: /var/ftp/usrflash/Project/PMAC Script Language/PLC Programs/PLC28_VisionTrigger.plc 
Including Project File: /var/ftp/usrflash/Project/PMAC Script Language/PLC Programs/PLC29_Buf.plc 
Including Project File: /var/ftp/usrflash/Project/PMAC Script Language/PLC Programs/PLC30_Test.plc 
Including Project File: /var/ftp/usrflash/Project/PMAC Script Language/PLC Programs/PLC31_ReqSim.plc 
Including Project File: /var/ftp/usrflash/Project/PMAC Script Language/PLC Programs/PLC26_PowerCheck.plc 
Including Project File: /var/ftp/usrflash/Project/PMAC Script Language/PLC Programs/PLC32_VisionSeq.plc 
Including Project File: /var/ftp/usrflash/Project/Configuration/pp_startup.txt 
Status: Pass 1 Create debug file, #defines, *.h & .sym files, Time (sec) = 0.361974
Status: Pass 2 Verify prog calls, local stack & labels, Time (sec)  = 0.159340
3750 Project Symbols were created for gpascii -2 communication
Status: Create PPMAC Symbol Table & Run CPP Time (sec) = 0.941459
Status: Successful load of preprocessed File: "/var/ftp/usrflash/Temp/pp_proj.pma"
Status: Download to PPMAC Command Processor, Time (sec) = 0.130457
Status: Final pp_proj.h & Run Background C Apps, Time (sec) = 0.079920
Project Preprocessing & Load Total Time (sec) = 2.229780
[PMAC_PROJECT]
Start of Project Loading using INI File: "/var/ftp/usrflash/Project/Configuration/pp_proj.ini"
Including Project File: /var/ftp/usrflash/Project/Configuration/pp_disable.txt 
Including Project File: /var/ftp/usrflash/Project/PMAC Script Language/Global Includes/ECATMap.pmh 
Including Project File: /var/ftp/usrflash/Project/PMAC Script Language/Global Includes/AX1515_Mapping.pmh 
Including Project File: /var/ftp/usrflash/Project/PMAC Script Language/Global Includes/H00_Setup_System.pmh 
Including Project File: /var/ftp/usrflash/Project/PMAC Script Language/Global Includes/H01_Setup_EncTable.pmh 
Including Project File: /var/ftp/usrflash/Project/PMAC Script Language/Global Includes/H02_Setup_Motor.pmh 
Including Project File: /var/ftp/usrflash/Project/PMAC Script Language/Global Includes/H03_Setup_Coord.pmh 
Including Project File: /var/ftp/usrflash/Project/PMAC Script Language/Global Includes/H04_Setup_Ecat.pmh 
Including Project File: /var/ftp/usrflash/Project/PMAC Script Language/Global Includes/H05_Setup_Gpio.pmh 
Including Project File: /var/ftp/usrflash/Project/PMAC Script Language/Global Includes/H06_Variable_Umem.pmh 
Including Project File: /var/ftp/usrflash/Project/PMAC Script Language/Global Includes/H07_Variable_UmemArray.pmh 
Including Project File: /var/ftp/usrflash/Project/PMAC Script Language/Global Includes/H08_Variable_Prog.pmh 
Including Project File: /var/ftp/usrflash/Project/PMAC Script Language/Global Includes/H09_Kinematics.pmh 
Including Project File: /var/ftp/usrflash/Project/PMAC Script Language/Global Includes/H10_Nc.pmh 
Including Project File: /var/ftp/usrflash/Project/PMAC Script Language/Kinematic Routines/Forward1.kin 
Including Project File: /var/ftp/usrflash/Project/PMAC Script Language/Kinematic Routines/Inverse1.kin 
Including Project File: /var/ftp/usrflash/Project/PMAC Script Language/Kinematic Routines/Forward2.kin 
Including Project File: /var/ftp/usrflash/Project/PMAC Script Language/Kinematic Routines/Inverse2.kin 
Including Project File: /var/ftp/usrflash/Project/PMAC Script Language/Kinematic Routines/Forward3.kin 
Including Project File: /var/ftp/usrflash/Project/PMAC Script Language/Kinematic Routines/Inverse3.kin 
Including Project File: /var/ftp/usrflash/Project/PMAC Script Language/Libraries/timer.pmc 
Including Project File: /var/ftp/usrflash/Project/PMAC Script Language/Libraries/SPG_Gcode.pmc 
Including Project File: /var/ftp/usrflash/Project/PMAC Script Language/Libraries/SPG_Mcode.pmc 
Including Project File: /var/ftp/usrflash/Project/PMAC Script Language/Libraries/SPG_AbortVsHome.pmc 
Including Project File: /var/ftp/usrflash/Project/PMAC Script Language/Libraries/SPG_AbortVsLoop.pmc 
Including Project File: /var/ftp/usrflash/Project/PMAC Script Language/Libraries/SPG_AbortWsHome.pmc 
Including Project File: /var/ftp/usrflash/Project/PMAC Script Language/Libraries/SPG_AbortWsLoop.pmc 
Including Project File: /var/ftp/usrflash/Project/PMAC Script Language/Libraries/SPG_InitCommand.pmc 
Including Project File: /var/ftp/usrflash/Project/PMAC Script Language/Libraries/SPG_InitECylinder.pmc 
Including Project File: /var/ftp/usrflash/Project/PMAC Script Language/Libraries/SPG_InitMotor.pmc 
Including Project File: /var/ftp/usrflash/Project/PMAC Script Language/Libraries/SPG_InitScanner.pmc 
Including Project File: /var/ftp/usrflash/Project/PMAC Script Language/Libraries/SPG_InitSeqParam.pmc 
Including Project File: /var/ftp/usrflash/Project/PMAC Script Language/Libraries/SPG_SetDefaultParam.pmc 
Including Project File: /var/ftp/usrflash/Project/PMAC Script Language/Libraries/SPG_SetEquOut.pmc 
Including Project File: /var/ftp/usrflash/Project/PMAC Script Language/Libraries/SPG_SetSeqBufQ.pmc 
Including Project File: /var/ftp/usrflash/Project/PMAC Script Language/Libraries/SPG_SetVsLdParam.pmc 
Including Project File: /var/ftp/usrflash/Project/PMAC Script Language/Libraries/SPG_SetVsRdParam.pmc 
Including Project File: /var/ftp/usrflash/Project/PMAC Script Language/Libraries/SPG_SetVsRjParam.pmc 
Including Project File: /var/ftp/usrflash/Project/PMAC Script Language/Libraries/SPG_SetVsUdParam.pmc 
Including Project File: /var/ftp/usrflash/Project/PMAC Script Language/Libraries/SPG_SetVsVnParam.pmc 
Including Project File: /var/ftp/usrflash/Project/PMAC Script Language/Libraries/SPG_SetVsWtParam.pmc 
Including Project File: /var/ftp/usrflash/Project/PMAC Script Language/Libraries/SPG_SetWsLdParam.pmc 
Including Project File: /var/ftp/usrflash/Project/PMAC Script Language/Libraries/SPG_SetWsRdParam.pmc 
Including Project File: /var/ftp/usrflash/Project/PMAC Script Language/Libraries/SPG_SetWsRjParam.pmc 
Including Project File: /var/ftp/usrflash/Project/PMAC Script Language/Libraries/SPG_SetWsUdParam.pmc 
Including Project File: /var/ftp/usrflash/Project/PMAC Script Language/Libraries/SPG_SetWsWdParam.pmc 
Including Project File: /var/ftp/usrflash/Project/PMAC Script Language/Libraries/SPG_SetWsWtParam.pmc 
Including Project File: /var/ftp/usrflash/Project/PMAC Script Language/Libraries/SPG_ReadScPos.pmc 
Including Project File: /var/ftp/usrflash/Project/PMAC Script Language/Libraries/SPG_ResetVsAlarm.pmc 
Including Project File: /var/ftp/usrflash/Project/PMAC Script Language/Libraries/SPG_ResetWsAlarm.pmc 
Including Project File: /var/ftp/usrflash/Project/PMAC Script Language/Libraries/SPG_ReadThPos.pmc 
Including Project File: /var/ftp/usrflash/Project/PMAC Script Language/Libraries/SPG_ConvertFunc.pmc 
Including Project File: /var/ftp/usrflash/Project/PMAC Script Language/Motion Programs/PRG01_Test1.pmc 
Including Project File: /var/ftp/usrflash/Project/PMAC Script Language/Motion Programs/PRG02_Test2.pmc 
Including Project File: /var/ftp/usrflash/Project/PMAC Script Language/Motion Programs/PRG03_Test3.pmc 
Including Project File: /var/ftp/usrflash/Project/PMAC Script Language/Motion Programs/PRG04_Test4.pmc 
Including Project File: /var/ftp/usrflash/Project/PMAC Script Language/Motion Programs/PRG05_Test5.pmc 
Including Project File: /var/ftp/usrflash/Project/PMAC Script Language/Motion Programs/PRG19_Zero.pmc 
Including Project File: /var/ftp/usrflash/Project/PMAC Script Language/Motion Programs/PRG20_Welding.pmc 
Including Project File: /var/ftp/usrflash/Project/PMAC Script Language/Motion Programs/PRG21_Circle.pmc 
Including Project File: /var/ftp/usrflash/Project/PMAC Script Language/Motion Programs/PRG22_SnowMan.pmc 
Including Project File: /var/ftp/usrflash/Project/PMAC Script Language/Motion Programs/PRG23_ButterFly.pmc 
Including Project File: /var/ftp/usrflash/Project/PMAC Script Language/Motion Programs/PRG24_Column.pmc 
Including Project File: /var/ftp/usrflash/Project/PMAC Script Language/Motion Programs/PRG25_Row.pmc 
Including Project File: /var/ftp/usrflash/Project/PMAC Script Language/Motion Programs/PRG30_Vision.pmc 
Including Project File: /var/ftp/usrflash/Project/PMAC Script Language/Motion Programs/PRG50_LaserTest_Cross.pmc 
Including Project File: /var/ftp/usrflash/Project/PMAC Script Language/Motion Programs/PRG51_LaserTest_Line.pmc 
Including Project File: /var/ftp/usrflash/Project/PMAC Script Language/Motion Programs/PRG18_ProgMove.pmc 
Including Project File: /var/ftp/usrflash/Project/PMAC Script Language/PLC Programs/PLC00_RTI.plc 
Including Project File: /var/ftp/usrflash/Project/PMAC Script Language/PLC Programs/PLC01_Init.plc 
Including Project File: /var/ftp/usrflash/Project/PMAC Script Language/PLC Programs/PLC02_Sta.plc 
Including Project File: /var/ftp/usrflash/Project/PMAC Script Language/PLC Programs/PLC03_Cmd.plc 
Including Project File: /var/ftp/usrflash/Project/PMAC Script Language/PLC Programs/PLC04_Safety.plc 
Including Project File: /var/ftp/usrflash/Project/PMAC Script Language/PLC Programs/PLC05_Ecat.plc 
Including Project File: /var/ftp/usrflash/Project/PMAC Script Language/PLC Programs/PLC06_IoCom.plc 
Including Project File: /var/ftp/usrflash/Project/PMAC Script Language/PLC Programs/PLC10_Home.plc 
Including Project File: /var/ftp/usrflash/Project/PMAC Script Language/PLC Programs/PLC11_Jog.plc 
Including Project File: /var/ftp/usrflash/Project/PMAC Script Language/PLC Programs/PLC12_SeqMc.plc 
Including Project File: /var/ftp/usrflash/Project/PMAC Script Language/PLC Programs/PLC13_SeqWs.plc 
Including Project File: /var/ftp/usrflash/Project/PMAC Script Language/PLC Programs/PLC14_SeqVs.plc 
Including Project File: /var/ftp/usrflash/Project/PMAC Script Language/PLC Programs/PLC20_Cylinder.plc 
Including Project File: /var/ftp/usrflash/Project/PMAC Script Language/PLC Programs/PLC21_TestShot.plc 
Including Project File: /var/ftp/usrflash/Project/PMAC Script Language/PLC Programs/PLC22_LaserCtrl.plc 
Including Project File: /var/ftp/usrflash/Project/PMAC Script Language/PLC Programs/PLC23_TargetMove.plc 
Including Project File: /var/ftp/usrflash/Project/PMAC Script Language/PLC Programs/PLC24_Cover.plc 
Including Project File: /var/ftp/usrflash/Project/PMAC Script Language/PLC Programs/PLC25_BlowOff.plc 
Including Project File: /var/ftp/usrflash/Project/PMAC Script Language/PLC Programs/PLC27_PickAndPlace.plc 
Including Project File: /var/ftp/usrflash/Project/PMAC Script Language/PLC Programs/PLC28_VisionTrigger.plc 
Including Project File: /var/ftp/usrflash/Project/PMAC Script Language/PLC Programs/PLC29_Buf.plc 
Including Project File: /var/ftp/usrflash/Project/PMAC Script Language/PLC Programs/PLC30_Test.plc 
Including Project File: /var/ftp/usrflash/Project/PMAC Script Language/PLC Programs/PLC31_ReqSim.plc 
Including Project File: /var/ftp/usrflash/Project/PMAC Script Language/PLC Programs/PLC26_PowerCheck.plc 
Including Project File: /var/ftp/usrflash/Project/PMAC Script Language/PLC Programs/PLC32_VisionSeq.plc 
Including Project File: /var/ftp/usrflash/Project/Configuration/pp_startup.txt 
3750 Project Symbols were created for gpascii -2 communication
[PMAC_PROJECT]
Start of Project Loading using INI File: "/var/ftp/usrflash/Project/Configuration/pp_proj.ini"
Success: Loading usralgo.ko
Success: Loading RT Address of CfromScript
Success: Loading RT Address of CaptCompISR
LoadRTUserCode() Delta Time (sec) = 0.519327
Including Project File: /var/ftp/usrflash/Project/Configuration/pp_disable.txt 
Including Project File: /var/ftp/usrflash/Project/PMAC Script Language/Global Includes/ECATMap.pmh 
Including Project File: /var/ftp/usrflash/Project/PMAC Script Language/Global Includes/AX1515_Mapping.pmh 
Including Project File: /var/ftp/usrflash/Project/PMAC Script Language/Global Includes/H00_Setup_System.pmh 
Including Project File: /var/ftp/usrflash/Project/PMAC Script Language/Global Includes/H01_Setup_EncTable.pmh 
Including Project File: /var/ftp/usrflash/Project/PMAC Script Language/Global Includes/H02_Setup_Motor.pmh 
Including Project File: /var/ftp/usrflash/Project/PMAC Script Language/Global Includes/H03_Setup_Coord.pmh 
Including Project File: /var/ftp/usrflash/Project/PMAC Script Language/Global Includes/H04_Setup_Ecat.pmh 
Including Project File: /var/ftp/usrflash/Project/PMAC Script Language/Global Includes/H05_Setup_Gpio.pmh 
Including Project File: /var/ftp/usrflash/Project/PMAC Script Language/Global Includes/H06_Variable_Umem.pmh 
Including Project File: /var/ftp/usrflash/Project/PMAC Script Language/Global Includes/H07_Variable_UmemArray.pmh 
Including Project File: /var/ftp/usrflash/Project/PMAC Script Language/Global Includes/H08_Variable_Prog.pmh 
Including Project File: /var/ftp/usrflash/Project/PMAC Script Language/Global Includes/H09_Kinematics.pmh 
Including Project File: /var/ftp/usrflash/Project/PMAC Script Language/Global Includes/H10_Nc.pmh 
Including Project File: /var/ftp/usrflash/Project/PMAC Script Language/Kinematic Routines/Forward1.kin 
Including Project File: /var/ftp/usrflash/Project/PMAC Script Language/Kinematic Routines/Inverse1.kin 
Including Project File: /var/ftp/usrflash/Project/PMAC Script Language/Kinematic Routines/Forward2.kin 
Including Project File: /var/ftp/usrflash/Project/PMAC Script Language/Kinematic Routines/Inverse2.kin 
Including Project File: /var/ftp/usrflash/Project/PMAC Script Language/Kinematic Routines/Forward3.kin 
Including Project File: /var/ftp/usrflash/Project/PMAC Script Language/Kinematic Routines/Inverse3.kin 
Including Project File: /var/ftp/usrflash/Project/PMAC Script Language/Libraries/timer.pmc 
Including Project File: /var/ftp/usrflash/Project/PMAC Script Language/Libraries/SPG_Gcode.pmc 
Including Project File: /var/ftp/usrflash/Project/PMAC Script Language/Libraries/SPG_Mcode.pmc 
Including Project File: /var/ftp/usrflash/Project/PMAC Script Language/Libraries/SPG_AbortVsHome.pmc 
Including Project File: /var/ftp/usrflash/Project/PMAC Script Language/Libraries/SPG_AbortVsLoop.pmc 
Including Project File: /var/ftp/usrflash/Project/PMAC Script Language/Libraries/SPG_AbortWsHome.pmc 
Including Project File: /var/ftp/usrflash/Project/PMAC Script Language/Libraries/SPG_AbortWsLoop.pmc 
Including Project File: /var/ftp/usrflash/Project/PMAC Script Language/Libraries/SPG_InitCommand.pmc 
Including Project File: /var/ftp/usrflash/Project/PMAC Script Language/Libraries/SPG_InitECylinder.pmc 
Including Project File: /var/ftp/usrflash/Project/PMAC Script Language/Libraries/SPG_InitMotor.pmc 
Including Project File: /var/ftp/usrflash/Project/PMAC Script Language/Libraries/SPG_InitScanner.pmc 
Including Project File: /var/ftp/usrflash/Project/PMAC Script Language/Libraries/SPG_InitSeqParam.pmc 
Including Project File: /var/ftp/usrflash/Project/PMAC Script Language/Libraries/SPG_SetDefaultParam.pmc 
Including Project File: /var/ftp/usrflash/Project/PMAC Script Language/Libraries/SPG_SetEquOut.pmc 
Including Project File: /var/ftp/usrflash/Project/PMAC Script Language/Libraries/SPG_SetSeqBufQ.pmc 
Including Project File: /var/ftp/usrflash/Project/PMAC Script Language/Libraries/SPG_SetVsLdParam.pmc 
Including Project File: /var/ftp/usrflash/Project/PMAC Script Language/Libraries/SPG_SetVsRdParam.pmc 
Including Project File: /var/ftp/usrflash/Project/PMAC Script Language/Libraries/SPG_SetVsRjParam.pmc 
Including Project File: /var/ftp/usrflash/Project/PMAC Script Language/Libraries/SPG_SetVsUdParam.pmc 
Including Project File: /var/ftp/usrflash/Project/PMAC Script Language/Libraries/SPG_SetVsVnParam.pmc 
Including Project File: /var/ftp/usrflash/Project/PMAC Script Language/Libraries/SPG_SetVsWtParam.pmc 
Including Project File: /var/ftp/usrflash/Project/PMAC Script Language/Libraries/SPG_SetWsLdParam.pmc 
Including Project File: /var/ftp/usrflash/Project/PMAC Script Language/Libraries/SPG_SetWsRdParam.pmc 
Including Project File: /var/ftp/usrflash/Project/PMAC Script Language/Libraries/SPG_SetWsRjParam.pmc 
Including Project File: /var/ftp/usrflash/Project/PMAC Script Language/Libraries/SPG_SetWsUdParam.pmc 
Including Project File: /var/ftp/usrflash/Project/PMAC Script Language/Libraries/SPG_SetWsWdParam.pmc 
Including Project File: /var/ftp/usrflash/Project/PMAC Script Language/Libraries/SPG_SetWsWtParam.pmc 
Including Project File: /var/ftp/usrflash/Project/PMAC Script Language/Libraries/SPG_ReadScPos.pmc 
Including Project File: /var/ftp/usrflash/Project/PMAC Script Language/Libraries/SPG_ResetVsAlarm.pmc 
Including Project File: /var/ftp/usrflash/Project/PMAC Script Language/Libraries/SPG_ResetWsAlarm.pmc 
Including Project File: /var/ftp/usrflash/Project/PMAC Script Language/Libraries/SPG_ReadThPos.pmc 
Including Project File: /var/ftp/usrflash/Project/PMAC Script Language/Libraries/SPG_ConvertFunc.pmc 
Including Project File: /var/ftp/usrflash/Project/PMAC Script Language/Motion Programs/PRG01_Test1.pmc 
Including Project File: /var/ftp/usrflash/Project/PMAC Script Language/Motion Programs/PRG02_Test2.pmc 
Including Project File: /var/ftp/usrflash/Project/PMAC Script Language/Motion Programs/PRG03_Test3.pmc 
Including Project File: /var/ftp/usrflash/Project/PMAC Script Language/Motion Programs/PRG04_Test4.pmc 
Including Project File: /var/ftp/usrflash/Project/PMAC Script Language/Motion Programs/PRG05_Test5.pmc 
Including Project File: /var/ftp/usrflash/Project/PMAC Script Language/Motion Programs/PRG19_Zero.pmc 
Including Project File: /var/ftp/usrflash/Project/PMAC Script Language/Motion Programs/PRG20_Welding.pmc 
Including Project File: /var/ftp/usrflash/Project/PMAC Script Language/Motion Programs/PRG21_Circle.pmc 
Including Project File: /var/ftp/usrflash/Project/PMAC Script Language/Motion Programs/PRG22_SnowMan.pmc 
Including Project File: /var/ftp/usrflash/Project/PMAC Script Language/Motion Programs/PRG23_ButterFly.pmc 
Including Project File: /var/ftp/usrflash/Project/PMAC Script Language/Motion Programs/PRG24_Column.pmc 
Including Project File: /var/ftp/usrflash/Project/PMAC Script Language/Motion Programs/PRG25_Row.pmc 
Including Project File: /var/ftp/usrflash/Project/PMAC Script Language/Motion Programs/PRG30_Vision.pmc 
Including Project File: /var/ftp/usrflash/Project/PMAC Script Language/Motion Programs/PRG50_LaserTest_Cross.pmc 
Including Project File: /var/ftp/usrflash/Project/PMAC Script Language/Motion Programs/PRG51_LaserTest_Line.pmc 
Including Project File: /var/ftp/usrflash/Project/PMAC Script Language/Motion Programs/PRG18_ProgMove.pmc 
Including Project File: /var/ftp/usrflash/Project/PMAC Script Language/PLC Programs/PLC00_RTI.plc 
Including Project File: /var/ftp/usrflash/Project/PMAC Script Language/PLC Programs/PLC01_Init.plc 
Including Project File: /var/ftp/usrflash/Project/PMAC Script Language/PLC Programs/PLC02_Sta.plc 
Including Project File: /var/ftp/usrflash/Project/PMAC Script Language/PLC Programs/PLC03_Cmd.plc 
Including Project File: /var/ftp/usrflash/Project/PMAC Script Language/PLC Programs/PLC04_Safety.plc 
Including Project File: /var/ftp/usrflash/Project/PMAC Script Language/PLC Programs/PLC05_Ecat.plc 
Including Project File: /var/ftp/usrflash/Project/PMAC Script Language/PLC Programs/PLC06_IoCom.plc 
Including Project File: /var/ftp/usrflash/Project/PMAC Script Language/PLC Programs/PLC10_Home.plc 
Including Project File: /var/ftp/usrflash/Project/PMAC Script Language/PLC Programs/PLC11_Jog.plc 
Including Project File: /var/ftp/usrflash/Project/PMAC Script Language/PLC Programs/PLC12_SeqMc.plc 
Including Project File: /var/ftp/usrflash/Project/PMAC Script Language/PLC Programs/PLC13_SeqWs.plc 
Including Project File: /var/ftp/usrflash/Project/PMAC Script Language/PLC Programs/PLC14_SeqVs.plc 
Including Project File: /var/ftp/usrflash/Project/PMAC Script Language/PLC Programs/PLC20_Cylinder.plc 
Including Project File: /var/ftp/usrflash/Project/PMAC Script Language/PLC Programs/PLC21_TestShot.plc 
Including Project File: /var/ftp/usrflash/Project/PMAC Script Language/PLC Programs/PLC22_LaserCtrl.plc 
Including Project File: /var/ftp/usrflash/Project/PMAC Script Language/PLC Programs/PLC23_TargetMove.plc 
Including Project File: /var/ftp/usrflash/Project/PMAC Script Language/PLC Programs/PLC24_Cover.plc 
Including Project File: /var/ftp/usrflash/Project/PMAC Script Language/PLC Programs/PLC25_BlowOff.plc 
Including Project File: /var/ftp/usrflash/Project/PMAC Script Language/PLC Programs/PLC27_PickAndPlace.plc 
Including Project File: /var/ftp/usrflash/Project/PMAC Script Language/PLC Programs/PLC28_VisionTrigger.plc 
Including Project File: /var/ftp/usrflash/Project/PMAC Script Language/PLC Programs/PLC29_Buf.plc 
Including Project File: /var/ftp/usrflash/Project/PMAC Script Language/PLC Programs/PLC30_Test.plc 
Including Project File: /var/ftp/usrflash/Project/PMAC Script Language/PLC Programs/PLC31_ReqSim.plc 
Including Project File: /var/ftp/usrflash/Project/PMAC Script Language/PLC Programs/PLC26_PowerCheck.plc 
Including Project File: /var/ftp/usrflash/Project/PMAC Script Language/PLC Programs/PLC32_VisionSeq.plc 
Including Project File: /var/ftp/usrflash/Project/Configuration/pp_startup.txt 
Status: Pass 1 Create debug file, #defines, *.h & .sym files, Time (sec) = 0.397600
Status: Pass 2 Verify prog calls, local stack & labels, Time (sec)  = 0.154264
3750 Project Symbols were created for gpascii -2 communication
Status: Create PPMAC Symbol Table & Run CPP Time (sec) = 0.925251
Status: Successful load of preprocessed File: "/var/ftp/usrflash/Temp/pp_proj.pma"
Status: Download to PPMAC Command Processor, Time (sec) = 0.114015
Status: Final pp_proj.h & Run Background C Apps, Time (sec) = 0.079886
Project Preprocessing & Load Total Time (sec) = 2.190402
[PMAC_PROJECT]
Start of Project Loading using INI File: "/var/ftp/usrflash/Project/Configuration/pp_proj.ini"
Including Project File: /var/ftp/usrflash/Project/Configuration/pp_disable.txt 
Including Project File: /var/ftp/usrflash/Project/PMAC Script Language/Global Includes/ECATMap.pmh 
Including Project File: /var/ftp/usrflash/Project/PMAC Script Language/Global Includes/AX1515_Mapping.pmh 
Including Project File: /var/ftp/usrflash/Project/PMAC Script Language/Global Includes/H00_Setup_System.pmh 
Including Project File: /var/ftp/usrflash/Project/PMAC Script Language/Global Includes/H01_Setup_EncTable.pmh 
Including Project File: /var/ftp/usrflash/Project/PMAC Script Language/Global Includes/H02_Setup_Motor.pmh 
Including Project File: /var/ftp/usrflash/Project/PMAC Script Language/Global Includes/H03_Setup_Coord.pmh 
Including Project File: /var/ftp/usrflash/Project/PMAC Script Language/Global Includes/H04_Setup_Ecat.pmh 
Including Project File: /var/ftp/usrflash/Project/PMAC Script Language/Global Includes/H05_Setup_Gpio.pmh 
Including Project File: /var/ftp/usrflash/Project/PMAC Script Language/Global Includes/H06_Variable_Umem.pmh 
Including Project File: /var/ftp/usrflash/Project/PMAC Script Language/Global Includes/H07_Variable_UmemArray.pmh 
Including Project File: /var/ftp/usrflash/Project/PMAC Script Language/Global Includes/H08_Variable_Prog.pmh 
Including Project File: /var/ftp/usrflash/Project/PMAC Script Language/Global Includes/H09_Kinematics.pmh 
Including Project File: /var/ftp/usrflash/Project/PMAC Script Language/Global Includes/H10_Nc.pmh 
Including Project File: /var/ftp/usrflash/Project/PMAC Script Language/Kinematic Routines/Forward1.kin 
Including Project File: /var/ftp/usrflash/Project/PMAC Script Language/Kinematic Routines/Inverse1.kin 
Including Project File: /var/ftp/usrflash/Project/PMAC Script Language/Kinematic Routines/Forward2.kin 
Including Project File: /var/ftp/usrflash/Project/PMAC Script Language/Kinematic Routines/Inverse2.kin 
Including Project File: /var/ftp/usrflash/Project/PMAC Script Language/Kinematic Routines/Forward3.kin 
Including Project File: /var/ftp/usrflash/Project/PMAC Script Language/Kinematic Routines/Inverse3.kin 
Including Project File: /var/ftp/usrflash/Project/PMAC Script Language/Libraries/timer.pmc 
Including Project File: /var/ftp/usrflash/Project/PMAC Script Language/Libraries/SPG_Gcode.pmc 
Including Project File: /var/ftp/usrflash/Project/PMAC Script Language/Libraries/SPG_Mcode.pmc 
Including Project File: /var/ftp/usrflash/Project/PMAC Script Language/Libraries/SPG_AbortVsHome.pmc 
Including Project File: /var/ftp/usrflash/Project/PMAC Script Language/Libraries/SPG_AbortVsLoop.pmc 
Including Project File: /var/ftp/usrflash/Project/PMAC Script Language/Libraries/SPG_AbortWsHome.pmc 
Including Project File: /var/ftp/usrflash/Project/PMAC Script Language/Libraries/SPG_AbortWsLoop.pmc 
Including Project File: /var/ftp/usrflash/Project/PMAC Script Language/Libraries/SPG_InitCommand.pmc 
Including Project File: /var/ftp/usrflash/Project/PMAC Script Language/Libraries/SPG_InitECylinder.pmc 
Including Project File: /var/ftp/usrflash/Project/PMAC Script Language/Libraries/SPG_InitMotor.pmc 
Including Project File: /var/ftp/usrflash/Project/PMAC Script Language/Libraries/SPG_InitScanner.pmc 
Including Project File: /var/ftp/usrflash/Project/PMAC Script Language/Libraries/SPG_InitSeqParam.pmc 
Including Project File: /var/ftp/usrflash/Project/PMAC Script Language/Libraries/SPG_SetDefaultParam.pmc 
Including Project File: /var/ftp/usrflash/Project/PMAC Script Language/Libraries/SPG_SetEquOut.pmc 
Including Project File: /var/ftp/usrflash/Project/PMAC Script Language/Libraries/SPG_SetSeqBufQ.pmc 
Including Project File: /var/ftp/usrflash/Project/PMAC Script Language/Libraries/SPG_SetVsLdParam.pmc 
Including Project File: /var/ftp/usrflash/Project/PMAC Script Language/Libraries/SPG_SetVsRdParam.pmc 
Including Project File: /var/ftp/usrflash/Project/PMAC Script Language/Libraries/SPG_SetVsRjParam.pmc 
Including Project File: /var/ftp/usrflash/Project/PMAC Script Language/Libraries/SPG_SetVsUdParam.pmc 
Including Project File: /var/ftp/usrflash/Project/PMAC Script Language/Libraries/SPG_SetVsVnParam.pmc 
Including Project File: /var/ftp/usrflash/Project/PMAC Script Language/Libraries/SPG_SetVsWtParam.pmc 
Including Project File: /var/ftp/usrflash/Project/PMAC Script Language/Libraries/SPG_SetWsLdParam.pmc 
Including Project File: /var/ftp/usrflash/Project/PMAC Script Language/Libraries/SPG_SetWsRdParam.pmc 
Including Project File: /var/ftp/usrflash/Project/PMAC Script Language/Libraries/SPG_SetWsRjParam.pmc 
Including Project File: /var/ftp/usrflash/Project/PMAC Script Language/Libraries/SPG_SetWsUdParam.pmc 
Including Project File: /var/ftp/usrflash/Project/PMAC Script Language/Libraries/SPG_SetWsWdParam.pmc 
Including Project File: /var/ftp/usrflash/Project/PMAC Script Language/Libraries/SPG_SetWsWtParam.pmc 
Including Project File: /var/ftp/usrflash/Project/PMAC Script Language/Libraries/SPG_ReadScPos.pmc 
Including Project File: /var/ftp/usrflash/Project/PMAC Script Language/Libraries/SPG_ResetVsAlarm.pmc 
Including Project File: /var/ftp/usrflash/Project/PMAC Script Language/Libraries/SPG_ResetWsAlarm.pmc 
Including Project File: /var/ftp/usrflash/Project/PMAC Script Language/Libraries/SPG_ReadThPos.pmc 
Including Project File: /var/ftp/usrflash/Project/PMAC Script Language/Libraries/SPG_ConvertFunc.pmc 
Including Project File: /var/ftp/usrflash/Project/PMAC Script Language/Motion Programs/PRG01_Test1.pmc 
Including Project File: /var/ftp/usrflash/Project/PMAC Script Language/Motion Programs/PRG02_Test2.pmc 
Including Project File: /var/ftp/usrflash/Project/PMAC Script Language/Motion Programs/PRG03_Test3.pmc 
Including Project File: /var/ftp/usrflash/Project/PMAC Script Language/Motion Programs/PRG04_Test4.pmc 
Including Project File: /var/ftp/usrflash/Project/PMAC Script Language/Motion Programs/PRG05_Test5.pmc 
Including Project File: /var/ftp/usrflash/Project/PMAC Script Language/Motion Programs/PRG19_Zero.pmc 
Including Project File: /var/ftp/usrflash/Project/PMAC Script Language/Motion Programs/PRG20_Welding.pmc 
Including Project File: /var/ftp/usrflash/Project/PMAC Script Language/Motion Programs/PRG21_Circle.pmc 
Including Project File: /var/ftp/usrflash/Project/PMAC Script Language/Motion Programs/PRG22_SnowMan.pmc 
Including Project File: /var/ftp/usrflash/Project/PMAC Script Language/Motion Programs/PRG23_ButterFly.pmc 
Including Project File: /var/ftp/usrflash/Project/PMAC Script Language/Motion Programs/PRG24_Column.pmc 
Including Project File: /var/ftp/usrflash/Project/PMAC Script Language/Motion Programs/PRG25_Row.pmc 
Including Project File: /var/ftp/usrflash/Project/PMAC Script Language/Motion Programs/PRG30_Vision.pmc 
Including Project File: /var/ftp/usrflash/Project/PMAC Script Language/Motion Programs/PRG50_LaserTest_Cross.pmc 
Including Project File: /var/ftp/usrflash/Project/PMAC Script Language/Motion Programs/PRG51_LaserTest_Line.pmc 
Including Project File: /var/ftp/usrflash/Project/PMAC Script Language/Motion Programs/PRG18_ProgMove.pmc 
Including Project File: /var/ftp/usrflash/Project/PMAC Script Language/PLC Programs/PLC00_RTI.plc 
Including Project File: /var/ftp/usrflash/Project/PMAC Script Language/PLC Programs/PLC01_Init.plc 
Including Project File: /var/ftp/usrflash/Project/PMAC Script Language/PLC Programs/PLC02_Sta.plc 
Including Project File: /var/ftp/usrflash/Project/PMAC Script Language/PLC Programs/PLC03_Cmd.plc 
Including Project File: /var/ftp/usrflash/Project/PMAC Script Language/PLC Programs/PLC04_Safety.plc 
Including Project File: /var/ftp/usrflash/Project/PMAC Script Language/PLC Programs/PLC05_Ecat.plc 
Including Project File: /var/ftp/usrflash/Project/PMAC Script Language/PLC Programs/PLC06_IoCom.plc 
Including Project File: /var/ftp/usrflash/Project/PMAC Script Language/PLC Programs/PLC10_Home.plc 
Including Project File: /var/ftp/usrflash/Project/PMAC Script Language/PLC Programs/PLC11_Jog.plc 
Including Project File: /var/ftp/usrflash/Project/PMAC Script Language/PLC Programs/PLC12_SeqMc.plc 
Including Project File: /var/ftp/usrflash/Project/PMAC Script Language/PLC Programs/PLC13_SeqWs.plc 
Including Project File: /var/ftp/usrflash/Project/PMAC Script Language/PLC Programs/PLC14_SeqVs.plc 
Including Project File: /var/ftp/usrflash/Project/PMAC Script Language/PLC Programs/PLC20_Cylinder.plc 
Including Project File: /var/ftp/usrflash/Project/PMAC Script Language/PLC Programs/PLC21_TestShot.plc 
Including Project File: /var/ftp/usrflash/Project/PMAC Script Language/PLC Programs/PLC22_LaserCtrl.plc 
Including Project File: /var/ftp/usrflash/Project/PMAC Script Language/PLC Programs/PLC23_TargetMove.plc 
Including Project File: /var/ftp/usrflash/Project/PMAC Script Language/PLC Programs/PLC24_Cover.plc 
Including Project File: /var/ftp/usrflash/Project/PMAC Script Language/PLC Programs/PLC25_BlowOff.plc 
Including Project File: /var/ftp/usrflash/Project/PMAC Script Language/PLC Programs/PLC27_PickAndPlace.plc 
Including Project File: /var/ftp/usrflash/Project/PMAC Script Language/PLC Programs/PLC28_VisionTrigger.plc 
Including Project File: /var/ftp/usrflash/Project/PMAC Script Language/PLC Programs/PLC29_Buf.plc 
Including Project File: /var/ftp/usrflash/Project/PMAC Script Language/PLC Programs/PLC30_Test.plc 
Including Project File: /var/ftp/usrflash/Project/PMAC Script Language/PLC Programs/PLC31_ReqSim.plc 
Including Project File: /var/ftp/usrflash/Project/PMAC Script Language/PLC Programs/PLC26_PowerCheck.plc 
Including Project File: /var/ftp/usrflash/Project/PMAC Script Language/PLC Programs/PLC32_VisionSeq.plc 
Including Project File: /var/ftp/usrflash/Project/Configuration/pp_startup.txt 
3745 Project Symbols were created for gpascii -2 communication
[PMAC_PROJECT]
Start of Project Loading using INI File: "/var/ftp/usrflash/Project/Configuration/pp_proj.ini"
Success: Loading usralgo.ko
Success: Loading RT Address of CfromScript
Success: Loading RT Address of CaptCompISR
LoadRTUserCode() Delta Time (sec) = 0.538255
Including Project File: /var/ftp/usrflash/Project/Configuration/pp_disable.txt 
Including Project File: /var/ftp/usrflash/Project/PMAC Script Language/Global Includes/ECATMap.pmh 
Including Project File: /var/ftp/usrflash/Project/PMAC Script Language/Global Includes/AX1515_Mapping.pmh 
Including Project File: /var/ftp/usrflash/Project/PMAC Script Language/Global Includes/H00_Setup_System.pmh 
Including Project File: /var/ftp/usrflash/Project/PMAC Script Language/Global Includes/H01_Setup_EncTable.pmh 
Including Project File: /var/ftp/usrflash/Project/PMAC Script Language/Global Includes/H02_Setup_Motor.pmh 
Including Project File: /var/ftp/usrflash/Project/PMAC Script Language/Global Includes/H03_Setup_Coord.pmh 
Including Project File: /var/ftp/usrflash/Project/PMAC Script Language/Global Includes/H04_Setup_Ecat.pmh 
Including Project File: /var/ftp/usrflash/Project/PMAC Script Language/Global Includes/H05_Setup_Gpio.pmh 
Including Project File: /var/ftp/usrflash/Project/PMAC Script Language/Global Includes/H06_Variable_Umem.pmh 
Including Project File: /var/ftp/usrflash/Project/PMAC Script Language/Global Includes/H07_Variable_UmemArray.pmh 
Including Project File: /var/ftp/usrflash/Project/PMAC Script Language/Global Includes/H08_Variable_Prog.pmh 
Including Project File: /var/ftp/usrflash/Project/PMAC Script Language/Global Includes/H09_Kinematics.pmh 
Including Project File: /var/ftp/usrflash/Project/PMAC Script Language/Global Includes/H10_Nc.pmh 
Including Project File: /var/ftp/usrflash/Project/PMAC Script Language/Kinematic Routines/Forward1.kin 
Including Project File: /var/ftp/usrflash/Project/PMAC Script Language/Kinematic Routines/Inverse1.kin 
Including Project File: /var/ftp/usrflash/Project/PMAC Script Language/Kinematic Routines/Forward2.kin 
Including Project File: /var/ftp/usrflash/Project/PMAC Script Language/Kinematic Routines/Inverse2.kin 
Including Project File: /var/ftp/usrflash/Project/PMAC Script Language/Kinematic Routines/Forward3.kin 
Including Project File: /var/ftp/usrflash/Project/PMAC Script Language/Kinematic Routines/Inverse3.kin 
Including Project File: /var/ftp/usrflash/Project/PMAC Script Language/Libraries/timer.pmc 
Including Project File: /var/ftp/usrflash/Project/PMAC Script Language/Libraries/SPG_Gcode.pmc 
Including Project File: /var/ftp/usrflash/Project/PMAC Script Language/Libraries/SPG_Mcode.pmc 
Including Project File: /var/ftp/usrflash/Project/PMAC Script Language/Libraries/SPG_AbortVsHome.pmc 
Including Project File: /var/ftp/usrflash/Project/PMAC Script Language/Libraries/SPG_AbortVsLoop.pmc 
Including Project File: /var/ftp/usrflash/Project/PMAC Script Language/Libraries/SPG_AbortWsHome.pmc 
Including Project File: /var/ftp/usrflash/Project/PMAC Script Language/Libraries/SPG_AbortWsLoop.pmc 
Including Project File: /var/ftp/usrflash/Project/PMAC Script Language/Libraries/SPG_InitCommand.pmc 
Including Project File: /var/ftp/usrflash/Project/PMAC Script Language/Libraries/SPG_InitECylinder.pmc 
Including Project File: /var/ftp/usrflash/Project/PMAC Script Language/Libraries/SPG_InitMotor.pmc 
Including Project File: /var/ftp/usrflash/Project/PMAC Script Language/Libraries/SPG_InitScanner.pmc 
Including Project File: /var/ftp/usrflash/Project/PMAC Script Language/Libraries/SPG_InitSeqParam.pmc 
Including Project File: /var/ftp/usrflash/Project/PMAC Script Language/Libraries/SPG_SetDefaultParam.pmc 
Including Project File: /var/ftp/usrflash/Project/PMAC Script Language/Libraries/SPG_SetEquOut.pmc 
Including Project File: /var/ftp/usrflash/Project/PMAC Script Language/Libraries/SPG_SetSeqBufQ.pmc 
Including Project File: /var/ftp/usrflash/Project/PMAC Script Language/Libraries/SPG_SetVsLdParam.pmc 
Including Project File: /var/ftp/usrflash/Project/PMAC Script Language/Libraries/SPG_SetVsRdParam.pmc 
Including Project File: /var/ftp/usrflash/Project/PMAC Script Language/Libraries/SPG_SetVsRjParam.pmc 
Including Project File: /var/ftp/usrflash/Project/PMAC Script Language/Libraries/SPG_SetVsUdParam.pmc 
Including Project File: /var/ftp/usrflash/Project/PMAC Script Language/Libraries/SPG_SetVsVnParam.pmc 
Including Project File: /var/ftp/usrflash/Project/PMAC Script Language/Libraries/SPG_SetVsWtParam.pmc 
Including Project File: /var/ftp/usrflash/Project/PMAC Script Language/Libraries/SPG_SetWsLdParam.pmc 
Including Project File: /var/ftp/usrflash/Project/PMAC Script Language/Libraries/SPG_SetWsRdParam.pmc 
Including Project File: /var/ftp/usrflash/Project/PMAC Script Language/Libraries/SPG_SetWsRjParam.pmc 
Including Project File: /var/ftp/usrflash/Project/PMAC Script Language/Libraries/SPG_SetWsUdParam.pmc 
Including Project File: /var/ftp/usrflash/Project/PMAC Script Language/Libraries/SPG_SetWsWdParam.pmc 
Including Project File: /var/ftp/usrflash/Project/PMAC Script Language/Libraries/SPG_SetWsWtParam.pmc 
Including Project File: /var/ftp/usrflash/Project/PMAC Script Language/Libraries/SPG_ReadScPos.pmc 
Including Project File: /var/ftp/usrflash/Project/PMAC Script Language/Libraries/SPG_ResetVsAlarm.pmc 
Including Project File: /var/ftp/usrflash/Project/PMAC Script Language/Libraries/SPG_ResetWsAlarm.pmc 
Including Project File: /var/ftp/usrflash/Project/PMAC Script Language/Libraries/SPG_ReadThPos.pmc 
Including Project File: /var/ftp/usrflash/Project/PMAC Script Language/Libraries/SPG_ConvertFunc.pmc 
Including Project File: /var/ftp/usrflash/Project/PMAC Script Language/Motion Programs/PRG01_Test1.pmc 
Including Project File: /var/ftp/usrflash/Project/PMAC Script Language/Motion Programs/PRG02_Test2.pmc 
Including Project File: /var/ftp/usrflash/Project/PMAC Script Language/Motion Programs/PRG03_Test3.pmc 
Including Project File: /var/ftp/usrflash/Project/PMAC Script Language/Motion Programs/PRG04_Test4.pmc 
Including Project File: /var/ftp/usrflash/Project/PMAC Script Language/Motion Programs/PRG05_Test5.pmc 
Including Project File: /var/ftp/usrflash/Project/PMAC Script Language/Motion Programs/PRG19_Zero.pmc 
Including Project File: /var/ftp/usrflash/Project/PMAC Script Language/Motion Programs/PRG20_Welding.pmc 
Including Project File: /var/ftp/usrflash/Project/PMAC Script Language/Motion Programs/PRG21_Circle.pmc 
Including Project File: /var/ftp/usrflash/Project/PMAC Script Language/Motion Programs/PRG22_SnowMan.pmc 
Including Project File: /var/ftp/usrflash/Project/PMAC Script Language/Motion Programs/PRG23_ButterFly.pmc 
Including Project File: /var/ftp/usrflash/Project/PMAC Script Language/Motion Programs/PRG24_Column.pmc 
Including Project File: /var/ftp/usrflash/Project/PMAC Script Language/Motion Programs/PRG25_Row.pmc 
Including Project File: /var/ftp/usrflash/Project/PMAC Script Language/Motion Programs/PRG30_Vision.pmc 
Including Project File: /var/ftp/usrflash/Project/PMAC Script Language/Motion Programs/PRG50_LaserTest_Cross.pmc 
Including Project File: /var/ftp/usrflash/Project/PMAC Script Language/Motion Programs/PRG51_LaserTest_Line.pmc 
Including Project File: /var/ftp/usrflash/Project/PMAC Script Language/Motion Programs/PRG18_ProgMove.pmc 
Including Project File: /var/ftp/usrflash/Project/PMAC Script Language/PLC Programs/PLC00_RTI.plc 
Including Project File: /var/ftp/usrflash/Project/PMAC Script Language/PLC Programs/PLC01_Init.plc 
Including Project File: /var/ftp/usrflash/Project/PMAC Script Language/PLC Programs/PLC02_Sta.plc 
Including Project File: /var/ftp/usrflash/Project/PMAC Script Language/PLC Programs/PLC03_Cmd.plc 
Including Project File: /var/ftp/usrflash/Project/PMAC Script Language/PLC Programs/PLC04_Safety.plc 
Including Project File: /var/ftp/usrflash/Project/PMAC Script Language/PLC Programs/PLC05_Ecat.plc 
Including Project File: /var/ftp/usrflash/Project/PMAC Script Language/PLC Programs/PLC06_IoCom.plc 
Including Project File: /var/ftp/usrflash/Project/PMAC Script Language/PLC Programs/PLC10_Home.plc 
Including Project File: /var/ftp/usrflash/Project/PMAC Script Language/PLC Programs/PLC11_Jog.plc 
Including Project File: /var/ftp/usrflash/Project/PMAC Script Language/PLC Programs/PLC12_SeqMc.plc 
Including Project File: /var/ftp/usrflash/Project/PMAC Script Language/PLC Programs/PLC13_SeqWs.plc 
Including Project File: /var/ftp/usrflash/Project/PMAC Script Language/PLC Programs/PLC14_SeqVs.plc 
Including Project File: /var/ftp/usrflash/Project/PMAC Script Language/PLC Programs/PLC20_Cylinder.plc 
Including Project File: /var/ftp/usrflash/Project/PMAC Script Language/PLC Programs/PLC21_TestShot.plc 
Including Project File: /var/ftp/usrflash/Project/PMAC Script Language/PLC Programs/PLC22_LaserCtrl.plc 
Including Project File: /var/ftp/usrflash/Project/PMAC Script Language/PLC Programs/PLC23_TargetMove.plc 
Including Project File: /var/ftp/usrflash/Project/PMAC Script Language/PLC Programs/PLC24_Cover.plc 
Including Project File: /var/ftp/usrflash/Project/PMAC Script Language/PLC Programs/PLC25_BlowOff.plc 
Including Project File: /var/ftp/usrflash/Project/PMAC Script Language/PLC Programs/PLC27_PickAndPlace.plc 
Including Project File: /var/ftp/usrflash/Project/PMAC Script Language/PLC Programs/PLC28_VisionTrigger.plc 
Including Project File: /var/ftp/usrflash/Project/PMAC Script Language/PLC Programs/PLC29_Buf.plc 
Including Project File: /var/ftp/usrflash/Project/PMAC Script Language/PLC Programs/PLC30_Test.plc 
Including Project File: /var/ftp/usrflash/Project/PMAC Script Language/PLC Programs/PLC31_ReqSim.plc 
Including Project File: /var/ftp/usrflash/Project/PMAC Script Language/PLC Programs/PLC26_PowerCheck.plc 
Including Project File: /var/ftp/usrflash/Project/PMAC Script Language/PLC Programs/PLC32_VisionSeq.plc 
Including Project File: /var/ftp/usrflash/Project/Configuration/pp_startup.txt 
Status: Pass 1 Create debug file, #defines, *.h & .sym files, Time (sec) = 0.381786
Status: Pass 2 Verify prog calls, local stack & labels, Time (sec)  = 0.165866
3745 Project Symbols were created for gpascii -2 communication
Status: Create PPMAC Symbol Table & Run CPP Time (sec) = 0.938076
Status: Successful load of preprocessed File: "/var/ftp/usrflash/Temp/pp_proj.pma"
Status: Download to PPMAC Command Processor, Time (sec) = 0.130598
Status: Final pp_proj.h & Run Background C Apps, Time (sec) = 0.089072
Project Preprocessing & Load Total Time (sec) = 2.243720
