2025-06-19 17:01:43,554 - root - INFO - Program is running
2025-06-19 17:01:43,617 - PyQt6.uic.uiparser - DEBUG - toplevel widget is MainWindow
2025-06-19 17:01:43,617 - PyQt6.uic.properties - DEBUG - setting property windowModality
2025-06-19 17:01:43,627 - PyQt6.uic.properties - DEBUG - setting property geometry
2025-06-19 17:01:43,627 - PyQt6.uic.properties - DEBUG - setting property sizePolicy
2025-06-19 17:01:43,628 - PyQt6.uic.properties - DEBUG - setting property minimumSize
2025-06-19 17:01:43,628 - PyQt6.uic.properties - DEBUG - setting property maximumSize
2025-06-19 17:01:43,628 - PyQt6.uic.properties - DEBUG - setting property baseSize
2025-06-19 17:01:43,629 - PyQt6.uic.properties - DEBUG - setting property font
2025-06-19 17:01:43,630 - PyQt6.uic.properties - DEBUG - setting property mouseTracking
2025-06-19 17:01:43,630 - PyQt6.uic.properties - DEBUG - setting property tabletTracking
2025-06-19 17:01:43,630 - PyQt6.uic.properties - DEBUG - setting property focusPolicy
2025-06-19 17:01:43,630 - PyQt6.uic.properties - DEBUG - setting property windowTitle
2025-06-19 17:01:43,630 - PyQt6.uic.properties - DEBUG - setting property documentMode
2025-06-19 17:01:43,631 - PyQt6.uic.properties - DEBUG - setting property tabShape
2025-06-19 17:01:43,631 - PyQt6.uic.properties - DEBUG - setting property dockNestingEnabled
2025-06-19 17:01:43,631 - PyQt6.uic.properties - DEBUG - setting property unifiedTitleAndToolBarOnMac
2025-06-19 17:01:43,631 - PyQt6.uic.uiparser - DEBUG - push MainWindow MainWindow
2025-06-19 17:01:43,631 - PyQt6.uic.properties - DEBUG - setting property sizePolicy
2025-06-19 17:01:43,631 - PyQt6.uic.uiparser - DEBUG - push QWidget centralwidget
2025-06-19 17:01:43,631 - PyQt6.uic.properties - DEBUG - setting property enabled
2025-06-19 17:01:43,631 - PyQt6.uic.properties - DEBUG - setting property geometry
2025-06-19 17:01:43,631 - PyQt6.uic.properties - DEBUG - setting property sizePolicy
2025-06-19 17:01:43,631 - PyQt6.uic.properties - DEBUG - setting property font
2025-06-19 17:01:43,631 - PyQt6.uic.properties - DEBUG - setting property focusPolicy
2025-06-19 17:01:43,631 - PyQt6.uic.properties - DEBUG - setting property autoFillBackground
2025-06-19 17:01:43,631 - PyQt6.uic.properties - DEBUG - setting property styleSheet
2025-06-19 17:01:43,631 - PyQt6.uic.properties - DEBUG - setting property currentIndex
2025-06-19 17:01:43,632 - PyQt6.uic.properties - DEBUG - setting property documentMode
2025-06-19 17:01:43,632 - PyQt6.uic.uiparser - DEBUG - push QTabWidget tabWidget
2025-06-19 17:01:43,632 - PyQt6.uic.uiparser - DEBUG - push QWidget tab
2025-06-19 17:01:43,632 - PyQt6.uic.properties - DEBUG - setting property geometry
2025-06-19 17:01:43,632 - PyQt6.uic.properties - DEBUG - setting property sizePolicy
2025-06-19 17:01:43,632 - PyQt6.uic.properties - DEBUG - setting property mouseTracking
2025-06-19 17:01:43,632 - PyQt6.uic.properties - DEBUG - setting property sizeAdjustPolicy
2025-06-19 17:01:43,632 - PyQt6.uic.properties - DEBUG - setting property interactive
2025-06-19 17:01:43,632 - PyQt6.uic.properties - DEBUG - setting property viewportUpdateMode
2025-06-19 17:01:43,632 - PyQt6.uic.uiparser - DEBUG - push QGraphicsView Topology
2025-06-19 17:01:43,632 - PyQt6.uic.uiparser - DEBUG - pop widget QGraphicsView Topology
2025-06-19 17:01:43,632 - PyQt6.uic.uiparser - DEBUG - new topwidget <PyQt6.QtWidgets.QWidget object at 0x0000025BE7734160>
2025-06-19 17:01:43,632 - PyQt6.uic.uiparser - DEBUG - pop widget QWidget tab
2025-06-19 17:01:43,632 - PyQt6.uic.uiparser - DEBUG - new topwidget <PyQt6.QtWidgets.QTabWidget object at 0x0000025BE77340D0>
2025-06-19 17:01:43,635 - PyQt6.uic.uiparser - DEBUG - push QWidget tab_6
2025-06-19 17:01:43,637 - PyQt6.uic.properties - DEBUG - setting property geometry
2025-06-19 17:01:43,637 - PyQt6.uic.properties - DEBUG - setting property styleSheet
2025-06-19 17:01:43,637 - PyQt6.uic.properties - DEBUG - setting property verticalScrollBarPolicy
2025-06-19 17:01:43,637 - PyQt6.uic.properties - DEBUG - setting property horizontalScrollBarPolicy
2025-06-19 17:01:43,637 - PyQt6.uic.properties - DEBUG - setting property sizeAdjustPolicy
2025-06-19 17:01:43,637 - PyQt6.uic.properties - DEBUG - setting property editTriggers
2025-06-19 17:01:43,637 - PyQt6.uic.properties - DEBUG - setting property alternatingRowColors
2025-06-19 17:01:43,637 - PyQt6.uic.properties - DEBUG - setting property selectionBehavior
2025-06-19 17:01:43,637 - PyQt6.uic.properties - DEBUG - setting property textElideMode
2025-06-19 17:01:43,637 - PyQt6.uic.properties - DEBUG - setting property showGrid
2025-06-19 17:01:43,637 - PyQt6.uic.properties - DEBUG - setting property sortingEnabled
2025-06-19 17:01:43,637 - PyQt6.uic.properties - DEBUG - setting property wordWrap
2025-06-19 17:01:43,637 - PyQt6.uic.properties - DEBUG - setting property cornerButtonEnabled
2025-06-19 17:01:43,637 - PyQt6.uic.properties - DEBUG - setting property rowCount
2025-06-19 17:01:43,637 - PyQt6.uic.uiparser - DEBUG - push QTableWidget slave_info
2025-06-19 17:01:43,641 - PyQt6.uic.uiparser - DEBUG - pop widget QTableWidget slave_info
2025-06-19 17:01:43,641 - PyQt6.uic.uiparser - DEBUG - new topwidget <PyQt6.QtWidgets.QWidget object at 0x0000025BE7734280>
2025-06-19 17:01:43,642 - PyQt6.uic.uiparser - DEBUG - pop widget QWidget tab_6
2025-06-19 17:01:43,642 - PyQt6.uic.uiparser - DEBUG - new topwidget <PyQt6.QtWidgets.QTabWidget object at 0x0000025BE77340D0>
2025-06-19 17:01:43,642 - PyQt6.uic.uiparser - DEBUG - push QWidget widget
2025-06-19 17:01:43,642 - PyQt6.uic.properties - DEBUG - setting property geometry
2025-06-19 17:01:43,642 - PyQt6.uic.properties - DEBUG - setting property toolTip
2025-06-19 17:01:43,642 - PyQt6.uic.properties - DEBUG - setting property statusTip
2025-06-19 17:01:43,642 - PyQt6.uic.properties - DEBUG - setting property verticalScrollBarPolicy
2025-06-19 17:01:43,642 - PyQt6.uic.properties - DEBUG - setting property horizontalScrollBarPolicy
2025-06-19 17:01:43,642 - PyQt6.uic.uiparser - DEBUG - push QTableWidget tableWidget_4
2025-06-19 17:01:43,644 - PyQt6.uic.uiparser - DEBUG - pop widget QTableWidget tableWidget_4
2025-06-19 17:01:43,644 - PyQt6.uic.uiparser - DEBUG - new topwidget <PyQt6.QtWidgets.QWidget object at 0x0000025BE7734A60>
2025-06-19 17:01:43,644 - PyQt6.uic.properties - DEBUG - setting property geometry
2025-06-19 17:01:43,644 - PyQt6.uic.uiparser - DEBUG - push QWidget horizontalLayoutWidget_2
2025-06-19 17:01:43,644 - PyQt6.uic.properties - DEBUG - setting property spacing
2025-06-19 17:01:43,644 - PyQt6.uic.properties - DEBUG - setting property pyuicMargins
2025-06-19 17:01:43,644 - PyQt6.uic.properties - DEBUG - setting property pyuicSpacing
2025-06-19 17:01:43,644 - PyQt6.uic.uiparser - DEBUG - push QHBoxLayout horizontalLayout_4
2025-06-19 17:01:43,644 - PyQt6.uic.properties - DEBUG - setting property minimumSize
2025-06-19 17:01:43,644 - PyQt6.uic.properties - DEBUG - setting property whatsThis
2025-06-19 17:01:43,644 - PyQt6.uic.properties - DEBUG - setting property text
2025-06-19 17:01:43,644 - PyQt6.uic.uiparser - DEBUG - push QPushButton import_2
2025-06-19 17:01:43,644 - PyQt6.uic.uiparser - DEBUG - pop widget QPushButton import_2
2025-06-19 17:01:43,644 - PyQt6.uic.uiparser - DEBUG - new topwidget <PyQt6.QtWidgets.QWidget object at 0x0000025BE7734E50>
2025-06-19 17:01:43,644 - PyQt6.uic.properties - DEBUG - setting property minimumSize
2025-06-19 17:01:43,644 - PyQt6.uic.properties - DEBUG - setting property whatsThis
2025-06-19 17:01:43,644 - PyQt6.uic.properties - DEBUG - setting property text
2025-06-19 17:01:43,644 - PyQt6.uic.uiparser - DEBUG - push QPushButton export_2
2025-06-19 17:01:43,644 - PyQt6.uic.uiparser - DEBUG - pop widget QPushButton export_2
2025-06-19 17:01:43,644 - PyQt6.uic.uiparser - DEBUG - new topwidget <PyQt6.QtWidgets.QWidget object at 0x0000025BE7734E50>
2025-06-19 17:01:43,644 - PyQt6.uic.properties - DEBUG - setting property minimumSize
2025-06-19 17:01:43,644 - PyQt6.uic.properties - DEBUG - setting property statusTip
2025-06-19 17:01:43,644 - PyQt6.uic.properties - DEBUG - setting property text
2025-06-19 17:01:43,644 - PyQt6.uic.uiparser - DEBUG - push QPushButton add_SDO_button
2025-06-19 17:01:43,644 - PyQt6.uic.uiparser - DEBUG - pop widget QPushButton add_SDO_button
2025-06-19 17:01:43,644 - PyQt6.uic.uiparser - DEBUG - new topwidget <PyQt6.QtWidgets.QWidget object at 0x0000025BE7734E50>
2025-06-19 17:01:43,644 - PyQt6.uic.properties - DEBUG - setting property minimumSize
2025-06-19 17:01:43,644 - PyQt6.uic.properties - DEBUG - setting property statusTip
2025-06-19 17:01:43,644 - PyQt6.uic.properties - DEBUG - setting property text
2025-06-19 17:01:43,644 - PyQt6.uic.uiparser - DEBUG - push QPushButton delete_row_button
2025-06-19 17:01:43,644 - PyQt6.uic.uiparser - DEBUG - pop widget QPushButton delete_row_button
2025-06-19 17:01:43,644 - PyQt6.uic.uiparser - DEBUG - new topwidget <PyQt6.QtWidgets.QWidget object at 0x0000025BE7734E50>
2025-06-19 17:01:43,644 - PyQt6.uic.uiparser - DEBUG - pop layout QHBoxLayout horizontalLayout_4
2025-06-19 17:01:43,644 - PyQt6.uic.uiparser - DEBUG - pop widget QWidget horizontalLayoutWidget_2
2025-06-19 17:01:43,645 - PyQt6.uic.uiparser - DEBUG - new topwidget <PyQt6.QtWidgets.QWidget object at 0x0000025BE7734A60>
2025-06-19 17:01:43,645 - PyQt6.uic.uiparser - DEBUG - pop widget QWidget widget
2025-06-19 17:01:43,645 - PyQt6.uic.uiparser - DEBUG - new topwidget <PyQt6.QtWidgets.QTabWidget object at 0x0000025BE77340D0>
2025-06-19 17:01:43,645 - PyQt6.uic.uiparser - DEBUG - pop widget QTabWidget tabWidget
2025-06-19 17:01:43,645 - PyQt6.uic.uiparser - DEBUG - new topwidget <PyQt6.QtWidgets.QWidget object at 0x0000025BE7734040>
2025-06-19 17:01:43,645 - PyQt6.uic.properties - DEBUG - setting property enabled
2025-06-19 17:01:43,645 - PyQt6.uic.properties - DEBUG - setting property geometry
2025-06-19 17:01:43,645 - PyQt6.uic.properties - DEBUG - setting property sizePolicy
2025-06-19 17:01:43,645 - PyQt6.uic.properties - DEBUG - setting property font
2025-06-19 17:01:43,645 - PyQt6.uic.properties - DEBUG - setting property styleSheet
2025-06-19 17:01:43,645 - PyQt6.uic.properties - DEBUG - setting property currentIndex
2025-06-19 17:01:43,645 - PyQt6.uic.properties - DEBUG - setting property elideMode
2025-06-19 17:01:43,645 - PyQt6.uic.properties - DEBUG - setting property documentMode
2025-06-19 17:01:43,645 - PyQt6.uic.properties - DEBUG - setting property tabBarAutoHide
2025-06-19 17:01:43,647 - PyQt6.uic.uiparser - DEBUG - push QTabWidget tabWidget_5
2025-06-19 17:01:43,647 - PyQt6.uic.uiparser - DEBUG - push QWidget tab_7
2025-06-19 17:01:43,647 - PyQt6.uic.properties - DEBUG - setting property geometry
2025-06-19 17:01:43,647 - PyQt6.uic.properties - DEBUG - setting property font
2025-06-19 17:01:43,647 - PyQt6.uic.properties - DEBUG - setting property currentIndex
2025-06-19 17:01:43,647 - PyQt6.uic.properties - DEBUG - setting property documentMode
2025-06-19 17:01:43,647 - PyQt6.uic.uiparser - DEBUG - push QTabWidget tabWidget_2
2025-06-19 17:01:43,647 - PyQt6.uic.uiparser - DEBUG - push QWidget tab_4
2025-06-19 17:01:43,647 - PyQt6.uic.properties - DEBUG - setting property geometry
2025-06-19 17:01:43,647 - PyQt6.uic.properties - DEBUG - setting property title
2025-06-19 17:01:43,647 - PyQt6.uic.uiparser - DEBUG - push QGroupBox groupBox_5
2025-06-19 17:01:43,647 - PyQt6.uic.properties - DEBUG - setting property geometry
2025-06-19 17:01:43,647 - PyQt6.uic.properties - DEBUG - setting property sizePolicy
2025-06-19 17:01:43,647 - PyQt6.uic.properties - DEBUG - setting property font
2025-06-19 17:01:43,647 - PyQt6.uic.properties - DEBUG - setting property text
2025-06-19 17:01:43,647 - PyQt6.uic.uiparser - DEBUG - push QLabel SyncLimit
2025-06-19 17:01:43,647 - PyQt6.uic.uiparser - DEBUG - pop widget QLabel SyncLimit
2025-06-19 17:01:43,647 - PyQt6.uic.uiparser - DEBUG - new topwidget <PyQt6.QtWidgets.QGroupBox object at 0x0000025BE77353F0>
2025-06-19 17:01:43,648 - PyQt6.uic.properties - DEBUG - setting property geometry
2025-06-19 17:01:43,648 - PyQt6.uic.properties - DEBUG - setting property sizePolicy
2025-06-19 17:01:43,648 - PyQt6.uic.properties - DEBUG - setting property font
2025-06-19 17:01:43,648 - PyQt6.uic.properties - DEBUG - setting property text
2025-06-19 17:01:43,648 - PyQt6.uic.properties - DEBUG - setting property alignment
2025-06-19 17:01:43,648 - PyQt6.uic.properties - DEBUG - setting property readOnly
2025-06-19 17:01:43,648 - PyQt6.uic.uiparser - DEBUG - push QLineEdit TaskID1Ext_2
2025-06-19 17:01:43,648 - PyQt6.uic.uiparser - DEBUG - pop widget QLineEdit TaskID1Ext_2
2025-06-19 17:01:43,648 - PyQt6.uic.uiparser - DEBUG - new topwidget <PyQt6.QtWidgets.QGroupBox object at 0x0000025BE77353F0>
2025-06-19 17:01:43,648 - PyQt6.uic.properties - DEBUG - setting property geometry
2025-06-19 17:01:43,648 - PyQt6.uic.properties - DEBUG - setting property sizePolicy
2025-06-19 17:01:43,648 - PyQt6.uic.properties - DEBUG - setting property font
2025-06-19 17:01:43,648 - PyQt6.uic.properties - DEBUG - setting property text
2025-06-19 17:01:43,648 - PyQt6.uic.properties - DEBUG - setting property alignment
2025-06-19 17:01:43,648 - PyQt6.uic.properties - DEBUG - setting property readOnly
2025-06-19 17:01:43,648 - PyQt6.uic.uiparser - DEBUG - push QLineEdit TransitionTimeout_2
2025-06-19 17:01:43,648 - PyQt6.uic.uiparser - DEBUG - pop widget QLineEdit TransitionTimeout_2
2025-06-19 17:01:43,648 - PyQt6.uic.uiparser - DEBUG - new topwidget <PyQt6.QtWidgets.QGroupBox object at 0x0000025BE77353F0>
2025-06-19 17:01:43,648 - PyQt6.uic.properties - DEBUG - setting property geometry
2025-06-19 17:01:43,648 - PyQt6.uic.properties - DEBUG - setting property sizePolicy
2025-06-19 17:01:43,649 - PyQt6.uic.properties - DEBUG - setting property font
2025-06-19 17:01:43,649 - PyQt6.uic.properties - DEBUG - setting property text
2025-06-19 17:01:43,649 - PyQt6.uic.properties - DEBUG - setting property alignment
2025-06-19 17:01:43,649 - PyQt6.uic.properties - DEBUG - setting property readOnly
2025-06-19 17:01:43,649 - PyQt6.uic.uiparser - DEBUG - push QLineEdit SyncLimit_3
2025-06-19 17:01:43,649 - PyQt6.uic.uiparser - DEBUG - pop widget QLineEdit SyncLimit_3
2025-06-19 17:01:43,649 - PyQt6.uic.uiparser - DEBUG - new topwidget <PyQt6.QtWidgets.QGroupBox object at 0x0000025BE77353F0>
2025-06-19 17:01:43,649 - PyQt6.uic.properties - DEBUG - setting property geometry
2025-06-19 17:01:43,649 - PyQt6.uic.properties - DEBUG - setting property sizePolicy
2025-06-19 17:01:43,649 - PyQt6.uic.properties - DEBUG - setting property font
2025-06-19 17:01:43,649 - PyQt6.uic.properties - DEBUG - setting property text
2025-06-19 17:01:43,649 - PyQt6.uic.uiparser - DEBUG - push QLabel ServoPeriod
2025-06-19 17:01:43,649 - PyQt6.uic.uiparser - DEBUG - pop widget QLabel ServoPeriod
2025-06-19 17:01:43,649 - PyQt6.uic.uiparser - DEBUG - new topwidget <PyQt6.QtWidgets.QGroupBox object at 0x0000025BE77353F0>
2025-06-19 17:01:43,649 - PyQt6.uic.properties - DEBUG - setting property geometry
2025-06-19 17:01:43,649 - PyQt6.uic.properties - DEBUG - setting property sizePolicy
2025-06-19 17:01:43,649 - PyQt6.uic.properties - DEBUG - setting property font
2025-06-19 17:01:43,649 - PyQt6.uic.properties - DEBUG - setting property text
2025-06-19 17:01:43,649 - PyQt6.uic.properties - DEBUG - setting property alignment
2025-06-19 17:01:43,649 - PyQt6.uic.properties - DEBUG - setting property readOnly
2025-06-19 17:01:43,649 - PyQt6.uic.uiparser - DEBUG - push QLineEdit EcatCycleTime_2
2025-06-19 17:01:43,649 - PyQt6.uic.uiparser - DEBUG - pop widget QLineEdit EcatCycleTime_2
2025-06-19 17:01:43,649 - PyQt6.uic.uiparser - DEBUG - new topwidget <PyQt6.QtWidgets.QGroupBox object at 0x0000025BE77353F0>
2025-06-19 17:01:43,649 - PyQt6.uic.properties - DEBUG - setting property geometry
2025-06-19 17:01:43,649 - PyQt6.uic.properties - DEBUG - setting property sizePolicy
2025-06-19 17:01:43,650 - PyQt6.uic.properties - DEBUG - setting property font
2025-06-19 17:01:43,650 - PyQt6.uic.properties - DEBUG - setting property text
2025-06-19 17:01:43,650 - PyQt6.uic.uiparser - DEBUG - push QLabel ServoExtension
2025-06-19 17:01:43,650 - PyQt6.uic.uiparser - DEBUG - pop widget QLabel ServoExtension
2025-06-19 17:01:43,650 - PyQt6.uic.uiparser - DEBUG - new topwidget <PyQt6.QtWidgets.QGroupBox object at 0x0000025BE77353F0>
2025-06-19 17:01:43,650 - PyQt6.uic.properties - DEBUG - setting property geometry
2025-06-19 17:01:43,650 - PyQt6.uic.properties - DEBUG - setting property sizePolicy
2025-06-19 17:01:43,650 - PyQt6.uic.properties - DEBUG - setting property font
2025-06-19 17:01:43,650 - PyQt6.uic.properties - DEBUG - setting property text
2025-06-19 17:01:43,650 - PyQt6.uic.uiparser - DEBUG - push QLabel TransitionTimeout
2025-06-19 17:01:43,650 - PyQt6.uic.uiparser - DEBUG - pop widget QLabel TransitionTimeout
2025-06-19 17:01:43,650 - PyQt6.uic.uiparser - DEBUG - new topwidget <PyQt6.QtWidgets.QGroupBox object at 0x0000025BE77353F0>
2025-06-19 17:01:43,650 - PyQt6.uic.properties - DEBUG - setting property geometry
2025-06-19 17:01:43,650 - PyQt6.uic.properties - DEBUG - setting property sizePolicy
2025-06-19 17:01:43,650 - PyQt6.uic.properties - DEBUG - setting property font
2025-06-19 17:01:43,650 - PyQt6.uic.properties - DEBUG - setting property text
2025-06-19 17:01:43,650 - PyQt6.uic.uiparser - DEBUG - push QLabel EcatCycleTime
2025-06-19 17:01:43,650 - PyQt6.uic.uiparser - DEBUG - pop widget QLabel EcatCycleTime
2025-06-19 17:01:43,651 - PyQt6.uic.uiparser - DEBUG - new topwidget <PyQt6.QtWidgets.QGroupBox object at 0x0000025BE77353F0>
2025-06-19 17:01:43,651 - PyQt6.uic.properties - DEBUG - setting property geometry
2025-06-19 17:01:43,651 - PyQt6.uic.properties - DEBUG - setting property sizePolicy
2025-06-19 17:01:43,651 - PyQt6.uic.properties - DEBUG - setting property font
2025-06-19 17:01:43,651 - PyQt6.uic.properties - DEBUG - setting property text
2025-06-19 17:01:43,651 - PyQt6.uic.uiparser - DEBUG - push QLabel TaskID1Ext
2025-06-19 17:01:43,651 - PyQt6.uic.uiparser - DEBUG - pop widget QLabel TaskID1Ext
2025-06-19 17:01:43,651 - PyQt6.uic.uiparser - DEBUG - new topwidget <PyQt6.QtWidgets.QGroupBox object at 0x0000025BE77353F0>
2025-06-19 17:01:43,651 - PyQt6.uic.properties - DEBUG - setting property geometry
2025-06-19 17:01:43,651 - PyQt6.uic.properties - DEBUG - setting property sizePolicy
2025-06-19 17:01:43,651 - PyQt6.uic.properties - DEBUG - setting property font
2025-06-19 17:01:43,651 - PyQt6.uic.properties - DEBUG - setting property text
2025-06-19 17:01:43,651 - PyQt6.uic.properties - DEBUG - setting property alignment
2025-06-19 17:01:43,651 - PyQt6.uic.properties - DEBUG - setting property readOnly
2025-06-19 17:01:43,651 - PyQt6.uic.uiparser - DEBUG - push QLineEdit ServoExtension_2
2025-06-19 17:01:43,651 - PyQt6.uic.uiparser - DEBUG - pop widget QLineEdit ServoExtension_2
2025-06-19 17:01:43,651 - PyQt6.uic.uiparser - DEBUG - new topwidget <PyQt6.QtWidgets.QGroupBox object at 0x0000025BE77353F0>
2025-06-19 17:01:43,651 - PyQt6.uic.properties - DEBUG - setting property geometry
2025-06-19 17:01:43,651 - PyQt6.uic.properties - DEBUG - setting property sizePolicy
2025-06-19 17:01:43,652 - PyQt6.uic.properties - DEBUG - setting property font
2025-06-19 17:01:43,652 - PyQt6.uic.properties - DEBUG - setting property text
2025-06-19 17:01:43,652 - PyQt6.uic.properties - DEBUG - setting property alignment
2025-06-19 17:01:43,652 - PyQt6.uic.properties - DEBUG - setting property readOnly
2025-06-19 17:01:43,652 - PyQt6.uic.uiparser - DEBUG - push QLineEdit ServoPeriod_2
2025-06-19 17:01:43,652 - PyQt6.uic.uiparser - DEBUG - pop widget QLineEdit ServoPeriod_2
2025-06-19 17:01:43,652 - PyQt6.uic.uiparser - DEBUG - new topwidget <PyQt6.QtWidgets.QGroupBox object at 0x0000025BE77353F0>
2025-06-19 17:01:43,652 - PyQt6.uic.uiparser - DEBUG - pop widget QGroupBox groupBox_5
2025-06-19 17:01:43,652 - PyQt6.uic.uiparser - DEBUG - new topwidget <PyQt6.QtWidgets.QWidget object at 0x0000025BE7735360>
2025-06-19 17:01:43,652 - PyQt6.uic.properties - DEBUG - setting property geometry
2025-06-19 17:01:43,652 - PyQt6.uic.properties - DEBUG - setting property title
2025-06-19 17:01:43,652 - PyQt6.uic.uiparser - DEBUG - push QGroupBox groupBox_9
2025-06-19 17:01:43,652 - PyQt6.uic.properties - DEBUG - setting property geometry
2025-06-19 17:01:43,652 - PyQt6.uic.properties - DEBUG - setting property font
2025-06-19 17:01:43,652 - PyQt6.uic.properties - DEBUG - setting property text
2025-06-19 17:01:43,652 - PyQt6.uic.uiparser - DEBUG - push QLabel RtStateCheck_freq
2025-06-19 17:01:43,652 - PyQt6.uic.uiparser - DEBUG - pop widget QLabel RtStateCheck_freq
2025-06-19 17:01:43,652 - PyQt6.uic.uiparser - DEBUG - new topwidget <PyQt6.QtWidgets.QGroupBox object at 0x0000025BE7735B40>
2025-06-19 17:01:43,653 - PyQt6.uic.properties - DEBUG - setting property geometry
2025-06-19 17:01:43,653 - PyQt6.uic.properties - DEBUG - setting property sizePolicy
2025-06-19 17:01:43,653 - PyQt6.uic.properties - DEBUG - setting property font
2025-06-19 17:01:43,653 - PyQt6.uic.properties - DEBUG - setting property whatsThis
2025-06-19 17:01:43,653 - PyQt6.uic.properties - DEBUG - setting property alignment
2025-06-19 17:01:43,653 - PyQt6.uic.properties - DEBUG - setting property minimum
2025-06-19 17:01:43,654 - PyQt6.uic.uiparser - DEBUG - push QSpinBox RtStateCheck_freq_5
2025-06-19 17:01:43,654 - PyQt6.uic.uiparser - DEBUG - pop widget QSpinBox RtStateCheck_freq_5
2025-06-19 17:01:43,654 - PyQt6.uic.uiparser - DEBUG - new topwidget <PyQt6.QtWidgets.QGroupBox object at 0x0000025BE7735B40>
2025-06-19 17:01:43,654 - PyQt6.uic.properties - DEBUG - setting property geometry
2025-06-19 17:01:43,654 - PyQt6.uic.properties - DEBUG - setting property font
2025-06-19 17:01:43,654 - PyQt6.uic.properties - DEBUG - setting property text
2025-06-19 17:01:43,654 - PyQt6.uic.uiparser - DEBUG - push QLabel RtStateCheck_freq_2
2025-06-19 17:01:43,654 - PyQt6.uic.uiparser - DEBUG - pop widget QLabel RtStateCheck_freq_2
2025-06-19 17:01:43,654 - PyQt6.uic.uiparser - DEBUG - new topwidget <PyQt6.QtWidgets.QGroupBox object at 0x0000025BE7735B40>
2025-06-19 17:01:43,654 - PyQt6.uic.properties - DEBUG - setting property geometry
2025-06-19 17:01:43,656 - PyQt6.uic.properties - DEBUG - setting property sizePolicy
2025-06-19 17:01:43,656 - PyQt6.uic.properties - DEBUG - setting property font
2025-06-19 17:01:43,656 - PyQt6.uic.properties - DEBUG - setting property text
2025-06-19 17:01:43,656 - PyQt6.uic.uiparser - DEBUG - push QLabel EcErrorCounter_5
2025-06-19 17:01:43,656 - PyQt6.uic.uiparser - DEBUG - pop widget QLabel EcErrorCounter_5
2025-06-19 17:01:43,656 - PyQt6.uic.uiparser - DEBUG - new topwidget <PyQt6.QtWidgets.QGroupBox object at 0x0000025BE7735B40>
2025-06-19 17:01:43,656 - PyQt6.uic.properties - DEBUG - setting property geometry
2025-06-19 17:01:43,656 - PyQt6.uic.properties - DEBUG - setting property sizePolicy
2025-06-19 17:01:43,656 - PyQt6.uic.properties - DEBUG - setting property font
2025-06-19 17:01:43,656 - PyQt6.uic.properties - DEBUG - setting property toolTip
2025-06-19 17:01:43,656 - PyQt6.uic.properties - DEBUG - setting property whatsThis
2025-06-19 17:01:43,656 - PyQt6.uic.properties - DEBUG - setting property text
2025-06-19 17:01:43,656 - PyQt6.uic.properties - DEBUG - setting property alignment
2025-06-19 17:01:43,656 - PyQt6.uic.properties - DEBUG - setting property readOnly
2025-06-19 17:01:43,656 - PyQt6.uic.uiparser - DEBUG - push QLineEdit ecaterror
2025-06-19 17:01:43,656 - PyQt6.uic.uiparser - DEBUG - pop widget QLineEdit ecaterror
2025-06-19 17:01:43,656 - PyQt6.uic.uiparser - DEBUG - new topwidget <PyQt6.QtWidgets.QGroupBox object at 0x0000025BE7735B40>
2025-06-19 17:01:43,656 - PyQt6.uic.properties - DEBUG - setting property geometry
2025-06-19 17:01:43,657 - PyQt6.uic.properties - DEBUG - setting property sizePolicy
2025-06-19 17:01:43,657 - PyQt6.uic.properties - DEBUG - setting property font
2025-06-19 17:01:43,657 - PyQt6.uic.properties - DEBUG - setting property whatsThis
2025-06-19 17:01:43,657 - PyQt6.uic.properties - DEBUG - setting property text
2025-06-19 17:01:43,657 - PyQt6.uic.properties - DEBUG - setting property alignment
2025-06-19 17:01:43,657 - PyQt6.uic.properties - DEBUG - setting property readOnly
2025-06-19 17:01:43,657 - PyQt6.uic.uiparser - DEBUG - push QLineEdit RtStateCheck_2
2025-06-19 17:01:43,657 - PyQt6.uic.uiparser - DEBUG - pop widget QLineEdit RtStateCheck_2
2025-06-19 17:01:43,657 - PyQt6.uic.uiparser - DEBUG - new topwidget <PyQt6.QtWidgets.QGroupBox object at 0x0000025BE7735B40>
2025-06-19 17:01:43,657 - PyQt6.uic.properties - DEBUG - setting property geometry
2025-06-19 17:01:43,657 - PyQt6.uic.properties - DEBUG - setting property sizePolicy
2025-06-19 17:01:43,657 - PyQt6.uic.properties - DEBUG - setting property font
2025-06-19 17:01:43,657 - PyQt6.uic.properties - DEBUG - setting property statusTip
2025-06-19 17:01:43,657 - PyQt6.uic.properties - DEBUG - setting property text
2025-06-19 17:01:43,657 - PyQt6.uic.properties - DEBUG - setting property alignment
2025-06-19 17:01:43,657 - PyQt6.uic.properties - DEBUG - setting property readOnly
2025-06-19 17:01:43,657 - PyQt6.uic.uiparser - DEBUG - push QLineEdit DCRefMaster
2025-06-19 17:01:43,657 - PyQt6.uic.uiparser - DEBUG - pop widget QLineEdit DCRefMaster
2025-06-19 17:01:43,657 - PyQt6.uic.uiparser - DEBUG - new topwidget <PyQt6.QtWidgets.QGroupBox object at 0x0000025BE7735B40>
2025-06-19 17:01:43,658 - PyQt6.uic.properties - DEBUG - setting property geometry
2025-06-19 17:01:43,658 - PyQt6.uic.properties - DEBUG - setting property sizePolicy
2025-06-19 17:01:43,658 - PyQt6.uic.properties - DEBUG - setting property font
2025-06-19 17:01:43,658 - PyQt6.uic.properties - DEBUG - setting property statusTip
2025-06-19 17:01:43,658 - PyQt6.uic.properties - DEBUG - setting property text
2025-06-19 17:01:43,658 - PyQt6.uic.properties - DEBUG - setting property alignment
2025-06-19 17:01:43,658 - PyQt6.uic.properties - DEBUG - setting property readOnly
2025-06-19 17:01:43,658 - PyQt6.uic.uiparser - DEBUG - push QLineEdit EcErrorCounter_2
2025-06-19 17:01:43,658 - PyQt6.uic.uiparser - DEBUG - pop widget QLineEdit EcErrorCounter_2
2025-06-19 17:01:43,658 - PyQt6.uic.uiparser - DEBUG - new topwidget <PyQt6.QtWidgets.QGroupBox object at 0x0000025BE7735B40>
2025-06-19 17:01:43,658 - PyQt6.uic.properties - DEBUG - setting property geometry
2025-06-19 17:01:43,658 - PyQt6.uic.properties - DEBUG - setting property sizePolicy
2025-06-19 17:01:43,658 - PyQt6.uic.properties - DEBUG - setting property font
2025-06-19 17:01:43,658 - PyQt6.uic.properties - DEBUG - setting property text
2025-06-19 17:01:43,658 - PyQt6.uic.uiparser - DEBUG - push QLabel MasterReady
2025-06-19 17:01:43,658 - PyQt6.uic.uiparser - DEBUG - pop widget QLabel MasterReady
2025-06-19 17:01:43,658 - PyQt6.uic.uiparser - DEBUG - new topwidget <PyQt6.QtWidgets.QGroupBox object at 0x0000025BE7735B40>
2025-06-19 17:01:43,658 - PyQt6.uic.properties - DEBUG - setting property geometry
2025-06-19 17:01:43,658 - PyQt6.uic.properties - DEBUG - setting property sizePolicy
2025-06-19 17:01:43,658 - PyQt6.uic.properties - DEBUG - setting property font
2025-06-19 17:01:43,658 - PyQt6.uic.properties - DEBUG - setting property whatsThis
2025-06-19 17:01:43,658 - PyQt6.uic.properties - DEBUG - setting property text
2025-06-19 17:01:43,658 - PyQt6.uic.properties - DEBUG - setting property alignment
2025-06-19 17:01:43,658 - PyQt6.uic.properties - DEBUG - setting property readOnly
2025-06-19 17:01:43,659 - PyQt6.uic.uiparser - DEBUG - push QLineEdit AllowInputsOnWkcErr_2
2025-06-19 17:01:43,659 - PyQt6.uic.uiparser - DEBUG - pop widget QLineEdit AllowInputsOnWkcErr_2
2025-06-19 17:01:43,659 - PyQt6.uic.uiparser - DEBUG - new topwidget <PyQt6.QtWidgets.QGroupBox object at 0x0000025BE7735B40>
2025-06-19 17:01:43,659 - PyQt6.uic.properties - DEBUG - setting property geometry
2025-06-19 17:01:43,659 - PyQt6.uic.properties - DEBUG - setting property sizePolicy
2025-06-19 17:01:43,659 - PyQt6.uic.properties - DEBUG - setting property font
2025-06-19 17:01:43,659 - PyQt6.uic.properties - DEBUG - setting property whatsThis
2025-06-19 17:01:43,659 - PyQt6.uic.properties - DEBUG - setting property text
2025-06-19 17:01:43,659 - PyQt6.uic.properties - DEBUG - setting property alignment
2025-06-19 17:01:43,659 - PyQt6.uic.properties - DEBUG - setting property readOnly
2025-06-19 17:01:43,659 - PyQt6.uic.uiparser - DEBUG - push QLineEdit EcatLinkConnected_2
2025-06-19 17:01:43,659 - PyQt6.uic.uiparser - DEBUG - pop widget QLineEdit EcatLinkConnected_2
2025-06-19 17:01:43,659 - PyQt6.uic.uiparser - DEBUG - new topwidget <PyQt6.QtWidgets.QGroupBox object at 0x0000025BE7735B40>
2025-06-19 17:01:43,659 - PyQt6.uic.properties - DEBUG - setting property geometry
2025-06-19 17:01:43,659 - PyQt6.uic.properties - DEBUG - setting property sizePolicy
2025-06-19 17:01:43,659 - PyQt6.uic.properties - DEBUG - setting property font
2025-06-19 17:01:43,659 - PyQt6.uic.properties - DEBUG - setting property text
2025-06-19 17:01:43,659 - PyQt6.uic.uiparser - DEBUG - push QLabel EcErrorCounter_7
2025-06-19 17:01:43,659 - PyQt6.uic.uiparser - DEBUG - pop widget QLabel EcErrorCounter_7
2025-06-19 17:01:43,659 - PyQt6.uic.uiparser - DEBUG - new topwidget <PyQt6.QtWidgets.QGroupBox object at 0x0000025BE7735B40>
2025-06-19 17:01:43,659 - PyQt6.uic.properties - DEBUG - setting property geometry
2025-06-19 17:01:43,659 - PyQt6.uic.properties - DEBUG - setting property sizePolicy
2025-06-19 17:01:43,659 - PyQt6.uic.properties - DEBUG - setting property font
2025-06-19 17:01:43,660 - PyQt6.uic.properties - DEBUG - setting property text
2025-06-19 17:01:43,660 - PyQt6.uic.uiparser - DEBUG - push QLabel RtStateCheck
2025-06-19 17:01:43,660 - PyQt6.uic.uiparser - DEBUG - pop widget QLabel RtStateCheck
2025-06-19 17:01:43,660 - PyQt6.uic.uiparser - DEBUG - new topwidget <PyQt6.QtWidgets.QGroupBox object at 0x0000025BE7735B40>
2025-06-19 17:01:43,660 - PyQt6.uic.properties - DEBUG - setting property geometry
2025-06-19 17:01:43,660 - PyQt6.uic.properties - DEBUG - setting property sizePolicy
2025-06-19 17:01:43,660 - PyQt6.uic.properties - DEBUG - setting property font
2025-06-19 17:01:43,660 - PyQt6.uic.properties - DEBUG - setting property text
2025-06-19 17:01:43,660 - PyQt6.uic.uiparser - DEBUG - push QLabel AllowInputsOnWkcErr
2025-06-19 17:01:43,660 - PyQt6.uic.uiparser - DEBUG - pop widget QLabel AllowInputsOnWkcErr
2025-06-19 17:01:43,660 - PyQt6.uic.uiparser - DEBUG - new topwidget <PyQt6.QtWidgets.QGroupBox object at 0x0000025BE7735B40>
2025-06-19 17:01:43,660 - PyQt6.uic.properties - DEBUG - setting property geometry
2025-06-19 17:01:43,660 - PyQt6.uic.properties - DEBUG - setting property sizePolicy
2025-06-19 17:01:43,660 - PyQt6.uic.properties - DEBUG - setting property font
2025-06-19 17:01:43,660 - PyQt6.uic.properties - DEBUG - setting property text
2025-06-19 17:01:43,660 - PyQt6.uic.uiparser - DEBUG - push QLabel EtherCATLink_2
2025-06-19 17:01:43,660 - PyQt6.uic.uiparser - DEBUG - pop widget QLabel EtherCATLink_2
2025-06-19 17:01:43,660 - PyQt6.uic.uiparser - DEBUG - new topwidget <PyQt6.QtWidgets.QGroupBox object at 0x0000025BE7735B40>
2025-06-19 17:01:43,660 - PyQt6.uic.properties - DEBUG - setting property geometry
2025-06-19 17:01:43,660 - PyQt6.uic.properties - DEBUG - setting property sizePolicy
2025-06-19 17:01:43,660 - PyQt6.uic.properties - DEBUG - setting property font
2025-06-19 17:01:43,660 - PyQt6.uic.properties - DEBUG - setting property text
2025-06-19 17:01:43,660 - PyQt6.uic.uiparser - DEBUG - push QLabel EcErrorCounter
2025-06-19 17:01:43,660 - PyQt6.uic.uiparser - DEBUG - pop widget QLabel EcErrorCounter
2025-06-19 17:01:43,660 - PyQt6.uic.uiparser - DEBUG - new topwidget <PyQt6.QtWidgets.QGroupBox object at 0x0000025BE7735B40>
2025-06-19 17:01:43,660 - PyQt6.uic.properties - DEBUG - setting property geometry
2025-06-19 17:01:43,661 - PyQt6.uic.properties - DEBUG - setting property sizePolicy
2025-06-19 17:01:43,661 - PyQt6.uic.properties - DEBUG - setting property font
2025-06-19 17:01:43,661 - PyQt6.uic.properties - DEBUG - setting property focusPolicy
2025-06-19 17:01:43,662 - PyQt6.uic.properties - DEBUG - setting property statusTip
2025-06-19 17:01:43,662 - PyQt6.uic.properties - DEBUG - setting property styleSheet
2025-06-19 17:01:43,662 - PyQt6.uic.properties - DEBUG - setting property alignment
2025-06-19 17:01:43,662 - PyQt6.uic.properties - DEBUG - setting property readOnly
2025-06-19 17:01:43,662 - PyQt6.uic.uiparser - DEBUG - push QLineEdit MasterReady_2
2025-06-19 17:01:43,662 - PyQt6.uic.uiparser - DEBUG - pop widget QLineEdit MasterReady_2
2025-06-19 17:01:43,662 - PyQt6.uic.uiparser - DEBUG - new topwidget <PyQt6.QtWidgets.QGroupBox object at 0x0000025BE7735B40>
2025-06-19 17:01:43,662 - PyQt6.uic.properties - DEBUG - setting property geometry
2025-06-19 17:01:43,662 - PyQt6.uic.properties - DEBUG - setting property sizePolicy
2025-06-19 17:01:43,662 - PyQt6.uic.properties - DEBUG - setting property font
2025-06-19 17:01:43,662 - PyQt6.uic.properties - DEBUG - setting property text
2025-06-19 17:01:43,662 - PyQt6.uic.uiparser - DEBUG - push QLabel EcErrorCounter_6
2025-06-19 17:01:43,662 - PyQt6.uic.uiparser - DEBUG - pop widget QLabel EcErrorCounter_6
2025-06-19 17:01:43,662 - PyQt6.uic.uiparser - DEBUG - new topwidget <PyQt6.QtWidgets.QGroupBox object at 0x0000025BE7735B40>
2025-06-19 17:01:43,662 - PyQt6.uic.properties - DEBUG - setting property geometry
2025-06-19 17:01:43,662 - PyQt6.uic.properties - DEBUG - setting property sizePolicy
2025-06-19 17:01:43,662 - PyQt6.uic.properties - DEBUG - setting property font
2025-06-19 17:01:43,663 - PyQt6.uic.properties - DEBUG - setting property whatsThis
2025-06-19 17:01:43,663 - PyQt6.uic.properties - DEBUG - setting property text
2025-06-19 17:01:43,663 - PyQt6.uic.properties - DEBUG - setting property alignment
2025-06-19 17:01:43,663 - PyQt6.uic.properties - DEBUG - setting property readOnly
2025-06-19 17:01:43,663 - PyQt6.uic.uiparser - DEBUG - push QLineEdit ecaterror_2
2025-06-19 17:01:43,663 - PyQt6.uic.uiparser - DEBUG - pop widget QLineEdit ecaterror_2
2025-06-19 17:01:43,663 - PyQt6.uic.uiparser - DEBUG - new topwidget <PyQt6.QtWidgets.QGroupBox object at 0x0000025BE7735B40>
2025-06-19 17:01:43,663 - PyQt6.uic.uiparser - DEBUG - pop widget QGroupBox groupBox_9
2025-06-19 17:01:43,663 - PyQt6.uic.uiparser - DEBUG - new topwidget <PyQt6.QtWidgets.QWidget object at 0x0000025BE7735360>
2025-06-19 17:01:43,663 - PyQt6.uic.properties - DEBUG - setting property geometry
2025-06-19 17:01:43,663 - PyQt6.uic.properties - DEBUG - setting property title
2025-06-19 17:01:43,663 - PyQt6.uic.uiparser - DEBUG - push QGroupBox groupBox_13
2025-06-19 17:01:43,663 - PyQt6.uic.properties - DEBUG - setting property geometry
2025-06-19 17:01:43,663 - PyQt6.uic.properties - DEBUG - setting property sizePolicy
2025-06-19 17:01:43,663 - PyQt6.uic.properties - DEBUG - setting property font
2025-06-19 17:01:43,663 - PyQt6.uic.properties - DEBUG - setting property text
2025-06-19 17:01:43,663 - PyQt6.uic.uiparser - DEBUG - push QLabel DisabledSlaves
2025-06-19 17:01:43,663 - PyQt6.uic.uiparser - DEBUG - pop widget QLabel DisabledSlaves
2025-06-19 17:01:43,663 - PyQt6.uic.uiparser - DEBUG - new topwidget <PyQt6.QtWidgets.QGroupBox object at 0x0000025BE7736710>
2025-06-19 17:01:43,663 - PyQt6.uic.properties - DEBUG - setting property geometry
2025-06-19 17:01:43,663 - PyQt6.uic.properties - DEBUG - setting property sizePolicy
2025-06-19 17:01:43,663 - PyQt6.uic.properties - DEBUG - setting property minimumSize
2025-06-19 17:01:43,664 - PyQt6.uic.properties - DEBUG - setting property baseSize
2025-06-19 17:01:43,664 - PyQt6.uic.properties - DEBUG - setting property font
2025-06-19 17:01:43,664 - PyQt6.uic.properties - DEBUG - setting property whatsThis
2025-06-19 17:01:43,664 - PyQt6.uic.properties - DEBUG - setting property alignment
2025-06-19 17:01:43,664 - PyQt6.uic.properties - DEBUG - setting property readOnly
2025-06-19 17:01:43,664 - PyQt6.uic.uiparser - DEBUG - push QLineEdit connectedslavecount_2
2025-06-19 17:01:43,664 - PyQt6.uic.uiparser - DEBUG - pop widget QLineEdit connectedslavecount_2
2025-06-19 17:01:43,664 - PyQt6.uic.uiparser - DEBUG - new topwidget <PyQt6.QtWidgets.QGroupBox object at 0x0000025BE7736710>
2025-06-19 17:01:43,664 - PyQt6.uic.properties - DEBUG - setting property geometry
2025-06-19 17:01:43,664 - PyQt6.uic.properties - DEBUG - setting property sizePolicy
2025-06-19 17:01:43,664 - PyQt6.uic.properties - DEBUG - setting property font
2025-06-19 17:01:43,664 - PyQt6.uic.properties - DEBUG - setting property text
2025-06-19 17:01:43,664 - PyQt6.uic.uiparser - DEBUG - push QLabel configslavecount
2025-06-19 17:01:43,664 - PyQt6.uic.uiparser - DEBUG - pop widget QLabel configslavecount
2025-06-19 17:01:43,664 - PyQt6.uic.uiparser - DEBUG - new topwidget <PyQt6.QtWidgets.QGroupBox object at 0x0000025BE7736710>
2025-06-19 17:01:43,664 - PyQt6.uic.properties - DEBUG - setting property geometry
2025-06-19 17:01:43,664 - PyQt6.uic.properties - DEBUG - setting property sizePolicy
2025-06-19 17:01:43,664 - PyQt6.uic.properties - DEBUG - setting property font
2025-06-19 17:01:43,664 - PyQt6.uic.properties - DEBUG - setting property text
2025-06-19 17:01:43,664 - PyQt6.uic.uiparser - DEBUG - push QLabel connectedslavecount
2025-06-19 17:01:43,664 - PyQt6.uic.uiparser - DEBUG - pop widget QLabel connectedslavecount
2025-06-19 17:01:43,664 - PyQt6.uic.uiparser - DEBUG - new topwidget <PyQt6.QtWidgets.QGroupBox object at 0x0000025BE7736710>
2025-06-19 17:01:43,664 - PyQt6.uic.properties - DEBUG - setting property geometry
2025-06-19 17:01:43,664 - PyQt6.uic.properties - DEBUG - setting property sizePolicy
2025-06-19 17:01:43,664 - PyQt6.uic.properties - DEBUG - setting property minimumSize
2025-06-19 17:01:43,665 - PyQt6.uic.properties - DEBUG - setting property baseSize
2025-06-19 17:01:43,665 - PyQt6.uic.properties - DEBUG - setting property font
2025-06-19 17:01:43,668 - PyQt6.uic.properties - DEBUG - setting property whatsThis
2025-06-19 17:01:43,668 - PyQt6.uic.properties - DEBUG - setting property alignment
2025-06-19 17:01:43,668 - PyQt6.uic.properties - DEBUG - setting property readOnly
2025-06-19 17:01:43,668 - PyQt6.uic.uiparser - DEBUG - push QLineEdit configslavecount_2
2025-06-19 17:01:43,668 - PyQt6.uic.uiparser - DEBUG - pop widget QLineEdit configslavecount_2
2025-06-19 17:01:43,668 - PyQt6.uic.uiparser - DEBUG - new topwidget <PyQt6.QtWidgets.QGroupBox object at 0x0000025BE7736710>
2025-06-19 17:01:43,668 - PyQt6.uic.properties - DEBUG - setting property geometry
2025-06-19 17:01:43,668 - PyQt6.uic.properties - DEBUG - setting property sizePolicy
2025-06-19 17:01:43,668 - PyQt6.uic.properties - DEBUG - setting property minimumSize
2025-06-19 17:01:43,668 - PyQt6.uic.properties - DEBUG - setting property baseSize
2025-06-19 17:01:43,668 - PyQt6.uic.properties - DEBUG - setting property font
2025-06-19 17:01:43,668 - PyQt6.uic.properties - DEBUG - setting property whatsThis
2025-06-19 17:01:43,668 - PyQt6.uic.properties - DEBUG - setting property alignment
2025-06-19 17:01:43,668 - PyQt6.uic.properties - DEBUG - setting property readOnly
2025-06-19 17:01:43,668 - PyQt6.uic.uiparser - DEBUG - push QLineEdit DisabledSlaves_2
2025-06-19 17:01:43,668 - PyQt6.uic.uiparser - DEBUG - pop widget QLineEdit DisabledSlaves_2
2025-06-19 17:01:43,668 - PyQt6.uic.uiparser - DEBUG - new topwidget <PyQt6.QtWidgets.QGroupBox object at 0x0000025BE7736710>
2025-06-19 17:01:43,668 - PyQt6.uic.uiparser - DEBUG - pop widget QGroupBox groupBox_13
2025-06-19 17:01:43,668 - PyQt6.uic.uiparser - DEBUG - new topwidget <PyQt6.QtWidgets.QWidget object at 0x0000025BE7735360>
2025-06-19 17:01:43,668 - PyQt6.uic.properties - DEBUG - setting property geometry
2025-06-19 17:01:43,668 - PyQt6.uic.properties - DEBUG - setting property title
2025-06-19 17:01:43,668 - PyQt6.uic.uiparser - DEBUG - push QGroupBox groupBox_20
2025-06-19 17:01:43,670 - PyQt6.uic.properties - DEBUG - setting property geometry
2025-06-19 17:01:43,670 - PyQt6.uic.properties - DEBUG - setting property sizePolicy
2025-06-19 17:01:43,670 - PyQt6.uic.properties - DEBUG - setting property font
2025-06-19 17:01:43,670 - PyQt6.uic.properties - DEBUG - setting property text
2025-06-19 17:01:43,670 - PyQt6.uic.uiparser - DEBUG - push QLabel Redundancy_2
2025-06-19 17:01:43,670 - PyQt6.uic.uiparser - DEBUG - pop widget QLabel Redundancy_2
2025-06-19 17:01:43,670 - PyQt6.uic.uiparser - DEBUG - new topwidget <PyQt6.QtWidgets.QGroupBox object at 0x0000025BE7736B00>
2025-06-19 17:01:43,670 - PyQt6.uic.properties - DEBUG - setting property geometry
2025-06-19 17:01:43,670 - PyQt6.uic.properties - DEBUG - setting property sizePolicy
2025-06-19 17:01:43,670 - PyQt6.uic.properties - DEBUG - setting property font
2025-06-19 17:01:43,670 - PyQt6.uic.properties - DEBUG - setting property text
2025-06-19 17:01:43,670 - PyQt6.uic.properties - DEBUG - setting property alignment
2025-06-19 17:01:43,670 - PyQt6.uic.properties - DEBUG - setting property readOnly
2025-06-19 17:01:43,670 - PyQt6.uic.uiparser - DEBUG - push QLineEdit RedundantLineFixed_2
2025-06-19 17:01:43,670 - PyQt6.uic.uiparser - DEBUG - pop widget QLineEdit RedundantLineFixed_2
2025-06-19 17:01:43,670 - PyQt6.uic.uiparser - DEBUG - new topwidget <PyQt6.QtWidgets.QGroupBox object at 0x0000025BE7736B00>
2025-06-19 17:01:43,670 - PyQt6.uic.properties - DEBUG - setting property geometry
2025-06-19 17:01:43,670 - PyQt6.uic.properties - DEBUG - setting property sizePolicy
2025-06-19 17:01:43,670 - PyQt6.uic.properties - DEBUG - setting property font
2025-06-19 17:01:43,670 - PyQt6.uic.properties - DEBUG - setting property text
2025-06-19 17:01:43,670 - PyQt6.uic.uiparser - DEBUG - push QLabel RtStateCheck_4
2025-06-19 17:01:43,670 - PyQt6.uic.uiparser - DEBUG - pop widget QLabel RtStateCheck_4
2025-06-19 17:01:43,670 - PyQt6.uic.uiparser - DEBUG - new topwidget <PyQt6.QtWidgets.QGroupBox object at 0x0000025BE7736B00>
2025-06-19 17:01:43,670 - PyQt6.uic.properties - DEBUG - setting property geometry
2025-06-19 17:01:43,670 - PyQt6.uic.properties - DEBUG - setting property sizePolicy
2025-06-19 17:01:43,671 - PyQt6.uic.properties - DEBUG - setting property font
2025-06-19 17:01:43,671 - PyQt6.uic.properties - DEBUG - setting property text
2025-06-19 17:01:43,671 - PyQt6.uic.properties - DEBUG - setting property alignment
2025-06-19 17:01:43,671 - PyQt6.uic.properties - DEBUG - setting property readOnly
2025-06-19 17:01:43,671 - PyQt6.uic.uiparser - DEBUG - push QLineEdit RedundantLineBreak_2
2025-06-19 17:01:43,671 - PyQt6.uic.uiparser - DEBUG - pop widget QLineEdit RedundantLineBreak_2
2025-06-19 17:01:43,671 - PyQt6.uic.uiparser - DEBUG - new topwidget <PyQt6.QtWidgets.QGroupBox object at 0x0000025BE7736B00>
2025-06-19 17:01:43,671 - PyQt6.uic.properties - DEBUG - setting property geometry
2025-06-19 17:01:43,671 - PyQt6.uic.properties - DEBUG - setting property sizePolicy
2025-06-19 17:01:43,671 - PyQt6.uic.properties - DEBUG - setting property font
2025-06-19 17:01:43,671 - PyQt6.uic.properties - DEBUG - setting property statusTip
2025-06-19 17:01:43,671 - PyQt6.uic.properties - DEBUG - setting property text
2025-06-19 17:01:43,671 - PyQt6.uic.properties - DEBUG - setting property alignment
2025-06-19 17:01:43,671 - PyQt6.uic.properties - DEBUG - setting property readOnly
2025-06-19 17:01:43,671 - PyQt6.uic.uiparser - DEBUG - push QLineEdit Redundancy
2025-06-19 17:01:43,671 - PyQt6.uic.uiparser - DEBUG - pop widget QLineEdit Redundancy
2025-06-19 17:01:43,671 - PyQt6.uic.uiparser - DEBUG - new topwidget <PyQt6.QtWidgets.QGroupBox object at 0x0000025BE7736B00>
2025-06-19 17:01:43,671 - PyQt6.uic.properties - DEBUG - setting property geometry
2025-06-19 17:01:43,671 - PyQt6.uic.properties - DEBUG - setting property sizePolicy
2025-06-19 17:01:43,671 - PyQt6.uic.properties - DEBUG - setting property font
2025-06-19 17:01:43,671 - PyQt6.uic.properties - DEBUG - setting property text
2025-06-19 17:01:43,671 - PyQt6.uic.uiparser - DEBUG - push QLabel RtStateCheck_5
2025-06-19 17:01:43,671 - PyQt6.uic.uiparser - DEBUG - pop widget QLabel RtStateCheck_5
2025-06-19 17:01:43,671 - PyQt6.uic.uiparser - DEBUG - new topwidget <PyQt6.QtWidgets.QGroupBox object at 0x0000025BE7736B00>
2025-06-19 17:01:43,672 - PyQt6.uic.uiparser - DEBUG - pop widget QGroupBox groupBox_20
2025-06-19 17:01:43,672 - PyQt6.uic.uiparser - DEBUG - new topwidget <PyQt6.QtWidgets.QWidget object at 0x0000025BE7735360>
2025-06-19 17:01:43,672 - PyQt6.uic.properties - DEBUG - setting property geometry
2025-06-19 17:01:43,672 - PyQt6.uic.properties - DEBUG - setting property title
2025-06-19 17:01:43,672 - PyQt6.uic.uiparser - DEBUG - push QGroupBox groupBox_21
2025-06-19 17:01:43,672 - PyQt6.uic.properties - DEBUG - setting property geometry
2025-06-19 17:01:43,672 - PyQt6.uic.properties - DEBUG - setting property sizePolicy
2025-06-19 17:01:43,672 - PyQt6.uic.properties - DEBUG - setting property font
2025-06-19 17:01:43,672 - PyQt6.uic.properties - DEBUG - setting property text
2025-06-19 17:01:43,672 - PyQt6.uic.properties - DEBUG - setting property alignment
2025-06-19 17:01:43,672 - PyQt6.uic.properties - DEBUG - setting property readOnly
2025-06-19 17:01:43,672 - PyQt6.uic.uiparser - DEBUG - push QLineEdit FrameResponseErr_2
2025-06-19 17:01:43,672 - PyQt6.uic.uiparser - DEBUG - pop widget QLineEdit FrameResponseErr_2
2025-06-19 17:01:43,672 - PyQt6.uic.uiparser - DEBUG - new topwidget <PyQt6.QtWidgets.QGroupBox object at 0x0000025BE7736EF0>
2025-06-19 17:01:43,672 - PyQt6.uic.properties - DEBUG - setting property geometry
2025-06-19 17:01:43,672 - PyQt6.uic.properties - DEBUG - setting property sizePolicy
2025-06-19 17:01:43,672 - PyQt6.uic.properties - DEBUG - setting property font
2025-06-19 17:01:43,672 - PyQt6.uic.properties - DEBUG - setting property text
2025-06-19 17:01:43,672 - PyQt6.uic.uiparser - DEBUG - push QLabel FrameResponseErr
2025-06-19 17:01:43,672 - PyQt6.uic.uiparser - DEBUG - pop widget QLabel FrameResponseErr
2025-06-19 17:01:43,672 - PyQt6.uic.uiparser - DEBUG - new topwidget <PyQt6.QtWidgets.QGroupBox object at 0x0000025BE7736EF0>
2025-06-19 17:01:43,672 - PyQt6.uic.properties - DEBUG - setting property geometry
2025-06-19 17:01:43,672 - PyQt6.uic.properties - DEBUG - setting property sizePolicy
2025-06-19 17:01:43,672 - PyQt6.uic.properties - DEBUG - setting property font
2025-06-19 17:01:43,672 - PyQt6.uic.properties - DEBUG - setting property text
2025-06-19 17:01:43,672 - PyQt6.uic.uiparser - DEBUG - push QLabel DCClockDiff
2025-06-19 17:01:43,673 - PyQt6.uic.uiparser - DEBUG - pop widget QLabel DCClockDiff
2025-06-19 17:01:43,673 - PyQt6.uic.uiparser - DEBUG - new topwidget <PyQt6.QtWidgets.QGroupBox object at 0x0000025BE7736EF0>
2025-06-19 17:01:43,673 - PyQt6.uic.properties - DEBUG - setting property geometry
2025-06-19 17:01:43,673 - PyQt6.uic.properties - DEBUG - setting property sizePolicy
2025-06-19 17:01:43,673 - PyQt6.uic.properties - DEBUG - setting property font
2025-06-19 17:01:43,673 - PyQt6.uic.properties - DEBUG - setting property text
2025-06-19 17:01:43,673 - PyQt6.uic.uiparser - DEBUG - push QLabel LineCrossed
2025-06-19 17:01:43,673 - PyQt6.uic.uiparser - DEBUG - pop widget QLabel LineCrossed
2025-06-19 17:01:43,673 - PyQt6.uic.uiparser - DEBUG - new topwidget <PyQt6.QtWidgets.QGroupBox object at 0x0000025BE7736EF0>
2025-06-19 17:01:43,673 - PyQt6.uic.properties - DEBUG - setting property geometry
2025-06-19 17:01:43,673 - PyQt6.uic.properties - DEBUG - setting property sizePolicy
2025-06-19 17:01:43,673 - PyQt6.uic.properties - DEBUG - setting property font
2025-06-19 17:01:43,673 - PyQt6.uic.properties - DEBUG - setting property text
2025-06-19 17:01:43,673 - PyQt6.uic.properties - DEBUG - setting property alignment
2025-06-19 17:01:43,673 - PyQt6.uic.properties - DEBUG - setting property readOnly
2025-06-19 17:01:43,673 - PyQt6.uic.uiparser - DEBUG - push QLineEdit ScanBusMismatch_2
2025-06-19 17:01:43,673 - PyQt6.uic.uiparser - DEBUG - pop widget QLineEdit ScanBusMismatch_2
2025-06-19 17:01:43,673 - PyQt6.uic.uiparser - DEBUG - new topwidget <PyQt6.QtWidgets.QGroupBox object at 0x0000025BE7736EF0>
2025-06-19 17:01:43,673 - PyQt6.uic.properties - DEBUG - setting property geometry
2025-06-19 17:01:43,673 - PyQt6.uic.properties - DEBUG - setting property sizePolicy
2025-06-19 17:01:43,673 - PyQt6.uic.properties - DEBUG - setting property font
2025-06-19 17:01:43,673 - PyQt6.uic.properties - DEBUG - setting property text
2025-06-19 17:01:43,673 - PyQt6.uic.uiparser - DEBUG - push QLabel CycCmdWkcErr
2025-06-19 17:01:43,673 - PyQt6.uic.uiparser - DEBUG - pop widget QLabel CycCmdWkcErr
2025-06-19 17:01:43,674 - PyQt6.uic.uiparser - DEBUG - new topwidget <PyQt6.QtWidgets.QGroupBox object at 0x0000025BE7736EF0>
2025-06-19 17:01:43,674 - PyQt6.uic.properties - DEBUG - setting property geometry
2025-06-19 17:01:43,674 - PyQt6.uic.properties - DEBUG - setting property sizePolicy
2025-06-19 17:01:43,674 - PyQt6.uic.properties - DEBUG - setting property font
2025-06-19 17:01:43,674 - PyQt6.uic.properties - DEBUG - setting property text
2025-06-19 17:01:43,674 - PyQt6.uic.uiparser - DEBUG - push QLabel ScanBusMismatch
2025-06-19 17:01:43,674 - PyQt6.uic.uiparser - DEBUG - pop widget QLabel ScanBusMismatch
2025-06-19 17:01:43,674 - PyQt6.uic.uiparser - DEBUG - new topwidget <PyQt6.QtWidgets.QGroupBox object at 0x0000025BE7736EF0>
2025-06-19 17:01:43,674 - PyQt6.uic.properties - DEBUG - setting property geometry
2025-06-19 17:01:43,674 - PyQt6.uic.properties - DEBUG - setting property sizePolicy
2025-06-19 17:01:43,674 - PyQt6.uic.properties - DEBUG - setting property font
2025-06-19 17:01:43,674 - PyQt6.uic.properties - DEBUG - setting property text
2025-06-19 17:01:43,674 - PyQt6.uic.properties - DEBUG - setting property alignment
2025-06-19 17:01:43,674 - PyQt6.uic.properties - DEBUG - setting property readOnly
2025-06-19 17:01:43,674 - PyQt6.uic.uiparser - DEBUG - push QLineEdit LineCrossed_2
2025-06-19 17:01:43,674 - PyQt6.uic.uiparser - DEBUG - pop widget QLineEdit LineCrossed_2
2025-06-19 17:01:43,674 - PyQt6.uic.uiparser - DEBUG - new topwidget <PyQt6.QtWidgets.QGroupBox object at 0x0000025BE7736EF0>
2025-06-19 17:01:43,674 - PyQt6.uic.properties - DEBUG - setting property geometry
2025-06-19 17:01:43,674 - PyQt6.uic.properties - DEBUG - setting property sizePolicy
2025-06-19 17:01:43,674 - PyQt6.uic.properties - DEBUG - setting property minimumSize
2025-06-19 17:01:43,674 - PyQt6.uic.properties - DEBUG - setting property font
2025-06-19 17:01:43,674 - PyQt6.uic.properties - DEBUG - setting property text
2025-06-19 17:01:43,674 - PyQt6.uic.properties - DEBUG - setting property alignment
2025-06-19 17:01:43,674 - PyQt6.uic.properties - DEBUG - setting property readOnly
2025-06-19 17:01:43,674 - PyQt6.uic.uiparser - DEBUG - push QLineEdit CycCmdWkcErr_2
2025-06-19 17:01:43,675 - PyQt6.uic.uiparser - DEBUG - pop widget QLineEdit CycCmdWkcErr_2
2025-06-19 17:01:43,675 - PyQt6.uic.uiparser - DEBUG - new topwidget <PyQt6.QtWidgets.QGroupBox object at 0x0000025BE7736EF0>
2025-06-19 17:01:43,675 - PyQt6.uic.properties - DEBUG - setting property geometry
2025-06-19 17:01:43,675 - PyQt6.uic.properties - DEBUG - setting property sizePolicy
2025-06-19 17:01:43,675 - PyQt6.uic.properties - DEBUG - setting property minimumSize
2025-06-19 17:01:43,675 - PyQt6.uic.properties - DEBUG - setting property font
2025-06-19 17:01:43,675 - PyQt6.uic.properties - DEBUG - setting property statusTip
2025-06-19 17:01:43,675 - PyQt6.uic.properties - DEBUG - setting property text
2025-06-19 17:01:43,675 - PyQt6.uic.properties - DEBUG - setting property alignment
2025-06-19 17:01:43,675 - PyQt6.uic.properties - DEBUG - setting property readOnly
2025-06-19 17:01:43,675 - PyQt6.uic.uiparser - DEBUG - push QLineEdit DcStatus_2
2025-06-19 17:01:43,675 - PyQt6.uic.uiparser - DEBUG - pop widget QLineEdit DcStatus_2
2025-06-19 17:01:43,675 - PyQt6.uic.uiparser - DEBUG - new topwidget <PyQt6.QtWidgets.QGroupBox object at 0x0000025BE7736EF0>
2025-06-19 17:01:43,675 - PyQt6.uic.properties - DEBUG - setting property geometry
2025-06-19 17:01:43,675 - PyQt6.uic.properties - DEBUG - setting property sizePolicy
2025-06-19 17:01:43,675 - PyQt6.uic.properties - DEBUG - setting property font
2025-06-19 17:01:43,675 - PyQt6.uic.properties - DEBUG - setting property text
2025-06-19 17:01:43,675 - PyQt6.uic.uiparser - DEBUG - push QLabel DcStatus
2025-06-19 17:01:43,675 - PyQt6.uic.uiparser - DEBUG - pop widget QLabel DcStatus
2025-06-19 17:01:43,675 - PyQt6.uic.uiparser - DEBUG - new topwidget <PyQt6.QtWidgets.QGroupBox object at 0x0000025BE7736EF0>
2025-06-19 17:01:43,675 - PyQt6.uic.properties - DEBUG - setting property geometry
2025-06-19 17:01:43,675 - PyQt6.uic.properties - DEBUG - setting property sizePolicy
2025-06-19 17:01:43,675 - PyQt6.uic.properties - DEBUG - setting property font
2025-06-19 17:01:43,675 - PyQt6.uic.properties - DEBUG - setting property text
2025-06-19 17:01:43,675 - PyQt6.uic.properties - DEBUG - setting property alignment
2025-06-19 17:01:43,675 - PyQt6.uic.properties - DEBUG - setting property readOnly
2025-06-19 17:01:43,676 - PyQt6.uic.uiparser - DEBUG - push QLineEdit DCClockDiff_2
2025-06-19 17:01:43,676 - PyQt6.uic.uiparser - DEBUG - pop widget QLineEdit DCClockDiff_2
2025-06-19 17:01:43,676 - PyQt6.uic.uiparser - DEBUG - new topwidget <PyQt6.QtWidgets.QGroupBox object at 0x0000025BE7736EF0>
2025-06-19 17:01:43,676 - PyQt6.uic.uiparser - DEBUG - pop widget QGroupBox groupBox_21
2025-06-19 17:01:43,676 - PyQt6.uic.uiparser - DEBUG - new topwidget <PyQt6.QtWidgets.QWidget object at 0x0000025BE7735360>
2025-06-19 17:01:43,676 - PyQt6.uic.uiparser - DEBUG - pop widget QWidget tab_4
2025-06-19 17:01:43,676 - PyQt6.uic.uiparser - DEBUG - new topwidget <PyQt6.QtWidgets.QTabWidget object at 0x0000025BE77352D0>
2025-06-19 17:01:43,678 - PyQt6.uic.uiparser - DEBUG - push QWidget tab_2
2025-06-19 17:01:43,678 - PyQt6.uic.properties - DEBUG - setting property geometry
2025-06-19 17:01:43,678 - PyQt6.uic.properties - DEBUG - setting property title
2025-06-19 17:01:43,678 - PyQt6.uic.uiparser - DEBUG - push QGroupBox groupBox_8
2025-06-19 17:01:43,678 - PyQt6.uic.properties - DEBUG - setting property geometry
2025-06-19 17:01:43,678 - PyQt6.uic.properties - DEBUG - setting property sizePolicy
2025-06-19 17:01:43,678 - PyQt6.uic.properties - DEBUG - setting property font
2025-06-19 17:01:43,678 - PyQt6.uic.properties - DEBUG - setting property focusPolicy
2025-06-19 17:01:43,678 - PyQt6.uic.properties - DEBUG - setting property toolTip
2025-06-19 17:01:43,678 - PyQt6.uic.properties - DEBUG - setting property styleSheet
2025-06-19 17:01:43,678 - PyQt6.uic.properties - DEBUG - setting property text
2025-06-19 17:01:43,678 - PyQt6.uic.properties - DEBUG - setting property checkable
2025-06-19 17:01:43,678 - PyQt6.uic.uiparser - DEBUG - push QPushButton ResetTransitTime
2025-06-19 17:01:43,678 - PyQt6.uic.uiparser - DEBUG - pop widget QPushButton ResetTransitTime
2025-06-19 17:01:43,678 - PyQt6.uic.uiparser - DEBUG - new topwidget <PyQt6.QtWidgets.QGroupBox object at 0x0000025BE77376D0>
2025-06-19 17:01:43,678 - PyQt6.uic.properties - DEBUG - setting property geometry
2025-06-19 17:01:43,679 - PyQt6.uic.properties - DEBUG - setting property sizePolicy
2025-06-19 17:01:43,679 - PyQt6.uic.properties - DEBUG - setting property font
2025-06-19 17:01:43,679 - PyQt6.uic.properties - DEBUG - setting property focusPolicy
2025-06-19 17:01:43,679 - PyQt6.uic.properties - DEBUG - setting property toolTip
2025-06-19 17:01:43,679 - PyQt6.uic.properties - DEBUG - setting property styleSheet
2025-06-19 17:01:43,679 - PyQt6.uic.properties - DEBUG - setting property text
2025-06-19 17:01:43,679 - PyQt6.uic.properties - DEBUG - setting property checkable
2025-06-19 17:01:43,679 - PyQt6.uic.uiparser - DEBUG - push QPushButton ResetReceiveTime
2025-06-19 17:01:43,679 - PyQt6.uic.uiparser - DEBUG - pop widget QPushButton ResetReceiveTime
2025-06-19 17:01:43,679 - PyQt6.uic.uiparser - DEBUG - new topwidget <PyQt6.QtWidgets.QGroupBox object at 0x0000025BE77376D0>
2025-06-19 17:01:43,679 - PyQt6.uic.properties - DEBUG - setting property geometry
2025-06-19 17:01:43,679 - PyQt6.uic.properties - DEBUG - setting property sizePolicy
2025-06-19 17:01:43,679 - PyQt6.uic.properties - DEBUG - setting property font
2025-06-19 17:01:43,679 - PyQt6.uic.properties - DEBUG - setting property alignment
2025-06-19 17:01:43,679 - PyQt6.uic.properties - DEBUG - setting property readOnly
2025-06-19 17:01:43,679 - PyQt6.uic.uiparser - DEBUG - push QLineEdit ReceiveTime_2
2025-06-19 17:01:43,679 - PyQt6.uic.uiparser - DEBUG - pop widget QLineEdit ReceiveTime_2
2025-06-19 17:01:43,679 - PyQt6.uic.uiparser - DEBUG - new topwidget <PyQt6.QtWidgets.QGroupBox object at 0x0000025BE77376D0>
2025-06-19 17:01:43,679 - PyQt6.uic.properties - DEBUG - setting property geometry
2025-06-19 17:01:43,679 - PyQt6.uic.properties - DEBUG - setting property sizePolicy
2025-06-19 17:01:43,679 - PyQt6.uic.properties - DEBUG - setting property font
2025-06-19 17:01:43,680 - PyQt6.uic.properties - DEBUG - setting property alignment
2025-06-19 17:01:43,680 - PyQt6.uic.properties - DEBUG - setting property readOnly
2025-06-19 17:01:43,680 - PyQt6.uic.uiparser - DEBUG - push QLineEdit MaxTime_2
2025-06-19 17:01:43,680 - PyQt6.uic.uiparser - DEBUG - pop widget QLineEdit MaxTime_2
2025-06-19 17:01:43,680 - PyQt6.uic.uiparser - DEBUG - new topwidget <PyQt6.QtWidgets.QGroupBox object at 0x0000025BE77376D0>
2025-06-19 17:01:43,680 - PyQt6.uic.properties - DEBUG - setting property geometry
2025-06-19 17:01:43,680 - PyQt6.uic.properties - DEBUG - setting property sizePolicy
2025-06-19 17:01:43,680 - PyQt6.uic.properties - DEBUG - setting property font
2025-06-19 17:01:43,680 - PyQt6.uic.properties - DEBUG - setting property text
2025-06-19 17:01:43,680 - PyQt6.uic.uiparser - DEBUG - push QLabel Time_5
2025-06-19 17:01:43,680 - PyQt6.uic.uiparser - DEBUG - pop widget QLabel Time_5
2025-06-19 17:01:43,680 - PyQt6.uic.uiparser - DEBUG - new topwidget <PyQt6.QtWidgets.QGroupBox object at 0x0000025BE77376D0>
2025-06-19 17:01:43,680 - PyQt6.uic.properties - DEBUG - setting property geometry
2025-06-19 17:01:43,680 - PyQt6.uic.properties - DEBUG - setting property sizePolicy
2025-06-19 17:01:43,680 - PyQt6.uic.properties - DEBUG - setting property font
2025-06-19 17:01:43,680 - PyQt6.uic.properties - DEBUG - setting property text
2025-06-19 17:01:43,680 - PyQt6.uic.uiparser - DEBUG - push QLabel Time_12
2025-06-19 17:01:43,680 - PyQt6.uic.uiparser - DEBUG - pop widget QLabel Time_12
2025-06-19 17:01:43,680 - PyQt6.uic.uiparser - DEBUG - new topwidget <PyQt6.QtWidgets.QGroupBox object at 0x0000025BE77376D0>
2025-06-19 17:01:43,680 - PyQt6.uic.properties - DEBUG - setting property geometry
2025-06-19 17:01:43,680 - PyQt6.uic.properties - DEBUG - setting property sizePolicy
2025-06-19 17:01:43,680 - PyQt6.uic.properties - DEBUG - setting property font
2025-06-19 17:01:43,681 - PyQt6.uic.properties - DEBUG - setting property alignment
2025-06-19 17:01:43,681 - PyQt6.uic.properties - DEBUG - setting property readOnly
2025-06-19 17:01:43,681 - PyQt6.uic.uiparser - DEBUG - push QLineEdit MaxRecieveTime_2
2025-06-19 17:01:43,681 - PyQt6.uic.uiparser - DEBUG - pop widget QLineEdit MaxRecieveTime_2
2025-06-19 17:01:43,681 - PyQt6.uic.uiparser - DEBUG - new topwidget <PyQt6.QtWidgets.QGroupBox object at 0x0000025BE77376D0>
2025-06-19 17:01:43,681 - PyQt6.uic.properties - DEBUG - setting property geometry
2025-06-19 17:01:43,681 - PyQt6.uic.properties - DEBUG - setting property sizePolicy
2025-06-19 17:01:43,681 - PyQt6.uic.properties - DEBUG - setting property font
2025-06-19 17:01:43,681 - PyQt6.uic.properties - DEBUG - setting property alignment
2025-06-19 17:01:43,681 - PyQt6.uic.properties - DEBUG - setting property readOnly
2025-06-19 17:01:43,681 - PyQt6.uic.uiparser - DEBUG - push QLineEdit TransitTime_2
2025-06-19 17:01:43,681 - PyQt6.uic.uiparser - DEBUG - pop widget QLineEdit TransitTime_2
2025-06-19 17:01:43,681 - PyQt6.uic.uiparser - DEBUG - new topwidget <PyQt6.QtWidgets.QGroupBox object at 0x0000025BE77376D0>
2025-06-19 17:01:43,681 - PyQt6.uic.properties - DEBUG - setting property geometry
2025-06-19 17:01:43,681 - PyQt6.uic.properties - DEBUG - setting property sizePolicy
2025-06-19 17:01:43,681 - PyQt6.uic.properties - DEBUG - setting property font
2025-06-19 17:01:43,681 - PyQt6.uic.properties - DEBUG - setting property focusPolicy
2025-06-19 17:01:43,681 - PyQt6.uic.properties - DEBUG - setting property toolTip
2025-06-19 17:01:43,681 - PyQt6.uic.properties - DEBUG - setting property styleSheet
2025-06-19 17:01:43,681 - PyQt6.uic.properties - DEBUG - setting property text
2025-06-19 17:01:43,681 - PyQt6.uic.properties - DEBUG - setting property checkable
2025-06-19 17:01:43,681 - PyQt6.uic.uiparser - DEBUG - push QPushButton ResetTime
2025-06-19 17:01:43,681 - PyQt6.uic.uiparser - DEBUG - pop widget QPushButton ResetTime
2025-06-19 17:01:43,681 - PyQt6.uic.uiparser - DEBUG - new topwidget <PyQt6.QtWidgets.QGroupBox object at 0x0000025BE77376D0>
2025-06-19 17:01:43,681 - PyQt6.uic.properties - DEBUG - setting property geometry
2025-06-19 17:01:43,681 - PyQt6.uic.properties - DEBUG - setting property sizePolicy
2025-06-19 17:01:43,682 - PyQt6.uic.properties - DEBUG - setting property font
2025-06-19 17:01:43,682 - PyQt6.uic.properties - DEBUG - setting property text
2025-06-19 17:01:43,682 - PyQt6.uic.uiparser - DEBUG - push QLabel Time_14
2025-06-19 17:01:43,682 - PyQt6.uic.uiparser - DEBUG - pop widget QLabel Time_14
2025-06-19 17:01:43,682 - PyQt6.uic.uiparser - DEBUG - new topwidget <PyQt6.QtWidgets.QGroupBox object at 0x0000025BE77376D0>
2025-06-19 17:01:43,682 - PyQt6.uic.properties - DEBUG - setting property geometry
2025-06-19 17:01:43,682 - PyQt6.uic.properties - DEBUG - setting property sizePolicy
2025-06-19 17:01:43,682 - PyQt6.uic.properties - DEBUG - setting property font
2025-06-19 17:01:43,682 - PyQt6.uic.properties - DEBUG - setting property text
2025-06-19 17:01:43,682 - PyQt6.uic.properties - DEBUG - setting property alignment
2025-06-19 17:01:43,682 - PyQt6.uic.properties - DEBUG - setting property readOnly
2025-06-19 17:01:43,682 - PyQt6.uic.uiparser - DEBUG - push QLineEdit MaxTransitTime_2
2025-06-19 17:01:43,682 - PyQt6.uic.uiparser - DEBUG - pop widget QLineEdit MaxTransitTime_2
2025-06-19 17:01:43,682 - PyQt6.uic.uiparser - DEBUG - new topwidget <PyQt6.QtWidgets.QGroupBox object at 0x0000025BE77376D0>
2025-06-19 17:01:43,682 - PyQt6.uic.properties - DEBUG - setting property geometry
2025-06-19 17:01:43,682 - PyQt6.uic.properties - DEBUG - setting property sizePolicy
2025-06-19 17:01:43,682 - PyQt6.uic.properties - DEBUG - setting property font
2025-06-19 17:01:43,682 - PyQt6.uic.properties - DEBUG - setting property text
2025-06-19 17:01:43,682 - PyQt6.uic.uiparser - DEBUG - push QLabel MaxRecieveTime
2025-06-19 17:01:43,682 - PyQt6.uic.uiparser - DEBUG - pop widget QLabel MaxRecieveTime
2025-06-19 17:01:43,682 - PyQt6.uic.uiparser - DEBUG - new topwidget <PyQt6.QtWidgets.QGroupBox object at 0x0000025BE77376D0>
2025-06-19 17:01:43,682 - PyQt6.uic.properties - DEBUG - setting property geometry
2025-06-19 17:01:43,682 - PyQt6.uic.properties - DEBUG - setting property sizePolicy
2025-06-19 17:01:43,682 - PyQt6.uic.properties - DEBUG - setting property font
2025-06-19 17:01:43,682 - PyQt6.uic.properties - DEBUG - setting property text
2025-06-19 17:01:43,683 - PyQt6.uic.uiparser - DEBUG - push QLabel Time_6
2025-06-19 17:01:43,683 - PyQt6.uic.uiparser - DEBUG - pop widget QLabel Time_6
2025-06-19 17:01:43,683 - PyQt6.uic.uiparser - DEBUG - new topwidget <PyQt6.QtWidgets.QGroupBox object at 0x0000025BE77376D0>
2025-06-19 17:01:43,683 - PyQt6.uic.properties - DEBUG - setting property geometry
2025-06-19 17:01:43,683 - PyQt6.uic.properties - DEBUG - setting property sizePolicy
2025-06-19 17:01:43,683 - PyQt6.uic.properties - DEBUG - setting property font
2025-06-19 17:01:43,683 - PyQt6.uic.properties - DEBUG - setting property text
2025-06-19 17:01:43,683 - PyQt6.uic.uiparser - DEBUG - push QLabel Time_4
2025-06-19 17:01:43,683 - PyQt6.uic.uiparser - DEBUG - pop widget QLabel Time_4
2025-06-19 17:01:43,683 - PyQt6.uic.uiparser - DEBUG - new topwidget <PyQt6.QtWidgets.QGroupBox object at 0x0000025BE77376D0>
2025-06-19 17:01:43,683 - PyQt6.uic.properties - DEBUG - setting property geometry
2025-06-19 17:01:43,683 - PyQt6.uic.properties - DEBUG - setting property sizePolicy
2025-06-19 17:01:43,683 - PyQt6.uic.properties - DEBUG - setting property font
2025-06-19 17:01:43,683 - PyQt6.uic.properties - DEBUG - setting property focusPolicy
2025-06-19 17:01:43,683 - PyQt6.uic.properties - DEBUG - setting property toolTip
2025-06-19 17:01:43,683 - PyQt6.uic.properties - DEBUG - setting property styleSheet
2025-06-19 17:01:43,683 - PyQt6.uic.properties - DEBUG - setting property text
2025-06-19 17:01:43,683 - PyQt6.uic.properties - DEBUG - setting property checkable
2025-06-19 17:01:43,683 - PyQt6.uic.uiparser - DEBUG - push QPushButton ResetSemTime
2025-06-19 17:01:43,683 - PyQt6.uic.uiparser - DEBUG - pop widget QPushButton ResetSemTime
2025-06-19 17:01:43,683 - PyQt6.uic.uiparser - DEBUG - new topwidget <PyQt6.QtWidgets.QGroupBox object at 0x0000025BE77376D0>
2025-06-19 17:01:43,683 - PyQt6.uic.properties - DEBUG - setting property geometry
2025-06-19 17:01:43,683 - PyQt6.uic.properties - DEBUG - setting property sizePolicy
2025-06-19 17:01:43,684 - PyQt6.uic.properties - DEBUG - setting property font
2025-06-19 17:01:43,684 - PyQt6.uic.properties - DEBUG - setting property text
2025-06-19 17:01:43,684 - PyQt6.uic.uiparser - DEBUG - push QLabel MaxSemTime
2025-06-19 17:01:43,684 - PyQt6.uic.uiparser - DEBUG - pop widget QLabel MaxSemTime
2025-06-19 17:01:43,684 - PyQt6.uic.uiparser - DEBUG - new topwidget <PyQt6.QtWidgets.QGroupBox object at 0x0000025BE77376D0>
2025-06-19 17:01:43,684 - PyQt6.uic.properties - DEBUG - setting property geometry
2025-06-19 17:01:43,684 - PyQt6.uic.properties - DEBUG - setting property sizePolicy
2025-06-19 17:01:43,684 - PyQt6.uic.properties - DEBUG - setting property font
2025-06-19 17:01:43,684 - PyQt6.uic.properties - DEBUG - setting property text
2025-06-19 17:01:43,684 - PyQt6.uic.uiparser - DEBUG - push QLabel Time
2025-06-19 17:01:43,684 - PyQt6.uic.uiparser - DEBUG - pop widget QLabel Time
2025-06-19 17:01:43,684 - PyQt6.uic.uiparser - DEBUG - new topwidget <PyQt6.QtWidgets.QGroupBox object at 0x0000025BE77376D0>
2025-06-19 17:01:43,684 - PyQt6.uic.properties - DEBUG - setting property geometry
2025-06-19 17:01:43,684 - PyQt6.uic.properties - DEBUG - setting property sizePolicy
2025-06-19 17:01:43,684 - PyQt6.uic.properties - DEBUG - setting property font
2025-06-19 17:01:43,685 - PyQt6.uic.properties - DEBUG - setting property text
2025-06-19 17:01:43,685 - PyQt6.uic.uiparser - DEBUG - push QLabel Time_13
2025-06-19 17:01:43,685 - PyQt6.uic.uiparser - DEBUG - pop widget QLabel Time_13
2025-06-19 17:01:43,685 - PyQt6.uic.uiparser - DEBUG - new topwidget <PyQt6.QtWidgets.QGroupBox object at 0x0000025BE77376D0>
2025-06-19 17:01:43,685 - PyQt6.uic.properties - DEBUG - setting property geometry
2025-06-19 17:01:43,685 - PyQt6.uic.properties - DEBUG - setting property sizePolicy
2025-06-19 17:01:43,685 - PyQt6.uic.properties - DEBUG - setting property font
2025-06-19 17:01:43,685 - PyQt6.uic.properties - DEBUG - setting property text
2025-06-19 17:01:43,685 - PyQt6.uic.uiparser - DEBUG - push QLabel EcatCycleTime_3
2025-06-19 17:01:43,685 - PyQt6.uic.uiparser - DEBUG - pop widget QLabel EcatCycleTime_3
2025-06-19 17:01:43,685 - PyQt6.uic.uiparser - DEBUG - new topwidget <PyQt6.QtWidgets.QGroupBox object at 0x0000025BE77376D0>
2025-06-19 17:01:43,685 - PyQt6.uic.properties - DEBUG - setting property geometry
2025-06-19 17:01:43,685 - PyQt6.uic.properties - DEBUG - setting property sizePolicy
2025-06-19 17:01:43,685 - PyQt6.uic.properties - DEBUG - setting property font
2025-06-19 17:01:43,685 - PyQt6.uic.properties - DEBUG - setting property text
2025-06-19 17:01:43,685 - PyQt6.uic.uiparser - DEBUG - push QLabel Time_15
2025-06-19 17:01:43,685 - PyQt6.uic.uiparser - DEBUG - pop widget QLabel Time_15
2025-06-19 17:01:43,685 - PyQt6.uic.uiparser - DEBUG - new topwidget <PyQt6.QtWidgets.QGroupBox object at 0x0000025BE77376D0>
2025-06-19 17:01:43,685 - PyQt6.uic.properties - DEBUG - setting property geometry
2025-06-19 17:01:43,685 - PyQt6.uic.properties - DEBUG - setting property sizePolicy
2025-06-19 17:01:43,685 - PyQt6.uic.properties - DEBUG - setting property font
2025-06-19 17:01:43,685 - PyQt6.uic.properties - DEBUG - setting property alignment
2025-06-19 17:01:43,685 - PyQt6.uic.properties - DEBUG - setting property readOnly
2025-06-19 17:01:43,687 - PyQt6.uic.uiparser - DEBUG - push QLineEdit semtime
2025-06-19 17:01:43,687 - PyQt6.uic.uiparser - DEBUG - pop widget QLineEdit semtime
2025-06-19 17:01:43,687 - PyQt6.uic.uiparser - DEBUG - new topwidget <PyQt6.QtWidgets.QGroupBox object at 0x0000025BE77376D0>
2025-06-19 17:01:43,687 - PyQt6.uic.properties - DEBUG - setting property geometry
2025-06-19 17:01:43,687 - PyQt6.uic.properties - DEBUG - setting property sizePolicy
2025-06-19 17:01:43,687 - PyQt6.uic.properties - DEBUG - setting property font
2025-06-19 17:01:43,687 - PyQt6.uic.properties - DEBUG - setting property text
2025-06-19 17:01:43,687 - PyQt6.uic.uiparser - DEBUG - push QLabel Time_3
2025-06-19 17:01:43,687 - PyQt6.uic.uiparser - DEBUG - pop widget QLabel Time_3
2025-06-19 17:01:43,687 - PyQt6.uic.uiparser - DEBUG - new topwidget <PyQt6.QtWidgets.QGroupBox object at 0x0000025BE77376D0>
2025-06-19 17:01:43,687 - PyQt6.uic.properties - DEBUG - setting property geometry
2025-06-19 17:01:43,687 - PyQt6.uic.properties - DEBUG - setting property sizePolicy
2025-06-19 17:01:43,687 - PyQt6.uic.properties - DEBUG - setting property font
2025-06-19 17:01:43,687 - PyQt6.uic.properties - DEBUG - setting property text
2025-06-19 17:01:43,687 - PyQt6.uic.uiparser - DEBUG - push QLabel TransitTime
2025-06-19 17:01:43,687 - PyQt6.uic.uiparser - DEBUG - pop widget QLabel TransitTime
2025-06-19 17:01:43,687 - PyQt6.uic.uiparser - DEBUG - new topwidget <PyQt6.QtWidgets.QGroupBox object at 0x0000025BE77376D0>
2025-06-19 17:01:43,687 - PyQt6.uic.properties - DEBUG - setting property geometry
2025-06-19 17:01:43,687 - PyQt6.uic.properties - DEBUG - setting property sizePolicy
2025-06-19 17:01:43,687 - PyQt6.uic.properties - DEBUG - setting property font
2025-06-19 17:01:43,687 - PyQt6.uic.properties - DEBUG - setting property text
2025-06-19 17:01:43,687 - PyQt6.uic.uiparser - DEBUG - push QLabel MaxTransitTime
2025-06-19 17:01:43,687 - PyQt6.uic.uiparser - DEBUG - pop widget QLabel MaxTransitTime
2025-06-19 17:01:43,687 - PyQt6.uic.uiparser - DEBUG - new topwidget <PyQt6.QtWidgets.QGroupBox object at 0x0000025BE77376D0>
2025-06-19 17:01:43,687 - PyQt6.uic.properties - DEBUG - setting property geometry
2025-06-19 17:01:43,687 - PyQt6.uic.properties - DEBUG - setting property sizePolicy
2025-06-19 17:01:43,687 - PyQt6.uic.properties - DEBUG - setting property font
2025-06-19 17:01:43,687 - PyQt6.uic.properties - DEBUG - setting property text
2025-06-19 17:01:43,687 - PyQt6.uic.uiparser - DEBUG - push QLabel ReceiveTime
2025-06-19 17:01:43,687 - PyQt6.uic.uiparser - DEBUG - pop widget QLabel ReceiveTime
2025-06-19 17:01:43,687 - PyQt6.uic.uiparser - DEBUG - new topwidget <PyQt6.QtWidgets.QGroupBox object at 0x0000025BE77376D0>
2025-06-19 17:01:43,687 - PyQt6.uic.properties - DEBUG - setting property geometry
2025-06-19 17:01:43,687 - PyQt6.uic.properties - DEBUG - setting property sizePolicy
2025-06-19 17:01:43,687 - PyQt6.uic.properties - DEBUG - setting property font
2025-06-19 17:01:43,687 - PyQt6.uic.properties - DEBUG - setting property text
2025-06-19 17:01:43,687 - PyQt6.uic.properties - DEBUG - setting property alignment
2025-06-19 17:01:43,687 - PyQt6.uic.properties - DEBUG - setting property readOnly
2025-06-19 17:01:43,687 - PyQt6.uic.uiparser - DEBUG - push QLineEdit MaxSemTime_2
2025-06-19 17:01:43,687 - PyQt6.uic.uiparser - DEBUG - pop widget QLineEdit MaxSemTime_2
2025-06-19 17:01:43,687 - PyQt6.uic.uiparser - DEBUG - new topwidget <PyQt6.QtWidgets.QGroupBox object at 0x0000025BE77376D0>
2025-06-19 17:01:43,688 - PyQt6.uic.properties - DEBUG - setting property geometry
2025-06-19 17:01:43,688 - PyQt6.uic.properties - DEBUG - setting property sizePolicy
2025-06-19 17:01:43,688 - PyQt6.uic.properties - DEBUG - setting property font
2025-06-19 17:01:43,688 - PyQt6.uic.properties - DEBUG - setting property statusTip
2025-06-19 17:01:43,688 - PyQt6.uic.properties - DEBUG - setting property alignment
2025-06-19 17:01:43,688 - PyQt6.uic.properties - DEBUG - setting property readOnly
2025-06-19 17:01:43,688 - PyQt6.uic.uiparser - DEBUG - push QLineEdit Time_2
2025-06-19 17:01:43,688 - PyQt6.uic.uiparser - DEBUG - pop widget QLineEdit Time_2
2025-06-19 17:01:43,688 - PyQt6.uic.uiparser - DEBUG - new topwidget <PyQt6.QtWidgets.QGroupBox object at 0x0000025BE77376D0>
2025-06-19 17:01:43,688 - PyQt6.uic.properties - DEBUG - setting property geometry
2025-06-19 17:01:43,688 - PyQt6.uic.properties - DEBUG - setting property sizePolicy
2025-06-19 17:01:43,688 - PyQt6.uic.properties - DEBUG - setting property font
2025-06-19 17:01:43,688 - PyQt6.uic.properties - DEBUG - setting property text
2025-06-19 17:01:43,688 - PyQt6.uic.uiparser - DEBUG - push QLabel MaxTime
2025-06-19 17:01:43,688 - PyQt6.uic.uiparser - DEBUG - pop widget QLabel MaxTime
2025-06-19 17:01:43,688 - PyQt6.uic.uiparser - DEBUG - new topwidget <PyQt6.QtWidgets.QGroupBox object at 0x0000025BE77376D0>
2025-06-19 17:01:43,688 - PyQt6.uic.uiparser - DEBUG - pop widget QGroupBox groupBox_8
2025-06-19 17:01:43,688 - PyQt6.uic.uiparser - DEBUG - new topwidget <PyQt6.QtWidgets.QWidget object at 0x0000025BE7737640>
2025-06-19 17:01:43,688 - PyQt6.uic.properties - DEBUG - setting property geometry
2025-06-19 17:01:43,688 - PyQt6.uic.properties - DEBUG - setting property styleSheet
2025-06-19 17:01:43,689 - PyQt6.uic.properties - DEBUG - setting property text
2025-06-19 17:01:43,689 - PyQt6.uic.properties - DEBUG - setting property checkable
2025-06-19 17:01:43,689 - PyQt6.uic.properties - DEBUG - setting property checked
2025-06-19 17:01:43,689 - PyQt6.uic.uiparser - DEBUG - push QPushButton performance_start
2025-06-19 17:01:43,689 - PyQt6.uic.uiparser - DEBUG - pop widget QPushButton performance_start
2025-06-19 17:01:43,689 - PyQt6.uic.uiparser - DEBUG - new topwidget <PyQt6.QtWidgets.QWidget object at 0x0000025BE7737640>
2025-06-19 17:01:43,689 - PyQt6.uic.uiparser - DEBUG - pop widget QWidget tab_2
2025-06-19 17:01:43,689 - PyQt6.uic.uiparser - DEBUG - new topwidget <PyQt6.QtWidgets.QTabWidget object at 0x0000025BE77352D0>
2025-06-19 17:01:43,689 - PyQt6.uic.uiparser - DEBUG - push QWidget tab_5
2025-06-19 17:01:43,689 - PyQt6.uic.properties - DEBUG - setting property geometry
2025-06-19 17:01:43,689 - PyQt6.uic.properties - DEBUG - setting property currentIndex
2025-06-19 17:01:43,690 - PyQt6.uic.uiparser - DEBUG - push QToolBox toolBox
2025-06-19 17:01:43,690 - PyQt6.uic.properties - DEBUG - setting property geometry
2025-06-19 17:01:43,690 - PyQt6.uic.uiparser - DEBUG - push QWidget page_3
2025-06-19 17:01:43,690 - PyQt6.uic.properties - DEBUG - setting property geometry
2025-06-19 17:01:43,690 - PyQt6.uic.properties - DEBUG - setting property font
2025-06-19 17:01:43,690 - PyQt6.uic.properties - DEBUG - setting property styleSheet
2025-06-19 17:01:43,690 - PyQt6.uic.properties - DEBUG - setting property frameShape
2025-06-19 17:01:43,691 - PyQt6.uic.properties - DEBUG - setting property frameShadow
2025-06-19 17:01:43,691 - PyQt6.uic.properties - DEBUG - setting property lineWidth
2025-06-19 17:01:43,691 - PyQt6.uic.properties - DEBUG - setting property sizeAdjustPolicy
2025-06-19 17:01:43,691 - PyQt6.uic.properties - DEBUG - setting property editTriggers
2025-06-19 17:01:43,691 - PyQt6.uic.properties - DEBUG - setting property alternatingRowColors
2025-06-19 17:01:43,691 - PyQt6.uic.properties - DEBUG - setting property autoExpandDelay
2025-06-19 17:01:43,691 - PyQt6.uic.properties - DEBUG - setting property indentation
2025-06-19 17:01:43,691 - PyQt6.uic.properties - DEBUG - setting property rootIsDecorated
2025-06-19 17:01:43,691 - PyQt6.uic.properties - DEBUG - setting property uniformRowHeights
2025-06-19 17:01:43,691 - PyQt6.uic.properties - DEBUG - setting property animated
2025-06-19 17:01:43,691 - PyQt6.uic.properties - DEBUG - setting property allColumnsShowFocus
2025-06-19 17:01:43,691 - PyQt6.uic.uiparser - DEBUG - push QTreeWidget treeWidget_2
2025-06-19 17:01:43,692 - PyQt6.uic.uiparser - DEBUG - pop widget QTreeWidget treeWidget_2
2025-06-19 17:01:43,692 - PyQt6.uic.uiparser - DEBUG - new topwidget <PyQt6.QtWidgets.QWidget object at 0x0000025BE7778940>
2025-06-19 17:01:43,692 - PyQt6.uic.uiparser - DEBUG - pop widget QWidget page_3
2025-06-19 17:01:43,692 - PyQt6.uic.uiparser - DEBUG - new topwidget <PyQt6.QtWidgets.QToolBox object at 0x0000025BE77788B0>
2025-06-19 17:01:43,693 - PyQt6.uic.properties - DEBUG - setting property geometry
2025-06-19 17:01:43,693 - PyQt6.uic.uiparser - DEBUG - push QWidget page_4
2025-06-19 17:01:43,693 - PyQt6.uic.properties - DEBUG - setting property geometry
2025-06-19 17:01:43,693 - PyQt6.uic.uiparser - DEBUG - push QWidget gridLayoutWidget_7
2025-06-19 17:01:43,693 - PyQt6.uic.properties - DEBUG - setting property sizeConstraint
2025-06-19 17:01:43,693 - PyQt6.uic.properties - DEBUG - setting property leftMargin
2025-06-19 17:01:43,693 - PyQt6.uic.properties - DEBUG - setting property horizontalSpacing
2025-06-19 17:01:43,693 - PyQt6.uic.properties - DEBUG - setting property pyuicMargins
2025-06-19 17:01:43,693 - PyQt6.uic.properties - DEBUG - setting property pyuicSpacing
2025-06-19 17:01:43,693 - PyQt6.uic.uiparser - DEBUG - push QGridLayout gridLayout_8
2025-06-19 17:01:43,693 - PyQt6.uic.properties - DEBUG - setting property sizePolicy
2025-06-19 17:01:43,693 - PyQt6.uic.properties - DEBUG - setting property font
2025-06-19 17:01:43,693 - PyQt6.uic.properties - DEBUG - setting property text
2025-06-19 17:01:43,693 - PyQt6.uic.uiparser - DEBUG - push QLabel NotAllDevsOperational
2025-06-19 17:01:43,693 - PyQt6.uic.uiparser - DEBUG - pop widget QLabel NotAllDevsOperational
2025-06-19 17:01:43,693 - PyQt6.uic.uiparser - DEBUG - new topwidget <PyQt6.QtWidgets.QWidget object at 0x0000025BE7778DC0>
2025-06-19 17:01:43,693 - PyQt6.uic.properties - DEBUG - setting property font
2025-06-19 17:01:43,693 - PyQt6.uic.properties - DEBUG - setting property text
2025-06-19 17:01:43,693 - PyQt6.uic.properties - DEBUG - setting property alignment
2025-06-19 17:01:43,694 - PyQt6.uic.uiparser - DEBUG - push QLabel SlvsErrStatus_22
2025-06-19 17:01:43,694 - PyQt6.uic.uiparser - DEBUG - pop widget QLabel SlvsErrStatus_22
2025-06-19 17:01:43,694 - PyQt6.uic.uiparser - DEBUG - new topwidget <PyQt6.QtWidgets.QWidget object at 0x0000025BE7778DC0>
2025-06-19 17:01:43,694 - PyQt6.uic.properties - DEBUG - setting property sizePolicy
2025-06-19 17:01:43,694 - PyQt6.uic.properties - DEBUG - setting property font
2025-06-19 17:01:43,694 - PyQt6.uic.properties - DEBUG - setting property text
2025-06-19 17:01:43,694 - PyQt6.uic.uiparser - DEBUG - push QLabel SlvsErrStatus_13
2025-06-19 17:01:43,694 - PyQt6.uic.uiparser - DEBUG - pop widget QLabel SlvsErrStatus_13
2025-06-19 17:01:43,694 - PyQt6.uic.uiparser - DEBUG - new topwidget <PyQt6.QtWidgets.QWidget object at 0x0000025BE7778DC0>
2025-06-19 17:01:43,694 - PyQt6.uic.properties - DEBUG - setting property sizePolicy
2025-06-19 17:01:43,694 - PyQt6.uic.properties - DEBUG - setting property font
2025-06-19 17:01:43,694 - PyQt6.uic.properties - DEBUG - setting property text
2025-06-19 17:01:43,694 - PyQt6.uic.uiparser - DEBUG - push QLabel DcSlvSync
2025-06-19 17:01:43,694 - PyQt6.uic.uiparser - DEBUG - pop widget QLabel DcSlvSync
2025-06-19 17:01:43,694 - PyQt6.uic.uiparser - DEBUG - new topwidget <PyQt6.QtWidgets.QWidget object at 0x0000025BE7778DC0>
2025-06-19 17:01:43,694 - PyQt6.uic.properties - DEBUG - setting property font
2025-06-19 17:01:43,694 - PyQt6.uic.properties - DEBUG - setting property text
2025-06-19 17:01:43,694 - PyQt6.uic.properties - DEBUG - setting property alignment
2025-06-19 17:01:43,694 - PyQt6.uic.uiparser - DEBUG - push QLabel SlvsErrStatus_32
2025-06-19 17:01:43,694 - PyQt6.uic.uiparser - DEBUG - pop widget QLabel SlvsErrStatus_32
2025-06-19 17:01:43,694 - PyQt6.uic.uiparser - DEBUG - new topwidget <PyQt6.QtWidgets.QWidget object at 0x0000025BE7778DC0>
2025-06-19 17:01:43,695 - PyQt6.uic.properties - DEBUG - setting property font
2025-06-19 17:01:43,695 - PyQt6.uic.properties - DEBUG - setting property text
2025-06-19 17:01:43,695 - PyQt6.uic.properties - DEBUG - setting property alignment
2025-06-19 17:01:43,695 - PyQt6.uic.uiparser - DEBUG - push QLabel SlvPresence_2
2025-06-19 17:01:43,695 - PyQt6.uic.uiparser - DEBUG - pop widget QLabel SlvPresence_2
2025-06-19 17:01:43,695 - PyQt6.uic.uiparser - DEBUG - new topwidget <PyQt6.QtWidgets.QWidget object at 0x0000025BE7778DC0>
2025-06-19 17:01:43,695 - PyQt6.uic.properties - DEBUG - setting property sizePolicy
2025-06-19 17:01:43,695 - PyQt6.uic.properties - DEBUG - setting property font
2025-06-19 17:01:43,695 - PyQt6.uic.properties - DEBUG - setting property text
2025-06-19 17:01:43,695 - PyQt6.uic.uiparser - DEBUG - push QLabel SlvsErrStatus_9
2025-06-19 17:01:43,695 - PyQt6.uic.uiparser - DEBUG - pop widget QLabel SlvsErrStatus_9
2025-06-19 17:01:43,695 - PyQt6.uic.uiparser - DEBUG - new topwidget <PyQt6.QtWidgets.QWidget object at 0x0000025BE7778DC0>
2025-06-19 17:01:43,695 - PyQt6.uic.properties - DEBUG - setting property font
2025-06-19 17:01:43,695 - PyQt6.uic.properties - DEBUG - setting property text
2025-06-19 17:01:43,695 - PyQt6.uic.properties - DEBUG - setting property alignment
2025-06-19 17:01:43,695 - PyQt6.uic.uiparser - DEBUG - push QLabel SlvStateChanged_8
2025-06-19 17:01:43,695 - PyQt6.uic.uiparser - DEBUG - pop widget QLabel SlvStateChanged_8
2025-06-19 17:01:43,695 - PyQt6.uic.uiparser - DEBUG - new topwidget <PyQt6.QtWidgets.QWidget object at 0x0000025BE7778DC0>
2025-06-19 17:01:43,695 - PyQt6.uic.properties - DEBUG - setting property sizePolicy
2025-06-19 17:01:43,695 - PyQt6.uic.properties - DEBUG - setting property font
2025-06-19 17:01:43,695 - PyQt6.uic.properties - DEBUG - setting property text
2025-06-19 17:01:43,695 - PyQt6.uic.uiparser - DEBUG - push QLabel SlavesStateChanged_5
2025-06-19 17:01:43,695 - PyQt6.uic.uiparser - DEBUG - pop widget QLabel SlavesStateChanged_5
2025-06-19 17:01:43,696 - PyQt6.uic.uiparser - DEBUG - new topwidget <PyQt6.QtWidgets.QWidget object at 0x0000025BE7778DC0>
2025-06-19 17:01:43,696 - PyQt6.uic.properties - DEBUG - setting property sizePolicy
2025-06-19 17:01:43,696 - PyQt6.uic.properties - DEBUG - setting property font
2025-06-19 17:01:43,696 - PyQt6.uic.properties - DEBUG - setting property text
2025-06-19 17:01:43,696 - PyQt6.uic.uiparser - DEBUG - push QLabel StateChanged
2025-06-19 17:01:43,696 - PyQt6.uic.uiparser - DEBUG - pop widget QLabel StateChanged
2025-06-19 17:01:43,696 - PyQt6.uic.uiparser - DEBUG - new topwidget <PyQt6.QtWidgets.QWidget object at 0x0000025BE7778DC0>
2025-06-19 17:01:43,696 - PyQt6.uic.properties - DEBUG - setting property font
2025-06-19 17:01:43,696 - PyQt6.uic.properties - DEBUG - setting property text
2025-06-19 17:01:43,696 - PyQt6.uic.properties - DEBUG - setting property alignment
2025-06-19 17:01:43,696 - PyQt6.uic.uiparser - DEBUG - push QLabel SlvsErrStatus_33
2025-06-19 17:01:43,696 - PyQt6.uic.uiparser - DEBUG - pop widget QLabel SlvsErrStatus_33
2025-06-19 17:01:43,696 - PyQt6.uic.uiparser - DEBUG - new topwidget <PyQt6.QtWidgets.QWidget object at 0x0000025BE7778DC0>
2025-06-19 17:01:43,696 - PyQt6.uic.properties - DEBUG - setting property font
2025-06-19 17:01:43,696 - PyQt6.uic.properties - DEBUG - setting property text
2025-06-19 17:01:43,696 - PyQt6.uic.properties - DEBUG - setting property alignment
2025-06-19 17:01:43,696 - PyQt6.uic.uiparser - DEBUG - push QLabel SlvNotAddressable_2
2025-06-19 17:01:43,696 - PyQt6.uic.uiparser - DEBUG - pop widget QLabel SlvNotAddressable_2
2025-06-19 17:01:43,696 - PyQt6.uic.uiparser - DEBUG - new topwidget <PyQt6.QtWidgets.QWidget object at 0x0000025BE7778DC0>
2025-06-19 17:01:43,696 - PyQt6.uic.properties - DEBUG - setting property sizePolicy
2025-06-19 17:01:43,696 - PyQt6.uic.properties - DEBUG - setting property font
2025-06-19 17:01:43,696 - PyQt6.uic.properties - DEBUG - setting property text
2025-06-19 17:01:43,696 - PyQt6.uic.uiparser - DEBUG - push QLabel MBSlvInitCmdTimeout
2025-06-19 17:01:43,696 - PyQt6.uic.uiparser - DEBUG - pop widget QLabel MBSlvInitCmdTimeout
2025-06-19 17:01:43,696 - PyQt6.uic.uiparser - DEBUG - new topwidget <PyQt6.QtWidgets.QWidget object at 0x0000025BE7778DC0>
2025-06-19 17:01:43,696 - PyQt6.uic.properties - DEBUG - setting property sizePolicy
2025-06-19 17:01:43,696 - PyQt6.uic.properties - DEBUG - setting property font
2025-06-19 17:01:43,696 - PyQt6.uic.properties - DEBUG - setting property text
2025-06-19 17:01:43,697 - PyQt6.uic.uiparser - DEBUG - push QLabel SlvsErrStatus_12
2025-06-19 17:01:43,697 - PyQt6.uic.uiparser - DEBUG - pop widget QLabel SlvsErrStatus_12
2025-06-19 17:01:43,697 - PyQt6.uic.uiparser - DEBUG - new topwidget <PyQt6.QtWidgets.QWidget object at 0x0000025BE7778DC0>
2025-06-19 17:01:43,697 - PyQt6.uic.properties - DEBUG - setting property sizePolicy
2025-06-19 17:01:43,697 - PyQt6.uic.properties - DEBUG - setting property font
2025-06-19 17:01:43,697 - PyQt6.uic.properties - DEBUG - setting property text
2025-06-19 17:01:43,697 - PyQt6.uic.uiparser - DEBUG - push QLabel SlvInitCmdResErr_7
2025-06-19 17:01:43,697 - PyQt6.uic.uiparser - DEBUG - pop widget QLabel SlvInitCmdResErr_7
2025-06-19 17:01:43,697 - PyQt6.uic.uiparser - DEBUG - new topwidget <PyQt6.QtWidgets.QWidget object at 0x0000025BE7778DC0>
2025-06-19 17:01:43,697 - PyQt6.uic.properties - DEBUG - setting property sizePolicy
2025-06-19 17:01:43,697 - PyQt6.uic.properties - DEBUG - setting property font
2025-06-19 17:01:43,697 - PyQt6.uic.properties - DEBUG - setting property text
2025-06-19 17:01:43,697 - PyQt6.uic.uiparser - DEBUG - push QLabel SlvNotSupported_5
2025-06-19 17:01:43,697 - PyQt6.uic.uiparser - DEBUG - pop widget QLabel SlvNotSupported_5
2025-06-19 17:01:43,697 - PyQt6.uic.uiparser - DEBUG - new topwidget <PyQt6.QtWidgets.QWidget object at 0x0000025BE7778DC0>
2025-06-19 17:01:43,697 - PyQt6.uic.properties - DEBUG - setting property font
2025-06-19 17:01:43,697 - PyQt6.uic.properties - DEBUG - setting property text
2025-06-19 17:01:43,697 - PyQt6.uic.properties - DEBUG - setting property alignment
2025-06-19 17:01:43,697 - PyQt6.uic.uiparser - DEBUG - push QLabel SlvStateChanged_18
2025-06-19 17:01:43,697 - PyQt6.uic.uiparser - DEBUG - pop widget QLabel SlvStateChanged_18
2025-06-19 17:01:43,697 - PyQt6.uic.uiparser - DEBUG - new topwidget <PyQt6.QtWidgets.QWidget object at 0x0000025BE7778DC0>
2025-06-19 17:01:43,698 - PyQt6.uic.properties - DEBUG - setting property sizePolicy
2025-06-19 17:01:43,698 - PyQt6.uic.properties - DEBUG - setting property font
2025-06-19 17:01:43,698 - PyQt6.uic.properties - DEBUG - setting property text
2025-06-19 17:01:43,698 - PyQt6.uic.uiparser - DEBUG - push QLabel SlvInitCmdWkcErr
2025-06-19 17:01:43,698 - PyQt6.uic.uiparser - DEBUG - pop widget QLabel SlvInitCmdWkcErr
2025-06-19 17:01:43,698 - PyQt6.uic.uiparser - DEBUG - new topwidget <PyQt6.QtWidgets.QWidget object at 0x0000025BE7778DC0>
2025-06-19 17:01:43,698 - PyQt6.uic.properties - DEBUG - setting property font
2025-06-19 17:01:43,698 - PyQt6.uic.properties - DEBUG - setting property text
2025-06-19 17:01:43,698 - PyQt6.uic.properties - DEBUG - setting property alignment
2025-06-19 17:01:43,698 - PyQt6.uic.uiparser - DEBUG - push QLabel SlvErrStatusInfo_6
2025-06-19 17:01:43,698 - PyQt6.uic.uiparser - DEBUG - pop widget QLabel SlvErrStatusInfo_6
2025-06-19 17:01:43,698 - PyQt6.uic.uiparser - DEBUG - new topwidget <PyQt6.QtWidgets.QWidget object at 0x0000025BE7778DC0>
2025-06-19 17:01:43,698 - PyQt6.uic.properties - DEBUG - setting property font
2025-06-19 17:01:43,698 - PyQt6.uic.properties - DEBUG - setting property text
2025-06-19 17:01:43,699 - PyQt6.uic.properties - DEBUG - setting property alignment
2025-06-19 17:01:43,699 - PyQt6.uic.uiparser - DEBUG - push QLabel DcmSync_2
2025-06-19 17:01:43,699 - PyQt6.uic.uiparser - DEBUG - pop widget QLabel DcmSync_2
2025-06-19 17:01:43,699 - PyQt6.uic.uiparser - DEBUG - new topwidget <PyQt6.QtWidgets.QWidget object at 0x0000025BE7778DC0>
2025-06-19 17:01:43,699 - PyQt6.uic.properties - DEBUG - setting property sizePolicy
2025-06-19 17:01:43,699 - PyQt6.uic.properties - DEBUG - setting property font
2025-06-19 17:01:43,699 - PyQt6.uic.properties - DEBUG - setting property text
2025-06-19 17:01:43,699 - PyQt6.uic.uiparser - DEBUG - push QLabel BadConnection
2025-06-19 17:01:43,699 - PyQt6.uic.uiparser - DEBUG - pop widget QLabel BadConnection
2025-06-19 17:01:43,699 - PyQt6.uic.uiparser - DEBUG - new topwidget <PyQt6.QtWidgets.QWidget object at 0x0000025BE7778DC0>
2025-06-19 17:01:43,699 - PyQt6.uic.properties - DEBUG - setting property sizePolicy
2025-06-19 17:01:43,699 - PyQt6.uic.properties - DEBUG - setting property font
2025-06-19 17:01:43,699 - PyQt6.uic.properties - DEBUG - setting property text
2025-06-19 17:01:43,699 - PyQt6.uic.uiparser - DEBUG - push QLabel SlvNotAddressable_5
2025-06-19 17:01:43,699 - PyQt6.uic.uiparser - DEBUG - pop widget QLabel SlvNotAddressable_5
2025-06-19 17:01:43,699 - PyQt6.uic.uiparser - DEBUG - new topwidget <PyQt6.QtWidgets.QWidget object at 0x0000025BE7778DC0>
2025-06-19 17:01:43,699 - PyQt6.uic.properties - DEBUG - setting property font
2025-06-19 17:01:43,699 - PyQt6.uic.properties - DEBUG - setting property text
2025-06-19 17:01:43,699 - PyQt6.uic.properties - DEBUG - setting property alignment
2025-06-19 17:01:43,699 - PyQt6.uic.uiparser - DEBUG - push QLabel NotAllDevsOperational_2
2025-06-19 17:01:43,699 - PyQt6.uic.uiparser - DEBUG - pop widget QLabel NotAllDevsOperational_2
2025-06-19 17:01:43,699 - PyQt6.uic.uiparser - DEBUG - new topwidget <PyQt6.QtWidgets.QWidget object at 0x0000025BE7778DC0>
2025-06-19 17:01:43,699 - PyQt6.uic.properties - DEBUG - setting property font
2025-06-19 17:01:43,699 - PyQt6.uic.properties - DEBUG - setting property text
2025-06-19 17:01:43,699 - PyQt6.uic.properties - DEBUG - setting property alignment
2025-06-19 17:01:43,699 - PyQt6.uic.uiparser - DEBUG - push QLabel SlvsErrStatus_35
2025-06-19 17:01:43,699 - PyQt6.uic.uiparser - DEBUG - pop widget QLabel SlvsErrStatus_35
2025-06-19 17:01:43,699 - PyQt6.uic.uiparser - DEBUG - new topwidget <PyQt6.QtWidgets.QWidget object at 0x0000025BE7778DC0>
2025-06-19 17:01:43,700 - PyQt6.uic.properties - DEBUG - setting property sizePolicy
2025-06-19 17:01:43,700 - PyQt6.uic.properties - DEBUG - setting property font
2025-06-19 17:01:43,700 - PyQt6.uic.properties - DEBUG - setting property text
2025-06-19 17:01:43,700 - PyQt6.uic.uiparser - DEBUG - push QLabel SlavesStateChanged
2025-06-19 17:01:43,700 - PyQt6.uic.uiparser - DEBUG - pop widget QLabel SlavesStateChanged
2025-06-19 17:01:43,700 - PyQt6.uic.uiparser - DEBUG - new topwidget <PyQt6.QtWidgets.QWidget object at 0x0000025BE7778DC0>
2025-06-19 17:01:43,700 - PyQt6.uic.properties - DEBUG - setting property sizePolicy
2025-06-19 17:01:43,700 - PyQt6.uic.properties - DEBUG - setting property font
2025-06-19 17:01:43,700 - PyQt6.uic.properties - DEBUG - setting property text
2025-06-19 17:01:43,700 - PyQt6.uic.uiparser - DEBUG - push QLabel SlvNotAddressable
2025-06-19 17:01:43,700 - PyQt6.uic.uiparser - DEBUG - pop widget QLabel SlvNotAddressable
2025-06-19 17:01:43,700 - PyQt6.uic.uiparser - DEBUG - new topwidget <PyQt6.QtWidgets.QWidget object at 0x0000025BE7778DC0>
2025-06-19 17:01:43,700 - PyQt6.uic.properties - DEBUG - setting property font
2025-06-19 17:01:43,700 - PyQt6.uic.properties - DEBUG - setting property text
2025-06-19 17:01:43,700 - PyQt6.uic.properties - DEBUG - setting property alignment
2025-06-19 17:01:43,700 - PyQt6.uic.uiparser - DEBUG - push QLabel SlvsErrStatus_34
2025-06-19 17:01:43,700 - PyQt6.uic.uiparser - DEBUG - pop widget QLabel SlvsErrStatus_34
2025-06-19 17:01:43,700 - PyQt6.uic.uiparser - DEBUG - new topwidget <PyQt6.QtWidgets.QWidget object at 0x0000025BE7778DC0>
2025-06-19 17:01:43,700 - PyQt6.uic.properties - DEBUG - setting property font
2025-06-19 17:01:43,700 - PyQt6.uic.properties - DEBUG - setting property text
2025-06-19 17:01:43,700 - PyQt6.uic.properties - DEBUG - setting property alignment
2025-06-19 17:01:43,701 - PyQt6.uic.uiparser - DEBUG - push QLabel SlvsErrStatus_2
2025-06-19 17:01:43,701 - PyQt6.uic.uiparser - DEBUG - pop widget QLabel SlvsErrStatus_2
2025-06-19 17:01:43,701 - PyQt6.uic.uiparser - DEBUG - new topwidget <PyQt6.QtWidgets.QWidget object at 0x0000025BE7778DC0>
2025-06-19 17:01:43,701 - PyQt6.uic.properties - DEBUG - setting property sizePolicy
2025-06-19 17:01:43,701 - PyQt6.uic.properties - DEBUG - setting property font
2025-06-19 17:01:43,701 - PyQt6.uic.properties - DEBUG - setting property text
2025-06-19 17:01:43,701 - PyQt6.uic.uiparser - DEBUG - push QLabel SlvsErrStatus_30
2025-06-19 17:01:43,701 - PyQt6.uic.uiparser - DEBUG - pop widget QLabel SlvsErrStatus_30
2025-06-19 17:01:43,701 - PyQt6.uic.uiparser - DEBUG - new topwidget <PyQt6.QtWidgets.QWidget object at 0x0000025BE7778DC0>
2025-06-19 17:01:43,701 - PyQt6.uic.properties - DEBUG - setting property sizePolicy
2025-06-19 17:01:43,701 - PyQt6.uic.properties - DEBUG - setting property font
2025-06-19 17:01:43,701 - PyQt6.uic.properties - DEBUG - setting property text
2025-06-19 17:01:43,701 - PyQt6.uic.uiparser - DEBUG - push QLabel DcmSync
2025-06-19 17:01:43,701 - PyQt6.uic.uiparser - DEBUG - pop widget QLabel DcmSync
2025-06-19 17:01:43,701 - PyQt6.uic.uiparser - DEBUG - new topwidget <PyQt6.QtWidgets.QWidget object at 0x0000025BE7778DC0>
2025-06-19 17:01:43,701 - PyQt6.uic.properties - DEBUG - setting property sizePolicy
2025-06-19 17:01:43,701 - PyQt6.uic.properties - DEBUG - setting property font
2025-06-19 17:01:43,701 - PyQt6.uic.properties - DEBUG - setting property text
2025-06-19 17:01:43,701 - PyQt6.uic.uiparser - DEBUG - push QLabel SlvInitCmdResErr_13
2025-06-19 17:01:43,701 - PyQt6.uic.uiparser - DEBUG - pop widget QLabel SlvInitCmdResErr_13
2025-06-19 17:01:43,701 - PyQt6.uic.uiparser - DEBUG - new topwidget <PyQt6.QtWidgets.QWidget object at 0x0000025BE7778DC0>
2025-06-19 17:01:43,701 - PyQt6.uic.properties - DEBUG - setting property font
2025-06-19 17:01:43,701 - PyQt6.uic.properties - DEBUG - setting property text
2025-06-19 17:01:43,702 - PyQt6.uic.properties - DEBUG - setting property alignment
2025-06-19 17:01:43,702 - PyQt6.uic.uiparser - DEBUG - push QLabel BadConnection_2
2025-06-19 17:01:43,702 - PyQt6.uic.uiparser - DEBUG - pop widget QLabel BadConnection_2
2025-06-19 17:01:43,702 - PyQt6.uic.uiparser - DEBUG - new topwidget <PyQt6.QtWidgets.QWidget object at 0x0000025BE7778DC0>
2025-06-19 17:01:43,702 - PyQt6.uic.properties - DEBUG - setting property font
2025-06-19 17:01:43,702 - PyQt6.uic.properties - DEBUG - setting property text
2025-06-19 17:01:43,702 - PyQt6.uic.properties - DEBUG - setting property alignment
2025-06-19 17:01:43,702 - PyQt6.uic.uiparser - DEBUG - push QLabel SlvStateChanged_7
2025-06-19 17:01:43,702 - PyQt6.uic.uiparser - DEBUG - pop widget QLabel SlvStateChanged_7
2025-06-19 17:01:43,702 - PyQt6.uic.uiparser - DEBUG - new topwidget <PyQt6.QtWidgets.QWidget object at 0x0000025BE7778DC0>
2025-06-19 17:01:43,702 - PyQt6.uic.properties - DEBUG - setting property sizePolicy
2025-06-19 17:01:43,702 - PyQt6.uic.properties - DEBUG - setting property font
2025-06-19 17:01:43,702 - PyQt6.uic.properties - DEBUG - setting property text
2025-06-19 17:01:43,702 - PyQt6.uic.uiparser - DEBUG - push QLabel SlvInitCmdResErr_12
2025-06-19 17:01:43,702 - PyQt6.uic.uiparser - DEBUG - pop widget QLabel SlvInitCmdResErr_12
2025-06-19 17:01:43,702 - PyQt6.uic.uiparser - DEBUG - new topwidget <PyQt6.QtWidgets.QWidget object at 0x0000025BE7778DC0>
2025-06-19 17:01:43,702 - PyQt6.uic.properties - DEBUG - setting property font
2025-06-19 17:01:43,702 - PyQt6.uic.properties - DEBUG - setting property text
2025-06-19 17:01:43,702 - PyQt6.uic.properties - DEBUG - setting property alignment
2025-06-19 17:01:43,702 - PyQt6.uic.uiparser - DEBUG - push QLabel SlvStateChanged_19
2025-06-19 17:01:43,702 - PyQt6.uic.uiparser - DEBUG - pop widget QLabel SlvStateChanged_19
2025-06-19 17:01:43,702 - PyQt6.uic.uiparser - DEBUG - new topwidget <PyQt6.QtWidgets.QWidget object at 0x0000025BE7778DC0>
2025-06-19 17:01:43,702 - PyQt6.uic.properties - DEBUG - setting property font
2025-06-19 17:01:43,702 - PyQt6.uic.properties - DEBUG - setting property text
2025-06-19 17:01:43,703 - PyQt6.uic.properties - DEBUG - setting property alignment
2025-06-19 17:01:43,703 - PyQt6.uic.uiparser - DEBUG - push QLabel SlvStateChanged_10
2025-06-19 17:01:43,703 - PyQt6.uic.uiparser - DEBUG - pop widget QLabel SlvStateChanged_10
2025-06-19 17:01:43,703 - PyQt6.uic.uiparser - DEBUG - new topwidget <PyQt6.QtWidgets.QWidget object at 0x0000025BE7778DC0>
2025-06-19 17:01:43,703 - PyQt6.uic.properties - DEBUG - setting property sizePolicy
2025-06-19 17:01:43,703 - PyQt6.uic.properties - DEBUG - setting property font
2025-06-19 17:01:43,703 - PyQt6.uic.properties - DEBUG - setting property text
2025-06-19 17:01:43,703 - PyQt6.uic.uiparser - DEBUG - push QLabel SlvInitCmdResErr_20
2025-06-19 17:01:43,703 - PyQt6.uic.uiparser - DEBUG - pop widget QLabel SlvInitCmdResErr_20
2025-06-19 17:01:43,703 - PyQt6.uic.uiparser - DEBUG - new topwidget <PyQt6.QtWidgets.QWidget object at 0x0000025BE7778DC0>
2025-06-19 17:01:43,703 - PyQt6.uic.properties - DEBUG - setting property font
2025-06-19 17:01:43,703 - PyQt6.uic.properties - DEBUG - setting property text
2025-06-19 17:01:43,703 - PyQt6.uic.properties - DEBUG - setting property alignment
2025-06-19 17:01:43,703 - PyQt6.uic.uiparser - DEBUG - push QLabel SlvsErrStatus_17
2025-06-19 17:01:43,703 - PyQt6.uic.uiparser - DEBUG - pop widget QLabel SlvsErrStatus_17
2025-06-19 17:01:43,703 - PyQt6.uic.uiparser - DEBUG - new topwidget <PyQt6.QtWidgets.QWidget object at 0x0000025BE7778DC0>
2025-06-19 17:01:43,703 - PyQt6.uic.properties - DEBUG - setting property sizePolicy
2025-06-19 17:01:43,703 - PyQt6.uic.properties - DEBUG - setting property font
2025-06-19 17:01:43,703 - PyQt6.uic.properties - DEBUG - setting property text
2025-06-19 17:01:43,703 - PyQt6.uic.uiparser - DEBUG - push QLabel SlvInitCmdResErr_8
2025-06-19 17:01:43,703 - PyQt6.uic.uiparser - DEBUG - pop widget QLabel SlvInitCmdResErr_8
2025-06-19 17:01:43,703 - PyQt6.uic.uiparser - DEBUG - new topwidget <PyQt6.QtWidgets.QWidget object at 0x0000025BE7778DC0>
2025-06-19 17:01:43,703 - PyQt6.uic.properties - DEBUG - setting property sizePolicy
2025-06-19 17:01:43,703 - PyQt6.uic.properties - DEBUG - setting property font
2025-06-19 17:01:43,703 - PyQt6.uic.properties - DEBUG - setting property text
2025-06-19 17:01:43,703 - PyQt6.uic.uiparser - DEBUG - push QLabel SlvInitCmdResErr_9
2025-06-19 17:01:43,704 - PyQt6.uic.uiparser - DEBUG - pop widget QLabel SlvInitCmdResErr_9
2025-06-19 17:01:43,704 - PyQt6.uic.uiparser - DEBUG - new topwidget <PyQt6.QtWidgets.QWidget object at 0x0000025BE7778DC0>
2025-06-19 17:01:43,704 - PyQt6.uic.properties - DEBUG - setting property font
2025-06-19 17:01:43,704 - PyQt6.uic.properties - DEBUG - setting property text
2025-06-19 17:01:43,704 - PyQt6.uic.properties - DEBUG - setting property alignment
2025-06-19 17:01:43,704 - PyQt6.uic.uiparser - DEBUG - push QLabel SlvsErrStatus_5
2025-06-19 17:01:43,704 - PyQt6.uic.uiparser - DEBUG - pop widget QLabel SlvsErrStatus_5
2025-06-19 17:01:43,704 - PyQt6.uic.uiparser - DEBUG - new topwidget <PyQt6.QtWidgets.QWidget object at 0x0000025BE7778DC0>
2025-06-19 17:01:43,704 - PyQt6.uic.properties - DEBUG - setting property sizePolicy
2025-06-19 17:01:43,704 - PyQt6.uic.properties - DEBUG - setting property font
2025-06-19 17:01:43,704 - PyQt6.uic.properties - DEBUG - setting property text
2025-06-19 17:01:43,704 - PyQt6.uic.uiparser - DEBUG - push QLabel SlvsErrStatus_14
2025-06-19 17:01:43,704 - PyQt6.uic.uiparser - DEBUG - pop widget QLabel SlvsErrStatus_14
2025-06-19 17:01:43,704 - PyQt6.uic.uiparser - DEBUG - new topwidget <PyQt6.QtWidgets.QWidget object at 0x0000025BE7778DC0>
2025-06-19 17:01:43,704 - PyQt6.uic.properties - DEBUG - setting property sizePolicy
2025-06-19 17:01:43,704 - PyQt6.uic.properties - DEBUG - setting property font
2025-06-19 17:01:43,704 - PyQt6.uic.properties - DEBUG - setting property text
2025-06-19 17:01:43,704 - PyQt6.uic.uiparser - DEBUG - push QLabel StatusSlaveErr_5
2025-06-19 17:01:43,704 - PyQt6.uic.uiparser - DEBUG - pop widget QLabel StatusSlaveErr_5
2025-06-19 17:01:43,704 - PyQt6.uic.uiparser - DEBUG - new topwidget <PyQt6.QtWidgets.QWidget object at 0x0000025BE7778DC0>
2025-06-19 17:01:43,705 - PyQt6.uic.properties - DEBUG - setting property font
2025-06-19 17:01:43,705 - PyQt6.uic.properties - DEBUG - setting property text
2025-06-19 17:01:43,705 - PyQt6.uic.properties - DEBUG - setting property alignment
2025-06-19 17:01:43,705 - PyQt6.uic.uiparser - DEBUG - push QLabel SlvNotSupported_6
2025-06-19 17:01:43,705 - PyQt6.uic.uiparser - DEBUG - pop widget QLabel SlvNotSupported_6
2025-06-19 17:01:43,705 - PyQt6.uic.uiparser - DEBUG - new topwidget <PyQt6.QtWidgets.QWidget object at 0x0000025BE7778DC0>
2025-06-19 17:01:43,705 - PyQt6.uic.properties - DEBUG - setting property font
2025-06-19 17:01:43,705 - PyQt6.uic.properties - DEBUG - setting property text
2025-06-19 17:01:43,705 - PyQt6.uic.properties - DEBUG - setting property alignment
2025-06-19 17:01:43,705 - PyQt6.uic.uiparser - DEBUG - push QLabel SlvInitCmdWkcErr_6
2025-06-19 17:01:43,705 - PyQt6.uic.uiparser - DEBUG - pop widget QLabel SlvInitCmdWkcErr_6
2025-06-19 17:01:43,705 - PyQt6.uic.uiparser - DEBUG - new topwidget <PyQt6.QtWidgets.QWidget object at 0x0000025BE7778DC0>
2025-06-19 17:01:43,705 - PyQt6.uic.properties - DEBUG - setting property font
2025-06-19 17:01:43,705 - PyQt6.uic.properties - DEBUG - setting property text
2025-06-19 17:01:43,705 - PyQt6.uic.properties - DEBUG - setting property alignment
2025-06-19 17:01:43,705 - PyQt6.uic.uiparser - DEBUG - push QLabel SlvsErrStatus_20
2025-06-19 17:01:43,705 - PyQt6.uic.uiparser - DEBUG - pop widget QLabel SlvsErrStatus_20
2025-06-19 17:01:43,705 - PyQt6.uic.uiparser - DEBUG - new topwidget <PyQt6.QtWidgets.QWidget object at 0x0000025BE7778DC0>
2025-06-19 17:01:43,705 - PyQt6.uic.properties - DEBUG - setting property sizePolicy
2025-06-19 17:01:43,705 - PyQt6.uic.properties - DEBUG - setting property font
2025-06-19 17:01:43,705 - PyQt6.uic.properties - DEBUG - setting property text
2025-06-19 17:01:43,705 - PyQt6.uic.uiparser - DEBUG - push QLabel SlvsErrStatus_24
2025-06-19 17:01:43,705 - PyQt6.uic.uiparser - DEBUG - pop widget QLabel SlvsErrStatus_24
2025-06-19 17:01:43,705 - PyQt6.uic.uiparser - DEBUG - new topwidget <PyQt6.QtWidgets.QWidget object at 0x0000025BE7778DC0>
2025-06-19 17:01:43,705 - PyQt6.uic.properties - DEBUG - setting property font
2025-06-19 17:01:43,705 - PyQt6.uic.properties - DEBUG - setting property text
2025-06-19 17:01:43,706 - PyQt6.uic.properties - DEBUG - setting property alignment
2025-06-19 17:01:43,706 - PyQt6.uic.uiparser - DEBUG - push QLabel SlvStateChanged_13
2025-06-19 17:01:43,706 - PyQt6.uic.uiparser - DEBUG - pop widget QLabel SlvStateChanged_13
2025-06-19 17:01:43,706 - PyQt6.uic.uiparser - DEBUG - new topwidget <PyQt6.QtWidgets.QWidget object at 0x0000025BE7778DC0>
2025-06-19 17:01:43,706 - PyQt6.uic.properties - DEBUG - setting property sizePolicy
2025-06-19 17:01:43,706 - PyQt6.uic.properties - DEBUG - setting property font
2025-06-19 17:01:43,706 - PyQt6.uic.properties - DEBUG - setting property text
2025-06-19 17:01:43,706 - PyQt6.uic.uiparser - DEBUG - push QLabel MasInitCmdWkcErr
2025-06-19 17:01:43,706 - PyQt6.uic.uiparser - DEBUG - pop widget QLabel MasInitCmdWkcErr
2025-06-19 17:01:43,706 - PyQt6.uic.uiparser - DEBUG - new topwidget <PyQt6.QtWidgets.QWidget object at 0x0000025BE7778DC0>
2025-06-19 17:01:43,706 - PyQt6.uic.properties - DEBUG - setting property sizePolicy
2025-06-19 17:01:43,706 - PyQt6.uic.properties - DEBUG - setting property font
2025-06-19 17:01:43,706 - PyQt6.uic.properties - DEBUG - setting property text
2025-06-19 17:01:43,706 - PyQt6.uic.uiparser - DEBUG - push QLabel SlvInitCmdResErr_10
2025-06-19 17:01:43,706 - PyQt6.uic.uiparser - DEBUG - pop widget QLabel SlvInitCmdResErr_10
2025-06-19 17:01:43,706 - PyQt6.uic.uiparser - DEBUG - new topwidget <PyQt6.QtWidgets.QWidget object at 0x0000025BE7778DC0>
2025-06-19 17:01:43,706 - PyQt6.uic.properties - DEBUG - setting property sizePolicy
2025-06-19 17:01:43,706 - PyQt6.uic.properties - DEBUG - setting property font
2025-06-19 17:01:43,706 - PyQt6.uic.properties - DEBUG - setting property text
2025-06-19 17:01:43,706 - PyQt6.uic.uiparser - DEBUG - push QLabel SlvNotSupported
2025-06-19 17:01:43,706 - PyQt6.uic.uiparser - DEBUG - pop widget QLabel SlvNotSupported
2025-06-19 17:01:43,706 - PyQt6.uic.uiparser - DEBUG - new topwidget <PyQt6.QtWidgets.QWidget object at 0x0000025BE7778DC0>
2025-06-19 17:01:43,706 - PyQt6.uic.properties - DEBUG - setting property sizePolicy
2025-06-19 17:01:43,706 - PyQt6.uic.properties - DEBUG - setting property font
2025-06-19 17:01:43,706 - PyQt6.uic.properties - DEBUG - setting property text
2025-06-19 17:01:43,706 - PyQt6.uic.uiparser - DEBUG - push QLabel SlvsErrStatus_27
2025-06-19 17:01:43,707 - PyQt6.uic.uiparser - DEBUG - pop widget QLabel SlvsErrStatus_27
2025-06-19 17:01:43,707 - PyQt6.uic.uiparser - DEBUG - new topwidget <PyQt6.QtWidgets.QWidget object at 0x0000025BE7778DC0>
2025-06-19 17:01:43,707 - PyQt6.uic.properties - DEBUG - setting property font
2025-06-19 17:01:43,707 - PyQt6.uic.properties - DEBUG - setting property text
2025-06-19 17:01:43,707 - PyQt6.uic.properties - DEBUG - setting property alignment
2025-06-19 17:01:43,707 - PyQt6.uic.uiparser - DEBUG - push QLabel DcxSync_2
2025-06-19 17:01:43,707 - PyQt6.uic.uiparser - DEBUG - pop widget QLabel DcxSync_2
2025-06-19 17:01:43,707 - PyQt6.uic.uiparser - DEBUG - new topwidget <PyQt6.QtWidgets.QWidget object at 0x0000025BE7778DC0>
2025-06-19 17:01:43,707 - PyQt6.uic.properties - DEBUG - setting property font
2025-06-19 17:01:43,707 - PyQt6.uic.properties - DEBUG - setting property text
2025-06-19 17:01:43,707 - PyQt6.uic.properties - DEBUG - setting property alignment
2025-06-19 17:01:43,707 - PyQt6.uic.uiparser - DEBUG - push QLabel FrameLossAfterSlave_2
2025-06-19 17:01:43,707 - PyQt6.uic.uiparser - DEBUG - pop widget QLabel FrameLossAfterSlave_2
2025-06-19 17:01:43,707 - PyQt6.uic.uiparser - DEBUG - new topwidget <PyQt6.QtWidgets.QWidget object at 0x0000025BE7778DC0>
2025-06-19 17:01:43,707 - PyQt6.uic.properties - DEBUG - setting property sizePolicy
2025-06-19 17:01:43,707 - PyQt6.uic.properties - DEBUG - setting property font
2025-06-19 17:01:43,707 - PyQt6.uic.properties - DEBUG - setting property text
2025-06-19 17:01:43,707 - PyQt6.uic.uiparser - DEBUG - push QLabel SlvsErrStatus_31
2025-06-19 17:01:43,707 - PyQt6.uic.uiparser - DEBUG - pop widget QLabel SlvsErrStatus_31
2025-06-19 17:01:43,708 - PyQt6.uic.uiparser - DEBUG - new topwidget <PyQt6.QtWidgets.QWidget object at 0x0000025BE7778DC0>
2025-06-19 17:01:43,708 - PyQt6.uic.properties - DEBUG - setting property sizePolicy
2025-06-19 17:01:43,708 - PyQt6.uic.properties - DEBUG - setting property font
2025-06-19 17:01:43,708 - PyQt6.uic.properties - DEBUG - setting property text
2025-06-19 17:01:43,708 - PyQt6.uic.uiparser - DEBUG - push QLabel SlvInitCmdResErr_14
2025-06-19 17:01:43,708 - PyQt6.uic.uiparser - DEBUG - pop widget QLabel SlvInitCmdResErr_14
2025-06-19 17:01:43,708 - PyQt6.uic.uiparser - DEBUG - new topwidget <PyQt6.QtWidgets.QWidget object at 0x0000025BE7778DC0>
2025-06-19 17:01:43,708 - PyQt6.uic.properties - DEBUG - setting property font
2025-06-19 17:01:43,708 - PyQt6.uic.properties - DEBUG - setting property text
2025-06-19 17:01:43,708 - PyQt6.uic.properties - DEBUG - setting property alignment
2025-06-19 17:01:43,708 - PyQt6.uic.uiparser - DEBUG - push QLabel MBSlvInitCmdTimeout_6
2025-06-19 17:01:43,708 - PyQt6.uic.uiparser - DEBUG - pop widget QLabel MBSlvInitCmdTimeout_6
2025-06-19 17:01:43,708 - PyQt6.uic.uiparser - DEBUG - new topwidget <PyQt6.QtWidgets.QWidget object at 0x0000025BE7778DC0>
2025-06-19 17:01:43,708 - PyQt6.uic.properties - DEBUG - setting property font
2025-06-19 17:01:43,708 - PyQt6.uic.properties - DEBUG - setting property text
2025-06-19 17:01:43,708 - PyQt6.uic.properties - DEBUG - setting property alignment
2025-06-19 17:01:43,708 - PyQt6.uic.uiparser - DEBUG - push QLabel SlvsErrStatus_19
2025-06-19 17:01:43,708 - PyQt6.uic.uiparser - DEBUG - pop widget QLabel SlvsErrStatus_19
2025-06-19 17:01:43,708 - PyQt6.uic.uiparser - DEBUG - new topwidget <PyQt6.QtWidgets.QWidget object at 0x0000025BE7778DC0>
2025-06-19 17:01:43,708 - PyQt6.uic.properties - DEBUG - setting property font
2025-06-19 17:01:43,708 - PyQt6.uic.properties - DEBUG - setting property text
2025-06-19 17:01:43,708 - PyQt6.uic.properties - DEBUG - setting property alignment
2025-06-19 17:01:43,708 - PyQt6.uic.uiparser - DEBUG - push QLabel SlvsErrStatus_40
2025-06-19 17:01:43,708 - PyQt6.uic.uiparser - DEBUG - pop widget QLabel SlvsErrStatus_40
2025-06-19 17:01:43,708 - PyQt6.uic.uiparser - DEBUG - new topwidget <PyQt6.QtWidgets.QWidget object at 0x0000025BE7778DC0>
2025-06-19 17:01:43,708 - PyQt6.uic.properties - DEBUG - setting property sizePolicy
2025-06-19 17:01:43,709 - PyQt6.uic.properties - DEBUG - setting property font
2025-06-19 17:01:43,709 - PyQt6.uic.properties - DEBUG - setting property text
2025-06-19 17:01:43,709 - PyQt6.uic.uiparser - DEBUG - push QLabel SlvStateChanged_5
2025-06-19 17:01:43,709 - PyQt6.uic.uiparser - DEBUG - pop widget QLabel SlvStateChanged_5
2025-06-19 17:01:43,709 - PyQt6.uic.uiparser - DEBUG - new topwidget <PyQt6.QtWidgets.QWidget object at 0x0000025BE7778DC0>
2025-06-19 17:01:43,709 - PyQt6.uic.properties - DEBUG - setting property font
2025-06-19 17:01:43,709 - PyQt6.uic.properties - DEBUG - setting property text
2025-06-19 17:01:43,709 - PyQt6.uic.properties - DEBUG - setting property alignment
2025-06-19 17:01:43,709 - PyQt6.uic.uiparser - DEBUG - push QLabel SlavesPresence_2
2025-06-19 17:01:43,709 - PyQt6.uic.uiparser - DEBUG - pop widget QLabel SlavesPresence_2
2025-06-19 17:01:43,709 - PyQt6.uic.uiparser - DEBUG - new topwidget <PyQt6.QtWidgets.QWidget object at 0x0000025BE7778DC0>
2025-06-19 17:01:43,709 - PyQt6.uic.properties - DEBUG - setting property font
2025-06-19 17:01:43,709 - PyQt6.uic.properties - DEBUG - setting property text
2025-06-19 17:01:43,709 - PyQt6.uic.properties - DEBUG - setting property alignment
2025-06-19 17:01:43,709 - PyQt6.uic.uiparser - DEBUG - push QLabel SlvsErrStatus_18
2025-06-19 17:01:43,709 - PyQt6.uic.uiparser - DEBUG - pop widget QLabel SlvsErrStatus_18
2025-06-19 17:01:43,709 - PyQt6.uic.uiparser - DEBUG - new topwidget <PyQt6.QtWidgets.QWidget object at 0x0000025BE7778DC0>
2025-06-19 17:01:43,709 - PyQt6.uic.properties - DEBUG - setting property font
2025-06-19 17:01:43,709 - PyQt6.uic.properties - DEBUG - setting property text
2025-06-19 17:01:43,709 - PyQt6.uic.properties - DEBUG - setting property alignment
2025-06-19 17:01:43,709 - PyQt6.uic.uiparser - DEBUG - push QLabel AllDevsOperational_2
2025-06-19 17:01:43,709 - PyQt6.uic.uiparser - DEBUG - pop widget QLabel AllDevsOperational_2
2025-06-19 17:01:43,709 - PyQt6.uic.uiparser - DEBUG - new topwidget <PyQt6.QtWidgets.QWidget object at 0x0000025BE7778DC0>
2025-06-19 17:01:43,709 - PyQt6.uic.properties - DEBUG - setting property font
2025-06-19 17:01:43,710 - PyQt6.uic.properties - DEBUG - setting property text
2025-06-19 17:01:43,710 - PyQt6.uic.properties - DEBUG - setting property alignment
2025-06-19 17:01:43,710 - PyQt6.uic.uiparser - DEBUG - push QLabel SlvInitCmdWkcErr_2
2025-06-19 17:01:43,710 - PyQt6.uic.uiparser - DEBUG - pop widget QLabel SlvInitCmdWkcErr_2
2025-06-19 17:01:43,710 - PyQt6.uic.uiparser - DEBUG - new topwidget <PyQt6.QtWidgets.QWidget object at 0x0000025BE7778DC0>
2025-06-19 17:01:43,710 - PyQt6.uic.properties - DEBUG - setting property sizePolicy
2025-06-19 17:01:43,710 - PyQt6.uic.properties - DEBUG - setting property font
2025-06-19 17:01:43,710 - PyQt6.uic.properties - DEBUG - setting property text
2025-06-19 17:01:43,710 - PyQt6.uic.uiparser - DEBUG - push QLabel FrameLossAfterSlave
2025-06-19 17:01:43,710 - PyQt6.uic.uiparser - DEBUG - pop widget QLabel FrameLossAfterSlave
2025-06-19 17:01:43,710 - PyQt6.uic.uiparser - DEBUG - new topwidget <PyQt6.QtWidgets.QWidget object at 0x0000025BE7778DC0>
2025-06-19 17:01:43,710 - PyQt6.uic.properties - DEBUG - setting property font
2025-06-19 17:01:43,710 - PyQt6.uic.properties - DEBUG - setting property text
2025-06-19 17:01:43,710 - PyQt6.uic.properties - DEBUG - setting property alignment
2025-06-19 17:01:43,710 - PyQt6.uic.uiparser - DEBUG - push QLabel RasMbxNotifyMemSmall_2
2025-06-19 17:01:43,710 - PyQt6.uic.uiparser - DEBUG - pop widget QLabel RasMbxNotifyMemSmall_2
2025-06-19 17:01:43,710 - PyQt6.uic.uiparser - DEBUG - new topwidget <PyQt6.QtWidgets.QWidget object at 0x0000025BE7778DC0>
2025-06-19 17:01:43,710 - PyQt6.uic.properties - DEBUG - setting property font
2025-06-19 17:01:43,711 - PyQt6.uic.properties - DEBUG - setting property text
2025-06-19 17:01:43,711 - PyQt6.uic.properties - DEBUG - setting property alignment
2025-06-19 17:01:43,711 - PyQt6.uic.uiparser - DEBUG - push QLabel SlvStateChanged_14
2025-06-19 17:01:43,711 - PyQt6.uic.uiparser - DEBUG - pop widget QLabel SlvStateChanged_14
2025-06-19 17:01:43,711 - PyQt6.uic.uiparser - DEBUG - new topwidget <PyQt6.QtWidgets.QWidget object at 0x0000025BE7778DC0>
2025-06-19 17:01:43,711 - PyQt6.uic.properties - DEBUG - setting property font
2025-06-19 17:01:43,711 - PyQt6.uic.properties - DEBUG - setting property text
2025-06-19 17:01:43,711 - PyQt6.uic.properties - DEBUG - setting property alignment
2025-06-19 17:01:43,711 - PyQt6.uic.uiparser - DEBUG - push QLabel SlvStateChanged_6
2025-06-19 17:01:43,711 - PyQt6.uic.uiparser - DEBUG - pop widget QLabel SlvStateChanged_6
2025-06-19 17:01:43,711 - PyQt6.uic.uiparser - DEBUG - new topwidget <PyQt6.QtWidgets.QWidget object at 0x0000025BE7778DC0>
2025-06-19 17:01:43,711 - PyQt6.uic.properties - DEBUG - setting property sizePolicy
2025-06-19 17:01:43,711 - PyQt6.uic.properties - DEBUG - setting property font
2025-06-19 17:01:43,711 - PyQt6.uic.properties - DEBUG - setting property text
2025-06-19 17:01:43,711 - PyQt6.uic.uiparser - DEBUG - push QLabel SlvErrStatusInfo_5
2025-06-19 17:01:43,711 - PyQt6.uic.uiparser - DEBUG - pop widget QLabel SlvErrStatusInfo_5
2025-06-19 17:01:43,711 - PyQt6.uic.uiparser - DEBUG - new topwidget <PyQt6.QtWidgets.QWidget object at 0x0000025BE7778DC0>
2025-06-19 17:01:43,711 - PyQt6.uic.properties - DEBUG - setting property sizePolicy
2025-06-19 17:01:43,711 - PyQt6.uic.properties - DEBUG - setting property font
2025-06-19 17:01:43,711 - PyQt6.uic.properties - DEBUG - setting property text
2025-06-19 17:01:43,711 - PyQt6.uic.uiparser - DEBUG - push QLabel SlvsErrStatus_6
2025-06-19 17:01:43,711 - PyQt6.uic.uiparser - DEBUG - pop widget QLabel SlvsErrStatus_6
2025-06-19 17:01:43,712 - PyQt6.uic.uiparser - DEBUG - new topwidget <PyQt6.QtWidgets.QWidget object at 0x0000025BE7778DC0>
2025-06-19 17:01:43,712 - PyQt6.uic.properties - DEBUG - setting property font
2025-06-19 17:01:43,712 - PyQt6.uic.properties - DEBUG - setting property text
2025-06-19 17:01:43,712 - PyQt6.uic.properties - DEBUG - setting property alignment
2025-06-19 17:01:43,712 - PyQt6.uic.uiparser - DEBUG - push QLabel ScanBusStatus_2
2025-06-19 17:01:43,712 - PyQt6.uic.uiparser - DEBUG - pop widget QLabel ScanBusStatus_2
2025-06-19 17:01:43,712 - PyQt6.uic.uiparser - DEBUG - new topwidget <PyQt6.QtWidgets.QWidget object at 0x0000025BE7778DC0>
2025-06-19 17:01:43,712 - PyQt6.uic.properties - DEBUG - setting property sizePolicy
2025-06-19 17:01:43,712 - PyQt6.uic.properties - DEBUG - setting property font
2025-06-19 17:01:43,712 - PyQt6.uic.properties - DEBUG - setting property text
2025-06-19 17:01:43,712 - PyQt6.uic.uiparser - DEBUG - push QLabel StatusSlaveErr
2025-06-19 17:01:43,712 - PyQt6.uic.uiparser - DEBUG - pop widget QLabel StatusSlaveErr
2025-06-19 17:01:43,712 - PyQt6.uic.uiparser - DEBUG - new topwidget <PyQt6.QtWidgets.QWidget object at 0x0000025BE7778DC0>
2025-06-19 17:01:43,712 - PyQt6.uic.properties - DEBUG - setting property font
2025-06-19 17:01:43,712 - PyQt6.uic.properties - DEBUG - setting property text
2025-06-19 17:01:43,712 - PyQt6.uic.properties - DEBUG - setting property alignment
2025-06-19 17:01:43,712 - PyQt6.uic.uiparser - DEBUG - push QLabel SlvUnexpectedState_6
2025-06-19 17:01:43,712 - PyQt6.uic.uiparser - DEBUG - pop widget QLabel SlvUnexpectedState_6
2025-06-19 17:01:43,712 - PyQt6.uic.uiparser - DEBUG - new topwidget <PyQt6.QtWidgets.QWidget object at 0x0000025BE7778DC0>
2025-06-19 17:01:43,712 - PyQt6.uic.properties - DEBUG - setting property sizePolicy
2025-06-19 17:01:43,712 - PyQt6.uic.properties - DEBUG - setting property font
2025-06-19 17:01:43,713 - PyQt6.uic.properties - DEBUG - setting property text
2025-06-19 17:01:43,713 - PyQt6.uic.uiparser - DEBUG - push QLabel SlvsErrStatus_25
2025-06-19 17:01:43,713 - PyQt6.uic.uiparser - DEBUG - pop widget QLabel SlvsErrStatus_25
2025-06-19 17:01:43,713 - PyQt6.uic.uiparser - DEBUG - new topwidget <PyQt6.QtWidgets.QWidget object at 0x0000025BE7778DC0>
2025-06-19 17:01:43,713 - PyQt6.uic.properties - DEBUG - setting property font
2025-06-19 17:01:43,713 - PyQt6.uic.properties - DEBUG - setting property text
2025-06-19 17:01:43,713 - PyQt6.uic.properties - DEBUG - setting property alignment
2025-06-19 17:01:43,713 - PyQt6.uic.uiparser - DEBUG - push QLabel DcSlvSync_2
2025-06-19 17:01:43,713 - PyQt6.uic.uiparser - DEBUG - pop widget QLabel DcSlvSync_2
2025-06-19 17:01:43,713 - PyQt6.uic.uiparser - DEBUG - new topwidget <PyQt6.QtWidgets.QWidget object at 0x0000025BE7778DC0>
2025-06-19 17:01:43,713 - PyQt6.uic.properties - DEBUG - setting property sizePolicy
2025-06-19 17:01:43,713 - PyQt6.uic.properties - DEBUG - setting property font
2025-06-19 17:01:43,713 - PyQt6.uic.properties - DEBUG - setting property text
2025-06-19 17:01:43,713 - PyQt6.uic.uiparser - DEBUG - push QLabel SlvInitCmdResErr_18
2025-06-19 17:01:43,713 - PyQt6.uic.uiparser - DEBUG - pop widget QLabel SlvInitCmdResErr_18
2025-06-19 17:01:43,713 - PyQt6.uic.uiparser - DEBUG - new topwidget <PyQt6.QtWidgets.QWidget object at 0x0000025BE7778DC0>
2025-06-19 17:01:43,713 - PyQt6.uic.properties - DEBUG - setting property sizePolicy
2025-06-19 17:01:43,713 - PyQt6.uic.properties - DEBUG - setting property font
2025-06-19 17:01:43,713 - PyQt6.uic.properties - DEBUG - setting property text
2025-06-19 17:01:43,713 - PyQt6.uic.uiparser - DEBUG - push QLabel SlvInitCmdWkcErr_5
2025-06-19 17:01:43,713 - PyQt6.uic.uiparser - DEBUG - pop widget QLabel SlvInitCmdWkcErr_5
2025-06-19 17:01:43,713 - PyQt6.uic.uiparser - DEBUG - new topwidget <PyQt6.QtWidgets.QWidget object at 0x0000025BE7778DC0>
2025-06-19 17:01:43,713 - PyQt6.uic.properties - DEBUG - setting property sizePolicy
2025-06-19 17:01:43,713 - PyQt6.uic.properties - DEBUG - setting property font
2025-06-19 17:01:43,713 - PyQt6.uic.properties - DEBUG - setting property text
2025-06-19 17:01:43,714 - PyQt6.uic.uiparser - DEBUG - push QLabel PDIWatchdog
2025-06-19 17:01:43,714 - PyQt6.uic.uiparser - DEBUG - pop widget QLabel PDIWatchdog
2025-06-19 17:01:43,714 - PyQt6.uic.uiparser - DEBUG - new topwidget <PyQt6.QtWidgets.QWidget object at 0x0000025BE7778DC0>
2025-06-19 17:01:43,714 - PyQt6.uic.properties - DEBUG - setting property font
2025-06-19 17:01:43,714 - PyQt6.uic.properties - DEBUG - setting property text
2025-06-19 17:01:43,714 - PyQt6.uic.properties - DEBUG - setting property alignment
2025-06-19 17:01:43,714 - PyQt6.uic.uiparser - DEBUG - push QLabel SlvInitCmdResErr_2
2025-06-19 17:01:43,714 - PyQt6.uic.uiparser - DEBUG - pop widget QLabel SlvInitCmdResErr_2
2025-06-19 17:01:43,714 - PyQt6.uic.uiparser - DEBUG - new topwidget <PyQt6.QtWidgets.QWidget object at 0x0000025BE7778DC0>
2025-06-19 17:01:43,714 - PyQt6.uic.properties - DEBUG - setting property sizePolicy
2025-06-19 17:01:43,714 - PyQt6.uic.properties - DEBUG - setting property font
2025-06-19 17:01:43,714 - PyQt6.uic.properties - DEBUG - setting property text
2025-06-19 17:01:43,714 - PyQt6.uic.uiparser - DEBUG - push QLabel SlavesPresence
2025-06-19 17:01:43,714 - PyQt6.uic.uiparser - DEBUG - pop widget QLabel SlavesPresence
2025-06-19 17:01:43,714 - PyQt6.uic.uiparser - DEBUG - new topwidget <PyQt6.QtWidgets.QWidget object at 0x0000025BE7778DC0>
2025-06-19 17:01:43,714 - PyQt6.uic.properties - DEBUG - setting property sizePolicy
2025-06-19 17:01:43,714 - PyQt6.uic.properties - DEBUG - setting property font
2025-06-19 17:01:43,714 - PyQt6.uic.properties - DEBUG - setting property text
2025-06-19 17:01:43,714 - PyQt6.uic.uiparser - DEBUG - push QLabel SlvsErrStatus_23
2025-06-19 17:01:43,714 - PyQt6.uic.uiparser - DEBUG - pop widget QLabel SlvsErrStatus_23
2025-06-19 17:01:43,714 - PyQt6.uic.uiparser - DEBUG - new topwidget <PyQt6.QtWidgets.QWidget object at 0x0000025BE7778DC0>
2025-06-19 17:01:43,715 - PyQt6.uic.properties - DEBUG - setting property sizePolicy
2025-06-19 17:01:43,715 - PyQt6.uic.properties - DEBUG - setting property font
2025-06-19 17:01:43,715 - PyQt6.uic.properties - DEBUG - setting property text
2025-06-19 17:01:43,715 - PyQt6.uic.uiparser - DEBUG - push QLabel SlvPresence_5
2025-06-19 17:01:43,715 - PyQt6.uic.uiparser - DEBUG - pop widget QLabel SlvPresence_5
2025-06-19 17:01:43,715 - PyQt6.uic.uiparser - DEBUG - new topwidget <PyQt6.QtWidgets.QWidget object at 0x0000025BE7778DC0>
2025-06-19 17:01:43,715 - PyQt6.uic.properties - DEBUG - setting property font
2025-06-19 17:01:43,715 - PyQt6.uic.properties - DEBUG - setting property text
2025-06-19 17:01:43,715 - PyQt6.uic.properties - DEBUG - setting property alignment
2025-06-19 17:01:43,715 - PyQt6.uic.uiparser - DEBUG - push QLabel SlvsErrStatus_21
2025-06-19 17:01:43,715 - PyQt6.uic.uiparser - DEBUG - pop widget QLabel SlvsErrStatus_21
2025-06-19 17:01:43,715 - PyQt6.uic.uiparser - DEBUG - new topwidget <PyQt6.QtWidgets.QWidget object at 0x0000025BE7778DC0>
2025-06-19 17:01:43,715 - PyQt6.uic.properties - DEBUG - setting property sizePolicy
2025-06-19 17:01:43,715 - PyQt6.uic.properties - DEBUG - setting property font
2025-06-19 17:01:43,715 - PyQt6.uic.properties - DEBUG - setting property text
2025-06-19 17:01:43,715 - PyQt6.uic.uiparser - DEBUG - push QLabel SlvsErrStatus_26
2025-06-19 17:01:43,715 - PyQt6.uic.uiparser - DEBUG - pop widget QLabel SlvsErrStatus_26
2025-06-19 17:01:43,715 - PyQt6.uic.uiparser - DEBUG - new topwidget <PyQt6.QtWidgets.QWidget object at 0x0000025BE7778DC0>
2025-06-19 17:01:43,715 - PyQt6.uic.properties - DEBUG - setting property font
2025-06-19 17:01:43,715 - PyQt6.uic.properties - DEBUG - setting property text
2025-06-19 17:01:43,715 - PyQt6.uic.properties - DEBUG - setting property alignment
2025-06-19 17:01:43,715 - PyQt6.uic.uiparser - DEBUG - push QLabel SlvInitCmdResErr_6
2025-06-19 17:01:43,715 - PyQt6.uic.uiparser - DEBUG - pop widget QLabel SlvInitCmdResErr_6
2025-06-19 17:01:43,715 - PyQt6.uic.uiparser - DEBUG - new topwidget <PyQt6.QtWidgets.QWidget object at 0x0000025BE7778DC0>
2025-06-19 17:01:43,715 - PyQt6.uic.properties - DEBUG - setting property font
2025-06-19 17:01:43,715 - PyQt6.uic.properties - DEBUG - setting property text
2025-06-19 17:01:43,716 - PyQt6.uic.properties - DEBUG - setting property alignment
2025-06-19 17:01:43,716 - PyQt6.uic.uiparser - DEBUG - push QLabel SlvNotSupported_2
2025-06-19 17:01:43,716 - PyQt6.uic.uiparser - DEBUG - pop widget QLabel SlvNotSupported_2
2025-06-19 17:01:43,716 - PyQt6.uic.uiparser - DEBUG - new topwidget <PyQt6.QtWidgets.QWidget object at 0x0000025BE7778DC0>
2025-06-19 17:01:43,716 - PyQt6.uic.properties - DEBUG - setting property sizePolicy
2025-06-19 17:01:43,716 - PyQt6.uic.properties - DEBUG - setting property font
2025-06-19 17:01:43,716 - PyQt6.uic.properties - DEBUG - setting property text
2025-06-19 17:01:43,716 - PyQt6.uic.uiparser - DEBUG - push QLabel SlvInitCmdResErr_19
2025-06-19 17:01:43,716 - PyQt6.uic.uiparser - DEBUG - pop widget QLabel SlvInitCmdResErr_19
2025-06-19 17:01:43,716 - PyQt6.uic.uiparser - DEBUG - new topwidget <PyQt6.QtWidgets.QWidget object at 0x0000025BE7778DC0>
2025-06-19 17:01:43,716 - PyQt6.uic.properties - DEBUG - setting property font
2025-06-19 17:01:43,716 - PyQt6.uic.properties - DEBUG - setting property text
2025-06-19 17:01:43,716 - PyQt6.uic.properties - DEBUG - setting property alignment
2025-06-19 17:01:43,716 - PyQt6.uic.uiparser - DEBUG - push QLabel SlvErrStatusInfo_2
2025-06-19 17:01:43,716 - PyQt6.uic.uiparser - DEBUG - pop widget QLabel SlvErrStatusInfo_2
2025-06-19 17:01:43,716 - PyQt6.uic.uiparser - DEBUG - new topwidget <PyQt6.QtWidgets.QWidget object at 0x0000025BE7778DC0>
2025-06-19 17:01:43,716 - PyQt6.uic.properties - DEBUG - setting property font
2025-06-19 17:01:43,716 - PyQt6.uic.properties - DEBUG - setting property text
2025-06-19 17:01:43,716 - PyQt6.uic.properties - DEBUG - setting property alignment
2025-06-19 17:01:43,716 - PyQt6.uic.uiparser - DEBUG - push QLabel MasInitCmdWkcErr_2
2025-06-19 17:01:43,716 - PyQt6.uic.uiparser - DEBUG - pop widget QLabel MasInitCmdWkcErr_2
2025-06-19 17:01:43,716 - PyQt6.uic.uiparser - DEBUG - new topwidget <PyQt6.QtWidgets.QWidget object at 0x0000025BE7778DC0>
2025-06-19 17:01:43,716 - PyQt6.uic.properties - DEBUG - setting property sizePolicy
2025-06-19 17:01:43,717 - PyQt6.uic.properties - DEBUG - setting property font
2025-06-19 17:01:43,717 - PyQt6.uic.properties - DEBUG - setting property text
2025-06-19 17:01:43,717 - PyQt6.uic.uiparser - DEBUG - push QLabel SlvsErrStatus_10
2025-06-19 17:01:43,717 - PyQt6.uic.uiparser - DEBUG - pop widget QLabel SlvsErrStatus_10
2025-06-19 17:01:43,717 - PyQt6.uic.uiparser - DEBUG - new topwidget <PyQt6.QtWidgets.QWidget object at 0x0000025BE7778DC0>
2025-06-19 17:01:43,717 - PyQt6.uic.properties - DEBUG - setting property font
2025-06-19 17:01:43,717 - PyQt6.uic.properties - DEBUG - setting property text
2025-06-19 17:01:43,717 - PyQt6.uic.properties - DEBUG - setting property alignment
2025-06-19 17:01:43,717 - PyQt6.uic.uiparser - DEBUG - push QLabel StateChanged_2
2025-06-19 17:01:43,717 - PyQt6.uic.uiparser - DEBUG - pop widget QLabel StateChanged_2
2025-06-19 17:01:43,717 - PyQt6.uic.uiparser - DEBUG - new topwidget <PyQt6.QtWidgets.QWidget object at 0x0000025BE7778DC0>
2025-06-19 17:01:43,717 - PyQt6.uic.properties - DEBUG - setting property sizePolicy
2025-06-19 17:01:43,717 - PyQt6.uic.properties - DEBUG - setting property font
2025-06-19 17:01:43,717 - PyQt6.uic.properties - DEBUG - setting property text
2025-06-19 17:01:43,717 - PyQt6.uic.uiparser - DEBUG - push QLabel SlvInitCmdResErr
2025-06-19 17:01:43,717 - PyQt6.uic.uiparser - DEBUG - pop widget QLabel SlvInitCmdResErr
2025-06-19 17:01:43,717 - PyQt6.uic.uiparser - DEBUG - new topwidget <PyQt6.QtWidgets.QWidget object at 0x0000025BE7778DC0>
2025-06-19 17:01:43,717 - PyQt6.uic.properties - DEBUG - setting property sizePolicy
2025-06-19 17:01:43,717 - PyQt6.uic.properties - DEBUG - setting property font
2025-06-19 17:01:43,717 - PyQt6.uic.properties - DEBUG - setting property text
2025-06-19 17:01:43,717 - PyQt6.uic.uiparser - DEBUG - push QLabel DcxSync
2025-06-19 17:01:43,717 - PyQt6.uic.uiparser - DEBUG - pop widget QLabel DcxSync
2025-06-19 17:01:43,717 - PyQt6.uic.uiparser - DEBUG - new topwidget <PyQt6.QtWidgets.QWidget object at 0x0000025BE7778DC0>
2025-06-19 17:01:43,717 - PyQt6.uic.properties - DEBUG - setting property font
2025-06-19 17:01:43,718 - PyQt6.uic.properties - DEBUG - setting property text
2025-06-19 17:01:43,718 - PyQt6.uic.properties - DEBUG - setting property alignment
2025-06-19 17:01:43,718 - PyQt6.uic.uiparser - DEBUG - push QLabel SlvStateChanged_11
2025-06-19 17:01:43,718 - PyQt6.uic.uiparser - DEBUG - pop widget QLabel SlvStateChanged_11
2025-06-19 17:01:43,718 - PyQt6.uic.uiparser - DEBUG - new topwidget <PyQt6.QtWidgets.QWidget object at 0x0000025BE7778DC0>
2025-06-19 17:01:43,718 - PyQt6.uic.properties - DEBUG - setting property sizePolicy
2025-06-19 17:01:43,718 - PyQt6.uic.properties - DEBUG - setting property font
2025-06-19 17:01:43,718 - PyQt6.uic.properties - DEBUG - setting property text
2025-06-19 17:01:43,718 - PyQt6.uic.uiparser - DEBUG - push QLabel SlvErrStatusInfo
2025-06-19 17:01:43,718 - PyQt6.uic.uiparser - DEBUG - pop widget QLabel SlvErrStatusInfo
2025-06-19 17:01:43,718 - PyQt6.uic.uiparser - DEBUG - new topwidget <PyQt6.QtWidgets.QWidget object at 0x0000025BE7778DC0>
2025-06-19 17:01:43,718 - PyQt6.uic.properties - DEBUG - setting property sizePolicy
2025-06-19 17:01:43,718 - PyQt6.uic.properties - DEBUG - setting property font
2025-06-19 17:01:43,718 - PyQt6.uic.properties - DEBUG - setting property text
2025-06-19 17:01:43,718 - PyQt6.uic.uiparser - DEBUG - push QLabel ScanBusStatus
2025-06-19 17:01:43,718 - PyQt6.uic.uiparser - DEBUG - pop widget QLabel ScanBusStatus
2025-06-19 17:01:43,718 - PyQt6.uic.uiparser - DEBUG - new topwidget <PyQt6.QtWidgets.QWidget object at 0x0000025BE7778DC0>
2025-06-19 17:01:43,718 - PyQt6.uic.properties - DEBUG - setting property font
2025-06-19 17:01:43,719 - PyQt6.uic.properties - DEBUG - setting property text
2025-06-19 17:01:43,719 - PyQt6.uic.properties - DEBUG - setting property alignment
2025-06-19 17:01:43,719 - PyQt6.uic.uiparser - DEBUG - push QLabel StatusSlaveErr_2
2025-06-19 17:01:43,719 - PyQt6.uic.uiparser - DEBUG - pop widget QLabel StatusSlaveErr_2
2025-06-19 17:01:43,719 - PyQt6.uic.uiparser - DEBUG - new topwidget <PyQt6.QtWidgets.QWidget object at 0x0000025BE7778DC0>
2025-06-19 17:01:43,719 - PyQt6.uic.properties - DEBUG - setting property font
2025-06-19 17:01:43,719 - PyQt6.uic.properties - DEBUG - setting property text
2025-06-19 17:01:43,719 - PyQt6.uic.properties - DEBUG - setting property alignment
2025-06-19 17:01:43,719 - PyQt6.uic.uiparser - DEBUG - push QLabel SlvsErrStatus_38
2025-06-19 17:01:43,719 - PyQt6.uic.uiparser - DEBUG - pop widget QLabel SlvsErrStatus_38
2025-06-19 17:01:43,719 - PyQt6.uic.uiparser - DEBUG - new topwidget <PyQt6.QtWidgets.QWidget object at 0x0000025BE7778DC0>
2025-06-19 17:01:43,720 - PyQt6.uic.properties - DEBUG - setting property font
2025-06-19 17:01:43,720 - PyQt6.uic.properties - DEBUG - setting property text
2025-06-19 17:01:43,720 - PyQt6.uic.properties - DEBUG - setting property alignment
2025-06-19 17:01:43,720 - PyQt6.uic.uiparser - DEBUG - push QLabel SlvsErrStatus_39
2025-06-19 17:01:43,720 - PyQt6.uic.uiparser - DEBUG - pop widget QLabel SlvsErrStatus_39
2025-06-19 17:01:43,720 - PyQt6.uic.uiparser - DEBUG - new topwidget <PyQt6.QtWidgets.QWidget object at 0x0000025BE7778DC0>
2025-06-19 17:01:43,720 - PyQt6.uic.properties - DEBUG - setting property font
2025-06-19 17:01:43,720 - PyQt6.uic.properties - DEBUG - setting property text
2025-06-19 17:01:43,720 - PyQt6.uic.properties - DEBUG - setting property alignment
2025-06-19 17:01:43,720 - PyQt6.uic.uiparser - DEBUG - push QLabel SlvStateChanged_20
2025-06-19 17:01:43,720 - PyQt6.uic.uiparser - DEBUG - pop widget QLabel SlvStateChanged_20
2025-06-19 17:01:43,720 - PyQt6.uic.uiparser - DEBUG - new topwidget <PyQt6.QtWidgets.QWidget object at 0x0000025BE7778DC0>
2025-06-19 17:01:43,720 - PyQt6.uic.properties - DEBUG - setting property font
2025-06-19 17:01:43,720 - PyQt6.uic.properties - DEBUG - setting property text
2025-06-19 17:01:43,720 - PyQt6.uic.properties - DEBUG - setting property alignment
2025-06-19 17:01:43,720 - PyQt6.uic.uiparser - DEBUG - push QLabel SlvUnexpectedState_2
2025-06-19 17:01:43,720 - PyQt6.uic.uiparser - DEBUG - pop widget QLabel SlvUnexpectedState_2
2025-06-19 17:01:43,720 - PyQt6.uic.uiparser - DEBUG - new topwidget <PyQt6.QtWidgets.QWidget object at 0x0000025BE7778DC0>
2025-06-19 17:01:43,720 - PyQt6.uic.properties - DEBUG - setting property sizePolicy
2025-06-19 17:01:43,720 - PyQt6.uic.properties - DEBUG - setting property font
2025-06-19 17:01:43,720 - PyQt6.uic.properties - DEBUG - setting property text
2025-06-19 17:01:43,720 - PyQt6.uic.uiparser - DEBUG - push QLabel SlvPresence
2025-06-19 17:01:43,720 - PyQt6.uic.uiparser - DEBUG - pop widget QLabel SlvPresence
2025-06-19 17:01:43,720 - PyQt6.uic.uiparser - DEBUG - new topwidget <PyQt6.QtWidgets.QWidget object at 0x0000025BE7778DC0>
2025-06-19 17:01:43,720 - PyQt6.uic.properties - DEBUG - setting property font
2025-06-19 17:01:43,720 - PyQt6.uic.properties - DEBUG - setting property text
2025-06-19 17:01:43,721 - PyQt6.uic.properties - DEBUG - setting property alignment
2025-06-19 17:01:43,721 - PyQt6.uic.uiparser - DEBUG - push QLabel SlvsErrStatus_16
2025-06-19 17:01:43,721 - PyQt6.uic.uiparser - DEBUG - pop widget QLabel SlvsErrStatus_16
2025-06-19 17:01:43,721 - PyQt6.uic.uiparser - DEBUG - new topwidget <PyQt6.QtWidgets.QWidget object at 0x0000025BE7778DC0>
2025-06-19 17:01:43,721 - PyQt6.uic.properties - DEBUG - setting property sizePolicy
2025-06-19 17:01:43,721 - PyQt6.uic.properties - DEBUG - setting property font
2025-06-19 17:01:43,721 - PyQt6.uic.properties - DEBUG - setting property text
2025-06-19 17:01:43,721 - PyQt6.uic.uiparser - DEBUG - push QLabel SlvStateChanged
2025-06-19 17:01:43,721 - PyQt6.uic.uiparser - DEBUG - pop widget QLabel SlvStateChanged
2025-06-19 17:01:43,721 - PyQt6.uic.uiparser - DEBUG - new topwidget <PyQt6.QtWidgets.QWidget object at 0x0000025BE7778DC0>
2025-06-19 17:01:43,721 - PyQt6.uic.properties - DEBUG - setting property sizePolicy
2025-06-19 17:01:43,721 - PyQt6.uic.properties - DEBUG - setting property font
2025-06-19 17:01:43,721 - PyQt6.uic.properties - DEBUG - setting property text
2025-06-19 17:01:43,721 - PyQt6.uic.uiparser - DEBUG - push QLabel SlvsErrStatus_11
2025-06-19 17:01:43,721 - PyQt6.uic.uiparser - DEBUG - pop widget QLabel SlvsErrStatus_11
2025-06-19 17:01:43,721 - PyQt6.uic.uiparser - DEBUG - new topwidget <PyQt6.QtWidgets.QWidget object at 0x0000025BE7778DC0>
2025-06-19 17:01:43,721 - PyQt6.uic.properties - DEBUG - setting property font
2025-06-19 17:01:43,721 - PyQt6.uic.properties - DEBUG - setting property text
2025-06-19 17:01:43,721 - PyQt6.uic.properties - DEBUG - setting property alignment
2025-06-19 17:01:43,722 - PyQt6.uic.uiparser - DEBUG - push QLabel SlvsErrStatus_36
2025-06-19 17:01:43,722 - PyQt6.uic.uiparser - DEBUG - pop widget QLabel SlvsErrStatus_36
2025-06-19 17:01:43,722 - PyQt6.uic.uiparser - DEBUG - new topwidget <PyQt6.QtWidgets.QWidget object at 0x0000025BE7778DC0>
2025-06-19 17:01:43,722 - PyQt6.uic.properties - DEBUG - setting property sizePolicy
2025-06-19 17:01:43,722 - PyQt6.uic.properties - DEBUG - setting property font
2025-06-19 17:01:43,722 - PyQt6.uic.properties - DEBUG - setting property text
2025-06-19 17:01:43,722 - PyQt6.uic.uiparser - DEBUG - push QLabel SlavesPresence_5
2025-06-19 17:01:43,722 - PyQt6.uic.uiparser - DEBUG - pop widget QLabel SlavesPresence_5
2025-06-19 17:01:43,722 - PyQt6.uic.uiparser - DEBUG - new topwidget <PyQt6.QtWidgets.QWidget object at 0x0000025BE7778DC0>
2025-06-19 17:01:43,722 - PyQt6.uic.properties - DEBUG - setting property sizePolicy
2025-06-19 17:01:43,722 - PyQt6.uic.properties - DEBUG - setting property font
2025-06-19 17:01:43,722 - PyQt6.uic.properties - DEBUG - setting property text
2025-06-19 17:01:43,722 - PyQt6.uic.uiparser - DEBUG - push QLabel SlvUnexpectedState
2025-06-19 17:01:43,722 - PyQt6.uic.uiparser - DEBUG - pop widget QLabel SlvUnexpectedState
2025-06-19 17:01:43,722 - PyQt6.uic.uiparser - DEBUG - new topwidget <PyQt6.QtWidgets.QWidget object at 0x0000025BE7778DC0>
2025-06-19 17:01:43,722 - PyQt6.uic.properties - DEBUG - setting property font
2025-06-19 17:01:43,722 - PyQt6.uic.properties - DEBUG - setting property text
2025-06-19 17:01:43,722 - PyQt6.uic.properties - DEBUG - setting property alignment
2025-06-19 17:01:43,722 - PyQt6.uic.uiparser - DEBUG - push QLabel SlvStateChanged_2
2025-06-19 17:01:43,722 - PyQt6.uic.uiparser - DEBUG - pop widget QLabel SlvStateChanged_2
2025-06-19 17:01:43,722 - PyQt6.uic.uiparser - DEBUG - new topwidget <PyQt6.QtWidgets.QWidget object at 0x0000025BE7778DC0>
2025-06-19 17:01:43,722 - PyQt6.uic.properties - DEBUG - setting property font
2025-06-19 17:01:43,722 - PyQt6.uic.properties - DEBUG - setting property text
2025-06-19 17:01:43,723 - PyQt6.uic.properties - DEBUG - setting property alignment
2025-06-19 17:01:43,723 - PyQt6.uic.uiparser - DEBUG - push QLabel SlvPresence_6
2025-06-19 17:01:43,723 - PyQt6.uic.uiparser - DEBUG - pop widget QLabel SlvPresence_6
2025-06-19 17:01:43,723 - PyQt6.uic.uiparser - DEBUG - new topwidget <PyQt6.QtWidgets.QWidget object at 0x0000025BE7778DC0>
2025-06-19 17:01:43,723 - PyQt6.uic.properties - DEBUG - setting property sizePolicy
2025-06-19 17:01:43,723 - PyQt6.uic.properties - DEBUG - setting property font
2025-06-19 17:01:43,723 - PyQt6.uic.properties - DEBUG - setting property text
2025-06-19 17:01:43,723 - PyQt6.uic.uiparser - DEBUG - push QLabel SlvInitCmdResErr_15
2025-06-19 17:01:43,723 - PyQt6.uic.uiparser - DEBUG - pop widget QLabel SlvInitCmdResErr_15
2025-06-19 17:01:43,723 - PyQt6.uic.uiparser - DEBUG - new topwidget <PyQt6.QtWidgets.QWidget object at 0x0000025BE7778DC0>
2025-06-19 17:01:43,723 - PyQt6.uic.properties - DEBUG - setting property sizePolicy
2025-06-19 17:01:43,723 - PyQt6.uic.properties - DEBUG - setting property font
2025-06-19 17:01:43,723 - PyQt6.uic.properties - DEBUG - setting property text
2025-06-19 17:01:43,723 - PyQt6.uic.uiparser - DEBUG - push QLabel SlvsErrStatus_29
2025-06-19 17:01:43,723 - PyQt6.uic.uiparser - DEBUG - pop widget QLabel SlvsErrStatus_29
2025-06-19 17:01:43,723 - PyQt6.uic.uiparser - DEBUG - new topwidget <PyQt6.QtWidgets.QWidget object at 0x0000025BE7778DC0>
2025-06-19 17:01:43,723 - PyQt6.uic.properties - DEBUG - setting property sizePolicy
2025-06-19 17:01:43,723 - PyQt6.uic.properties - DEBUG - setting property font
2025-06-19 17:01:43,723 - PyQt6.uic.properties - DEBUG - setting property text
2025-06-19 17:01:43,723 - PyQt6.uic.uiparser - DEBUG - push QLabel AllDevsOperational
2025-06-19 17:01:43,723 - PyQt6.uic.uiparser - DEBUG - pop widget QLabel AllDevsOperational
2025-06-19 17:01:43,723 - PyQt6.uic.uiparser - DEBUG - new topwidget <PyQt6.QtWidgets.QWidget object at 0x0000025BE7778DC0>
2025-06-19 17:01:43,723 - PyQt6.uic.properties - DEBUG - setting property font
2025-06-19 17:01:43,723 - PyQt6.uic.properties - DEBUG - setting property text
2025-06-19 17:01:43,723 - PyQt6.uic.properties - DEBUG - setting property alignment
2025-06-19 17:01:43,724 - PyQt6.uic.uiparser - DEBUG - push QLabel MBSlvInitCmdTimeout_2
2025-06-19 17:01:43,724 - PyQt6.uic.uiparser - DEBUG - pop widget QLabel MBSlvInitCmdTimeout_2
2025-06-19 17:01:43,724 - PyQt6.uic.uiparser - DEBUG - new topwidget <PyQt6.QtWidgets.QWidget object at 0x0000025BE7778DC0>
2025-06-19 17:01:43,724 - PyQt6.uic.properties - DEBUG - setting property font
2025-06-19 17:01:43,724 - PyQt6.uic.properties - DEBUG - setting property text
2025-06-19 17:01:43,724 - PyQt6.uic.properties - DEBUG - setting property alignment
2025-06-19 17:01:43,724 - PyQt6.uic.uiparser - DEBUG - push QLabel SlvStateChanged_12
2025-06-19 17:01:43,724 - PyQt6.uic.uiparser - DEBUG - pop widget QLabel SlvStateChanged_12
2025-06-19 17:01:43,724 - PyQt6.uic.uiparser - DEBUG - new topwidget <PyQt6.QtWidgets.QWidget object at 0x0000025BE7778DC0>
2025-06-19 17:01:43,724 - PyQt6.uic.properties - DEBUG - setting property sizePolicy
2025-06-19 17:01:43,724 - PyQt6.uic.properties - DEBUG - setting property font
2025-06-19 17:01:43,724 - PyQt6.uic.properties - DEBUG - setting property text
2025-06-19 17:01:43,724 - PyQt6.uic.uiparser - DEBUG - push QLabel SlvsErrStatus
2025-06-19 17:01:43,724 - PyQt6.uic.uiparser - DEBUG - pop widget QLabel SlvsErrStatus
2025-06-19 17:01:43,724 - PyQt6.uic.uiparser - DEBUG - new topwidget <PyQt6.QtWidgets.QWidget object at 0x0000025BE7778DC0>
2025-06-19 17:01:43,724 - PyQt6.uic.properties - DEBUG - setting property sizePolicy
2025-06-19 17:01:43,724 - PyQt6.uic.properties - DEBUG - setting property font
2025-06-19 17:01:43,725 - PyQt6.uic.properties - DEBUG - setting property text
2025-06-19 17:01:43,725 - PyQt6.uic.uiparser - DEBUG - push QLabel SlvInitCmdResErr_16
2025-06-19 17:01:43,725 - PyQt6.uic.uiparser - DEBUG - pop widget QLabel SlvInitCmdResErr_16
2025-06-19 17:01:43,725 - PyQt6.uic.uiparser - DEBUG - new topwidget <PyQt6.QtWidgets.QWidget object at 0x0000025BE7778DC0>
2025-06-19 17:01:43,725 - PyQt6.uic.properties - DEBUG - setting property font
2025-06-19 17:01:43,725 - PyQt6.uic.properties - DEBUG - setting property text
2025-06-19 17:01:43,725 - PyQt6.uic.properties - DEBUG - setting property alignment
2025-06-19 17:01:43,725 - PyQt6.uic.uiparser - DEBUG - push QLabel SlavesPresence_6
2025-06-19 17:01:43,725 - PyQt6.uic.uiparser - DEBUG - pop widget QLabel SlavesPresence_6
2025-06-19 17:01:43,725 - PyQt6.uic.uiparser - DEBUG - new topwidget <PyQt6.QtWidgets.QWidget object at 0x0000025BE7778DC0>
2025-06-19 17:01:43,725 - PyQt6.uic.properties - DEBUG - setting property sizePolicy
2025-06-19 17:01:43,725 - PyQt6.uic.properties - DEBUG - setting property font
2025-06-19 17:01:43,725 - PyQt6.uic.properties - DEBUG - setting property text
2025-06-19 17:01:43,725 - PyQt6.uic.uiparser - DEBUG - push QLabel SlvInitCmdResErr_17
2025-06-19 17:01:43,725 - PyQt6.uic.uiparser - DEBUG - pop widget QLabel SlvInitCmdResErr_17
2025-06-19 17:01:43,725 - PyQt6.uic.uiparser - DEBUG - new topwidget <PyQt6.QtWidgets.QWidget object at 0x0000025BE7778DC0>
2025-06-19 17:01:43,725 - PyQt6.uic.properties - DEBUG - setting property font
2025-06-19 17:01:43,725 - PyQt6.uic.properties - DEBUG - setting property text
2025-06-19 17:01:43,725 - PyQt6.uic.properties - DEBUG - setting property alignment
2025-06-19 17:01:43,725 - PyQt6.uic.uiparser - DEBUG - push QLabel PDIWatchdog_2
2025-06-19 17:01:43,725 - PyQt6.uic.uiparser - DEBUG - pop widget QLabel PDIWatchdog_2
2025-06-19 17:01:43,725 - PyQt6.uic.uiparser - DEBUG - new topwidget <PyQt6.QtWidgets.QWidget object at 0x0000025BE7778DC0>
2025-06-19 17:01:43,725 - PyQt6.uic.properties - DEBUG - setting property font
2025-06-19 17:01:43,725 - PyQt6.uic.properties - DEBUG - setting property text
2025-06-19 17:01:43,725 - PyQt6.uic.properties - DEBUG - setting property alignment
2025-06-19 17:01:43,725 - PyQt6.uic.uiparser - DEBUG - push QLabel SlvNotAddressable_6
2025-06-19 17:01:43,727 - PyQt6.uic.uiparser - DEBUG - pop widget QLabel SlvNotAddressable_6
2025-06-19 17:01:43,727 - PyQt6.uic.uiparser - DEBUG - new topwidget <PyQt6.QtWidgets.QWidget object at 0x0000025BE7778DC0>
2025-06-19 17:01:43,727 - PyQt6.uic.properties - DEBUG - setting property sizePolicy
2025-06-19 17:01:43,727 - PyQt6.uic.properties - DEBUG - setting property font
2025-06-19 17:01:43,727 - PyQt6.uic.properties - DEBUG - setting property text
2025-06-19 17:01:43,727 - PyQt6.uic.uiparser - DEBUG - push QLabel SlvInitCmdResErr_5
2025-06-19 17:01:43,727 - PyQt6.uic.uiparser - DEBUG - pop widget QLabel SlvInitCmdResErr_5
2025-06-19 17:01:43,727 - PyQt6.uic.uiparser - DEBUG - new topwidget <PyQt6.QtWidgets.QWidget object at 0x0000025BE7778DC0>
2025-06-19 17:01:43,727 - PyQt6.uic.properties - DEBUG - setting property font
2025-06-19 17:01:43,727 - PyQt6.uic.properties - DEBUG - setting property text
2025-06-19 17:01:43,727 - PyQt6.uic.properties - DEBUG - setting property alignment
2025-06-19 17:01:43,727 - PyQt6.uic.uiparser - DEBUG - push QLabel SlvsErrStatus_15
2025-06-19 17:01:43,727 - PyQt6.uic.uiparser - DEBUG - pop widget QLabel SlvsErrStatus_15
2025-06-19 17:01:43,727 - PyQt6.uic.uiparser - DEBUG - new topwidget <PyQt6.QtWidgets.QWidget object at 0x0000025BE7778DC0>
2025-06-19 17:01:43,727 - PyQt6.uic.properties - DEBUG - setting property font
2025-06-19 17:01:43,727 - PyQt6.uic.properties - DEBUG - setting property text
2025-06-19 17:01:43,727 - PyQt6.uic.properties - DEBUG - setting property alignment
2025-06-19 17:01:43,727 - PyQt6.uic.uiparser - DEBUG - push QLabel SlvStateChanged_16
2025-06-19 17:01:43,727 - PyQt6.uic.uiparser - DEBUG - pop widget QLabel SlvStateChanged_16
2025-06-19 17:01:43,727 - PyQt6.uic.uiparser - DEBUG - new topwidget <PyQt6.QtWidgets.QWidget object at 0x0000025BE7778DC0>
2025-06-19 17:01:43,727 - PyQt6.uic.properties - DEBUG - setting property sizePolicy
2025-06-19 17:01:43,727 - PyQt6.uic.properties - DEBUG - setting property font
2025-06-19 17:01:43,727 - PyQt6.uic.properties - DEBUG - setting property text
2025-06-19 17:01:43,727 - PyQt6.uic.uiparser - DEBUG - push QLabel SlvsErrStatus_8
2025-06-19 17:01:43,727 - PyQt6.uic.uiparser - DEBUG - pop widget QLabel SlvsErrStatus_8
2025-06-19 17:01:43,727 - PyQt6.uic.uiparser - DEBUG - new topwidget <PyQt6.QtWidgets.QWidget object at 0x0000025BE7778DC0>
2025-06-19 17:01:43,727 - PyQt6.uic.properties - DEBUG - setting property sizePolicy
2025-06-19 17:01:43,727 - PyQt6.uic.properties - DEBUG - setting property font
2025-06-19 17:01:43,727 - PyQt6.uic.properties - DEBUG - setting property text
2025-06-19 17:01:43,727 - PyQt6.uic.uiparser - DEBUG - push QLabel SlvUnexpectedState_5
2025-06-19 17:01:43,727 - PyQt6.uic.uiparser - DEBUG - pop widget QLabel SlvUnexpectedState_5
2025-06-19 17:01:43,727 - PyQt6.uic.uiparser - DEBUG - new topwidget <PyQt6.QtWidgets.QWidget object at 0x0000025BE7778DC0>
2025-06-19 17:01:43,727 - PyQt6.uic.properties - DEBUG - setting property font
2025-06-19 17:01:43,727 - PyQt6.uic.properties - DEBUG - setting property text
2025-06-19 17:01:43,727 - PyQt6.uic.properties - DEBUG - setting property alignment
2025-06-19 17:01:43,727 - PyQt6.uic.uiparser - DEBUG - push QLabel RasAckErr_2
2025-06-19 17:01:43,727 - PyQt6.uic.uiparser - DEBUG - pop widget QLabel RasAckErr_2
2025-06-19 17:01:43,727 - PyQt6.uic.uiparser - DEBUG - new topwidget <PyQt6.QtWidgets.QWidget object at 0x0000025BE7778DC0>
2025-06-19 17:01:43,727 - PyQt6.uic.properties - DEBUG - setting property font
2025-06-19 17:01:43,727 - PyQt6.uic.properties - DEBUG - setting property text
2025-06-19 17:01:43,727 - PyQt6.uic.properties - DEBUG - setting property alignment
2025-06-19 17:01:43,727 - PyQt6.uic.uiparser - DEBUG - push QLabel SlavesStateChanged_2
2025-06-19 17:01:43,727 - PyQt6.uic.uiparser - DEBUG - pop widget QLabel SlavesStateChanged_2
2025-06-19 17:01:43,727 - PyQt6.uic.uiparser - DEBUG - new topwidget <PyQt6.QtWidgets.QWidget object at 0x0000025BE7778DC0>
2025-06-19 17:01:43,728 - PyQt6.uic.properties - DEBUG - setting property font
2025-06-19 17:01:43,728 - PyQt6.uic.properties - DEBUG - setting property text
2025-06-19 17:01:43,728 - PyQt6.uic.properties - DEBUG - setting property alignment
2025-06-19 17:01:43,728 - PyQt6.uic.uiparser - DEBUG - push QLabel SlvsErrStatus_37
2025-06-19 17:01:43,728 - PyQt6.uic.uiparser - DEBUG - pop widget QLabel SlvsErrStatus_37
2025-06-19 17:01:43,728 - PyQt6.uic.uiparser - DEBUG - new topwidget <PyQt6.QtWidgets.QWidget object at 0x0000025BE7778DC0>
2025-06-19 17:01:43,728 - PyQt6.uic.properties - DEBUG - setting property font
2025-06-19 17:01:43,728 - PyQt6.uic.properties - DEBUG - setting property text
2025-06-19 17:01:43,728 - PyQt6.uic.properties - DEBUG - setting property alignment
2025-06-19 17:01:43,728 - PyQt6.uic.uiparser - DEBUG - push QLabel SlvStateChanged_15
2025-06-19 17:01:43,728 - PyQt6.uic.uiparser - DEBUG - pop widget QLabel SlvStateChanged_15
2025-06-19 17:01:43,728 - PyQt6.uic.uiparser - DEBUG - new topwidget <PyQt6.QtWidgets.QWidget object at 0x0000025BE7778DC0>
2025-06-19 17:01:43,728 - PyQt6.uic.properties - DEBUG - setting property font
2025-06-19 17:01:43,728 - PyQt6.uic.properties - DEBUG - setting property text
2025-06-19 17:01:43,728 - PyQt6.uic.properties - DEBUG - setting property alignment
2025-06-19 17:01:43,728 - PyQt6.uic.uiparser - DEBUG - push QLabel SlvStateChanged_17
2025-06-19 17:01:43,728 - PyQt6.uic.uiparser - DEBUG - pop widget QLabel SlvStateChanged_17
2025-06-19 17:01:43,728 - PyQt6.uic.uiparser - DEBUG - new topwidget <PyQt6.QtWidgets.QWidget object at 0x0000025BE7778DC0>
2025-06-19 17:01:43,728 - PyQt6.uic.properties - DEBUG - setting property sizePolicy
2025-06-19 17:01:43,729 - PyQt6.uic.properties - DEBUG - setting property font
2025-06-19 17:01:43,729 - PyQt6.uic.properties - DEBUG - setting property text
2025-06-19 17:01:43,729 - PyQt6.uic.uiparser - DEBUG - push QLabel SlvsErrStatus_7
2025-06-19 17:01:43,729 - PyQt6.uic.uiparser - DEBUG - pop widget QLabel SlvsErrStatus_7
2025-06-19 17:01:43,729 - PyQt6.uic.uiparser - DEBUG - new topwidget <PyQt6.QtWidgets.QWidget object at 0x0000025BE7778DC0>
2025-06-19 17:01:43,729 - PyQt6.uic.properties - DEBUG - setting property sizePolicy
2025-06-19 17:01:43,729 - PyQt6.uic.properties - DEBUG - setting property font
2025-06-19 17:01:43,729 - PyQt6.uic.properties - DEBUG - setting property text
2025-06-19 17:01:43,729 - PyQt6.uic.uiparser - DEBUG - push QLabel SlvsErrStatus_28
2025-06-19 17:01:43,729 - PyQt6.uic.uiparser - DEBUG - pop widget QLabel SlvsErrStatus_28
2025-06-19 17:01:43,729 - PyQt6.uic.uiparser - DEBUG - new topwidget <PyQt6.QtWidgets.QWidget object at 0x0000025BE7778DC0>
2025-06-19 17:01:43,729 - PyQt6.uic.properties - DEBUG - setting property sizePolicy
2025-06-19 17:01:43,729 - PyQt6.uic.properties - DEBUG - setting property font
2025-06-19 17:01:43,729 - PyQt6.uic.properties - DEBUG - setting property text
2025-06-19 17:01:43,729 - PyQt6.uic.uiparser - DEBUG - push QLabel SlvInitCmdResErr_11
2025-06-19 17:01:43,729 - PyQt6.uic.uiparser - DEBUG - pop widget QLabel SlvInitCmdResErr_11
2025-06-19 17:01:43,729 - PyQt6.uic.uiparser - DEBUG - new topwidget <PyQt6.QtWidgets.QWidget object at 0x0000025BE7778DC0>
2025-06-19 17:01:43,729 - PyQt6.uic.properties - DEBUG - setting property font
2025-06-19 17:01:43,729 - PyQt6.uic.properties - DEBUG - setting property text
2025-06-19 17:01:43,729 - PyQt6.uic.properties - DEBUG - setting property alignment
2025-06-19 17:01:43,729 - PyQt6.uic.uiparser - DEBUG - push QLabel SlvStateChanged_9
2025-06-19 17:01:43,729 - PyQt6.uic.uiparser - DEBUG - pop widget QLabel SlvStateChanged_9
2025-06-19 17:01:43,729 - PyQt6.uic.uiparser - DEBUG - new topwidget <PyQt6.QtWidgets.QWidget object at 0x0000025BE7778DC0>
2025-06-19 17:01:43,729 - PyQt6.uic.properties - DEBUG - setting property sizePolicy
2025-06-19 17:01:43,730 - PyQt6.uic.properties - DEBUG - setting property font
2025-06-19 17:01:43,730 - PyQt6.uic.properties - DEBUG - setting property text
2025-06-19 17:01:43,730 - PyQt6.uic.uiparser - DEBUG - push QLabel MBSlvInitCmdTimeout_5
2025-06-19 17:01:43,730 - PyQt6.uic.uiparser - DEBUG - pop widget QLabel MBSlvInitCmdTimeout_5
2025-06-19 17:01:43,730 - PyQt6.uic.uiparser - DEBUG - new topwidget <PyQt6.QtWidgets.QWidget object at 0x0000025BE7778DC0>
2025-06-19 17:01:43,730 - PyQt6.uic.uiparser - DEBUG - pop layout QGridLayout gridLayout_8
2025-06-19 17:01:43,730 - PyQt6.uic.uiparser - DEBUG - pop widget QWidget gridLayoutWidget_7
2025-06-19 17:01:43,730 - PyQt6.uic.uiparser - DEBUG - new topwidget <PyQt6.QtWidgets.QWidget object at 0x0000025BE7778D30>
2025-06-19 17:01:43,730 - PyQt6.uic.uiparser - DEBUG - pop widget QWidget page_4
2025-06-19 17:01:43,730 - PyQt6.uic.uiparser - DEBUG - new topwidget <PyQt6.QtWidgets.QToolBox object at 0x0000025BE77788B0>
2025-06-19 17:01:43,730 - PyQt6.uic.uiparser - DEBUG - pop widget QToolBox toolBox
2025-06-19 17:01:43,730 - PyQt6.uic.uiparser - DEBUG - new topwidget <PyQt6.QtWidgets.QWidget object at 0x0000025BE7778820>
2025-06-19 17:01:43,730 - PyQt6.uic.uiparser - DEBUG - pop widget QWidget tab_5
2025-06-19 17:01:43,730 - PyQt6.uic.uiparser - DEBUG - new topwidget <PyQt6.QtWidgets.QTabWidget object at 0x0000025BE77352D0>
2025-06-19 17:01:43,731 - PyQt6.uic.uiparser - DEBUG - pop widget QTabWidget tabWidget_2
2025-06-19 17:01:43,731 - PyQt6.uic.uiparser - DEBUG - new topwidget <PyQt6.QtWidgets.QWidget object at 0x0000025BE7735240>
2025-06-19 17:01:43,731 - PyQt6.uic.uiparser - DEBUG - pop widget QWidget tab_7
2025-06-19 17:01:43,731 - PyQt6.uic.uiparser - DEBUG - new topwidget <PyQt6.QtWidgets.QTabWidget object at 0x0000025BE77351B0>
2025-06-19 17:01:43,732 - PyQt6.uic.uiparser - DEBUG - push QWidget tab_13
2025-06-19 17:01:43,732 - PyQt6.uic.properties - DEBUG - setting property geometry
2025-06-19 17:01:43,732 - PyQt6.uic.properties - DEBUG - setting property title
2025-06-19 17:01:43,732 - PyQt6.uic.uiparser - DEBUG - push QGroupBox groupBox_7
2025-06-19 17:01:43,732 - PyQt6.uic.properties - DEBUG - setting property geometry
2025-06-19 17:01:43,732 - PyQt6.uic.properties - DEBUG - setting property sizePolicy
2025-06-19 17:01:43,732 - PyQt6.uic.properties - DEBUG - setting property font
2025-06-19 17:01:43,732 - PyQt6.uic.properties - DEBUG - setting property text
2025-06-19 17:01:43,732 - PyQt6.uic.uiparser - DEBUG - push QLabel label_27
2025-06-19 17:01:43,732 - PyQt6.uic.uiparser - DEBUG - pop widget QLabel label_27
2025-06-19 17:01:43,732 - PyQt6.uic.uiparser - DEBUG - new topwidget <PyQt6.QtWidgets.QGroupBox object at 0x0000025BE7C79D80>
2025-06-19 17:01:43,732 - PyQt6.uic.properties - DEBUG - setting property geometry
2025-06-19 17:01:43,732 - PyQt6.uic.properties - DEBUG - setting property sizePolicy
2025-06-19 17:01:43,732 - PyQt6.uic.properties - DEBUG - setting property font
2025-06-19 17:01:43,732 - PyQt6.uic.properties - DEBUG - setting property text
2025-06-19 17:01:43,732 - PyQt6.uic.uiparser - DEBUG - push QLabel label_26
2025-06-19 17:01:43,732 - PyQt6.uic.uiparser - DEBUG - pop widget QLabel label_26
2025-06-19 17:01:43,732 - PyQt6.uic.uiparser - DEBUG - new topwidget <PyQt6.QtWidgets.QGroupBox object at 0x0000025BE7C79D80>
2025-06-19 17:01:43,732 - PyQt6.uic.properties - DEBUG - setting property geometry
2025-06-19 17:01:43,732 - PyQt6.uic.properties - DEBUG - setting property sizePolicy
2025-06-19 17:01:43,732 - PyQt6.uic.properties - DEBUG - setting property font
2025-06-19 17:01:43,734 - PyQt6.uic.properties - DEBUG - setting property focusPolicy
2025-06-19 17:01:43,734 - PyQt6.uic.uiparser - DEBUG - push QComboBox datatype
2025-06-19 17:01:43,734 - PyQt6.uic.uiparser - DEBUG - pop widget QComboBox datatype
2025-06-19 17:01:43,734 - PyQt6.uic.uiparser - DEBUG - new topwidget <PyQt6.QtWidgets.QGroupBox object at 0x0000025BE7C79D80>
2025-06-19 17:01:43,734 - PyQt6.uic.properties - DEBUG - setting property geometry
2025-06-19 17:01:43,734 - PyQt6.uic.properties - DEBUG - setting property sizePolicy
2025-06-19 17:01:43,734 - PyQt6.uic.properties - DEBUG - setting property font
2025-06-19 17:01:43,734 - PyQt6.uic.properties - DEBUG - setting property text
2025-06-19 17:01:43,734 - PyQt6.uic.uiparser - DEBUG - push QLabel label_36
2025-06-19 17:01:43,734 - PyQt6.uic.uiparser - DEBUG - pop widget QLabel label_36
2025-06-19 17:01:43,734 - PyQt6.uic.uiparser - DEBUG - new topwidget <PyQt6.QtWidgets.QGroupBox object at 0x0000025BE7C79D80>
2025-06-19 17:01:43,734 - PyQt6.uic.properties - DEBUG - setting property geometry
2025-06-19 17:01:43,734 - PyQt6.uic.properties - DEBUG - setting property font
2025-06-19 17:01:43,734 - PyQt6.uic.properties - DEBUG - setting property title
2025-06-19 17:01:43,734 - PyQt6.uic.uiparser - DEBUG - push QGroupBox groupBox_4
2025-06-19 17:01:43,734 - PyQt6.uic.properties - DEBUG - setting property geometry
2025-06-19 17:01:43,734 - PyQt6.uic.properties - DEBUG - setting property font
2025-06-19 17:01:43,734 - PyQt6.uic.properties - DEBUG - setting property focusPolicy
2025-06-19 17:01:43,734 - PyQt6.uic.properties - DEBUG - setting property toolTip
2025-06-19 17:01:43,736 - PyQt6.uic.properties - DEBUG - setting property styleSheet
2025-06-19 17:01:43,736 - PyQt6.uic.properties - DEBUG - setting property text
2025-06-19 17:01:43,736 - PyQt6.uic.properties - DEBUG - setting property checkable
2025-06-19 17:01:43,736 - PyQt6.uic.uiparser - DEBUG - push QPushButton SDOButton_read
2025-06-19 17:01:43,736 - PyQt6.uic.uiparser - DEBUG - pop widget QPushButton SDOButton_read
2025-06-19 17:01:43,736 - PyQt6.uic.uiparser - DEBUG - new topwidget <PyQt6.QtWidgets.QGroupBox object at 0x0000025BE7C7A050>
2025-06-19 17:01:43,736 - PyQt6.uic.properties - DEBUG - setting property geometry
2025-06-19 17:01:43,736 - PyQt6.uic.properties - DEBUG - setting property font
2025-06-19 17:01:43,736 - PyQt6.uic.properties - DEBUG - setting property focusPolicy
2025-06-19 17:01:43,736 - PyQt6.uic.properties - DEBUG - setting property toolTip
2025-06-19 17:01:43,736 - PyQt6.uic.properties - DEBUG - setting property styleSheet
2025-06-19 17:01:43,736 - PyQt6.uic.properties - DEBUG - setting property text
2025-06-19 17:01:43,736 - PyQt6.uic.properties - DEBUG - setting property checkable
2025-06-19 17:01:43,736 - PyQt6.uic.uiparser - DEBUG - push QPushButton SDOButton_write
2025-06-19 17:01:43,736 - PyQt6.uic.uiparser - DEBUG - pop widget QPushButton SDOButton_write
2025-06-19 17:01:43,736 - PyQt6.uic.uiparser - DEBUG - new topwidget <PyQt6.QtWidgets.QGroupBox object at 0x0000025BE7C7A050>
2025-06-19 17:01:43,736 - PyQt6.uic.properties - DEBUG - setting property geometry
2025-06-19 17:01:43,736 - PyQt6.uic.properties - DEBUG - setting property sizePolicy
2025-06-19 17:01:43,736 - PyQt6.uic.properties - DEBUG - setting property font
2025-06-19 17:01:43,736 - PyQt6.uic.properties - DEBUG - setting property text
2025-06-19 17:01:43,736 - PyQt6.uic.uiparser - DEBUG - push QLabel label_48
2025-06-19 17:01:43,736 - PyQt6.uic.uiparser - DEBUG - pop widget QLabel label_48
2025-06-19 17:01:43,736 - PyQt6.uic.uiparser - DEBUG - new topwidget <PyQt6.QtWidgets.QGroupBox object at 0x0000025BE7C7A050>
2025-06-19 17:01:43,736 - PyQt6.uic.properties - DEBUG - setting property geometry
2025-06-19 17:01:43,736 - PyQt6.uic.properties - DEBUG - setting property font
2025-06-19 17:01:43,736 - PyQt6.uic.properties - DEBUG - setting property text
2025-06-19 17:01:43,736 - PyQt6.uic.uiparser - DEBUG - push QLabel label_25
2025-06-19 17:01:43,736 - PyQt6.uic.uiparser - DEBUG - pop widget QLabel label_25
2025-06-19 17:01:43,736 - PyQt6.uic.uiparser - DEBUG - new topwidget <PyQt6.QtWidgets.QGroupBox object at 0x0000025BE7C7A050>
2025-06-19 17:01:43,736 - PyQt6.uic.properties - DEBUG - setting property geometry
2025-06-19 17:01:43,736 - PyQt6.uic.properties - DEBUG - setting property sizePolicy
2025-06-19 17:01:43,736 - PyQt6.uic.properties - DEBUG - setting property minimumSize
2025-06-19 17:01:43,736 - PyQt6.uic.properties - DEBUG - setting property font
2025-06-19 17:01:43,736 - PyQt6.uic.properties - DEBUG - setting property focusPolicy
2025-06-19 17:01:43,736 - PyQt6.uic.uiparser - DEBUG - push QLineEdit SDOIndex
2025-06-19 17:01:43,736 - PyQt6.uic.uiparser - DEBUG - pop widget QLineEdit SDOIndex
2025-06-19 17:01:43,736 - PyQt6.uic.uiparser - DEBUG - new topwidget <PyQt6.QtWidgets.QGroupBox object at 0x0000025BE7C7A050>
2025-06-19 17:01:43,736 - PyQt6.uic.properties - DEBUG - setting property geometry
2025-06-19 17:01:43,736 - PyQt6.uic.properties - DEBUG - setting property font
2025-06-19 17:01:43,736 - PyQt6.uic.properties - DEBUG - setting property text
2025-06-19 17:01:43,736 - PyQt6.uic.uiparser - DEBUG - push QLabel label_24
2025-06-19 17:01:43,736 - PyQt6.uic.uiparser - DEBUG - pop widget QLabel label_24
2025-06-19 17:01:43,736 - PyQt6.uic.uiparser - DEBUG - new topwidget <PyQt6.QtWidgets.QGroupBox object at 0x0000025BE7C7A050>
2025-06-19 17:01:43,736 - PyQt6.uic.properties - DEBUG - setting property geometry
2025-06-19 17:01:43,736 - PyQt6.uic.properties - DEBUG - setting property font
2025-06-19 17:01:43,736 - PyQt6.uic.properties - DEBUG - setting property text
2025-06-19 17:01:43,736 - PyQt6.uic.uiparser - DEBUG - push QLabel label_23
2025-06-19 17:01:43,736 - PyQt6.uic.uiparser - DEBUG - pop widget QLabel label_23
2025-06-19 17:01:43,736 - PyQt6.uic.uiparser - DEBUG - new topwidget <PyQt6.QtWidgets.QGroupBox object at 0x0000025BE7C7A050>
2025-06-19 17:01:43,737 - PyQt6.uic.properties - DEBUG - setting property geometry
2025-06-19 17:01:43,737 - PyQt6.uic.properties - DEBUG - setting property sizePolicy
2025-06-19 17:01:43,737 - PyQt6.uic.properties - DEBUG - setting property minimumSize
2025-06-19 17:01:43,737 - PyQt6.uic.properties - DEBUG - setting property font
2025-06-19 17:01:43,737 - PyQt6.uic.properties - DEBUG - setting property focusPolicy
2025-06-19 17:01:43,737 - PyQt6.uic.uiparser - DEBUG - push QLineEdit SDOSubindex
2025-06-19 17:01:43,737 - PyQt6.uic.uiparser - DEBUG - pop widget QLineEdit SDOSubindex
2025-06-19 17:01:43,737 - PyQt6.uic.uiparser - DEBUG - new topwidget <PyQt6.QtWidgets.QGroupBox object at 0x0000025BE7C7A050>
2025-06-19 17:01:43,737 - PyQt6.uic.properties - DEBUG - setting property geometry
2025-06-19 17:01:43,737 - PyQt6.uic.properties - DEBUG - setting property sizePolicy
2025-06-19 17:01:43,737 - PyQt6.uic.properties - DEBUG - setting property minimumSize
2025-06-19 17:01:43,737 - PyQt6.uic.properties - DEBUG - setting property font
2025-06-19 17:01:43,737 - PyQt6.uic.properties - DEBUG - setting property focusPolicy
2025-06-19 17:01:43,737 - PyQt6.uic.properties - DEBUG - setting property text
2025-06-19 17:01:43,737 - PyQt6.uic.uiparser - DEBUG - push QLineEdit SDOValue
2025-06-19 17:01:43,737 - PyQt6.uic.uiparser - DEBUG - pop widget QLineEdit SDOValue
2025-06-19 17:01:43,737 - PyQt6.uic.uiparser - DEBUG - new topwidget <PyQt6.QtWidgets.QGroupBox object at 0x0000025BE7C7A050>
2025-06-19 17:01:43,737 - PyQt6.uic.properties - DEBUG - setting property geometry
2025-06-19 17:01:43,737 - PyQt6.uic.properties - DEBUG - setting property font
2025-06-19 17:01:43,737 - PyQt6.uic.properties - DEBUG - setting property text
2025-06-19 17:01:43,737 - PyQt6.uic.uiparser - DEBUG - push QLabel label_39
2025-06-19 17:01:43,737 - PyQt6.uic.uiparser - DEBUG - pop widget QLabel label_39
2025-06-19 17:01:43,737 - PyQt6.uic.uiparser - DEBUG - new topwidget <PyQt6.QtWidgets.QGroupBox object at 0x0000025BE7C7A050>
2025-06-19 17:01:43,738 - PyQt6.uic.properties - DEBUG - setting property geometry
2025-06-19 17:01:43,738 - PyQt6.uic.properties - DEBUG - setting property sizePolicy
2025-06-19 17:01:43,738 - PyQt6.uic.properties - DEBUG - setting property minimumSize
2025-06-19 17:01:43,738 - PyQt6.uic.properties - DEBUG - setting property font
2025-06-19 17:01:43,738 - PyQt6.uic.properties - DEBUG - setting property focusPolicy
2025-06-19 17:01:43,738 - PyQt6.uic.uiparser - DEBUG - push QComboBox datasize_2
2025-06-19 17:01:43,738 - PyQt6.uic.uiparser - DEBUG - pop widget QComboBox datasize_2
2025-06-19 17:01:43,738 - PyQt6.uic.uiparser - DEBUG - new topwidget <PyQt6.QtWidgets.QGroupBox object at 0x0000025BE7C7A050>
2025-06-19 17:01:43,738 - PyQt6.uic.uiparser - DEBUG - pop widget QGroupBox groupBox_4
2025-06-19 17:01:43,738 - PyQt6.uic.uiparser - DEBUG - new topwidget <PyQt6.QtWidgets.QGroupBox object at 0x0000025BE7C79D80>
2025-06-19 17:01:43,738 - PyQt6.uic.properties - DEBUG - setting property geometry
2025-06-19 17:01:43,738 - PyQt6.uic.properties - DEBUG - setting property font
2025-06-19 17:01:43,738 - PyQt6.uic.properties - DEBUG - setting property title
2025-06-19 17:01:43,738 - PyQt6.uic.uiparser - DEBUG - push QGroupBox groupBox_6
2025-06-19 17:01:43,738 - PyQt6.uic.properties - DEBUG - setting property geometry
2025-06-19 17:01:43,738 - PyQt6.uic.properties - DEBUG - setting property sizePolicy
2025-06-19 17:01:43,738 - PyQt6.uic.properties - DEBUG - setting property font
2025-06-19 17:01:43,738 - PyQt6.uic.properties - DEBUG - setting property focusPolicy
2025-06-19 17:01:43,738 - PyQt6.uic.properties - DEBUG - setting property toolTip
2025-06-19 17:01:43,740 - PyQt6.uic.properties - DEBUG - setting property styleSheet
2025-06-19 17:01:43,740 - PyQt6.uic.properties - DEBUG - setting property text
2025-06-19 17:01:43,740 - PyQt6.uic.properties - DEBUG - setting property checkable
2025-06-19 17:01:43,740 - PyQt6.uic.uiparser - DEBUG - push QPushButton ESCreg_read
2025-06-19 17:01:43,740 - PyQt6.uic.uiparser - DEBUG - pop widget QPushButton ESCreg_read
2025-06-19 17:01:43,740 - PyQt6.uic.uiparser - DEBUG - new topwidget <PyQt6.QtWidgets.QGroupBox object at 0x0000025BE7C7A710>
2025-06-19 17:01:43,740 - PyQt6.uic.properties - DEBUG - setting property geometry
2025-06-19 17:01:43,740 - PyQt6.uic.properties - DEBUG - setting property sizePolicy
2025-06-19 17:01:43,740 - PyQt6.uic.properties - DEBUG - setting property font
2025-06-19 17:01:43,740 - PyQt6.uic.properties - DEBUG - setting property focusPolicy
2025-06-19 17:01:43,740 - PyQt6.uic.properties - DEBUG - setting property toolTip
2025-06-19 17:01:43,740 - PyQt6.uic.properties - DEBUG - setting property styleSheet
2025-06-19 17:01:43,740 - PyQt6.uic.properties - DEBUG - setting property text
2025-06-19 17:01:43,740 - PyQt6.uic.properties - DEBUG - setting property checkable
2025-06-19 17:01:43,740 - PyQt6.uic.uiparser - DEBUG - push QPushButton ESCreg_write
2025-06-19 17:01:43,740 - PyQt6.uic.uiparser - DEBUG - pop widget QPushButton ESCreg_write
2025-06-19 17:01:43,740 - PyQt6.uic.uiparser - DEBUG - new topwidget <PyQt6.QtWidgets.QGroupBox object at 0x0000025BE7C7A710>
2025-06-19 17:01:43,740 - PyQt6.uic.properties - DEBUG - setting property geometry
2025-06-19 17:01:43,740 - PyQt6.uic.properties - DEBUG - setting property sizePolicy
2025-06-19 17:01:43,740 - PyQt6.uic.properties - DEBUG - setting property font
2025-06-19 17:01:43,740 - PyQt6.uic.properties - DEBUG - setting property text
2025-06-19 17:01:43,740 - PyQt6.uic.uiparser - DEBUG - push QLabel label_49
2025-06-19 17:01:43,740 - PyQt6.uic.uiparser - DEBUG - pop widget QLabel label_49
2025-06-19 17:01:43,740 - PyQt6.uic.uiparser - DEBUG - new topwidget <PyQt6.QtWidgets.QGroupBox object at 0x0000025BE7C7A710>
2025-06-19 17:01:43,740 - PyQt6.uic.properties - DEBUG - setting property geometry
2025-06-19 17:01:43,740 - PyQt6.uic.properties - DEBUG - setting property sizePolicy
2025-06-19 17:01:43,740 - PyQt6.uic.properties - DEBUG - setting property minimumSize
2025-06-19 17:01:43,740 - PyQt6.uic.properties - DEBUG - setting property font
2025-06-19 17:01:43,740 - PyQt6.uic.properties - DEBUG - setting property focusPolicy
2025-06-19 17:01:43,740 - PyQt6.uic.properties - DEBUG - setting property text
2025-06-19 17:01:43,740 - PyQt6.uic.uiparser - DEBUG - push QLineEdit Index
2025-06-19 17:01:43,740 - PyQt6.uic.uiparser - DEBUG - pop widget QLineEdit Index
2025-06-19 17:01:43,740 - PyQt6.uic.uiparser - DEBUG - new topwidget <PyQt6.QtWidgets.QGroupBox object at 0x0000025BE7C7A710>
2025-06-19 17:01:43,740 - PyQt6.uic.properties - DEBUG - setting property geometry
2025-06-19 17:01:43,740 - PyQt6.uic.properties - DEBUG - setting property sizePolicy
2025-06-19 17:01:43,740 - PyQt6.uic.properties - DEBUG - setting property font
2025-06-19 17:01:43,740 - PyQt6.uic.properties - DEBUG - setting property text
2025-06-19 17:01:43,740 - PyQt6.uic.uiparser - DEBUG - push QLabel label_29
2025-06-19 17:01:43,740 - PyQt6.uic.uiparser - DEBUG - pop widget QLabel label_29
2025-06-19 17:01:43,740 - PyQt6.uic.uiparser - DEBUG - new topwidget <PyQt6.QtWidgets.QGroupBox object at 0x0000025BE7C7A710>
2025-06-19 17:01:43,740 - PyQt6.uic.properties - DEBUG - setting property geometry
2025-06-19 17:01:43,740 - PyQt6.uic.properties - DEBUG - setting property sizePolicy
2025-06-19 17:01:43,740 - PyQt6.uic.properties - DEBUG - setting property minimumSize
2025-06-19 17:01:43,741 - PyQt6.uic.properties - DEBUG - setting property font
2025-06-19 17:01:43,741 - PyQt6.uic.properties - DEBUG - setting property focusPolicy
2025-06-19 17:01:43,741 - PyQt6.uic.properties - DEBUG - setting property text
2025-06-19 17:01:43,741 - PyQt6.uic.uiparser - DEBUG - push QLineEdit value
2025-06-19 17:01:43,741 - PyQt6.uic.uiparser - DEBUG - pop widget QLineEdit value
2025-06-19 17:01:43,741 - PyQt6.uic.uiparser - DEBUG - new topwidget <PyQt6.QtWidgets.QGroupBox object at 0x0000025BE7C7A710>
2025-06-19 17:01:43,741 - PyQt6.uic.properties - DEBUG - setting property geometry
2025-06-19 17:01:43,741 - PyQt6.uic.properties - DEBUG - setting property sizePolicy
2025-06-19 17:01:43,741 - PyQt6.uic.properties - DEBUG - setting property font
2025-06-19 17:01:43,741 - PyQt6.uic.properties - DEBUG - setting property text
2025-06-19 17:01:43,741 - PyQt6.uic.uiparser - DEBUG - push QLabel label_30
2025-06-19 17:01:43,741 - PyQt6.uic.uiparser - DEBUG - pop widget QLabel label_30
2025-06-19 17:01:43,741 - PyQt6.uic.uiparser - DEBUG - new topwidget <PyQt6.QtWidgets.QGroupBox object at 0x0000025BE7C7A710>
2025-06-19 17:01:43,741 - PyQt6.uic.properties - DEBUG - setting property enabled
2025-06-19 17:01:43,741 - PyQt6.uic.properties - DEBUG - setting property geometry
2025-06-19 17:01:43,741 - PyQt6.uic.properties - DEBUG - setting property sizePolicy
2025-06-19 17:01:43,741 - PyQt6.uic.properties - DEBUG - setting property minimumSize
2025-06-19 17:01:43,741 - PyQt6.uic.properties - DEBUG - setting property font
2025-06-19 17:01:43,741 - PyQt6.uic.properties - DEBUG - setting property focusPolicy
2025-06-19 17:01:43,741 - PyQt6.uic.uiparser - DEBUG - push QComboBox datasize_3
2025-06-19 17:01:43,742 - PyQt6.uic.uiparser - DEBUG - pop widget QComboBox datasize_3
2025-06-19 17:01:43,742 - PyQt6.uic.uiparser - DEBUG - new topwidget <PyQt6.QtWidgets.QGroupBox object at 0x0000025BE7C7A710>
2025-06-19 17:01:43,742 - PyQt6.uic.properties - DEBUG - setting property geometry
2025-06-19 17:01:43,742 - PyQt6.uic.properties - DEBUG - setting property sizePolicy
2025-06-19 17:01:43,742 - PyQt6.uic.properties - DEBUG - setting property font
2025-06-19 17:01:43,742 - PyQt6.uic.properties - DEBUG - setting property text
2025-06-19 17:01:43,742 - PyQt6.uic.uiparser - DEBUG - push QLabel label_33
2025-06-19 17:01:43,742 - PyQt6.uic.uiparser - DEBUG - pop widget QLabel label_33
2025-06-19 17:01:43,742 - PyQt6.uic.uiparser - DEBUG - new topwidget <PyQt6.QtWidgets.QGroupBox object at 0x0000025BE7C7A710>
2025-06-19 17:01:43,742 - PyQt6.uic.uiparser - DEBUG - pop widget QGroupBox groupBox_6
2025-06-19 17:01:43,742 - PyQt6.uic.uiparser - DEBUG - new topwidget <PyQt6.QtWidgets.QGroupBox object at 0x0000025BE7C79D80>
2025-06-19 17:01:43,742 - PyQt6.uic.properties - DEBUG - setting property geometry
2025-06-19 17:01:43,742 - PyQt6.uic.properties - DEBUG - setting property sizePolicy
2025-06-19 17:01:43,742 - PyQt6.uic.properties - DEBUG - setting property font
2025-06-19 17:01:43,742 - PyQt6.uic.properties - DEBUG - setting property focusPolicy
2025-06-19 17:01:43,742 - PyQt6.uic.properties - DEBUG - setting property alignment
2025-06-19 17:01:43,742 - PyQt6.uic.uiparser - DEBUG - push QSpinBox Master
2025-06-19 17:01:43,742 - PyQt6.uic.uiparser - DEBUG - pop widget QSpinBox Master
2025-06-19 17:01:43,742 - PyQt6.uic.uiparser - DEBUG - new topwidget <PyQt6.QtWidgets.QGroupBox object at 0x0000025BE7C79D80>
2025-06-19 17:01:43,742 - PyQt6.uic.properties - DEBUG - setting property geometry
2025-06-19 17:01:43,742 - PyQt6.uic.properties - DEBUG - setting property sizePolicy
2025-06-19 17:01:43,742 - PyQt6.uic.properties - DEBUG - setting property font
2025-06-19 17:01:43,742 - PyQt6.uic.properties - DEBUG - setting property focusPolicy
2025-06-19 17:01:43,743 - PyQt6.uic.properties - DEBUG - setting property alignment
2025-06-19 17:01:43,743 - PyQt6.uic.uiparser - DEBUG - push QSpinBox Slave
2025-06-19 17:01:43,743 - PyQt6.uic.uiparser - DEBUG - pop widget QSpinBox Slave
2025-06-19 17:01:43,743 - PyQt6.uic.uiparser - DEBUG - new topwidget <PyQt6.QtWidgets.QGroupBox object at 0x0000025BE7C79D80>
2025-06-19 17:01:43,743 - PyQt6.uic.properties - DEBUG - setting property geometry
2025-06-19 17:01:43,743 - PyQt6.uic.properties - DEBUG - setting property font
2025-06-19 17:01:43,743 - PyQt6.uic.properties - DEBUG - setting property title
2025-06-19 17:01:43,743 - PyQt6.uic.uiparser - DEBUG - push QGroupBox groupBox_3
2025-06-19 17:01:43,743 - PyQt6.uic.properties - DEBUG - setting property geometry
2025-06-19 17:01:43,743 - PyQt6.uic.properties - DEBUG - setting property sizePolicy
2025-06-19 17:01:43,743 - PyQt6.uic.properties - DEBUG - setting property font
2025-06-19 17:01:43,743 - PyQt6.uic.properties - DEBUG - setting property text
2025-06-19 17:01:43,743 - PyQt6.uic.uiparser - DEBUG - push QLabel label_28
2025-06-19 17:01:43,743 - PyQt6.uic.uiparser - DEBUG - pop widget QLabel label_28
2025-06-19 17:01:43,743 - PyQt6.uic.uiparser - DEBUG - new topwidget <PyQt6.QtWidgets.QGroupBox object at 0x0000025BE7C7ADD0>
2025-06-19 17:01:43,743 - PyQt6.uic.properties - DEBUG - setting property geometry
2025-06-19 17:01:43,743 - PyQt6.uic.properties - DEBUG - setting property sizePolicy
2025-06-19 17:01:43,743 - PyQt6.uic.properties - DEBUG - setting property font
2025-06-19 17:01:43,743 - PyQt6.uic.properties - DEBUG - setting property text
2025-06-19 17:01:43,743 - PyQt6.uic.uiparser - DEBUG - push QLabel label_31
2025-06-19 17:01:43,743 - PyQt6.uic.uiparser - DEBUG - pop widget QLabel label_31
2025-06-19 17:01:43,743 - PyQt6.uic.uiparser - DEBUG - new topwidget <PyQt6.QtWidgets.QGroupBox object at 0x0000025BE7C7ADD0>
2025-06-19 17:01:43,743 - PyQt6.uic.properties - DEBUG - setting property geometry
2025-06-19 17:01:43,743 - PyQt6.uic.properties - DEBUG - setting property sizePolicy
2025-06-19 17:01:43,743 - PyQt6.uic.properties - DEBUG - setting property font
2025-06-19 17:01:43,745 - PyQt6.uic.properties - DEBUG - setting property focusPolicy
2025-06-19 17:01:43,745 - PyQt6.uic.uiparser - DEBUG - push QComboBox ecstatemachine_mode
2025-06-19 17:01:43,745 - PyQt6.uic.uiparser - DEBUG - pop widget QComboBox ecstatemachine_mode
2025-06-19 17:01:43,745 - PyQt6.uic.uiparser - DEBUG - new topwidget <PyQt6.QtWidgets.QGroupBox object at 0x0000025BE7C7ADD0>
2025-06-19 17:01:43,745 - PyQt6.uic.properties - DEBUG - setting property geometry
2025-06-19 17:01:43,745 - PyQt6.uic.properties - DEBUG - setting property sizePolicy
2025-06-19 17:01:43,745 - PyQt6.uic.properties - DEBUG - setting property font
2025-06-19 17:01:43,745 - PyQt6.uic.properties - DEBUG - setting property focusPolicy
2025-06-19 17:01:43,745 - PyQt6.uic.properties - DEBUG - setting property styleSheet
2025-06-19 17:01:43,745 - PyQt6.uic.properties - DEBUG - setting property text
2025-06-19 17:01:43,745 - PyQt6.uic.uiparser - DEBUG - push QPushButton ecstatemachine
2025-06-19 17:01:43,745 - PyQt6.uic.uiparser - DEBUG - pop widget QPushButton ecstatemachine
2025-06-19 17:01:43,745 - PyQt6.uic.uiparser - DEBUG - new topwidget <PyQt6.QtWidgets.QGroupBox object at 0x0000025BE7C7ADD0>
2025-06-19 17:01:43,745 - PyQt6.uic.properties - DEBUG - setting property geometry
2025-06-19 17:01:43,745 - PyQt6.uic.properties - DEBUG - setting property sizePolicy
2025-06-19 17:01:43,745 - PyQt6.uic.properties - DEBUG - setting property minimumSize
2025-06-19 17:01:43,745 - PyQt6.uic.properties - DEBUG - setting property font
2025-06-19 17:01:43,745 - PyQt6.uic.properties - DEBUG - setting property focusPolicy
2025-06-19 17:01:43,745 - PyQt6.uic.properties - DEBUG - setting property text
2025-06-19 17:01:43,745 - PyQt6.uic.properties - DEBUG - setting property alignment
2025-06-19 17:01:43,745 - PyQt6.uic.uiparser - DEBUG - push QLineEdit ecstatemachine_timeout
2025-06-19 17:01:43,745 - PyQt6.uic.uiparser - DEBUG - pop widget QLineEdit ecstatemachine_timeout
2025-06-19 17:01:43,745 - PyQt6.uic.uiparser - DEBUG - new topwidget <PyQt6.QtWidgets.QGroupBox object at 0x0000025BE7C7ADD0>
2025-06-19 17:01:43,745 - PyQt6.uic.properties - DEBUG - setting property geometry
2025-06-19 17:01:43,745 - PyQt6.uic.properties - DEBUG - setting property sizePolicy
2025-06-19 17:01:43,745 - PyQt6.uic.properties - DEBUG - setting property font
2025-06-19 17:01:43,745 - PyQt6.uic.properties - DEBUG - setting property text
2025-06-19 17:01:43,745 - PyQt6.uic.uiparser - DEBUG - push QLabel label_32
2025-06-19 17:01:43,745 - PyQt6.uic.uiparser - DEBUG - pop widget QLabel label_32
2025-06-19 17:01:43,745 - PyQt6.uic.uiparser - DEBUG - new topwidget <PyQt6.QtWidgets.QGroupBox object at 0x0000025BE7C7ADD0>
2025-06-19 17:01:43,745 - PyQt6.uic.properties - DEBUG - setting property geometry
2025-06-19 17:01:43,745 - PyQt6.uic.properties - DEBUG - setting property sizePolicy
2025-06-19 17:01:43,745 - PyQt6.uic.properties - DEBUG - setting property font
2025-06-19 17:01:43,745 - PyQt6.uic.properties - DEBUG - setting property text
2025-06-19 17:01:43,745 - PyQt6.uic.uiparser - DEBUG - push QLabel label_34
2025-06-19 17:01:43,745 - PyQt6.uic.uiparser - DEBUG - pop widget QLabel label_34
2025-06-19 17:01:43,745 - PyQt6.uic.uiparser - DEBUG - new topwidget <PyQt6.QtWidgets.QGroupBox object at 0x0000025BE7C7ADD0>
2025-06-19 17:01:43,745 - PyQt6.uic.properties - DEBUG - setting property geometry
2025-06-19 17:01:43,745 - PyQt6.uic.properties - DEBUG - setting property sizePolicy
2025-06-19 17:01:43,745 - PyQt6.uic.properties - DEBUG - setting property font
2025-06-19 17:01:43,745 - PyQt6.uic.properties - DEBUG - setting property text
2025-06-19 17:01:43,745 - PyQt6.uic.uiparser - DEBUG - push QLabel label_35
2025-06-19 17:01:43,745 - PyQt6.uic.uiparser - DEBUG - pop widget QLabel label_35
2025-06-19 17:01:43,745 - PyQt6.uic.uiparser - DEBUG - new topwidget <PyQt6.QtWidgets.QGroupBox object at 0x0000025BE7C7ADD0>
2025-06-19 17:01:43,747 - PyQt6.uic.properties - DEBUG - setting property geometry
2025-06-19 17:01:43,747 - PyQt6.uic.properties - DEBUG - setting property sizePolicy
2025-06-19 17:01:43,747 - PyQt6.uic.properties - DEBUG - setting property font
2025-06-19 17:01:43,747 - PyQt6.uic.properties - DEBUG - setting property focusPolicy
2025-06-19 17:01:43,747 - PyQt6.uic.properties - DEBUG - setting property styleSheet
2025-06-19 17:01:43,747 - PyQt6.uic.properties - DEBUG - setting property text
2025-06-19 17:01:43,747 - PyQt6.uic.uiparser - DEBUG - push QPushButton ecstatemachine_2
2025-06-19 17:01:43,747 - PyQt6.uic.uiparser - DEBUG - pop widget QPushButton ecstatemachine_2
2025-06-19 17:01:43,747 - PyQt6.uic.uiparser - DEBUG - new topwidget <PyQt6.QtWidgets.QGroupBox object at 0x0000025BE7C7ADD0>
2025-06-19 17:01:43,747 - PyQt6.uic.properties - DEBUG - setting property geometry
2025-06-19 17:01:43,747 - PyQt6.uic.properties - DEBUG - setting property sizePolicy
2025-06-19 17:01:43,747 - PyQt6.uic.properties - DEBUG - setting property minimumSize
2025-06-19 17:01:43,747 - PyQt6.uic.properties - DEBUG - setting property font
2025-06-19 17:01:43,747 - PyQt6.uic.properties - DEBUG - setting property focusPolicy
2025-06-19 17:01:43,747 - PyQt6.uic.properties - DEBUG - setting property alignment
2025-06-19 17:01:43,747 - PyQt6.uic.uiparser - DEBUG - push QSpinBox ecstatemachine_master
2025-06-19 17:01:43,747 - PyQt6.uic.uiparser - DEBUG - pop widget QSpinBox ecstatemachine_master
2025-06-19 17:01:43,747 - PyQt6.uic.uiparser - DEBUG - new topwidget <PyQt6.QtWidgets.QGroupBox object at 0x0000025BE7C7ADD0>
2025-06-19 17:01:43,747 - PyQt6.uic.properties - DEBUG - setting property geometry
2025-06-19 17:01:43,747 - PyQt6.uic.properties - DEBUG - setting property sizePolicy
2025-06-19 17:01:43,747 - PyQt6.uic.properties - DEBUG - setting property minimumSize
2025-06-19 17:01:43,747 - PyQt6.uic.properties - DEBUG - setting property font
2025-06-19 17:01:43,747 - PyQt6.uic.properties - DEBUG - setting property focusPolicy
2025-06-19 17:01:43,747 - PyQt6.uic.properties - DEBUG - setting property alignment
2025-06-19 17:01:43,747 - PyQt6.uic.uiparser - DEBUG - push QSpinBox ecstatemachine_slave
2025-06-19 17:01:43,747 - PyQt6.uic.uiparser - DEBUG - pop widget QSpinBox ecstatemachine_slave
2025-06-19 17:01:43,747 - PyQt6.uic.uiparser - DEBUG - new topwidget <PyQt6.QtWidgets.QGroupBox object at 0x0000025BE7C7ADD0>
2025-06-19 17:01:43,747 - PyQt6.uic.properties - DEBUG - setting property geometry
2025-06-19 17:01:43,747 - PyQt6.uic.properties - DEBUG - setting property sizePolicy
2025-06-19 17:01:43,747 - PyQt6.uic.properties - DEBUG - setting property font
2025-06-19 17:01:43,747 - PyQt6.uic.properties - DEBUG - setting property text
2025-06-19 17:01:43,747 - PyQt6.uic.uiparser - DEBUG - push QLabel Time_11
2025-06-19 17:01:43,747 - PyQt6.uic.uiparser - DEBUG - pop widget QLabel Time_11
2025-06-19 17:01:43,747 - PyQt6.uic.uiparser - DEBUG - new topwidget <PyQt6.QtWidgets.QGroupBox object at 0x0000025BE7C7ADD0>
2025-06-19 17:01:43,747 - PyQt6.uic.properties - DEBUG - setting property geometry
2025-06-19 17:01:43,747 - PyQt6.uic.properties - DEBUG - setting property readOnly
2025-06-19 17:01:43,747 - PyQt6.uic.uiparser - DEBUG - push QLineEdit ecstatemachine_response
2025-06-19 17:01:43,747 - PyQt6.uic.uiparser - DEBUG - pop widget QLineEdit ecstatemachine_response
2025-06-19 17:01:43,747 - PyQt6.uic.uiparser - DEBUG - new topwidget <PyQt6.QtWidgets.QGroupBox object at 0x0000025BE7C7ADD0>
2025-06-19 17:01:43,747 - PyQt6.uic.uiparser - DEBUG - pop widget QGroupBox groupBox_3
2025-06-19 17:01:43,747 - PyQt6.uic.uiparser - DEBUG - new topwidget <PyQt6.QtWidgets.QGroupBox object at 0x0000025BE7C79D80>
2025-06-19 17:01:43,747 - PyQt6.uic.properties - DEBUG - setting property geometry
2025-06-19 17:01:43,747 - PyQt6.uic.properties - DEBUG - setting property font
2025-06-19 17:01:43,748 - PyQt6.uic.properties - DEBUG - setting property focusPolicy
2025-06-19 17:01:43,748 - PyQt6.uic.properties - DEBUG - setting property title
2025-06-19 17:01:43,748 - PyQt6.uic.uiparser - DEBUG - push QGroupBox groupBox_12
2025-06-19 17:01:43,748 - PyQt6.uic.properties - DEBUG - setting property geometry
2025-06-19 17:01:43,748 - PyQt6.uic.properties - DEBUG - setting property sizePolicy
2025-06-19 17:01:43,748 - PyQt6.uic.properties - DEBUG - setting property font
2025-06-19 17:01:43,748 - PyQt6.uic.properties - DEBUG - setting property text
2025-06-19 17:01:43,748 - PyQt6.uic.uiparser - DEBUG - push QLabel label_43
2025-06-19 17:01:43,748 - PyQt6.uic.uiparser - DEBUG - pop widget QLabel label_43
2025-06-19 17:01:43,748 - PyQt6.uic.uiparser - DEBUG - new topwidget <PyQt6.QtWidgets.QGroupBox object at 0x0000025BE7C7B5B0>
2025-06-19 17:01:43,748 - PyQt6.uic.properties - DEBUG - setting property geometry
2025-06-19 17:01:43,748 - PyQt6.uic.properties - DEBUG - setting property sizePolicy
2025-06-19 17:01:43,748 - PyQt6.uic.properties - DEBUG - setting property font
2025-06-19 17:01:43,748 - PyQt6.uic.properties - DEBUG - setting property text
2025-06-19 17:01:43,748 - PyQt6.uic.uiparser - DEBUG - push QLabel label_44
2025-06-19 17:01:43,748 - PyQt6.uic.uiparser - DEBUG - pop widget QLabel label_44
2025-06-19 17:01:43,748 - PyQt6.uic.uiparser - DEBUG - new topwidget <PyQt6.QtWidgets.QGroupBox object at 0x0000025BE7C7B5B0>
2025-06-19 17:01:43,748 - PyQt6.uic.properties - DEBUG - setting property geometry
2025-06-19 17:01:43,748 - PyQt6.uic.properties - DEBUG - setting property sizePolicy
2025-06-19 17:01:43,748 - PyQt6.uic.properties - DEBUG - setting property font
2025-06-19 17:01:43,748 - PyQt6.uic.properties - DEBUG - setting property focusPolicy
2025-06-19 17:01:43,748 - PyQt6.uic.properties - DEBUG - setting property styleSheet
2025-06-19 17:01:43,748 - PyQt6.uic.properties - DEBUG - setting property text
2025-06-19 17:01:43,748 - PyQt6.uic.uiparser - DEBUG - push QPushButton set_ID
2025-06-19 17:01:43,748 - PyQt6.uic.uiparser - DEBUG - pop widget QPushButton set_ID
2025-06-19 17:01:43,748 - PyQt6.uic.uiparser - DEBUG - new topwidget <PyQt6.QtWidgets.QGroupBox object at 0x0000025BE7C7B5B0>
2025-06-19 17:01:43,749 - PyQt6.uic.properties - DEBUG - setting property geometry
2025-06-19 17:01:43,749 - PyQt6.uic.properties - DEBUG - setting property sizePolicy
2025-06-19 17:01:43,749 - PyQt6.uic.properties - DEBUG - setting property font
2025-06-19 17:01:43,749 - PyQt6.uic.properties - DEBUG - setting property text
2025-06-19 17:01:43,749 - PyQt6.uic.uiparser - DEBUG - push QLabel label_45
2025-06-19 17:01:43,749 - PyQt6.uic.uiparser - DEBUG - pop widget QLabel label_45
2025-06-19 17:01:43,749 - PyQt6.uic.uiparser - DEBUG - new topwidget <PyQt6.QtWidgets.QGroupBox object at 0x0000025BE7C7B5B0>
2025-06-19 17:01:43,749 - PyQt6.uic.properties - DEBUG - setting property geometry
2025-06-19 17:01:43,749 - PyQt6.uic.properties - DEBUG - setting property sizePolicy
2025-06-19 17:01:43,749 - PyQt6.uic.properties - DEBUG - setting property font
2025-06-19 17:01:43,749 - PyQt6.uic.properties - DEBUG - setting property text
2025-06-19 17:01:43,749 - PyQt6.uic.uiparser - DEBUG - push QLabel label_47
2025-06-19 17:01:43,749 - PyQt6.uic.uiparser - DEBUG - pop widget QLabel label_47
2025-06-19 17:01:43,749 - PyQt6.uic.uiparser - DEBUG - new topwidget <PyQt6.QtWidgets.QGroupBox object at 0x0000025BE7C7B5B0>
2025-06-19 17:01:43,749 - PyQt6.uic.properties - DEBUG - setting property geometry
2025-06-19 17:01:43,749 - PyQt6.uic.properties - DEBUG - setting property sizePolicy
2025-06-19 17:01:43,749 - PyQt6.uic.properties - DEBUG - setting property font
2025-06-19 17:01:43,749 - PyQt6.uic.properties - DEBUG - setting property focusPolicy
2025-06-19 17:01:43,749 - PyQt6.uic.properties - DEBUG - setting property styleSheet
2025-06-19 17:01:43,749 - PyQt6.uic.properties - DEBUG - setting property text
2025-06-19 17:01:43,749 - PyQt6.uic.uiparser - DEBUG - push QPushButton get_ID
2025-06-19 17:01:43,749 - PyQt6.uic.uiparser - DEBUG - pop widget QPushButton get_ID
2025-06-19 17:01:43,749 - PyQt6.uic.uiparser - DEBUG - new topwidget <PyQt6.QtWidgets.QGroupBox object at 0x0000025BE7C7B5B0>
2025-06-19 17:01:43,749 - PyQt6.uic.properties - DEBUG - setting property geometry
2025-06-19 17:01:43,749 - PyQt6.uic.properties - DEBUG - setting property sizePolicy
2025-06-19 17:01:43,749 - PyQt6.uic.properties - DEBUG - setting property minimumSize
2025-06-19 17:01:43,749 - PyQt6.uic.properties - DEBUG - setting property font
2025-06-19 17:01:43,751 - PyQt6.uic.properties - DEBUG - setting property focusPolicy
2025-06-19 17:01:43,751 - PyQt6.uic.properties - DEBUG - setting property alignment
2025-06-19 17:01:43,751 - PyQt6.uic.uiparser - DEBUG - push QSpinBox set_slaveID_master
2025-06-19 17:01:43,751 - PyQt6.uic.uiparser - DEBUG - pop widget QSpinBox set_slaveID_master
2025-06-19 17:01:43,751 - PyQt6.uic.uiparser - DEBUG - new topwidget <PyQt6.QtWidgets.QGroupBox object at 0x0000025BE7C7B5B0>
2025-06-19 17:01:43,751 - PyQt6.uic.properties - DEBUG - setting property geometry
2025-06-19 17:01:43,751 - PyQt6.uic.properties - DEBUG - setting property sizePolicy
2025-06-19 17:01:43,751 - PyQt6.uic.properties - DEBUG - setting property minimumSize
2025-06-19 17:01:43,751 - PyQt6.uic.properties - DEBUG - setting property font
2025-06-19 17:01:43,751 - PyQt6.uic.properties - DEBUG - setting property focusPolicy
2025-06-19 17:01:43,751 - PyQt6.uic.properties - DEBUG - setting property alignment
2025-06-19 17:01:43,751 - PyQt6.uic.uiparser - DEBUG - push QSpinBox set_slaveID_slave
2025-06-19 17:01:43,751 - PyQt6.uic.uiparser - DEBUG - pop widget QSpinBox set_slaveID_slave
2025-06-19 17:01:43,751 - PyQt6.uic.uiparser - DEBUG - new topwidget <PyQt6.QtWidgets.QGroupBox object at 0x0000025BE7C7B5B0>
2025-06-19 17:01:43,751 - PyQt6.uic.properties - DEBUG - setting property geometry
2025-06-19 17:01:43,751 - PyQt6.uic.properties - DEBUG - setting property minimumSize
2025-06-19 17:01:43,751 - PyQt6.uic.properties - DEBUG - setting property font
2025-06-19 17:01:43,751 - PyQt6.uic.properties - DEBUG - setting property focusPolicy
2025-06-19 17:01:43,751 - PyQt6.uic.properties - DEBUG - setting property alignment
2025-06-19 17:01:43,751 - PyQt6.uic.uiparser - DEBUG - push QSpinBox set_slaveID_setID
2025-06-19 17:01:43,751 - PyQt6.uic.uiparser - DEBUG - pop widget QSpinBox set_slaveID_setID
2025-06-19 17:01:43,751 - PyQt6.uic.uiparser - DEBUG - new topwidget <PyQt6.QtWidgets.QGroupBox object at 0x0000025BE7C7B5B0>
2025-06-19 17:01:43,751 - PyQt6.uic.properties - DEBUG - setting property geometry
2025-06-19 17:01:43,751 - PyQt6.uic.properties - DEBUG - setting property readOnly
2025-06-19 17:01:43,752 - PyQt6.uic.uiparser - DEBUG - push QLineEdit SetID_response
2025-06-19 17:01:43,752 - PyQt6.uic.uiparser - DEBUG - pop widget QLineEdit SetID_response
2025-06-19 17:01:43,752 - PyQt6.uic.uiparser - DEBUG - new topwidget <PyQt6.QtWidgets.QGroupBox object at 0x0000025BE7C7B5B0>
2025-06-19 17:01:43,752 - PyQt6.uic.uiparser - DEBUG - pop widget QGroupBox groupBox_12
2025-06-19 17:01:43,752 - PyQt6.uic.uiparser - DEBUG - new topwidget <PyQt6.QtWidgets.QGroupBox object at 0x0000025BE7C79D80>
2025-06-19 17:01:43,752 - PyQt6.uic.properties - DEBUG - setting property geometry
2025-06-19 17:01:43,752 - PyQt6.uic.properties - DEBUG - setting property readOnly
2025-06-19 17:01:43,752 - PyQt6.uic.uiparser - DEBUG - push QLineEdit SDOval
2025-06-19 17:01:43,752 - PyQt6.uic.uiparser - DEBUG - pop widget QLineEdit SDOval
2025-06-19 17:01:43,752 - PyQt6.uic.uiparser - DEBUG - new topwidget <PyQt6.QtWidgets.QGroupBox object at 0x0000025BE7C79D80>
2025-06-19 17:01:43,752 - PyQt6.uic.properties - DEBUG - setting property geometry
2025-06-19 17:01:43,752 - PyQt6.uic.properties - DEBUG - setting property readOnly
2025-06-19 17:01:43,752 - PyQt6.uic.uiparser - DEBUG - push QLineEdit ESCval
2025-06-19 17:01:43,752 - PyQt6.uic.uiparser - DEBUG - pop widget QLineEdit ESCval
2025-06-19 17:01:43,752 - PyQt6.uic.uiparser - DEBUG - new topwidget <PyQt6.QtWidgets.QGroupBox object at 0x0000025BE7C79D80>
2025-06-19 17:01:43,752 - PyQt6.uic.uiparser - DEBUG - pop widget QGroupBox groupBox_7
2025-06-19 17:01:43,752 - PyQt6.uic.uiparser - DEBUG - new topwidget <PyQt6.QtWidgets.QWidget object at 0x0000025BE7C79CF0>
2025-06-19 17:01:43,752 - PyQt6.uic.uiparser - DEBUG - pop widget QWidget tab_13
2025-06-19 17:01:43,752 - PyQt6.uic.uiparser - DEBUG - new topwidget <PyQt6.QtWidgets.QTabWidget object at 0x0000025BE77351B0>
2025-06-19 17:01:43,752 - PyQt6.uic.uiparser - DEBUG - push QWidget tab_9
2025-06-19 17:01:43,752 - PyQt6.uic.properties - DEBUG - setting property geometry
2025-06-19 17:01:43,752 - PyQt6.uic.properties - DEBUG - setting property font
2025-06-19 17:01:43,752 - PyQt6.uic.properties - DEBUG - setting property title
2025-06-19 17:01:43,752 - PyQt6.uic.properties - DEBUG - setting property alignment
2025-06-19 17:01:43,752 - PyQt6.uic.properties - DEBUG - setting property flat
2025-06-19 17:01:43,752 - PyQt6.uic.properties - DEBUG - setting property checkable
2025-06-19 17:01:43,752 - PyQt6.uic.uiparser - DEBUG - push QGroupBox groupBox_10
2025-06-19 17:01:43,752 - PyQt6.uic.properties - DEBUG - setting property geometry
2025-06-19 17:01:43,752 - PyQt6.uic.uiparser - DEBUG - push QWidget verticalLayoutWidget_3
2025-06-19 17:01:43,752 - PyQt6.uic.properties - DEBUG - setting property spacing
2025-06-19 17:01:43,752 - PyQt6.uic.properties - DEBUG - setting property sizeConstraint
2025-06-19 17:01:43,752 - PyQt6.uic.properties - DEBUG - setting property pyuicMargins
2025-06-19 17:01:43,752 - PyQt6.uic.properties - DEBUG - setting property pyuicSpacing
2025-06-19 17:01:43,752 - PyQt6.uic.uiparser - DEBUG - push QVBoxLayout verticalLayout_3
2025-06-19 17:01:43,752 - PyQt6.uic.properties - DEBUG - setting property sizePolicy
2025-06-19 17:01:43,753 - PyQt6.uic.properties - DEBUG - setting property font
2025-06-19 17:01:43,753 - PyQt6.uic.properties - DEBUG - setting property currentText
2025-06-19 17:01:43,753 - PyQt6.uic.uiparser - DEBUG - push QComboBox userSDO
2025-06-19 17:01:43,753 - PyQt6.uic.uiparser - DEBUG - pop widget QComboBox userSDO
2025-06-19 17:01:43,753 - PyQt6.uic.uiparser - DEBUG - new topwidget <PyQt6.QtWidgets.QWidget object at 0x0000025BE7C7BE20>
2025-06-19 17:01:43,753 - PyQt6.uic.properties - DEBUG - setting property sizePolicy
2025-06-19 17:01:43,753 - PyQt6.uic.properties - DEBUG - setting property font
2025-06-19 17:01:43,753 - PyQt6.uic.uiparser - DEBUG - push QComboBox userSDO_2
2025-06-19 17:01:43,753 - PyQt6.uic.uiparser - DEBUG - pop widget QComboBox userSDO_2
2025-06-19 17:01:43,753 - PyQt6.uic.uiparser - DEBUG - new topwidget <PyQt6.QtWidgets.QWidget object at 0x0000025BE7C7BE20>
2025-06-19 17:01:43,753 - PyQt6.uic.properties - DEBUG - setting property sizePolicy
2025-06-19 17:01:43,753 - PyQt6.uic.properties - DEBUG - setting property font
2025-06-19 17:01:43,754 - PyQt6.uic.uiparser - DEBUG - push QComboBox userSDO_3
2025-06-19 17:01:43,754 - PyQt6.uic.uiparser - DEBUG - pop widget QComboBox userSDO_3
2025-06-19 17:01:43,754 - PyQt6.uic.uiparser - DEBUG - new topwidget <PyQt6.QtWidgets.QWidget object at 0x0000025BE7C7BE20>
2025-06-19 17:01:43,754 - PyQt6.uic.properties - DEBUG - setting property sizePolicy
2025-06-19 17:01:43,754 - PyQt6.uic.properties - DEBUG - setting property font
2025-06-19 17:01:43,754 - PyQt6.uic.uiparser - DEBUG - push QComboBox userSDO_4
2025-06-19 17:01:43,754 - PyQt6.uic.uiparser - DEBUG - pop widget QComboBox userSDO_4
2025-06-19 17:01:43,754 - PyQt6.uic.uiparser - DEBUG - new topwidget <PyQt6.QtWidgets.QWidget object at 0x0000025BE7C7BE20>
2025-06-19 17:01:43,754 - PyQt6.uic.properties - DEBUG - setting property sizePolicy
2025-06-19 17:01:43,754 - PyQt6.uic.properties - DEBUG - setting property font
2025-06-19 17:01:43,754 - PyQt6.uic.uiparser - DEBUG - push QComboBox userSDO_5
2025-06-19 17:01:43,754 - PyQt6.uic.uiparser - DEBUG - pop widget QComboBox userSDO_5
2025-06-19 17:01:43,754 - PyQt6.uic.uiparser - DEBUG - new topwidget <PyQt6.QtWidgets.QWidget object at 0x0000025BE7C7BE20>
2025-06-19 17:01:43,755 - PyQt6.uic.properties - DEBUG - setting property sizePolicy
2025-06-19 17:01:43,755 - PyQt6.uic.properties - DEBUG - setting property font
2025-06-19 17:01:43,755 - PyQt6.uic.uiparser - DEBUG - push QComboBox userSDO_6
2025-06-19 17:01:43,755 - PyQt6.uic.uiparser - DEBUG - pop widget QComboBox userSDO_6
2025-06-19 17:01:43,755 - PyQt6.uic.uiparser - DEBUG - new topwidget <PyQt6.QtWidgets.QWidget object at 0x0000025BE7C7BE20>
2025-06-19 17:01:43,755 - PyQt6.uic.uiparser - DEBUG - pop layout QVBoxLayout verticalLayout_3
2025-06-19 17:01:43,755 - PyQt6.uic.uiparser - DEBUG - pop widget QWidget verticalLayoutWidget_3
2025-06-19 17:01:43,755 - PyQt6.uic.uiparser - DEBUG - new topwidget <PyQt6.QtWidgets.QGroupBox object at 0x0000025BE7C7BD90>
2025-06-19 17:01:43,755 - PyQt6.uic.properties - DEBUG - setting property geometry
2025-06-19 17:01:43,755 - PyQt6.uic.uiparser - DEBUG - push QWidget verticalLayoutWidget_4
2025-06-19 17:01:43,755 - PyQt6.uic.properties - DEBUG - setting property spacing
2025-06-19 17:01:43,755 - PyQt6.uic.properties - DEBUG - setting property sizeConstraint
2025-06-19 17:01:43,755 - PyQt6.uic.properties - DEBUG - setting property pyuicMargins
2025-06-19 17:01:43,755 - PyQt6.uic.properties - DEBUG - setting property pyuicSpacing
2025-06-19 17:01:43,755 - PyQt6.uic.uiparser - DEBUG - push QVBoxLayout verticalLayout_4
2025-06-19 17:01:43,755 - PyQt6.uic.properties - DEBUG - setting property sizePolicy
2025-06-19 17:01:43,755 - PyQt6.uic.properties - DEBUG - setting property font
2025-06-19 17:01:43,755 - PyQt6.uic.properties - DEBUG - setting property alignment
2025-06-19 17:01:43,755 - PyQt6.uic.uiparser - DEBUG - push QSpinBox Slave_0
2025-06-19 17:01:43,755 - PyQt6.uic.uiparser - DEBUG - pop widget QSpinBox Slave_0
2025-06-19 17:01:43,757 - PyQt6.uic.uiparser - DEBUG - new topwidget <PyQt6.QtWidgets.QWidget object at 0x0000025BE7C88310>
2025-06-19 17:01:43,757 - PyQt6.uic.properties - DEBUG - setting property sizePolicy
2025-06-19 17:01:43,757 - PyQt6.uic.properties - DEBUG - setting property font
2025-06-19 17:01:43,757 - PyQt6.uic.properties - DEBUG - setting property alignment
2025-06-19 17:01:43,757 - PyQt6.uic.properties - DEBUG - setting property value
2025-06-19 17:01:43,757 - PyQt6.uic.uiparser - DEBUG - push QSpinBox Slave_1
2025-06-19 17:01:43,757 - PyQt6.uic.uiparser - DEBUG - pop widget QSpinBox Slave_1
2025-06-19 17:01:43,757 - PyQt6.uic.uiparser - DEBUG - new topwidget <PyQt6.QtWidgets.QWidget object at 0x0000025BE7C88310>
2025-06-19 17:01:43,757 - PyQt6.uic.properties - DEBUG - setting property sizePolicy
2025-06-19 17:01:43,757 - PyQt6.uic.properties - DEBUG - setting property font
2025-06-19 17:01:43,757 - PyQt6.uic.properties - DEBUG - setting property alignment
2025-06-19 17:01:43,757 - PyQt6.uic.properties - DEBUG - setting property value
2025-06-19 17:01:43,757 - PyQt6.uic.uiparser - DEBUG - push QSpinBox Slave_2
2025-06-19 17:01:43,757 - PyQt6.uic.uiparser - DEBUG - pop widget QSpinBox Slave_2
2025-06-19 17:01:43,757 - PyQt6.uic.uiparser - DEBUG - new topwidget <PyQt6.QtWidgets.QWidget object at 0x0000025BE7C88310>
2025-06-19 17:01:43,757 - PyQt6.uic.properties - DEBUG - setting property sizePolicy
2025-06-19 17:01:43,757 - PyQt6.uic.properties - DEBUG - setting property font
2025-06-19 17:01:43,757 - PyQt6.uic.properties - DEBUG - setting property alignment
2025-06-19 17:01:43,757 - PyQt6.uic.properties - DEBUG - setting property value
2025-06-19 17:01:43,757 - PyQt6.uic.uiparser - DEBUG - push QSpinBox Slave_3
2025-06-19 17:01:43,757 - PyQt6.uic.uiparser - DEBUG - pop widget QSpinBox Slave_3
2025-06-19 17:01:43,757 - PyQt6.uic.uiparser - DEBUG - new topwidget <PyQt6.QtWidgets.QWidget object at 0x0000025BE7C88310>
2025-06-19 17:01:43,757 - PyQt6.uic.properties - DEBUG - setting property sizePolicy
2025-06-19 17:01:43,757 - PyQt6.uic.properties - DEBUG - setting property font
2025-06-19 17:01:43,757 - PyQt6.uic.properties - DEBUG - setting property alignment
2025-06-19 17:01:43,757 - PyQt6.uic.properties - DEBUG - setting property value
2025-06-19 17:01:43,757 - PyQt6.uic.uiparser - DEBUG - push QSpinBox Slave_4
2025-06-19 17:01:43,757 - PyQt6.uic.uiparser - DEBUG - pop widget QSpinBox Slave_4
2025-06-19 17:01:43,757 - PyQt6.uic.uiparser - DEBUG - new topwidget <PyQt6.QtWidgets.QWidget object at 0x0000025BE7C88310>
2025-06-19 17:01:43,757 - PyQt6.uic.properties - DEBUG - setting property sizePolicy
2025-06-19 17:01:43,757 - PyQt6.uic.properties - DEBUG - setting property font
2025-06-19 17:01:43,757 - PyQt6.uic.properties - DEBUG - setting property alignment
2025-06-19 17:01:43,758 - PyQt6.uic.properties - DEBUG - setting property value
2025-06-19 17:01:43,758 - PyQt6.uic.uiparser - DEBUG - push QSpinBox Slave_5
2025-06-19 17:01:43,758 - PyQt6.uic.uiparser - DEBUG - pop widget QSpinBox Slave_5
2025-06-19 17:01:43,758 - PyQt6.uic.uiparser - DEBUG - new topwidget <PyQt6.QtWidgets.QWidget object at 0x0000025BE7C88310>
2025-06-19 17:01:43,758 - PyQt6.uic.uiparser - DEBUG - pop layout QVBoxLayout verticalLayout_4
2025-06-19 17:01:43,758 - PyQt6.uic.uiparser - DEBUG - pop widget QWidget verticalLayoutWidget_4
2025-06-19 17:01:43,758 - PyQt6.uic.uiparser - DEBUG - new topwidget <PyQt6.QtWidgets.QGroupBox object at 0x0000025BE7C7BD90>
2025-06-19 17:01:43,758 - PyQt6.uic.properties - DEBUG - setting property geometry
2025-06-19 17:01:43,758 - PyQt6.uic.uiparser - DEBUG - push QWidget verticalLayoutWidget_5
2025-06-19 17:01:43,758 - PyQt6.uic.properties - DEBUG - setting property spacing
2025-06-19 17:01:43,758 - PyQt6.uic.properties - DEBUG - setting property sizeConstraint
2025-06-19 17:01:43,758 - PyQt6.uic.properties - DEBUG - setting property pyuicMargins
2025-06-19 17:01:43,758 - PyQt6.uic.properties - DEBUG - setting property pyuicSpacing
2025-06-19 17:01:43,758 - PyQt6.uic.uiparser - DEBUG - push QVBoxLayout verticalLayout_5
2025-06-19 17:01:43,758 - PyQt6.uic.properties - DEBUG - setting property sizePolicy
2025-06-19 17:01:43,758 - PyQt6.uic.properties - DEBUG - setting property font
2025-06-19 17:01:43,758 - PyQt6.uic.properties - DEBUG - setting property frameShape
2025-06-19 17:01:43,758 - PyQt6.uic.properties - DEBUG - setting property frameShadow
2025-06-19 17:01:43,758 - PyQt6.uic.properties - DEBUG - setting property text
2025-06-19 17:01:43,758 - PyQt6.uic.properties - DEBUG - setting property alignment
2025-06-19 17:01:43,758 - PyQt6.uic.uiparser - DEBUG - push QLabel coeprint
2025-06-19 17:01:43,758 - PyQt6.uic.uiparser - DEBUG - pop widget QLabel coeprint
2025-06-19 17:01:43,758 - PyQt6.uic.uiparser - DEBUG - new topwidget <PyQt6.QtWidgets.QWidget object at 0x0000025BE7C88790>
2025-06-19 17:01:43,759 - PyQt6.uic.properties - DEBUG - setting property sizePolicy
2025-06-19 17:01:43,759 - PyQt6.uic.properties - DEBUG - setting property font
2025-06-19 17:01:43,759 - PyQt6.uic.properties - DEBUG - setting property frameShape
2025-06-19 17:01:43,759 - PyQt6.uic.properties - DEBUG - setting property frameShadow
2025-06-19 17:01:43,759 - PyQt6.uic.properties - DEBUG - setting property text
2025-06-19 17:01:43,759 - PyQt6.uic.properties - DEBUG - setting property alignment
2025-06-19 17:01:43,759 - PyQt6.uic.uiparser - DEBUG - push QLabel coeprint_2
2025-06-19 17:01:43,759 - PyQt6.uic.uiparser - DEBUG - pop widget QLabel coeprint_2
2025-06-19 17:01:43,759 - PyQt6.uic.uiparser - DEBUG - new topwidget <PyQt6.QtWidgets.QWidget object at 0x0000025BE7C88790>
2025-06-19 17:01:43,759 - PyQt6.uic.properties - DEBUG - setting property sizePolicy
2025-06-19 17:01:43,759 - PyQt6.uic.properties - DEBUG - setting property font
2025-06-19 17:01:43,759 - PyQt6.uic.properties - DEBUG - setting property styleSheet
2025-06-19 17:01:43,759 - PyQt6.uic.properties - DEBUG - setting property frameShape
2025-06-19 17:01:43,759 - PyQt6.uic.properties - DEBUG - setting property frameShadow
2025-06-19 17:01:43,759 - PyQt6.uic.properties - DEBUG - setting property text
2025-06-19 17:01:43,759 - PyQt6.uic.properties - DEBUG - setting property alignment
2025-06-19 17:01:43,759 - PyQt6.uic.uiparser - DEBUG - push QLabel coeprint_3
2025-06-19 17:01:43,759 - PyQt6.uic.uiparser - DEBUG - pop widget QLabel coeprint_3
2025-06-19 17:01:43,759 - PyQt6.uic.uiparser - DEBUG - new topwidget <PyQt6.QtWidgets.QWidget object at 0x0000025BE7C88790>
2025-06-19 17:01:43,759 - PyQt6.uic.properties - DEBUG - setting property sizePolicy
2025-06-19 17:01:43,759 - PyQt6.uic.properties - DEBUG - setting property font
2025-06-19 17:01:43,759 - PyQt6.uic.properties - DEBUG - setting property styleSheet
2025-06-19 17:01:43,759 - PyQt6.uic.properties - DEBUG - setting property frameShape
2025-06-19 17:01:43,759 - PyQt6.uic.properties - DEBUG - setting property frameShadow
2025-06-19 17:01:43,759 - PyQt6.uic.properties - DEBUG - setting property text
2025-06-19 17:01:43,760 - PyQt6.uic.properties - DEBUG - setting property alignment
2025-06-19 17:01:43,760 - PyQt6.uic.uiparser - DEBUG - push QLabel coeprint_4
2025-06-19 17:01:43,760 - PyQt6.uic.uiparser - DEBUG - pop widget QLabel coeprint_4
2025-06-19 17:01:43,760 - PyQt6.uic.uiparser - DEBUG - new topwidget <PyQt6.QtWidgets.QWidget object at 0x0000025BE7C88790>
2025-06-19 17:01:43,760 - PyQt6.uic.properties - DEBUG - setting property sizePolicy
2025-06-19 17:01:43,760 - PyQt6.uic.properties - DEBUG - setting property font
2025-06-19 17:01:43,760 - PyQt6.uic.properties - DEBUG - setting property frameShape
2025-06-19 17:01:43,760 - PyQt6.uic.properties - DEBUG - setting property frameShadow
2025-06-19 17:01:43,760 - PyQt6.uic.properties - DEBUG - setting property text
2025-06-19 17:01:43,760 - PyQt6.uic.properties - DEBUG - setting property alignment
2025-06-19 17:01:43,760 - PyQt6.uic.uiparser - DEBUG - push QLabel coeprint_5
2025-06-19 17:01:43,760 - PyQt6.uic.uiparser - DEBUG - pop widget QLabel coeprint_5
2025-06-19 17:01:43,760 - PyQt6.uic.uiparser - DEBUG - new topwidget <PyQt6.QtWidgets.QWidget object at 0x0000025BE7C88790>
2025-06-19 17:01:43,760 - PyQt6.uic.properties - DEBUG - setting property sizePolicy
2025-06-19 17:01:43,760 - PyQt6.uic.properties - DEBUG - setting property font
2025-06-19 17:01:43,760 - PyQt6.uic.properties - DEBUG - setting property frameShape
2025-06-19 17:01:43,760 - PyQt6.uic.properties - DEBUG - setting property frameShadow
2025-06-19 17:01:43,760 - PyQt6.uic.properties - DEBUG - setting property text
2025-06-19 17:01:43,760 - PyQt6.uic.properties - DEBUG - setting property alignment
2025-06-19 17:01:43,760 - PyQt6.uic.uiparser - DEBUG - push QLabel coeprint_6
2025-06-19 17:01:43,760 - PyQt6.uic.uiparser - DEBUG - pop widget QLabel coeprint_6
2025-06-19 17:01:43,760 - PyQt6.uic.uiparser - DEBUG - new topwidget <PyQt6.QtWidgets.QWidget object at 0x0000025BE7C88790>
2025-06-19 17:01:43,760 - PyQt6.uic.uiparser - DEBUG - pop layout QVBoxLayout verticalLayout_5
2025-06-19 17:01:43,760 - PyQt6.uic.uiparser - DEBUG - pop widget QWidget verticalLayoutWidget_5
2025-06-19 17:01:43,760 - PyQt6.uic.uiparser - DEBUG - new topwidget <PyQt6.QtWidgets.QGroupBox object at 0x0000025BE7C7BD90>
2025-06-19 17:01:43,761 - PyQt6.uic.properties - DEBUG - setting property geometry
2025-06-19 17:01:43,761 - PyQt6.uic.properties - DEBUG - setting property sizePolicy
2025-06-19 17:01:43,761 - PyQt6.uic.properties - DEBUG - setting property font
2025-06-19 17:01:43,761 - PyQt6.uic.properties - DEBUG - setting property text
2025-06-19 17:01:43,761 - PyQt6.uic.uiparser - DEBUG - push QLabel label_37
2025-06-19 17:01:43,761 - PyQt6.uic.uiparser - DEBUG - pop widget QLabel label_37
2025-06-19 17:01:43,761 - PyQt6.uic.uiparser - DEBUG - new topwidget <PyQt6.QtWidgets.QGroupBox object at 0x0000025BE7C7BD90>
2025-06-19 17:01:43,761 - PyQt6.uic.properties - DEBUG - setting property geometry
2025-06-19 17:01:43,761 - PyQt6.uic.properties - DEBUG - setting property sizePolicy
2025-06-19 17:01:43,761 - PyQt6.uic.properties - DEBUG - setting property font
2025-06-19 17:01:43,761 - PyQt6.uic.uiparser - DEBUG - push QComboBox datatype_2
2025-06-19 17:01:43,761 - PyQt6.uic.uiparser - DEBUG - pop widget QComboBox datatype_2
2025-06-19 17:01:43,761 - PyQt6.uic.uiparser - DEBUG - new topwidget <PyQt6.QtWidgets.QGroupBox object at 0x0000025BE7C7BD90>
2025-06-19 17:01:43,761 - PyQt6.uic.properties - DEBUG - setting property geometry
2025-06-19 17:01:43,761 - PyQt6.uic.properties - DEBUG - setting property sizePolicy
2025-06-19 17:01:43,761 - PyQt6.uic.properties - DEBUG - setting property font
2025-06-19 17:01:43,761 - PyQt6.uic.properties - DEBUG - setting property focusPolicy
2025-06-19 17:01:43,761 - PyQt6.uic.properties - DEBUG - setting property toolTip
2025-06-19 17:01:43,762 - PyQt6.uic.properties - DEBUG - setting property statusTip
2025-06-19 17:01:43,762 - PyQt6.uic.properties - DEBUG - setting property styleSheet
2025-06-19 17:01:43,762 - PyQt6.uic.properties - DEBUG - setting property text
2025-06-19 17:01:43,762 - PyQt6.uic.properties - DEBUG - setting property checkable
2025-06-19 17:01:43,762 - PyQt6.uic.uiparser - DEBUG - push QPushButton coewrite
2025-06-19 17:01:43,762 - PyQt6.uic.uiparser - DEBUG - pop widget QPushButton coewrite
2025-06-19 17:01:43,762 - PyQt6.uic.uiparser - DEBUG - new topwidget <PyQt6.QtWidgets.QGroupBox object at 0x0000025BE7C7BD90>
2025-06-19 17:01:43,762 - PyQt6.uic.properties - DEBUG - setting property geometry
2025-06-19 17:01:43,762 - PyQt6.uic.properties - DEBUG - setting property sizePolicy
2025-06-19 17:01:43,762 - PyQt6.uic.properties - DEBUG - setting property font
2025-06-19 17:01:43,762 - PyQt6.uic.properties - DEBUG - setting property focusPolicy
2025-06-19 17:01:43,762 - PyQt6.uic.properties - DEBUG - setting property toolTip
2025-06-19 17:01:43,762 - PyQt6.uic.properties - DEBUG - setting property styleSheet
2025-06-19 17:01:43,762 - PyQt6.uic.properties - DEBUG - setting property text
2025-06-19 17:01:43,762 - PyQt6.uic.properties - DEBUG - setting property checkable
2025-06-19 17:01:43,762 - PyQt6.uic.uiparser - DEBUG - push QPushButton coewrite_2
2025-06-19 17:01:43,762 - PyQt6.uic.uiparser - DEBUG - pop widget QPushButton coewrite_2
2025-06-19 17:01:43,762 - PyQt6.uic.uiparser - DEBUG - new topwidget <PyQt6.QtWidgets.QGroupBox object at 0x0000025BE7C7BD90>
2025-06-19 17:01:43,762 - PyQt6.uic.properties - DEBUG - setting property geometry
2025-06-19 17:01:43,762 - PyQt6.uic.properties - DEBUG - setting property sizePolicy
2025-06-19 17:01:43,762 - PyQt6.uic.properties - DEBUG - setting property font
2025-06-19 17:01:43,762 - PyQt6.uic.properties - DEBUG - setting property focusPolicy
2025-06-19 17:01:43,762 - PyQt6.uic.properties - DEBUG - setting property toolTip
2025-06-19 17:01:43,762 - PyQt6.uic.properties - DEBUG - setting property styleSheet
2025-06-19 17:01:43,762 - PyQt6.uic.properties - DEBUG - setting property text
2025-06-19 17:01:43,762 - PyQt6.uic.properties - DEBUG - setting property checkable
2025-06-19 17:01:43,762 - PyQt6.uic.uiparser - DEBUG - push QPushButton coewrite_4
2025-06-19 17:01:43,763 - PyQt6.uic.uiparser - DEBUG - pop widget QPushButton coewrite_4
2025-06-19 17:01:43,763 - PyQt6.uic.uiparser - DEBUG - new topwidget <PyQt6.QtWidgets.QGroupBox object at 0x0000025BE7C7BD90>
2025-06-19 17:01:43,763 - PyQt6.uic.properties - DEBUG - setting property geometry
2025-06-19 17:01:43,763 - PyQt6.uic.properties - DEBUG - setting property sizePolicy
2025-06-19 17:01:43,763 - PyQt6.uic.properties - DEBUG - setting property font
2025-06-19 17:01:43,763 - PyQt6.uic.properties - DEBUG - setting property focusPolicy
2025-06-19 17:01:43,763 - PyQt6.uic.properties - DEBUG - setting property toolTip
2025-06-19 17:01:43,763 - PyQt6.uic.properties - DEBUG - setting property styleSheet
2025-06-19 17:01:43,763 - PyQt6.uic.properties - DEBUG - setting property text
2025-06-19 17:01:43,763 - PyQt6.uic.properties - DEBUG - setting property checkable
2025-06-19 17:01:43,763 - PyQt6.uic.uiparser - DEBUG - push QPushButton coewrite_3
2025-06-19 17:01:43,763 - PyQt6.uic.uiparser - DEBUG - pop widget QPushButton coewrite_3
2025-06-19 17:01:43,763 - PyQt6.uic.uiparser - DEBUG - new topwidget <PyQt6.QtWidgets.QGroupBox object at 0x0000025BE7C7BD90>
2025-06-19 17:01:43,763 - PyQt6.uic.properties - DEBUG - setting property geometry
2025-06-19 17:01:43,763 - PyQt6.uic.properties - DEBUG - setting property sizePolicy
2025-06-19 17:01:43,763 - PyQt6.uic.properties - DEBUG - setting property font
2025-06-19 17:01:43,763 - PyQt6.uic.properties - DEBUG - setting property focusPolicy
2025-06-19 17:01:43,763 - PyQt6.uic.properties - DEBUG - setting property toolTip
2025-06-19 17:01:43,763 - PyQt6.uic.properties - DEBUG - setting property styleSheet
2025-06-19 17:01:43,763 - PyQt6.uic.properties - DEBUG - setting property text
2025-06-19 17:01:43,763 - PyQt6.uic.properties - DEBUG - setting property checkable
2025-06-19 17:01:43,763 - PyQt6.uic.uiparser - DEBUG - push QPushButton coewrite_5
2025-06-19 17:01:43,763 - PyQt6.uic.uiparser - DEBUG - pop widget QPushButton coewrite_5
2025-06-19 17:01:43,763 - PyQt6.uic.uiparser - DEBUG - new topwidget <PyQt6.QtWidgets.QGroupBox object at 0x0000025BE7C7BD90>
2025-06-19 17:01:43,763 - PyQt6.uic.properties - DEBUG - setting property geometry
2025-06-19 17:01:43,763 - PyQt6.uic.properties - DEBUG - setting property sizePolicy
2025-06-19 17:01:43,763 - PyQt6.uic.properties - DEBUG - setting property font
2025-06-19 17:01:43,764 - PyQt6.uic.properties - DEBUG - setting property focusPolicy
2025-06-19 17:01:43,764 - PyQt6.uic.properties - DEBUG - setting property toolTip
2025-06-19 17:01:43,764 - PyQt6.uic.properties - DEBUG - setting property styleSheet
2025-06-19 17:01:43,764 - PyQt6.uic.properties - DEBUG - setting property text
2025-06-19 17:01:43,764 - PyQt6.uic.properties - DEBUG - setting property checkable
2025-06-19 17:01:43,764 - PyQt6.uic.uiparser - DEBUG - push QPushButton coeread_4
2025-06-19 17:01:43,764 - PyQt6.uic.uiparser - DEBUG - pop widget QPushButton coeread_4
2025-06-19 17:01:43,764 - PyQt6.uic.uiparser - DEBUG - new topwidget <PyQt6.QtWidgets.QGroupBox object at 0x0000025BE7C7BD90>
2025-06-19 17:01:43,764 - PyQt6.uic.properties - DEBUG - setting property geometry
2025-06-19 17:01:43,764 - PyQt6.uic.properties - DEBUG - setting property sizePolicy
2025-06-19 17:01:43,764 - PyQt6.uic.properties - DEBUG - setting property font
2025-06-19 17:01:43,764 - PyQt6.uic.properties - DEBUG - setting property focusPolicy
2025-06-19 17:01:43,764 - PyQt6.uic.properties - DEBUG - setting property toolTip
2025-06-19 17:01:43,764 - PyQt6.uic.properties - DEBUG - setting property styleSheet
2025-06-19 17:01:43,764 - PyQt6.uic.properties - DEBUG - setting property text
2025-06-19 17:01:43,764 - PyQt6.uic.properties - DEBUG - setting property checkable
2025-06-19 17:01:43,764 - PyQt6.uic.uiparser - DEBUG - push QPushButton coeread_2
2025-06-19 17:01:43,764 - PyQt6.uic.uiparser - DEBUG - pop widget QPushButton coeread_2
2025-06-19 17:01:43,764 - PyQt6.uic.uiparser - DEBUG - new topwidget <PyQt6.QtWidgets.QGroupBox object at 0x0000025BE7C7BD90>
2025-06-19 17:01:43,764 - PyQt6.uic.properties - DEBUG - setting property geometry
2025-06-19 17:01:43,764 - PyQt6.uic.properties - DEBUG - setting property sizePolicy
2025-06-19 17:01:43,764 - PyQt6.uic.properties - DEBUG - setting property font
2025-06-19 17:01:43,764 - PyQt6.uic.properties - DEBUG - setting property focusPolicy
2025-06-19 17:01:43,764 - PyQt6.uic.properties - DEBUG - setting property toolTip
2025-06-19 17:01:43,764 - PyQt6.uic.properties - DEBUG - setting property statusTip
2025-06-19 17:01:43,764 - PyQt6.uic.properties - DEBUG - setting property styleSheet
2025-06-19 17:01:43,764 - PyQt6.uic.properties - DEBUG - setting property text
2025-06-19 17:01:43,764 - PyQt6.uic.properties - DEBUG - setting property checkable
2025-06-19 17:01:43,765 - PyQt6.uic.uiparser - DEBUG - push QPushButton coeread
2025-06-19 17:01:43,765 - PyQt6.uic.uiparser - DEBUG - pop widget QPushButton coeread
2025-06-19 17:01:43,765 - PyQt6.uic.uiparser - DEBUG - new topwidget <PyQt6.QtWidgets.QGroupBox object at 0x0000025BE7C7BD90>
2025-06-19 17:01:43,765 - PyQt6.uic.properties - DEBUG - setting property geometry
2025-06-19 17:01:43,765 - PyQt6.uic.properties - DEBUG - setting property sizePolicy
2025-06-19 17:01:43,765 - PyQt6.uic.properties - DEBUG - setting property font
2025-06-19 17:01:43,765 - PyQt6.uic.properties - DEBUG - setting property focusPolicy
2025-06-19 17:01:43,765 - PyQt6.uic.properties - DEBUG - setting property toolTip
2025-06-19 17:01:43,765 - PyQt6.uic.properties - DEBUG - setting property styleSheet
2025-06-19 17:01:43,765 - PyQt6.uic.properties - DEBUG - setting property text
2025-06-19 17:01:43,765 - PyQt6.uic.properties - DEBUG - setting property checkable
2025-06-19 17:01:43,765 - PyQt6.uic.uiparser - DEBUG - push QPushButton coeread_3
2025-06-19 17:01:43,765 - PyQt6.uic.uiparser - DEBUG - pop widget QPushButton coeread_3
2025-06-19 17:01:43,765 - PyQt6.uic.uiparser - DEBUG - new topwidget <PyQt6.QtWidgets.QGroupBox object at 0x0000025BE7C7BD90>
2025-06-19 17:01:43,765 - PyQt6.uic.properties - DEBUG - setting property geometry
2025-06-19 17:01:43,765 - PyQt6.uic.properties - DEBUG - setting property sizePolicy
2025-06-19 17:01:43,765 - PyQt6.uic.properties - DEBUG - setting property font
2025-06-19 17:01:43,765 - PyQt6.uic.properties - DEBUG - setting property focusPolicy
2025-06-19 17:01:43,765 - PyQt6.uic.properties - DEBUG - setting property toolTip
2025-06-19 17:01:43,765 - PyQt6.uic.properties - DEBUG - setting property styleSheet
2025-06-19 17:01:43,766 - PyQt6.uic.properties - DEBUG - setting property text
2025-06-19 17:01:43,766 - PyQt6.uic.properties - DEBUG - setting property checkable
2025-06-19 17:01:43,766 - PyQt6.uic.uiparser - DEBUG - push QPushButton coeread_5
2025-06-19 17:01:43,766 - PyQt6.uic.uiparser - DEBUG - pop widget QPushButton coeread_5
2025-06-19 17:01:43,766 - PyQt6.uic.uiparser - DEBUG - new topwidget <PyQt6.QtWidgets.QGroupBox object at 0x0000025BE7C7BD90>
2025-06-19 17:01:43,766 - PyQt6.uic.properties - DEBUG - setting property geometry
2025-06-19 17:01:43,766 - PyQt6.uic.properties - DEBUG - setting property sizePolicy
2025-06-19 17:01:43,766 - PyQt6.uic.properties - DEBUG - setting property font
2025-06-19 17:01:43,766 - PyQt6.uic.properties - DEBUG - setting property focusPolicy
2025-06-19 17:01:43,766 - PyQt6.uic.properties - DEBUG - setting property toolTip
2025-06-19 17:01:43,766 - PyQt6.uic.properties - DEBUG - setting property styleSheet
2025-06-19 17:01:43,766 - PyQt6.uic.properties - DEBUG - setting property text
2025-06-19 17:01:43,766 - PyQt6.uic.properties - DEBUG - setting property checkable
2025-06-19 17:01:43,766 - PyQt6.uic.uiparser - DEBUG - push QPushButton coewrite_6
2025-06-19 17:01:43,766 - PyQt6.uic.uiparser - DEBUG - pop widget QPushButton coewrite_6
2025-06-19 17:01:43,766 - PyQt6.uic.uiparser - DEBUG - new topwidget <PyQt6.QtWidgets.QGroupBox object at 0x0000025BE7C7BD90>
2025-06-19 17:01:43,766 - PyQt6.uic.properties - DEBUG - setting property geometry
2025-06-19 17:01:43,766 - PyQt6.uic.properties - DEBUG - setting property sizePolicy
2025-06-19 17:01:43,766 - PyQt6.uic.properties - DEBUG - setting property font
2025-06-19 17:01:43,766 - PyQt6.uic.properties - DEBUG - setting property focusPolicy
2025-06-19 17:01:43,766 - PyQt6.uic.properties - DEBUG - setting property toolTip
2025-06-19 17:01:43,766 - PyQt6.uic.properties - DEBUG - setting property styleSheet
2025-06-19 17:01:43,766 - PyQt6.uic.properties - DEBUG - setting property text
2025-06-19 17:01:43,766 - PyQt6.uic.properties - DEBUG - setting property checkable
2025-06-19 17:01:43,766 - PyQt6.uic.uiparser - DEBUG - push QPushButton coeread_6
2025-06-19 17:01:43,766 - PyQt6.uic.uiparser - DEBUG - pop widget QPushButton coeread_6
2025-06-19 17:01:43,766 - PyQt6.uic.uiparser - DEBUG - new topwidget <PyQt6.QtWidgets.QGroupBox object at 0x0000025BE7C7BD90>
2025-06-19 17:01:43,766 - PyQt6.uic.uiparser - DEBUG - pop widget QGroupBox groupBox_10
2025-06-19 17:01:43,767 - PyQt6.uic.uiparser - DEBUG - new topwidget <PyQt6.QtWidgets.QWidget object at 0x0000025BE7C7BD00>
2025-06-19 17:01:43,767 - PyQt6.uic.uiparser - DEBUG - pop widget QWidget tab_9
2025-06-19 17:01:43,767 - PyQt6.uic.uiparser - DEBUG - new topwidget <PyQt6.QtWidgets.QTabWidget object at 0x0000025BE77351B0>
2025-06-19 17:01:43,767 - PyQt6.uic.uiparser - DEBUG - push QWidget tab_8
2025-06-19 17:01:43,767 - PyQt6.uic.properties - DEBUG - setting property enabled
2025-06-19 17:01:43,767 - PyQt6.uic.properties - DEBUG - setting property geometry
2025-06-19 17:01:43,767 - PyQt6.uic.properties - DEBUG - setting property sizePolicy
2025-06-19 17:01:43,767 - PyQt6.uic.properties - DEBUG - setting property font
2025-06-19 17:01:43,767 - PyQt6.uic.properties - DEBUG - setting property title
2025-06-19 17:01:43,767 - PyQt6.uic.uiparser - DEBUG - push QGroupBox groupBox_2
2025-06-19 17:01:43,767 - PyQt6.uic.properties - DEBUG - setting property geometry
2025-06-19 17:01:43,767 - PyQt6.uic.properties - DEBUG - setting property font
2025-06-19 17:01:43,767 - PyQt6.uic.properties - DEBUG - setting property title
2025-06-19 17:01:43,767 - PyQt6.uic.uiparser - DEBUG - push QGroupBox groupBox
2025-06-19 17:01:43,767 - PyQt6.uic.properties - DEBUG - setting property geometry
2025-06-19 17:01:43,767 - PyQt6.uic.uiparser - DEBUG - push QWidget gridLayoutWidget_18
2025-06-19 17:01:43,769 - PyQt6.uic.properties - DEBUG - setting property horizontalSpacing
2025-06-19 17:01:43,769 - PyQt6.uic.properties - DEBUG - setting property pyuicMargins
2025-06-19 17:01:43,769 - PyQt6.uic.properties - DEBUG - setting property pyuicSpacing
2025-06-19 17:01:43,769 - PyQt6.uic.uiparser - DEBUG - push QGridLayout gridLayout_19
2025-06-19 17:01:43,769 - PyQt6.uic.properties - DEBUG - setting property font
2025-06-19 17:01:43,769 - PyQt6.uic.properties - DEBUG - setting property text
2025-06-19 17:01:43,769 - PyQt6.uic.properties - DEBUG - setting property alignment
2025-06-19 17:01:43,769 - PyQt6.uic.uiparser - DEBUG - push QLabel Port1
2025-06-19 17:01:43,769 - PyQt6.uic.uiparser - DEBUG - pop widget QLabel Port1
2025-06-19 17:01:43,769 - PyQt6.uic.uiparser - DEBUG - new topwidget <PyQt6.QtWidgets.QWidget object at 0x0000025BE7C895A0>
2025-06-19 17:01:43,769 - PyQt6.uic.properties - DEBUG - setting property font
2025-06-19 17:01:43,769 - PyQt6.uic.properties - DEBUG - setting property text
2025-06-19 17:01:43,769 - PyQt6.uic.uiparser - DEBUG - push QLabel label_119
2025-06-19 17:01:43,769 - PyQt6.uic.uiparser - DEBUG - pop widget QLabel label_119
2025-06-19 17:01:43,769 - PyQt6.uic.uiparser - DEBUG - new topwidget <PyQt6.QtWidgets.QWidget object at 0x0000025BE7C895A0>
2025-06-19 17:01:43,769 - PyQt6.uic.properties - DEBUG - setting property font
2025-06-19 17:01:43,769 - PyQt6.uic.properties - DEBUG - setting property text
2025-06-19 17:01:43,769 - PyQt6.uic.uiparser - DEBUG - push QLabel label_140
2025-06-19 17:01:43,769 - PyQt6.uic.uiparser - DEBUG - pop widget QLabel label_140
2025-06-19 17:01:43,769 - PyQt6.uic.uiparser - DEBUG - new topwidget <PyQt6.QtWidgets.QWidget object at 0x0000025BE7C895A0>
2025-06-19 17:01:43,769 - PyQt6.uic.properties - DEBUG - setting property font
2025-06-19 17:01:43,769 - PyQt6.uic.properties - DEBUG - setting property text
2025-06-19 17:01:43,769 - PyQt6.uic.properties - DEBUG - setting property alignment
2025-06-19 17:01:43,769 - PyQt6.uic.uiparser - DEBUG - push QLabel Port0
2025-06-19 17:01:43,769 - PyQt6.uic.uiparser - DEBUG - pop widget QLabel Port0
2025-06-19 17:01:43,769 - PyQt6.uic.uiparser - DEBUG - new topwidget <PyQt6.QtWidgets.QWidget object at 0x0000025BE7C895A0>
2025-06-19 17:01:43,769 - PyQt6.uic.properties - DEBUG - setting property font
2025-06-19 17:01:43,769 - PyQt6.uic.properties - DEBUG - setting property text
2025-06-19 17:01:43,769 - PyQt6.uic.uiparser - DEBUG - push QLabel label_120
2025-06-19 17:01:43,769 - PyQt6.uic.uiparser - DEBUG - pop widget QLabel label_120
2025-06-19 17:01:43,769 - PyQt6.uic.uiparser - DEBUG - new topwidget <PyQt6.QtWidgets.QWidget object at 0x0000025BE7C895A0>
2025-06-19 17:01:43,769 - PyQt6.uic.properties - DEBUG - setting property font
2025-06-19 17:01:43,769 - PyQt6.uic.properties - DEBUG - setting property text
2025-06-19 17:01:43,769 - PyQt6.uic.properties - DEBUG - setting property alignment
2025-06-19 17:01:43,769 - PyQt6.uic.uiparser - DEBUG - push QLabel Port2
2025-06-19 17:01:43,769 - PyQt6.uic.uiparser - DEBUG - pop widget QLabel Port2
2025-06-19 17:01:43,769 - PyQt6.uic.uiparser - DEBUG - new topwidget <PyQt6.QtWidgets.QWidget object at 0x0000025BE7C895A0>
2025-06-19 17:01:43,769 - PyQt6.uic.properties - DEBUG - setting property font
2025-06-19 17:01:43,769 - PyQt6.uic.properties - DEBUG - setting property text
2025-06-19 17:01:43,769 - PyQt6.uic.uiparser - DEBUG - push QLabel label_139
2025-06-19 17:01:43,769 - PyQt6.uic.uiparser - DEBUG - pop widget QLabel label_139
2025-06-19 17:01:43,769 - PyQt6.uic.uiparser - DEBUG - new topwidget <PyQt6.QtWidgets.QWidget object at 0x0000025BE7C895A0>
2025-06-19 17:01:43,769 - PyQt6.uic.properties - DEBUG - setting property font
2025-06-19 17:01:43,769 - PyQt6.uic.properties - DEBUG - setting property text
2025-06-19 17:01:43,769 - PyQt6.uic.properties - DEBUG - setting property alignment
2025-06-19 17:01:43,769 - PyQt6.uic.uiparser - DEBUG - push QLabel Port3
2025-06-19 17:01:43,769 - PyQt6.uic.uiparser - DEBUG - pop widget QLabel Port3
2025-06-19 17:01:43,769 - PyQt6.uic.uiparser - DEBUG - new topwidget <PyQt6.QtWidgets.QWidget object at 0x0000025BE7C895A0>
2025-06-19 17:01:43,770 - PyQt6.uic.uiparser - DEBUG - pop layout QGridLayout gridLayout_19
2025-06-19 17:01:43,770 - PyQt6.uic.uiparser - DEBUG - pop widget QWidget gridLayoutWidget_18
2025-06-19 17:01:43,770 - PyQt6.uic.uiparser - DEBUG - new topwidget <PyQt6.QtWidgets.QGroupBox object at 0x0000025BE7C89510>
2025-06-19 17:01:43,770 - PyQt6.uic.uiparser - DEBUG - pop widget QGroupBox groupBox
2025-06-19 17:01:43,770 - PyQt6.uic.uiparser - DEBUG - new topwidget <PyQt6.QtWidgets.QGroupBox object at 0x0000025BE7C89480>
2025-06-19 17:01:43,770 - PyQt6.uic.properties - DEBUG - setting property geometry
2025-06-19 17:01:43,770 - PyQt6.uic.properties - DEBUG - setting property font
2025-06-19 17:01:43,770 - PyQt6.uic.properties - DEBUG - setting property title
2025-06-19 17:01:43,770 - PyQt6.uic.uiparser - DEBUG - push QGroupBox groupBox_15
2025-06-19 17:01:43,770 - PyQt6.uic.properties - DEBUG - setting property geometry
2025-06-19 17:01:43,770 - PyQt6.uic.uiparser - DEBUG - push QWidget gridLayoutWidget
2025-06-19 17:01:43,770 - PyQt6.uic.properties - DEBUG - setting property horizontalSpacing
2025-06-19 17:01:43,770 - PyQt6.uic.properties - DEBUG - setting property pyuicMargins
2025-06-19 17:01:43,770 - PyQt6.uic.properties - DEBUG - setting property pyuicSpacing
2025-06-19 17:01:43,770 - PyQt6.uic.uiparser - DEBUG - push QGridLayout gridLayout_2
2025-06-19 17:01:43,770 - PyQt6.uic.properties - DEBUG - setting property sizePolicy
2025-06-19 17:01:43,770 - PyQt6.uic.properties - DEBUG - setting property font
2025-06-19 17:01:43,770 - PyQt6.uic.properties - DEBUG - setting property text
2025-06-19 17:01:43,770 - PyQt6.uic.uiparser - DEBUG - push QLabel label_125
2025-06-19 17:01:43,770 - PyQt6.uic.uiparser - DEBUG - pop widget QLabel label_125
2025-06-19 17:01:43,770 - PyQt6.uic.uiparser - DEBUG - new topwidget <PyQt6.QtWidgets.QWidget object at 0x0000025BE7C89BD0>
2025-06-19 17:01:43,770 - PyQt6.uic.properties - DEBUG - setting property sizePolicy
2025-06-19 17:01:43,770 - PyQt6.uic.properties - DEBUG - setting property readOnly
2025-06-19 17:01:43,770 - PyQt6.uic.uiparser - DEBUG - push QLineEdit x0300
2025-06-19 17:01:43,770 - PyQt6.uic.uiparser - DEBUG - pop widget QLineEdit x0300
2025-06-19 17:01:43,771 - PyQt6.uic.uiparser - DEBUG - new topwidget <PyQt6.QtWidgets.QWidget object at 0x0000025BE7C89BD0>
2025-06-19 17:01:43,771 - PyQt6.uic.properties - DEBUG - setting property sizePolicy
2025-06-19 17:01:43,771 - PyQt6.uic.properties - DEBUG - setting property font
2025-06-19 17:01:43,771 - PyQt6.uic.properties - DEBUG - setting property text
2025-06-19 17:01:43,771 - PyQt6.uic.uiparser - DEBUG - push QLabel label_136
2025-06-19 17:01:43,771 - PyQt6.uic.uiparser - DEBUG - pop widget QLabel label_136
2025-06-19 17:01:43,771 - PyQt6.uic.uiparser - DEBUG - new topwidget <PyQt6.QtWidgets.QWidget object at 0x0000025BE7C89BD0>
2025-06-19 17:01:43,771 - PyQt6.uic.properties - DEBUG - setting property sizePolicy
2025-06-19 17:01:43,771 - PyQt6.uic.properties - DEBUG - setting property font
2025-06-19 17:01:43,771 - PyQt6.uic.properties - DEBUG - setting property text
2025-06-19 17:01:43,771 - PyQt6.uic.uiparser - DEBUG - push QLabel label_138
2025-06-19 17:01:43,771 - PyQt6.uic.uiparser - DEBUG - pop widget QLabel label_138
2025-06-19 17:01:43,771 - PyQt6.uic.uiparser - DEBUG - new topwidget <PyQt6.QtWidgets.QWidget object at 0x0000025BE7C89BD0>
2025-06-19 17:01:43,771 - PyQt6.uic.properties - DEBUG - setting property sizePolicy
2025-06-19 17:01:43,771 - PyQt6.uic.properties - DEBUG - setting property readOnly
2025-06-19 17:01:43,771 - PyQt6.uic.uiparser - DEBUG - push QLineEdit x0309
2025-06-19 17:01:43,771 - PyQt6.uic.uiparser - DEBUG - pop widget QLineEdit x0309
2025-06-19 17:01:43,771 - PyQt6.uic.uiparser - DEBUG - new topwidget <PyQt6.QtWidgets.QWidget object at 0x0000025BE7C89BD0>
2025-06-19 17:01:43,771 - PyQt6.uic.properties - DEBUG - setting property sizePolicy
2025-06-19 17:01:43,771 - PyQt6.uic.properties - DEBUG - setting property font
2025-06-19 17:01:43,771 - PyQt6.uic.properties - DEBUG - setting property text
2025-06-19 17:01:43,771 - PyQt6.uic.uiparser - DEBUG - push QLabel label_123
2025-06-19 17:01:43,771 - PyQt6.uic.uiparser - DEBUG - pop widget QLabel label_123
2025-06-19 17:01:43,771 - PyQt6.uic.uiparser - DEBUG - new topwidget <PyQt6.QtWidgets.QWidget object at 0x0000025BE7C89BD0>
2025-06-19 17:01:43,772 - PyQt6.uic.properties - DEBUG - setting property sizePolicy
2025-06-19 17:01:43,772 - PyQt6.uic.properties - DEBUG - setting property font
2025-06-19 17:01:43,772 - PyQt6.uic.properties - DEBUG - setting property text
2025-06-19 17:01:43,772 - PyQt6.uic.uiparser - DEBUG - push QLabel label_127
2025-06-19 17:01:43,772 - PyQt6.uic.uiparser - DEBUG - pop widget QLabel label_127
2025-06-19 17:01:43,772 - PyQt6.uic.uiparser - DEBUG - new topwidget <PyQt6.QtWidgets.QWidget object at 0x0000025BE7C89BD0>
2025-06-19 17:01:43,772 - PyQt6.uic.properties - DEBUG - setting property sizePolicy
2025-06-19 17:01:43,772 - PyQt6.uic.properties - DEBUG - setting property readOnly
2025-06-19 17:01:43,772 - PyQt6.uic.uiparser - DEBUG - push QLineEdit x0305
2025-06-19 17:01:43,772 - PyQt6.uic.uiparser - DEBUG - pop widget QLineEdit x0305
2025-06-19 17:01:43,772 - PyQt6.uic.uiparser - DEBUG - new topwidget <PyQt6.QtWidgets.QWidget object at 0x0000025BE7C89BD0>
2025-06-19 17:01:43,772 - PyQt6.uic.properties - DEBUG - setting property sizePolicy
2025-06-19 17:01:43,772 - PyQt6.uic.properties - DEBUG - setting property readOnly
2025-06-19 17:01:43,772 - PyQt6.uic.uiparser - DEBUG - push QLineEdit x0304
2025-06-19 17:01:43,772 - PyQt6.uic.uiparser - DEBUG - pop widget QLineEdit x0304
2025-06-19 17:01:43,772 - PyQt6.uic.uiparser - DEBUG - new topwidget <PyQt6.QtWidgets.QWidget object at 0x0000025BE7C89BD0>
2025-06-19 17:01:43,772 - PyQt6.uic.properties - DEBUG - setting property sizePolicy
2025-06-19 17:01:43,772 - PyQt6.uic.properties - DEBUG - setting property font
2025-06-19 17:01:43,772 - PyQt6.uic.properties - DEBUG - setting property text
2025-06-19 17:01:43,772 - PyQt6.uic.uiparser - DEBUG - push QLabel label_122
2025-06-19 17:01:43,772 - PyQt6.uic.uiparser - DEBUG - pop widget QLabel label_122
2025-06-19 17:01:43,772 - PyQt6.uic.uiparser - DEBUG - new topwidget <PyQt6.QtWidgets.QWidget object at 0x0000025BE7C89BD0>
2025-06-19 17:01:43,772 - PyQt6.uic.properties - DEBUG - setting property sizePolicy
2025-06-19 17:01:43,773 - PyQt6.uic.properties - DEBUG - setting property readOnly
2025-06-19 17:01:43,773 - PyQt6.uic.uiparser - DEBUG - push QLineEdit x0301
2025-06-19 17:01:43,773 - PyQt6.uic.uiparser - DEBUG - pop widget QLineEdit x0301
2025-06-19 17:01:43,773 - PyQt6.uic.uiparser - DEBUG - new topwidget <PyQt6.QtWidgets.QWidget object at 0x0000025BE7C89BD0>
2025-06-19 17:01:43,773 - PyQt6.uic.properties - DEBUG - setting property sizePolicy
2025-06-19 17:01:43,773 - PyQt6.uic.properties - DEBUG - setting property font
2025-06-19 17:01:43,773 - PyQt6.uic.properties - DEBUG - setting property text
2025-06-19 17:01:43,773 - PyQt6.uic.uiparser - DEBUG - push QLabel label_133
2025-06-19 17:01:43,773 - PyQt6.uic.uiparser - DEBUG - pop widget QLabel label_133
2025-06-19 17:01:43,773 - PyQt6.uic.uiparser - DEBUG - new topwidget <PyQt6.QtWidgets.QWidget object at 0x0000025BE7C89BD0>
2025-06-19 17:01:43,773 - PyQt6.uic.properties - DEBUG - setting property sizePolicy
2025-06-19 17:01:43,773 - PyQt6.uic.properties - DEBUG - setting property readOnly
2025-06-19 17:01:43,774 - PyQt6.uic.uiparser - DEBUG - push QLineEdit x0303
2025-06-19 17:01:43,774 - PyQt6.uic.uiparser - DEBUG - pop widget QLineEdit x0303
2025-06-19 17:01:43,774 - PyQt6.uic.uiparser - DEBUG - new topwidget <PyQt6.QtWidgets.QWidget object at 0x0000025BE7C89BD0>
2025-06-19 17:01:43,774 - PyQt6.uic.properties - DEBUG - setting property sizePolicy
2025-06-19 17:01:43,774 - PyQt6.uic.properties - DEBUG - setting property font
2025-06-19 17:01:43,774 - PyQt6.uic.properties - DEBUG - setting property text
2025-06-19 17:01:43,774 - PyQt6.uic.uiparser - DEBUG - push QLabel label_134
2025-06-19 17:01:43,774 - PyQt6.uic.uiparser - DEBUG - pop widget QLabel label_134
2025-06-19 17:01:43,774 - PyQt6.uic.uiparser - DEBUG - new topwidget <PyQt6.QtWidgets.QWidget object at 0x0000025BE7C89BD0>
2025-06-19 17:01:43,774 - PyQt6.uic.properties - DEBUG - setting property sizePolicy
2025-06-19 17:01:43,774 - PyQt6.uic.properties - DEBUG - setting property readOnly
2025-06-19 17:01:43,774 - PyQt6.uic.uiparser - DEBUG - push QLineEdit x0310
2025-06-19 17:01:43,774 - PyQt6.uic.uiparser - DEBUG - pop widget QLineEdit x0310
2025-06-19 17:01:43,774 - PyQt6.uic.uiparser - DEBUG - new topwidget <PyQt6.QtWidgets.QWidget object at 0x0000025BE7C89BD0>
2025-06-19 17:01:43,774 - PyQt6.uic.properties - DEBUG - setting property sizePolicy
2025-06-19 17:01:43,774 - PyQt6.uic.properties - DEBUG - setting property font
2025-06-19 17:01:43,774 - PyQt6.uic.properties - DEBUG - setting property text
2025-06-19 17:01:43,774 - PyQt6.uic.uiparser - DEBUG - push QLabel label_129
2025-06-19 17:01:43,774 - PyQt6.uic.uiparser - DEBUG - pop widget QLabel label_129
2025-06-19 17:01:43,774 - PyQt6.uic.uiparser - DEBUG - new topwidget <PyQt6.QtWidgets.QWidget object at 0x0000025BE7C89BD0>
2025-06-19 17:01:43,774 - PyQt6.uic.properties - DEBUG - setting property sizePolicy
2025-06-19 17:01:43,774 - PyQt6.uic.properties - DEBUG - setting property font
2025-06-19 17:01:43,774 - PyQt6.uic.properties - DEBUG - setting property text
2025-06-19 17:01:43,775 - PyQt6.uic.uiparser - DEBUG - push QLabel label_135
2025-06-19 17:01:43,775 - PyQt6.uic.uiparser - DEBUG - pop widget QLabel label_135
2025-06-19 17:01:43,775 - PyQt6.uic.uiparser - DEBUG - new topwidget <PyQt6.QtWidgets.QWidget object at 0x0000025BE7C89BD0>
2025-06-19 17:01:43,775 - PyQt6.uic.properties - DEBUG - setting property sizePolicy
2025-06-19 17:01:43,775 - PyQt6.uic.properties - DEBUG - setting property font
2025-06-19 17:01:43,775 - PyQt6.uic.properties - DEBUG - setting property text
2025-06-19 17:01:43,775 - PyQt6.uic.uiparser - DEBUG - push QLabel label_131
2025-06-19 17:01:43,775 - PyQt6.uic.uiparser - DEBUG - pop widget QLabel label_131
2025-06-19 17:01:43,775 - PyQt6.uic.uiparser - DEBUG - new topwidget <PyQt6.QtWidgets.QWidget object at 0x0000025BE7C89BD0>
2025-06-19 17:01:43,775 - PyQt6.uic.properties - DEBUG - setting property sizePolicy
2025-06-19 17:01:43,775 - PyQt6.uic.properties - DEBUG - setting property font
2025-06-19 17:01:43,775 - PyQt6.uic.properties - DEBUG - setting property text
2025-06-19 17:01:43,775 - PyQt6.uic.uiparser - DEBUG - push QLabel label_128
2025-06-19 17:01:43,775 - PyQt6.uic.uiparser - DEBUG - pop widget QLabel label_128
2025-06-19 17:01:43,775 - PyQt6.uic.uiparser - DEBUG - new topwidget <PyQt6.QtWidgets.QWidget object at 0x0000025BE7C89BD0>
2025-06-19 17:01:43,775 - PyQt6.uic.properties - DEBUG - setting property sizePolicy
2025-06-19 17:01:43,775 - PyQt6.uic.properties - DEBUG - setting property readOnly
2025-06-19 17:01:43,775 - PyQt6.uic.uiparser - DEBUG - push QLineEdit x0307
2025-06-19 17:01:43,775 - PyQt6.uic.uiparser - DEBUG - pop widget QLineEdit x0307
2025-06-19 17:01:43,775 - PyQt6.uic.uiparser - DEBUG - new topwidget <PyQt6.QtWidgets.QWidget object at 0x0000025BE7C89BD0>
2025-06-19 17:01:43,775 - PyQt6.uic.properties - DEBUG - setting property sizePolicy
2025-06-19 17:01:43,775 - PyQt6.uic.properties - DEBUG - setting property readOnly
2025-06-19 17:01:43,775 - PyQt6.uic.uiparser - DEBUG - push QLineEdit x0312
2025-06-19 17:01:43,775 - PyQt6.uic.uiparser - DEBUG - pop widget QLineEdit x0312
2025-06-19 17:01:43,775 - PyQt6.uic.uiparser - DEBUG - new topwidget <PyQt6.QtWidgets.QWidget object at 0x0000025BE7C89BD0>
2025-06-19 17:01:43,775 - PyQt6.uic.properties - DEBUG - setting property sizePolicy
2025-06-19 17:01:43,775 - PyQt6.uic.properties - DEBUG - setting property readOnly
2025-06-19 17:01:43,777 - PyQt6.uic.uiparser - DEBUG - push QLineEdit x030B
2025-06-19 17:01:43,777 - PyQt6.uic.uiparser - DEBUG - pop widget QLineEdit x030B
2025-06-19 17:01:43,777 - PyQt6.uic.uiparser - DEBUG - new topwidget <PyQt6.QtWidgets.QWidget object at 0x0000025BE7C89BD0>
2025-06-19 17:01:43,777 - PyQt6.uic.properties - DEBUG - setting property sizePolicy
2025-06-19 17:01:43,777 - PyQt6.uic.properties - DEBUG - setting property readOnly
2025-06-19 17:01:43,777 - PyQt6.uic.uiparser - DEBUG - push QLineEdit x0302
2025-06-19 17:01:43,777 - PyQt6.uic.uiparser - DEBUG - pop widget QLineEdit x0302
2025-06-19 17:01:43,777 - PyQt6.uic.uiparser - DEBUG - new topwidget <PyQt6.QtWidgets.QWidget object at 0x0000025BE7C89BD0>
2025-06-19 17:01:43,777 - PyQt6.uic.properties - DEBUG - setting property sizePolicy
2025-06-19 17:01:43,777 - PyQt6.uic.properties - DEBUG - setting property font
2025-06-19 17:01:43,777 - PyQt6.uic.properties - DEBUG - setting property text
2025-06-19 17:01:43,777 - PyQt6.uic.uiparser - DEBUG - push QLabel label_126
2025-06-19 17:01:43,777 - PyQt6.uic.uiparser - DEBUG - pop widget QLabel label_126
2025-06-19 17:01:43,777 - PyQt6.uic.uiparser - DEBUG - new topwidget <PyQt6.QtWidgets.QWidget object at 0x0000025BE7C89BD0>
2025-06-19 17:01:43,777 - PyQt6.uic.properties - DEBUG - setting property sizePolicy
2025-06-19 17:01:43,777 - PyQt6.uic.properties - DEBUG - setting property readOnly
2025-06-19 17:01:43,777 - PyQt6.uic.uiparser - DEBUG - push QLineEdit x0308
2025-06-19 17:01:43,777 - PyQt6.uic.uiparser - DEBUG - pop widget QLineEdit x0308
2025-06-19 17:01:43,777 - PyQt6.uic.uiparser - DEBUG - new topwidget <PyQt6.QtWidgets.QWidget object at 0x0000025BE7C89BD0>
2025-06-19 17:01:43,777 - PyQt6.uic.properties - DEBUG - setting property sizePolicy
2025-06-19 17:01:43,777 - PyQt6.uic.properties - DEBUG - setting property readOnly
2025-06-19 17:01:43,777 - PyQt6.uic.uiparser - DEBUG - push QLineEdit x0311
2025-06-19 17:01:43,777 - PyQt6.uic.uiparser - DEBUG - pop widget QLineEdit x0311
2025-06-19 17:01:43,777 - PyQt6.uic.uiparser - DEBUG - new topwidget <PyQt6.QtWidgets.QWidget object at 0x0000025BE7C89BD0>
2025-06-19 17:01:43,777 - PyQt6.uic.properties - DEBUG - setting property sizePolicy
2025-06-19 17:01:43,777 - PyQt6.uic.properties - DEBUG - setting property font
2025-06-19 17:01:43,777 - PyQt6.uic.properties - DEBUG - setting property text
2025-06-19 17:01:43,777 - PyQt6.uic.uiparser - DEBUG - push QLabel label_132
2025-06-19 17:01:43,777 - PyQt6.uic.uiparser - DEBUG - pop widget QLabel label_132
2025-06-19 17:01:43,777 - PyQt6.uic.uiparser - DEBUG - new topwidget <PyQt6.QtWidgets.QWidget object at 0x0000025BE7C89BD0>
2025-06-19 17:01:43,777 - PyQt6.uic.properties - DEBUG - setting property sizePolicy
2025-06-19 17:01:43,777 - PyQt6.uic.properties - DEBUG - setting property readOnly
2025-06-19 17:01:43,777 - PyQt6.uic.uiparser - DEBUG - push QLineEdit x030A
2025-06-19 17:01:43,777 - PyQt6.uic.uiparser - DEBUG - pop widget QLineEdit x030A
2025-06-19 17:01:43,777 - PyQt6.uic.uiparser - DEBUG - new topwidget <PyQt6.QtWidgets.QWidget object at 0x0000025BE7C89BD0>
2025-06-19 17:01:43,777 - PyQt6.uic.properties - DEBUG - setting property sizePolicy
2025-06-19 17:01:43,777 - PyQt6.uic.properties - DEBUG - setting property readOnly
2025-06-19 17:01:43,777 - PyQt6.uic.uiparser - DEBUG - push QLineEdit x0306
2025-06-19 17:01:43,777 - PyQt6.uic.uiparser - DEBUG - pop widget QLineEdit x0306
2025-06-19 17:01:43,777 - PyQt6.uic.uiparser - DEBUG - new topwidget <PyQt6.QtWidgets.QWidget object at 0x0000025BE7C89BD0>
2025-06-19 17:01:43,777 - PyQt6.uic.properties - DEBUG - setting property sizePolicy
2025-06-19 17:01:43,777 - PyQt6.uic.properties - DEBUG - setting property font
2025-06-19 17:01:43,777 - PyQt6.uic.properties - DEBUG - setting property text
2025-06-19 17:01:43,777 - PyQt6.uic.uiparser - DEBUG - push QLabel label_130
2025-06-19 17:01:43,777 - PyQt6.uic.uiparser - DEBUG - pop widget QLabel label_130
2025-06-19 17:01:43,777 - PyQt6.uic.uiparser - DEBUG - new topwidget <PyQt6.QtWidgets.QWidget object at 0x0000025BE7C89BD0>
2025-06-19 17:01:43,777 - PyQt6.uic.properties - DEBUG - setting property sizePolicy
2025-06-19 17:01:43,777 - PyQt6.uic.properties - DEBUG - setting property font
2025-06-19 17:01:43,778 - PyQt6.uic.properties - DEBUG - setting property text
2025-06-19 17:01:43,778 - PyQt6.uic.uiparser - DEBUG - push QLabel label_121
2025-06-19 17:01:43,778 - PyQt6.uic.uiparser - DEBUG - pop widget QLabel label_121
2025-06-19 17:01:43,778 - PyQt6.uic.uiparser - DEBUG - new topwidget <PyQt6.QtWidgets.QWidget object at 0x0000025BE7C89BD0>
2025-06-19 17:01:43,778 - PyQt6.uic.properties - DEBUG - setting property sizePolicy
2025-06-19 17:01:43,778 - PyQt6.uic.properties - DEBUG - setting property readOnly
2025-06-19 17:01:43,778 - PyQt6.uic.uiparser - DEBUG - push QLineEdit x0313
2025-06-19 17:01:43,778 - PyQt6.uic.uiparser - DEBUG - pop widget QLineEdit x0313
2025-06-19 17:01:43,778 - PyQt6.uic.uiparser - DEBUG - new topwidget <PyQt6.QtWidgets.QWidget object at 0x0000025BE7C89BD0>
2025-06-19 17:01:43,778 - PyQt6.uic.uiparser - DEBUG - pop layout QGridLayout gridLayout_2
2025-06-19 17:01:43,778 - PyQt6.uic.uiparser - DEBUG - pop widget QWidget gridLayoutWidget
2025-06-19 17:01:43,778 - PyQt6.uic.uiparser - DEBUG - new topwidget <PyQt6.QtWidgets.QGroupBox object at 0x0000025BE7C89B40>
2025-06-19 17:01:43,778 - PyQt6.uic.properties - DEBUG - setting property geometry
2025-06-19 17:01:43,778 - PyQt6.uic.uiparser - DEBUG - push QWidget gridLayoutWidget_8
2025-06-19 17:01:43,778 - PyQt6.uic.properties - DEBUG - setting property horizontalSpacing
2025-06-19 17:01:43,778 - PyQt6.uic.properties - DEBUG - setting property pyuicMargins
2025-06-19 17:01:43,778 - PyQt6.uic.properties - DEBUG - setting property pyuicSpacing
2025-06-19 17:01:43,779 - PyQt6.uic.uiparser - DEBUG - push QGridLayout gridLayout_9
2025-06-19 17:01:43,779 - PyQt6.uic.properties - DEBUG - setting property sizePolicy
2025-06-19 17:01:43,779 - PyQt6.uic.properties - DEBUG - setting property font
2025-06-19 17:01:43,779 - PyQt6.uic.properties - DEBUG - setting property text
2025-06-19 17:01:43,779 - PyQt6.uic.uiparser - DEBUG - push QLabel label_137
2025-06-19 17:01:43,779 - PyQt6.uic.uiparser - DEBUG - pop widget QLabel label_137
2025-06-19 17:01:43,779 - PyQt6.uic.uiparser - DEBUG - new topwidget <PyQt6.QtWidgets.QWidget object at 0x0000025BE7C8AEF0>
2025-06-19 17:01:43,779 - PyQt6.uic.properties - DEBUG - setting property sizePolicy
2025-06-19 17:01:43,779 - PyQt6.uic.properties - DEBUG - setting property font
2025-06-19 17:01:43,779 - PyQt6.uic.properties - DEBUG - setting property text
2025-06-19 17:01:43,779 - PyQt6.uic.uiparser - DEBUG - push QLabel label_124
2025-06-19 17:01:43,779 - PyQt6.uic.uiparser - DEBUG - pop widget QLabel label_124
2025-06-19 17:01:43,779 - PyQt6.uic.uiparser - DEBUG - new topwidget <PyQt6.QtWidgets.QWidget object at 0x0000025BE7C8AEF0>
2025-06-19 17:01:43,779 - PyQt6.uic.properties - DEBUG - setting property sizePolicy
2025-06-19 17:01:43,779 - PyQt6.uic.properties - DEBUG - setting property readOnly
2025-06-19 17:01:43,779 - PyQt6.uic.uiparser - DEBUG - push QLineEdit x030C
2025-06-19 17:01:43,779 - PyQt6.uic.uiparser - DEBUG - pop widget QLineEdit x030C
2025-06-19 17:01:43,779 - PyQt6.uic.uiparser - DEBUG - new topwidget <PyQt6.QtWidgets.QWidget object at 0x0000025BE7C8AEF0>
2025-06-19 17:01:43,779 - PyQt6.uic.properties - DEBUG - setting property sizePolicy
2025-06-19 17:01:43,779 - PyQt6.uic.properties - DEBUG - setting property readOnly
2025-06-19 17:01:43,779 - PyQt6.uic.uiparser - DEBUG - push QLineEdit x030D
2025-06-19 17:01:43,779 - PyQt6.uic.uiparser - DEBUG - pop widget QLineEdit x030D
2025-06-19 17:01:43,781 - PyQt6.uic.uiparser - DEBUG - new topwidget <PyQt6.QtWidgets.QWidget object at 0x0000025BE7C8AEF0>
2025-06-19 17:01:43,781 - PyQt6.uic.uiparser - DEBUG - pop layout QGridLayout gridLayout_9
2025-06-19 17:01:43,781 - PyQt6.uic.uiparser - DEBUG - pop widget QWidget gridLayoutWidget_8
2025-06-19 17:01:43,781 - PyQt6.uic.uiparser - DEBUG - new topwidget <PyQt6.QtWidgets.QGroupBox object at 0x0000025BE7C89B40>
2025-06-19 17:01:43,781 - PyQt6.uic.uiparser - DEBUG - pop widget QGroupBox groupBox_15
2025-06-19 17:01:43,781 - PyQt6.uic.uiparser - DEBUG - new topwidget <PyQt6.QtWidgets.QGroupBox object at 0x0000025BE7C89480>
2025-06-19 17:01:43,781 - PyQt6.uic.properties - DEBUG - setting property geometry
2025-06-19 17:01:43,781 - PyQt6.uic.properties - DEBUG - setting property sizePolicy
2025-06-19 17:01:43,781 - PyQt6.uic.properties - DEBUG - setting property font
2025-06-19 17:01:43,781 - PyQt6.uic.properties - DEBUG - setting property text
2025-06-19 17:01:43,781 - PyQt6.uic.uiparser - DEBUG - push QPushButton clearcounter
2025-06-19 17:01:43,781 - PyQt6.uic.uiparser - DEBUG - pop widget QPushButton clearcounter
2025-06-19 17:01:43,781 - PyQt6.uic.uiparser - DEBUG - new topwidget <PyQt6.QtWidgets.QGroupBox object at 0x0000025BE7C89480>
2025-06-19 17:01:43,781 - PyQt6.uic.properties - DEBUG - setting property geometry
2025-06-19 17:01:43,781 - PyQt6.uic.properties - DEBUG - setting property sizePolicy
2025-06-19 17:01:43,781 - PyQt6.uic.properties - DEBUG - setting property font
2025-06-19 17:01:43,781 - PyQt6.uic.properties - DEBUG - setting property text
2025-06-19 17:01:43,781 - PyQt6.uic.uiparser - DEBUG - push QLabel label_56
2025-06-19 17:01:43,781 - PyQt6.uic.uiparser - DEBUG - pop widget QLabel label_56
2025-06-19 17:01:43,781 - PyQt6.uic.uiparser - DEBUG - new topwidget <PyQt6.QtWidgets.QGroupBox object at 0x0000025BE7C89480>
2025-06-19 17:01:43,781 - PyQt6.uic.properties - DEBUG - setting property geometry
2025-06-19 17:01:43,781 - PyQt6.uic.properties - DEBUG - setting property sizePolicy
2025-06-19 17:01:43,781 - PyQt6.uic.properties - DEBUG - setting property font
2025-06-19 17:01:43,781 - PyQt6.uic.properties - DEBUG - setting property text
2025-06-19 17:01:43,781 - PyQt6.uic.uiparser - DEBUG - push QLabel label_55
2025-06-19 17:01:43,781 - PyQt6.uic.uiparser - DEBUG - pop widget QLabel label_55
2025-06-19 17:01:43,781 - PyQt6.uic.uiparser - DEBUG - new topwidget <PyQt6.QtWidgets.QGroupBox object at 0x0000025BE7C89480>
2025-06-19 17:01:43,781 - PyQt6.uic.properties - DEBUG - setting property geometry
2025-06-19 17:01:43,781 - PyQt6.uic.properties - DEBUG - setting property sizePolicy
2025-06-19 17:01:43,781 - PyQt6.uic.properties - DEBUG - setting property font
2025-06-19 17:01:43,781 - PyQt6.uic.properties - DEBUG - setting property alignment
2025-06-19 17:01:43,781 - PyQt6.uic.uiparser - DEBUG - push QSpinBox Slave1
2025-06-19 17:01:43,781 - PyQt6.uic.uiparser - DEBUG - pop widget QSpinBox Slave1
2025-06-19 17:01:43,781 - PyQt6.uic.uiparser - DEBUG - new topwidget <PyQt6.QtWidgets.QGroupBox object at 0x0000025BE7C89480>
2025-06-19 17:01:43,781 - PyQt6.uic.properties - DEBUG - setting property geometry
2025-06-19 17:01:43,781 - PyQt6.uic.properties - DEBUG - setting property sizePolicy
2025-06-19 17:01:43,781 - PyQt6.uic.properties - DEBUG - setting property font
2025-06-19 17:01:43,781 - PyQt6.uic.properties - DEBUG - setting property alignment
2025-06-19 17:01:43,781 - PyQt6.uic.uiparser - DEBUG - push QSpinBox Master1
2025-06-19 17:01:43,781 - PyQt6.uic.uiparser - DEBUG - pop widget QSpinBox Master1
2025-06-19 17:01:43,781 - PyQt6.uic.uiparser - DEBUG - new topwidget <PyQt6.QtWidgets.QGroupBox object at 0x0000025BE7C89480>
2025-06-19 17:01:43,781 - PyQt6.uic.uiparser - DEBUG - pop widget QGroupBox groupBox_2
2025-06-19 17:01:43,781 - PyQt6.uic.uiparser - DEBUG - new topwidget <PyQt6.QtWidgets.QWidget object at 0x0000025BE7C893F0>
2025-06-19 17:01:43,783 - PyQt6.uic.properties - DEBUG - setting property geometry
2025-06-19 17:01:43,783 - PyQt6.uic.properties - DEBUG - setting property sizePolicy
2025-06-19 17:01:43,783 - PyQt6.uic.properties - DEBUG - setting property font
2025-06-19 17:01:43,783 - PyQt6.uic.properties - DEBUG - setting property styleSheet
2025-06-19 17:01:43,783 - PyQt6.uic.properties - DEBUG - setting property text
2025-06-19 17:01:43,783 - PyQt6.uic.properties - DEBUG - setting property alignment
2025-06-19 17:01:43,783 - PyQt6.uic.uiparser - DEBUG - push QLabel label_57
2025-06-19 17:01:43,783 - PyQt6.uic.uiparser - DEBUG - pop widget QLabel label_57
2025-06-19 17:01:43,783 - PyQt6.uic.uiparser - DEBUG - new topwidget <PyQt6.QtWidgets.QWidget object at 0x0000025BE7C893F0>
2025-06-19 17:01:43,783 - PyQt6.uic.uiparser - DEBUG - pop widget QWidget tab_8
2025-06-19 17:01:43,783 - PyQt6.uic.uiparser - DEBUG - new topwidget <PyQt6.QtWidgets.QTabWidget object at 0x0000025BE77351B0>
2025-06-19 17:01:43,783 - PyQt6.uic.uiparser - DEBUG - push QWidget tab_11
2025-06-19 17:01:43,783 - PyQt6.uic.properties - DEBUG - setting property geometry
2025-06-19 17:01:43,783 - PyQt6.uic.properties - DEBUG - setting property font
2025-06-19 17:01:43,783 - PyQt6.uic.properties - DEBUG - setting property focusPolicy
2025-06-19 17:01:43,783 - PyQt6.uic.properties - DEBUG - setting property styleSheet
2025-06-19 17:01:43,783 - PyQt6.uic.properties - DEBUG - setting property currentIndex
2025-06-19 17:01:43,783 - PyQt6.uic.properties - DEBUG - setting property documentMode
2025-06-19 17:01:43,783 - PyQt6.uic.uiparser - DEBUG - push QTabWidget tabWidget_4
2025-06-19 17:01:43,783 - PyQt6.uic.uiparser - DEBUG - push QWidget tab_12
2025-06-19 17:01:43,783 - PyQt6.uic.properties - DEBUG - setting property geometry
2025-06-19 17:01:43,783 - PyQt6.uic.properties - DEBUG - setting property font
2025-06-19 17:01:43,783 - PyQt6.uic.properties - DEBUG - setting property frameShape
2025-06-19 17:01:43,783 - PyQt6.uic.properties - DEBUG - setting property horizontalScrollBarPolicy
2025-06-19 17:01:43,783 - PyQt6.uic.properties - DEBUG - setting property sizeAdjustPolicy
2025-06-19 17:01:43,783 - PyQt6.uic.properties - DEBUG - setting property editTriggers
2025-06-19 17:01:43,783 - PyQt6.uic.properties - DEBUG - setting property sortingEnabled
2025-06-19 17:01:43,783 - PyQt6.uic.uiparser - DEBUG - push QTableWidget tableWidget
2025-06-19 17:01:43,784 - PyQt6.uic.uiparser - DEBUG - pop widget QTableWidget tableWidget
2025-06-19 17:01:43,784 - PyQt6.uic.uiparser - DEBUG - new topwidget <PyQt6.QtWidgets.QWidget object at 0x0000025BE7C8B6D0>
2025-06-19 17:01:43,784 - PyQt6.uic.properties - DEBUG - setting property geometry
2025-06-19 17:01:43,784 - PyQt6.uic.properties - DEBUG - setting property text
2025-06-19 17:01:43,784 - PyQt6.uic.uiparser - DEBUG - push QPushButton pushButton
2025-06-19 17:01:43,784 - PyQt6.uic.uiparser - DEBUG - pop widget QPushButton pushButton
2025-06-19 17:01:43,784 - PyQt6.uic.uiparser - DEBUG - new topwidget <PyQt6.QtWidgets.QWidget object at 0x0000025BE7C8B6D0>
2025-06-19 17:01:43,784 - PyQt6.uic.uiparser - DEBUG - pop widget QWidget tab_12
2025-06-19 17:01:43,784 - PyQt6.uic.uiparser - DEBUG - new topwidget <PyQt6.QtWidgets.QTabWidget object at 0x0000025BE7C8B640>
2025-06-19 17:01:43,787 - PyQt6.uic.uiparser - DEBUG - push QWidget tab_3
2025-06-19 17:01:43,788 - PyQt6.uic.properties - DEBUG - setting property geometry
2025-06-19 17:01:43,788 - PyQt6.uic.properties - DEBUG - setting property autoFormatting
2025-06-19 17:01:43,788 - PyQt6.uic.uiparser - DEBUG - push QTextEdit textEdit
2025-06-19 17:01:43,788 - PyQt6.uic.uiparser - DEBUG - pop widget QTextEdit textEdit
2025-06-19 17:01:43,788 - PyQt6.uic.uiparser - DEBUG - new topwidget <PyQt6.QtWidgets.QWidget object at 0x0000025BE7C8BAC0>
2025-06-19 17:01:43,788 - PyQt6.uic.properties - DEBUG - setting property geometry
2025-06-19 17:01:43,788 - PyQt6.uic.properties - DEBUG - setting property font
2025-06-19 17:01:43,788 - PyQt6.uic.properties - DEBUG - setting property focusPolicy
2025-06-19 17:01:43,788 - PyQt6.uic.properties - DEBUG - setting property toolTip
2025-06-19 17:01:43,788 - PyQt6.uic.properties - DEBUG - setting property styleSheet
2025-06-19 17:01:43,788 - PyQt6.uic.properties - DEBUG - setting property text
2025-06-19 17:01:43,788 - PyQt6.uic.properties - DEBUG - setting property checkable
2025-06-19 17:01:43,788 - PyQt6.uic.uiparser - DEBUG - push QPushButton Read
2025-06-19 17:01:43,788 - PyQt6.uic.uiparser - DEBUG - pop widget QPushButton Read
2025-06-19 17:01:43,788 - PyQt6.uic.uiparser - DEBUG - new topwidget <PyQt6.QtWidgets.QWidget object at 0x0000025BE7C8BAC0>
2025-06-19 17:01:43,788 - PyQt6.uic.properties - DEBUG - setting property geometry
2025-06-19 17:01:43,788 - PyQt6.uic.properties - DEBUG - setting property font
2025-06-19 17:01:43,788 - PyQt6.uic.properties - DEBUG - setting property styleSheet
2025-06-19 17:01:43,788 - PyQt6.uic.properties - DEBUG - setting property text
2025-06-19 17:01:43,788 - PyQt6.uic.properties - DEBUG - setting property alignment
2025-06-19 17:01:43,789 - PyQt6.uic.uiparser - DEBUG - push QLabel label_2
2025-06-19 17:01:43,789 - PyQt6.uic.uiparser - DEBUG - pop widget QLabel label_2
2025-06-19 17:01:43,789 - PyQt6.uic.uiparser - DEBUG - new topwidget <PyQt6.QtWidgets.QWidget object at 0x0000025BE7C8BAC0>
2025-06-19 17:01:43,789 - PyQt6.uic.properties - DEBUG - setting property geometry
2025-06-19 17:01:43,789 - PyQt6.uic.uiparser - DEBUG - push QSpinBox VerboseLevel
2025-06-19 17:01:43,789 - PyQt6.uic.uiparser - DEBUG - pop widget QSpinBox VerboseLevel
2025-06-19 17:01:43,789 - PyQt6.uic.uiparser - DEBUG - new topwidget <PyQt6.QtWidgets.QWidget object at 0x0000025BE7C8BAC0>
2025-06-19 17:01:43,789 - PyQt6.uic.properties - DEBUG - setting property geometry
2025-06-19 17:01:43,789 - PyQt6.uic.properties - DEBUG - setting property toolTip
2025-06-19 17:01:43,789 - PyQt6.uic.properties - DEBUG - setting property styleSheet
2025-06-19 17:01:43,789 - PyQt6.uic.uiparser - DEBUG - push QComboBox filecombo
2025-06-19 17:01:43,789 - PyQt6.uic.uiparser - DEBUG - pop widget QComboBox filecombo
2025-06-19 17:01:43,789 - PyQt6.uic.uiparser - DEBUG - new topwidget <PyQt6.QtWidgets.QWidget object at 0x0000025BE7C8BAC0>
2025-06-19 17:01:43,789 - PyQt6.uic.properties - DEBUG - setting property geometry
2025-06-19 17:01:43,789 - PyQt6.uic.properties - DEBUG - setting property font
2025-06-19 17:01:43,789 - PyQt6.uic.properties - DEBUG - setting property focusPolicy
2025-06-19 17:01:43,789 - PyQt6.uic.properties - DEBUG - setting property toolTip
2025-06-19 17:01:43,789 - PyQt6.uic.properties - DEBUG - setting property styleSheet
2025-06-19 17:01:43,789 - PyQt6.uic.properties - DEBUG - setting property text
2025-06-19 17:01:43,789 - PyQt6.uic.properties - DEBUG - setting property checkable
2025-06-19 17:01:43,789 - PyQt6.uic.uiparser - DEBUG - push QPushButton Update
2025-06-19 17:01:43,789 - PyQt6.uic.uiparser - DEBUG - pop widget QPushButton Update
2025-06-19 17:01:43,789 - PyQt6.uic.uiparser - DEBUG - new topwidget <PyQt6.QtWidgets.QWidget object at 0x0000025BE7C8BAC0>
2025-06-19 17:01:43,789 - PyQt6.uic.properties - DEBUG - setting property geometry
2025-06-19 17:01:43,789 - PyQt6.uic.properties - DEBUG - setting property toolTip
2025-06-19 17:01:43,789 - PyQt6.uic.properties - DEBUG - setting property text
2025-06-19 17:01:43,789 - PyQt6.uic.uiparser - DEBUG - push QPushButton export_files
2025-06-19 17:01:43,789 - PyQt6.uic.uiparser - DEBUG - pop widget QPushButton export_files
2025-06-19 17:01:43,789 - PyQt6.uic.uiparser - DEBUG - new topwidget <PyQt6.QtWidgets.QWidget object at 0x0000025BE7C8BAC0>
2025-06-19 17:01:43,789 - PyQt6.uic.uiparser - DEBUG - pop widget QWidget tab_3
2025-06-19 17:01:43,789 - PyQt6.uic.uiparser - DEBUG - new topwidget <PyQt6.QtWidgets.QTabWidget object at 0x0000025BE7C8B640>
2025-06-19 17:01:43,790 - PyQt6.uic.uiparser - DEBUG - pop widget QTabWidget tabWidget_4
2025-06-19 17:01:43,790 - PyQt6.uic.uiparser - DEBUG - new topwidget <PyQt6.QtWidgets.QWidget object at 0x0000025BE7C8B5B0>
2025-06-19 17:01:43,790 - PyQt6.uic.uiparser - DEBUG - pop widget QWidget tab_11
2025-06-19 17:01:43,790 - PyQt6.uic.uiparser - DEBUG - new topwidget <PyQt6.QtWidgets.QTabWidget object at 0x0000025BE77351B0>
2025-06-19 17:01:43,790 - PyQt6.uic.uiparser - DEBUG - pop widget QTabWidget tabWidget_5
2025-06-19 17:01:43,790 - PyQt6.uic.uiparser - DEBUG - new topwidget <PyQt6.QtWidgets.QWidget object at 0x0000025BE7734040>
2025-06-19 17:01:43,790 - PyQt6.uic.properties - DEBUG - setting property geometry
2025-06-19 17:01:43,790 - PyQt6.uic.properties - DEBUG - setting property sizePolicy
2025-06-19 17:01:43,790 - PyQt6.uic.properties - DEBUG - setting property font
2025-06-19 17:01:43,790 - PyQt6.uic.properties - DEBUG - setting property styleSheet
2025-06-19 17:01:43,790 - PyQt6.uic.properties - DEBUG - setting property title
2025-06-19 17:01:43,790 - PyQt6.uic.uiparser - DEBUG - push QGroupBox groupBox_14
2025-06-19 17:01:43,790 - PyQt6.uic.properties - DEBUG - setting property geometry
2025-06-19 17:01:43,790 - PyQt6.uic.properties - DEBUG - setting property sizePolicy
2025-06-19 17:01:43,790 - PyQt6.uic.properties - DEBUG - setting property font
2025-06-19 17:01:43,790 - PyQt6.uic.properties - DEBUG - setting property styleSheet
2025-06-19 17:01:43,792 - PyQt6.uic.properties - DEBUG - setting property text
2025-06-19 17:01:43,792 - PyQt6.uic.uiparser - DEBUG - push QLabel label_11
2025-06-19 17:01:43,792 - PyQt6.uic.uiparser - DEBUG - pop widget QLabel label_11
2025-06-19 17:01:43,792 - PyQt6.uic.uiparser - DEBUG - new topwidget <PyQt6.QtWidgets.QGroupBox object at 0x0000025BE7C8BF40>
2025-06-19 17:01:43,792 - PyQt6.uic.properties - DEBUG - setting property enabled
2025-06-19 17:01:43,792 - PyQt6.uic.properties - DEBUG - setting property geometry
2025-06-19 17:01:43,792 - PyQt6.uic.properties - DEBUG - setting property sizePolicy
2025-06-19 17:01:43,792 - PyQt6.uic.properties - DEBUG - setting property font
2025-06-19 17:01:43,793 - PyQt6.uic.properties - DEBUG - setting property focusPolicy
2025-06-19 17:01:43,793 - PyQt6.uic.properties - DEBUG - setting property toolTip
2025-06-19 17:01:43,793 - PyQt6.uic.properties - DEBUG - setting property statusTip
2025-06-19 17:01:43,793 - PyQt6.uic.properties - DEBUG - setting property styleSheet
2025-06-19 17:01:43,793 - PyQt6.uic.properties - DEBUG - setting property text
2025-06-19 17:01:43,795 - PyQt6.uic.properties - DEBUG - setting property alignment
2025-06-19 17:01:43,795 - PyQt6.uic.uiparser - DEBUG - push QLineEdit IPAddress
2025-06-19 17:01:43,795 - PyQt6.uic.uiparser - DEBUG - pop widget QLineEdit IPAddress
2025-06-19 17:01:43,795 - PyQt6.uic.uiparser - DEBUG - new topwidget <PyQt6.QtWidgets.QGroupBox object at 0x0000025BE7C8BF40>
2025-06-19 17:01:43,795 - PyQt6.uic.properties - DEBUG - setting property geometry
2025-06-19 17:01:43,795 - PyQt6.uic.properties - DEBUG - setting property sizePolicy
2025-06-19 17:01:43,795 - PyQt6.uic.properties - DEBUG - setting property font
2025-06-19 17:01:43,796 - PyQt6.uic.properties - DEBUG - setting property focusPolicy
2025-06-19 17:01:43,796 - PyQt6.uic.properties - DEBUG - setting property contextMenuPolicy
2025-06-19 17:01:43,796 - PyQt6.uic.properties - DEBUG - setting property toolTip
2025-06-19 17:01:43,796 - PyQt6.uic.properties - DEBUG - setting property statusTip
2025-06-19 17:01:43,796 - PyQt6.uic.properties - DEBUG - setting property autoFillBackground
2025-06-19 17:01:43,796 - PyQt6.uic.properties - DEBUG - setting property styleSheet
2025-06-19 17:01:43,796 - PyQt6.uic.properties - DEBUG - setting property text
2025-06-19 17:01:43,796 - PyQt6.uic.properties - DEBUG - setting property checkable
2025-06-19 17:01:43,796 - PyQt6.uic.properties - DEBUG - setting property checked
2025-06-19 17:01:43,796 - PyQt6.uic.properties - DEBUG - setting property autoRepeat
2025-06-19 17:01:43,796 - PyQt6.uic.uiparser - DEBUG - push QPushButton Connect
2025-06-19 17:01:43,796 - PyQt6.uic.uiparser - DEBUG - pop widget QPushButton Connect
2025-06-19 17:01:43,796 - PyQt6.uic.uiparser - DEBUG - new topwidget <PyQt6.QtWidgets.QGroupBox object at 0x0000025BE7C8BF40>
2025-06-19 17:01:43,796 - PyQt6.uic.properties - DEBUG - setting property geometry
2025-06-19 17:01:43,796 - PyQt6.uic.properties - DEBUG - setting property title
2025-06-19 17:01:43,796 - PyQt6.uic.properties - DEBUG - setting property flat
2025-06-19 17:01:43,796 - PyQt6.uic.uiparser - DEBUG - push QGroupBox diagnosticbox
2025-06-19 17:01:43,796 - PyQt6.uic.properties - DEBUG - setting property geometry
2025-06-19 17:01:43,796 - PyQt6.uic.uiparser - DEBUG - push QWidget gridLayoutWidget_23
2025-06-19 17:01:43,796 - PyQt6.uic.properties - DEBUG - setting property horizontalSpacing
2025-06-19 17:01:43,796 - PyQt6.uic.properties - DEBUG - setting property pyuicMargins
2025-06-19 17:01:43,796 - PyQt6.uic.properties - DEBUG - setting property pyuicSpacing
2025-06-19 17:01:43,796 - PyQt6.uic.uiparser - DEBUG - push QGridLayout gridLayout_24
2025-06-19 17:01:43,796 - PyQt6.uic.properties - DEBUG - setting property sizePolicy
2025-06-19 17:01:43,796 - PyQt6.uic.properties - DEBUG - setting property font
2025-06-19 17:01:43,797 - PyQt6.uic.properties - DEBUG - setting property styleSheet
2025-06-19 17:01:43,797 - PyQt6.uic.properties - DEBUG - setting property text
2025-06-19 17:01:43,797 - PyQt6.uic.uiparser - DEBUG - push QLabel EcatMasterState
2025-06-19 17:01:43,797 - PyQt6.uic.uiparser - DEBUG - pop widget QLabel EcatMasterState
2025-06-19 17:01:43,797 - PyQt6.uic.uiparser - DEBUG - new topwidget <PyQt6.QtWidgets.QWidget object at 0x0000025BE7C94310>
2025-06-19 17:01:43,797 - PyQt6.uic.properties - DEBUG - setting property sizePolicy
2025-06-19 17:01:43,797 - PyQt6.uic.properties - DEBUG - setting property font
2025-06-19 17:01:43,797 - PyQt6.uic.properties - DEBUG - setting property focusPolicy
2025-06-19 17:01:43,797 - PyQt6.uic.properties - DEBUG - setting property alignment
2025-06-19 17:01:43,797 - PyQt6.uic.properties - DEBUG - setting property readOnly
2025-06-19 17:01:43,797 - PyQt6.uic.uiparser - DEBUG - push QLineEdit EcMasterDemo
2025-06-19 17:01:43,797 - PyQt6.uic.uiparser - DEBUG - pop widget QLineEdit EcMasterDemo
2025-06-19 17:01:43,797 - PyQt6.uic.uiparser - DEBUG - new topwidget <PyQt6.QtWidgets.QWidget object at 0x0000025BE7C94310>
2025-06-19 17:01:43,797 - PyQt6.uic.properties - DEBUG - setting property sizePolicy
2025-06-19 17:01:43,797 - PyQt6.uic.properties - DEBUG - setting property font
2025-06-19 17:01:43,797 - PyQt6.uic.properties - DEBUG - setting property text
2025-06-19 17:01:43,797 - PyQt6.uic.uiparser - DEBUG - push QLabel EcMasterDemo_2
2025-06-19 17:01:43,797 - PyQt6.uic.uiparser - DEBUG - pop widget QLabel EcMasterDemo_2
2025-06-19 17:01:43,797 - PyQt6.uic.uiparser - DEBUG - new topwidget <PyQt6.QtWidgets.QWidget object at 0x0000025BE7C94310>
2025-06-19 17:01:43,797 - PyQt6.uic.properties - DEBUG - setting property sizePolicy
2025-06-19 17:01:43,797 - PyQt6.uic.properties - DEBUG - setting property font
2025-06-19 17:01:43,797 - PyQt6.uic.properties - DEBUG - setting property focusPolicy
2025-06-19 17:01:43,797 - PyQt6.uic.properties - DEBUG - setting property statusTip
2025-06-19 17:01:43,797 - PyQt6.uic.properties - DEBUG - setting property alignment
2025-06-19 17:01:43,797 - PyQt6.uic.properties - DEBUG - setting property readOnly
2025-06-19 17:01:43,797 - PyQt6.uic.uiparser - DEBUG - push QLineEdit EcatMasterState_2
2025-06-19 17:01:43,797 - PyQt6.uic.uiparser - DEBUG - pop widget QLineEdit EcatMasterState_2
2025-06-19 17:01:43,797 - PyQt6.uic.uiparser - DEBUG - new topwidget <PyQt6.QtWidgets.QWidget object at 0x0000025BE7C94310>
2025-06-19 17:01:43,797 - PyQt6.uic.properties - DEBUG - setting property sizePolicy
2025-06-19 17:01:43,797 - PyQt6.uic.properties - DEBUG - setting property font
2025-06-19 17:01:43,797 - PyQt6.uic.properties - DEBUG - setting property focusPolicy
2025-06-19 17:01:43,797 - PyQt6.uic.properties - DEBUG - setting property statusTip
2025-06-19 17:01:43,797 - PyQt6.uic.properties - DEBUG - setting property styleSheet
2025-06-19 17:01:43,797 - PyQt6.uic.properties - DEBUG - setting property alignment
2025-06-19 17:01:43,797 - PyQt6.uic.properties - DEBUG - setting property readOnly
2025-06-19 17:01:43,797 - PyQt6.uic.uiparser - DEBUG - push QLineEdit Servocount
2025-06-19 17:01:43,797 - PyQt6.uic.uiparser - DEBUG - pop widget QLineEdit Servocount
2025-06-19 17:01:43,797 - PyQt6.uic.uiparser - DEBUG - new topwidget <PyQt6.QtWidgets.QWidget object at 0x0000025BE7C94310>
2025-06-19 17:01:43,797 - PyQt6.uic.properties - DEBUG - setting property sizePolicy
2025-06-19 17:01:43,798 - PyQt6.uic.properties - DEBUG - setting property font
2025-06-19 17:01:43,798 - PyQt6.uic.properties - DEBUG - setting property text
2025-06-19 17:01:43,798 - PyQt6.uic.uiparser - DEBUG - push QLabel RasServer_2
2025-06-19 17:01:43,798 - PyQt6.uic.uiparser - DEBUG - pop widget QLabel RasServer_2
2025-06-19 17:01:43,798 - PyQt6.uic.uiparser - DEBUG - new topwidget <PyQt6.QtWidgets.QWidget object at 0x0000025BE7C94310>
2025-06-19 17:01:43,798 - PyQt6.uic.properties - DEBUG - setting property sizePolicy
2025-06-19 17:01:43,798 - PyQt6.uic.properties - DEBUG - setting property font
2025-06-19 17:01:43,798 - PyQt6.uic.properties - DEBUG - setting property styleSheet
2025-06-19 17:01:43,798 - PyQt6.uic.properties - DEBUG - setting property text
2025-06-19 17:01:43,798 - PyQt6.uic.properties - DEBUG - setting property alignment
2025-06-19 17:01:43,798 - PyQt6.uic.uiparser - DEBUG - push QLabel Servocount_2
2025-06-19 17:01:43,798 - PyQt6.uic.uiparser - DEBUG - pop widget QLabel Servocount_2
2025-06-19 17:01:43,798 - PyQt6.uic.uiparser - DEBUG - new topwidget <PyQt6.QtWidgets.QWidget object at 0x0000025BE7C94310>
2025-06-19 17:01:43,798 - PyQt6.uic.properties - DEBUG - setting property sizePolicy
2025-06-19 17:01:43,798 - PyQt6.uic.properties - DEBUG - setting property font
2025-06-19 17:01:43,798 - PyQt6.uic.properties - DEBUG - setting property focusPolicy
2025-06-19 17:01:43,798 - PyQt6.uic.properties - DEBUG - setting property alignment
2025-06-19 17:01:43,798 - PyQt6.uic.properties - DEBUG - setting property readOnly
2025-06-19 17:01:43,798 - PyQt6.uic.uiparser - DEBUG - push QLineEdit RasServer
2025-06-19 17:01:43,798 - PyQt6.uic.uiparser - DEBUG - pop widget QLineEdit RasServer
2025-06-19 17:01:43,798 - PyQt6.uic.uiparser - DEBUG - new topwidget <PyQt6.QtWidgets.QWidget object at 0x0000025BE7C94310>
2025-06-19 17:01:43,798 - PyQt6.uic.uiparser - DEBUG - pop layout QGridLayout gridLayout_24
2025-06-19 17:01:43,798 - PyQt6.uic.uiparser - DEBUG - pop widget QWidget gridLayoutWidget_23
2025-06-19 17:01:43,798 - PyQt6.uic.uiparser - DEBUG - new topwidget <PyQt6.QtWidgets.QGroupBox object at 0x0000025BE7C94280>
2025-06-19 17:01:43,798 - PyQt6.uic.uiparser - DEBUG - pop widget QGroupBox diagnosticbox
2025-06-19 17:01:43,798 - PyQt6.uic.uiparser - DEBUG - new topwidget <PyQt6.QtWidgets.QGroupBox object at 0x0000025BE7C8BF40>
2025-06-19 17:01:43,799 - PyQt6.uic.properties - DEBUG - setting property enabled
2025-06-19 17:01:43,799 - PyQt6.uic.properties - DEBUG - setting property geometry
2025-06-19 17:01:43,799 - PyQt6.uic.properties - DEBUG - setting property sizePolicy
2025-06-19 17:01:43,799 - PyQt6.uic.properties - DEBUG - setting property font
2025-06-19 17:01:43,799 - PyQt6.uic.properties - DEBUG - setting property focusPolicy
2025-06-19 17:01:43,799 - PyQt6.uic.properties - DEBUG - setting property toolTip
2025-06-19 17:01:43,799 - PyQt6.uic.properties - DEBUG - setting property statusTip
2025-06-19 17:01:43,799 - PyQt6.uic.properties - DEBUG - setting property styleSheet
2025-06-19 17:01:43,799 - PyQt6.uic.properties - DEBUG - setting property text
2025-06-19 17:01:43,799 - PyQt6.uic.properties - DEBUG - setting property checkable
2025-06-19 17:01:43,799 - PyQt6.uic.uiparser - DEBUG - push QPushButton Diagnostic
2025-06-19 17:01:43,799 - PyQt6.uic.uiparser - DEBUG - pop widget QPushButton Diagnostic
2025-06-19 17:01:43,799 - PyQt6.uic.uiparser - DEBUG - new topwidget <PyQt6.QtWidgets.QGroupBox object at 0x0000025BE7C8BF40>
2025-06-19 17:01:43,799 - PyQt6.uic.properties - DEBUG - setting property geometry
2025-06-19 17:01:43,799 - PyQt6.uic.properties - DEBUG - setting property sizePolicy
2025-06-19 17:01:43,799 - PyQt6.uic.properties - DEBUG - setting property minimumSize
2025-06-19 17:01:43,799 - PyQt6.uic.properties - DEBUG - setting property focusPolicy
2025-06-19 17:01:43,799 - PyQt6.uic.properties - DEBUG - setting property layoutDirection
2025-06-19 17:01:43,799 - PyQt6.uic.properties - DEBUG - setting property value
2025-06-19 17:01:43,800 - PyQt6.uic.properties - DEBUG - setting property alignment
2025-06-19 17:01:43,800 - PyQt6.uic.properties - DEBUG - setting property orientation
2025-06-19 17:01:43,800 - PyQt6.uic.uiparser - DEBUG - push QProgressBar progressBar
2025-06-19 17:01:43,800 - PyQt6.uic.uiparser - DEBUG - pop widget QProgressBar progressBar
2025-06-19 17:01:43,800 - PyQt6.uic.uiparser - DEBUG - new topwidget <PyQt6.QtWidgets.QGroupBox object at 0x0000025BE7C8BF40>
2025-06-19 17:01:43,800 - PyQt6.uic.uiparser - DEBUG - pop widget QGroupBox groupBox_14
2025-06-19 17:01:43,800 - PyQt6.uic.uiparser - DEBUG - new topwidget <PyQt6.QtWidgets.QWidget object at 0x0000025BE7734040>
2025-06-19 17:01:43,800 - PyQt6.uic.properties - DEBUG - setting property geometry
2025-06-19 17:01:43,800 - PyQt6.uic.uiparser - DEBUG - push QWidget horizontalLayoutWidget
2025-06-19 17:01:43,800 - PyQt6.uic.properties - DEBUG - setting property spacing
2025-06-19 17:01:43,800 - PyQt6.uic.properties - DEBUG - setting property sizeConstraint
2025-06-19 17:01:43,800 - PyQt6.uic.properties - DEBUG - setting property pyuicMargins
2025-06-19 17:01:43,800 - PyQt6.uic.properties - DEBUG - setting property pyuicSpacing
2025-06-19 17:01:43,800 - PyQt6.uic.uiparser - DEBUG - push QHBoxLayout horizontalLayout
2025-06-19 17:01:43,800 - PyQt6.uic.properties - DEBUG - setting property enabled
2025-06-19 17:01:43,800 - PyQt6.uic.properties - DEBUG - setting property sizePolicy
2025-06-19 17:01:43,800 - PyQt6.uic.properties - DEBUG - setting property minimumSize
2025-06-19 17:01:43,800 - PyQt6.uic.properties - DEBUG - setting property font
2025-06-19 17:01:43,800 - PyQt6.uic.properties - DEBUG - setting property focusPolicy
2025-06-19 17:01:43,800 - PyQt6.uic.properties - DEBUG - setting property toolTip
2025-06-19 17:01:43,800 - PyQt6.uic.properties - DEBUG - setting property statusTip
2025-06-19 17:01:43,800 - PyQt6.uic.properties - DEBUG - setting property styleSheet
2025-06-19 17:01:43,800 - PyQt6.uic.properties - DEBUG - setting property text
2025-06-19 17:01:43,800 - PyQt6.uic.properties - DEBUG - setting property checkable
2025-06-19 17:01:43,800 - PyQt6.uic.uiparser - DEBUG - push QPushButton ecatreset
2025-06-19 17:01:43,800 - PyQt6.uic.uiparser - DEBUG - pop widget QPushButton ecatreset
2025-06-19 17:01:43,800 - PyQt6.uic.uiparser - DEBUG - new topwidget <PyQt6.QtWidgets.QWidget object at 0x0000025BE7C949D0>
2025-06-19 17:01:43,801 - PyQt6.uic.properties - DEBUG - setting property sizePolicy
2025-06-19 17:01:43,801 - PyQt6.uic.properties - DEBUG - setting property minimumSize
2025-06-19 17:01:43,801 - PyQt6.uic.properties - DEBUG - setting property font
2025-06-19 17:01:43,801 - PyQt6.uic.properties - DEBUG - setting property focusPolicy
2025-06-19 17:01:43,801 - PyQt6.uic.properties - DEBUG - setting property toolTip
2025-06-19 17:01:43,801 - PyQt6.uic.properties - DEBUG - setting property statusTip
2025-06-19 17:01:43,801 - PyQt6.uic.properties - DEBUG - setting property styleSheet
2025-06-19 17:01:43,801 - PyQt6.uic.properties - DEBUG - setting property text
2025-06-19 17:01:43,801 - PyQt6.uic.properties - DEBUG - setting property checkable
2025-06-19 17:01:43,801 - PyQt6.uic.uiparser - DEBUG - push QPushButton Scan
2025-06-19 17:01:43,801 - PyQt6.uic.uiparser - DEBUG - pop widget QPushButton Scan
2025-06-19 17:01:43,801 - PyQt6.uic.uiparser - DEBUG - new topwidget <PyQt6.QtWidgets.QWidget object at 0x0000025BE7C949D0>
2025-06-19 17:01:43,801 - PyQt6.uic.properties - DEBUG - setting property sizePolicy
2025-06-19 17:01:43,801 - PyQt6.uic.properties - DEBUG - setting property minimumSize
2025-06-19 17:01:43,801 - PyQt6.uic.properties - DEBUG - setting property font
2025-06-19 17:01:43,801 - PyQt6.uic.properties - DEBUG - setting property focusPolicy
2025-06-19 17:01:43,801 - PyQt6.uic.properties - DEBUG - setting property toolTip
2025-06-19 17:01:43,801 - PyQt6.uic.properties - DEBUG - setting property statusTip
2025-06-19 17:01:43,801 - PyQt6.uic.properties - DEBUG - setting property styleSheet
2025-06-19 17:01:43,801 - PyQt6.uic.properties - DEBUG - setting property text
2025-06-19 17:01:43,801 - PyQt6.uic.properties - DEBUG - setting property checkable
2025-06-19 17:01:43,801 - PyQt6.uic.uiparser - DEBUG - push QPushButton ecatenable
2025-06-19 17:01:43,801 - PyQt6.uic.uiparser - DEBUG - pop widget QPushButton ecatenable
2025-06-19 17:01:43,802 - PyQt6.uic.uiparser - DEBUG - new topwidget <PyQt6.QtWidgets.QWidget object at 0x0000025BE7C949D0>
2025-06-19 17:01:43,802 - PyQt6.uic.uiparser - DEBUG - pop layout QHBoxLayout horizontalLayout
2025-06-19 17:01:43,802 - PyQt6.uic.uiparser - DEBUG - pop widget QWidget horizontalLayoutWidget
2025-06-19 17:01:43,802 - PyQt6.uic.uiparser - DEBUG - new topwidget <PyQt6.QtWidgets.QWidget object at 0x0000025BE7734040>
2025-06-19 17:01:43,802 - PyQt6.uic.uiparser - DEBUG - pop widget QWidget centralwidget
2025-06-19 17:01:43,802 - PyQt6.uic.uiparser - DEBUG - new topwidget <ui.MainWindow object at 0x0000025BE2ACB640>
2025-06-19 17:01:43,822 - PyQt6.uic.properties - DEBUG - setting property geometry
2025-06-19 17:01:43,822 - PyQt6.uic.uiparser - DEBUG - push QMenuBar menubar
2025-06-19 17:01:43,822 - PyQt6.uic.properties - DEBUG - setting property title
2025-06-19 17:01:43,822 - PyQt6.uic.uiparser - DEBUG - push QMenu menuHelp
2025-06-19 17:01:43,822 - PyQt6.uic.uiparser - DEBUG - pop widget QMenu menuHelp
2025-06-19 17:01:43,822 - PyQt6.uic.uiparser - DEBUG - new topwidget <PyQt6.QtWidgets.QMenuBar object at 0x0000025BE7C94DC0>
2025-06-19 17:01:43,822 - PyQt6.uic.properties - DEBUG - setting property title
2025-06-19 17:01:43,822 - PyQt6.uic.uiparser - DEBUG - push QMenu menuView
2025-06-19 17:01:43,822 - PyQt6.uic.uiparser - DEBUG - pop widget QMenu menuView
2025-06-19 17:01:43,822 - PyQt6.uic.uiparser - DEBUG - new topwidget <PyQt6.QtWidgets.QMenuBar object at 0x0000025BE7C94DC0>
2025-06-19 17:01:43,822 - PyQt6.uic.properties - DEBUG - setting property title
2025-06-19 17:01:43,823 - PyQt6.uic.uiparser - DEBUG - push QMenu menuConsole_Output
2025-06-19 17:01:43,823 - PyQt6.uic.uiparser - DEBUG - pop widget QMenu menuConsole_Output
2025-06-19 17:01:43,823 - PyQt6.uic.uiparser - DEBUG - new topwidget <PyQt6.QtWidgets.QMenuBar object at 0x0000025BE7C94DC0>
2025-06-19 17:01:43,823 - PyQt6.uic.uiparser - DEBUG - pop widget QMenuBar menubar
2025-06-19 17:01:43,823 - PyQt6.uic.uiparser - DEBUG - new topwidget <ui.MainWindow object at 0x0000025BE2ACB640>
2025-06-19 17:01:43,823 - PyQt6.uic.properties - DEBUG - setting property sizeGripEnabled
2025-06-19 17:01:43,823 - PyQt6.uic.uiparser - DEBUG - push QStatusBar statusbar
2025-06-19 17:01:43,823 - PyQt6.uic.uiparser - DEBUG - pop widget QStatusBar statusbar
2025-06-19 17:01:43,823 - PyQt6.uic.uiparser - DEBUG - new topwidget <ui.MainWindow object at 0x0000025BE2ACB640>
2025-06-19 17:01:43,823 - PyQt6.uic.properties - DEBUG - setting property text
2025-06-19 17:01:43,823 - PyQt6.uic.properties - DEBUG - setting property text
2025-06-19 17:01:43,823 - PyQt6.uic.properties - DEBUG - setting property text
2025-06-19 17:01:43,824 - PyQt6.uic.properties - DEBUG - setting property checkable
2025-06-19 17:01:43,824 - PyQt6.uic.properties - DEBUG - setting property text
2025-06-19 17:01:43,824 - PyQt6.uic.properties - DEBUG - setting property checkable
2025-06-19 17:01:43,824 - PyQt6.uic.properties - DEBUG - setting property text
2025-06-19 17:01:43,824 - PyQt6.uic.properties - DEBUG - setting property checkable
2025-06-19 17:01:43,824 - PyQt6.uic.properties - DEBUG - setting property text
2025-06-19 17:01:43,824 - PyQt6.uic.properties - DEBUG - setting property checkable
2025-06-19 17:01:43,824 - PyQt6.uic.properties - DEBUG - setting property text
2025-06-19 17:01:43,824 - PyQt6.uic.properties - DEBUG - setting property checkable
2025-06-19 17:01:43,824 - PyQt6.uic.properties - DEBUG - setting property text
2025-06-19 17:01:43,824 - PyQt6.uic.properties - DEBUG - setting property text
2025-06-19 17:01:43,824 - PyQt6.uic.properties - DEBUG - setting property text
2025-06-19 17:01:43,824 - PyQt6.uic.properties - DEBUG - setting property checkable
2025-06-19 17:01:43,824 - PyQt6.uic.properties - DEBUG - setting property checked
2025-06-19 17:01:43,824 - PyQt6.uic.properties - DEBUG - setting property text
2025-06-19 17:01:43,824 - PyQt6.uic.uiparser - DEBUG - pop widget MainWindow MainWindow
2025-06-19 17:01:43,824 - PyQt6.uic.uiparser - DEBUG - new topwidget None
2025-06-19 17:01:43,824 - PyQt6.uic.uiparser - DEBUG - add action actionEcMaster_Error_Codes to menuHelp
2025-06-19 17:01:43,824 - PyQt6.uic.uiparser - DEBUG - add action actionAbout to menuHelp
2025-06-19 17:01:43,824 - PyQt6.uic.uiparser - DEBUG - add action actionCoE_Data_Type_Help to menuView
2025-06-19 17:01:43,824 - PyQt6.uic.uiparser - DEBUG - add action actionShow_Command to menuView
2025-06-19 17:01:43,824 - PyQt6.uic.uiparser - DEBUG - add action actionesi to menuView
2025-06-19 17:01:43,824 - PyQt6.uic.uiparser - DEBUG - add action actionShow_Warning_Messages to menuView
2025-06-19 17:01:43,824 - PyQt6.uic.uiparser - DEBUG - add action actionShow_Console_Output_Window to menuConsole_Output
2025-06-19 17:01:43,824 - PyQt6.uic.uiparser - DEBUG - add action menuView to menubar
2025-06-19 17:01:43,824 - PyQt6.uic.uiparser - DEBUG - add action menuConsole_Output to menubar
2025-06-19 17:01:43,825 - PyQt6.uic.uiparser - DEBUG - add action menuHelp to menubar
2025-06-19 17:01:43,827 - PyQt6.uic.uiparser - DEBUG - toplevel widget is QDialog
2025-06-19 17:01:43,827 - PyQt6.uic.properties - DEBUG - setting property geometry
2025-06-19 17:01:43,827 - PyQt6.uic.properties - DEBUG - setting property windowTitle
2025-06-19 17:01:43,827 - PyQt6.uic.uiparser - DEBUG - push QDialog Dialog
2025-06-19 17:01:43,827 - PyQt6.uic.properties - DEBUG - setting property geometry
2025-06-19 17:01:43,828 - PyQt6.uic.properties - DEBUG - setting property orientation
2025-06-19 17:01:43,828 - PyQt6.uic.properties - DEBUG - setting property standardButtons
2025-06-19 17:01:43,828 - PyQt6.uic.uiparser - DEBUG - push QDialogButtonBox buttonBox
2025-06-19 17:01:43,828 - PyQt6.uic.uiparser - DEBUG - pop widget QDialogButtonBox buttonBox
2025-06-19 17:01:43,828 - PyQt6.uic.uiparser - DEBUG - new topwidget <PyQt6.QtWidgets.QDialog object at 0x0000025BE2ACB910>
2025-06-19 17:01:43,828 - PyQt6.uic.properties - DEBUG - setting property geometry
2025-06-19 17:01:43,828 - PyQt6.uic.properties - DEBUG - setting property text
2025-06-19 17:01:43,828 - PyQt6.uic.properties - DEBUG - setting property echoMode
2025-06-19 17:01:43,828 - PyQt6.uic.properties - DEBUG - setting property readOnly
2025-06-19 17:01:43,828 - PyQt6.uic.uiparser - DEBUG - push QLineEdit password_edit
2025-06-19 17:01:43,828 - PyQt6.uic.uiparser - DEBUG - pop widget QLineEdit password_edit
2025-06-19 17:01:43,828 - PyQt6.uic.uiparser - DEBUG - new topwidget <PyQt6.QtWidgets.QDialog object at 0x0000025BE2ACB910>
2025-06-19 17:01:43,828 - PyQt6.uic.properties - DEBUG - setting property geometry
2025-06-19 17:01:43,828 - PyQt6.uic.properties - DEBUG - setting property text
2025-06-19 17:01:43,829 - PyQt6.uic.uiparser - DEBUG - push QLabel label
2025-06-19 17:01:43,829 - PyQt6.uic.uiparser - DEBUG - pop widget QLabel label
2025-06-19 17:01:43,829 - PyQt6.uic.uiparser - DEBUG - new topwidget <PyQt6.QtWidgets.QDialog object at 0x0000025BE2ACB910>
2025-06-19 17:01:43,829 - PyQt6.uic.uiparser - DEBUG - pop widget QDialog Dialog
2025-06-19 17:01:43,829 - PyQt6.uic.uiparser - DEBUG - new topwidget None
2025-06-19 17:01:43,830 - PyQt6.uic.uiparser - DEBUG - toplevel widget is QDialog
2025-06-19 17:01:43,830 - PyQt6.uic.properties - DEBUG - setting property geometry
2025-06-19 17:01:43,830 - PyQt6.uic.properties - DEBUG - setting property minimumSize
2025-06-19 17:01:43,830 - PyQt6.uic.properties - DEBUG - setting property maximumSize
2025-06-19 17:01:43,830 - PyQt6.uic.properties - DEBUG - setting property windowTitle
2025-06-19 17:01:43,830 - PyQt6.uic.uiparser - DEBUG - push QDialog Dialog
2025-06-19 17:01:43,830 - PyQt6.uic.properties - DEBUG - setting property geometry
2025-06-19 17:01:43,830 - PyQt6.uic.properties - DEBUG - setting property text
2025-06-19 17:01:43,830 - PyQt6.uic.uiparser - DEBUG - push QPushButton pushButton
2025-06-19 17:01:43,830 - PyQt6.uic.uiparser - DEBUG - pop widget QPushButton pushButton
2025-06-19 17:01:43,830 - PyQt6.uic.uiparser - DEBUG - new topwidget <PyQt6.QtWidgets.QDialog object at 0x0000025BE7C95990>
2025-06-19 17:01:43,830 - PyQt6.uic.properties - DEBUG - setting property geometry
2025-06-19 17:01:43,830 - PyQt6.uic.uiparser - DEBUG - push QWidget verticalLayoutWidget
2025-06-19 17:01:43,830 - PyQt6.uic.properties - DEBUG - setting property pyuicMargins
2025-06-19 17:01:43,830 - PyQt6.uic.uiparser - DEBUG - push QVBoxLayout verticalLayout
2025-06-19 17:01:43,830 - PyQt6.uic.properties - DEBUG - setting property sizePolicy
2025-06-19 17:01:43,831 - PyQt6.uic.properties - DEBUG - setting property font
2025-06-19 17:01:43,831 - PyQt6.uic.properties - DEBUG - setting property styleSheet
2025-06-19 17:01:43,831 - PyQt6.uic.properties - DEBUG - setting property frameShadow
2025-06-19 17:01:43,831 - PyQt6.uic.properties - DEBUG - setting property text
2025-06-19 17:01:43,831 - PyQt6.uic.properties - DEBUG - setting property alignment
2025-06-19 17:01:43,831 - PyQt6.uic.uiparser - DEBUG - push QLabel label_11
2025-06-19 17:01:43,831 - PyQt6.uic.uiparser - DEBUG - pop widget QLabel label_11
2025-06-19 17:01:43,831 - PyQt6.uic.uiparser - DEBUG - new topwidget <PyQt6.QtWidgets.QWidget object at 0x0000025BE7C95AB0>
2025-06-19 17:01:43,831 - PyQt6.uic.properties - DEBUG - setting property sizePolicy
2025-06-19 17:01:43,831 - PyQt6.uic.properties - DEBUG - setting property font
2025-06-19 17:01:43,831 - PyQt6.uic.properties - DEBUG - setting property styleSheet
2025-06-19 17:01:43,831 - PyQt6.uic.properties - DEBUG - setting property frameShadow
2025-06-19 17:01:43,831 - PyQt6.uic.properties - DEBUG - setting property text
2025-06-19 17:01:43,831 - PyQt6.uic.properties - DEBUG - setting property alignment
2025-06-19 17:01:43,831 - PyQt6.uic.uiparser - DEBUG - push QLabel label_13
2025-06-19 17:01:43,831 - PyQt6.uic.uiparser - DEBUG - pop widget QLabel label_13
2025-06-19 17:01:43,831 - PyQt6.uic.uiparser - DEBUG - new topwidget <PyQt6.QtWidgets.QWidget object at 0x0000025BE7C95AB0>
2025-06-19 17:01:43,831 - PyQt6.uic.uiparser - DEBUG - pop layout QVBoxLayout verticalLayout
2025-06-19 17:01:43,831 - PyQt6.uic.uiparser - DEBUG - pop widget QWidget verticalLayoutWidget
2025-06-19 17:01:43,831 - PyQt6.uic.uiparser - DEBUG - new topwidget <PyQt6.QtWidgets.QDialog object at 0x0000025BE7C95990>
2025-06-19 17:01:43,831 - PyQt6.uic.uiparser - DEBUG - pop widget QDialog Dialog
2025-06-19 17:01:43,831 - PyQt6.uic.uiparser - DEBUG - new topwidget None
2025-06-19 17:01:43,832 - PyQt6.uic.uiparser - DEBUG - toplevel widget is QDialog
2025-06-19 17:01:43,832 - PyQt6.uic.properties - DEBUG - setting property geometry
2025-06-19 17:01:43,832 - PyQt6.uic.properties - DEBUG - setting property windowTitle
2025-06-19 17:01:43,832 - PyQt6.uic.uiparser - DEBUG - push QDialog Dialog
2025-06-19 17:01:43,833 - PyQt6.uic.properties - DEBUG - setting property geometry
2025-06-19 17:01:43,833 - PyQt6.uic.properties - DEBUG - setting property html
2025-06-19 17:01:43,833 - PyQt6.uic.uiparser - DEBUG - push QTextEdit textEdit
2025-06-19 17:01:43,833 - PyQt6.uic.uiparser - DEBUG - pop widget QTextEdit textEdit
2025-06-19 17:01:43,833 - PyQt6.uic.uiparser - DEBUG - new topwidget <PyQt6.QtWidgets.QDialog object at 0x0000025BE7C95A20>
2025-06-19 17:01:43,833 - PyQt6.uic.uiparser - DEBUG - pop widget QDialog Dialog
2025-06-19 17:01:43,833 - PyQt6.uic.uiparser - DEBUG - new topwidget None
2025-06-19 17:01:43,834 - PyQt6.uic.uiparser - DEBUG - toplevel widget is QDialog
2025-06-19 17:01:43,834 - PyQt6.uic.properties - DEBUG - setting property geometry
2025-06-19 17:01:43,834 - PyQt6.uic.properties - DEBUG - setting property windowTitle
2025-06-19 17:01:43,834 - PyQt6.uic.uiparser - DEBUG - push QDialog Dialog
2025-06-19 17:01:43,834 - PyQt6.uic.properties - DEBUG - setting property geometry
2025-06-19 17:01:43,834 - PyQt6.uic.properties - DEBUG - setting property readOnly
2025-06-19 17:01:43,834 - PyQt6.uic.properties - DEBUG - setting property html
2025-06-19 17:01:43,835 - PyQt6.uic.uiparser - DEBUG - push QTextEdit textEdit
2025-06-19 17:01:43,835 - PyQt6.uic.uiparser - DEBUG - pop widget QTextEdit textEdit
2025-06-19 17:01:43,835 - PyQt6.uic.uiparser - DEBUG - new topwidget <PyQt6.QtWidgets.QDialog object at 0x0000025BE7C95E10>
2025-06-19 17:01:43,835 - PyQt6.uic.uiparser - DEBUG - pop widget QDialog Dialog
2025-06-19 17:01:43,835 - PyQt6.uic.uiparser - DEBUG - new topwidget None
2025-06-19 17:01:53,670 - paramiko.transport - DEBUG - starting thread (client mode): 0xe76948d0
2025-06-19 17:01:53,670 - paramiko.transport - DEBUG - starting thread (client mode): 0xe76948d0
2025-06-19 17:01:53,670 - paramiko.transport - DEBUG - Local version/idstring: SSH-2.0-paramiko_3.4.0
2025-06-19 17:01:53,670 - paramiko.transport - DEBUG - Local version/idstring: SSH-2.0-paramiko_3.4.0
2025-06-19 17:01:53,780 - paramiko.transport - DEBUG - Remote version/idstring: SSH-2.0-OpenSSH_6.0p1 Debian-4+deb7u6
2025-06-19 17:01:53,780 - paramiko.transport - DEBUG - Remote version/idstring: SSH-2.0-OpenSSH_6.0p1 Debian-4+deb7u6
2025-06-19 17:01:53,780 - paramiko.transport - INFO - Connected (version 2.0, client OpenSSH_6.0p1)
2025-06-19 17:01:53,780 - paramiko.transport - INFO - Connected (version 2.0, client OpenSSH_6.0p1)
2025-06-19 17:01:53,785 - paramiko.transport - DEBUG - === Key exchange possibilities ===
2025-06-19 17:01:53,785 - paramiko.transport - DEBUG - === Key exchange possibilities ===
2025-06-19 17:01:53,785 - paramiko.transport - DEBUG - kex algos: ecdh-sha2-nistp256, ecdh-sha2-nistp384, ecdh-sha2-nistp521, diffie-hellman-group-exchange-sha256, diffie-hellman-group-exchange-sha1, diffie-hellman-group14-sha1, diffie-hellman-group1-sha1
2025-06-19 17:01:53,785 - paramiko.transport - DEBUG - kex algos: ecdh-sha2-nistp256, ecdh-sha2-nistp384, ecdh-sha2-nistp521, diffie-hellman-group-exchange-sha256, diffie-hellman-group-exchange-sha1, diffie-hellman-group14-sha1, diffie-hellman-group1-sha1
2025-06-19 17:01:53,785 - paramiko.transport - DEBUG - server key: ssh-rsa, ssh-dss, ecdsa-sha2-nistp256
2025-06-19 17:01:53,785 - paramiko.transport - DEBUG - server key: ssh-rsa, ssh-dss, ecdsa-sha2-nistp256
2025-06-19 17:01:53,785 - paramiko.transport - DEBUG - client encrypt: aes128-ctr, aes192-ctr, aes256-ctr, arcfour256, arcfour128, aes128-cbc, 3des-cbc, blowfish-cbc, cast128-cbc, aes192-cbc, aes256-cbc, arcfour, rijndael-cbc@lysator.liu.se
2025-06-19 17:01:53,785 - paramiko.transport - DEBUG - client encrypt: aes128-ctr, aes192-ctr, aes256-ctr, arcfour256, arcfour128, aes128-cbc, 3des-cbc, blowfish-cbc, cast128-cbc, aes192-cbc, aes256-cbc, arcfour, rijndael-cbc@lysator.liu.se
2025-06-19 17:01:53,785 - paramiko.transport - DEBUG - server encrypt: aes128-ctr, aes192-ctr, aes256-ctr, arcfour256, arcfour128, aes128-cbc, 3des-cbc, blowfish-cbc, cast128-cbc, aes192-cbc, aes256-cbc, arcfour, rijndael-cbc@lysator.liu.se
2025-06-19 17:01:53,785 - paramiko.transport - DEBUG - server encrypt: aes128-ctr, aes192-ctr, aes256-ctr, arcfour256, arcfour128, aes128-cbc, 3des-cbc, blowfish-cbc, cast128-cbc, aes192-cbc, aes256-cbc, arcfour, rijndael-cbc@lysator.liu.se
2025-06-19 17:01:53,785 - paramiko.transport - DEBUG - client mac: hmac-md5, hmac-sha1, umac-64@openssh.com, hmac-sha2-256, hmac-sha2-256-96, hmac-sha2-512, hmac-sha2-512-96, hmac-ripemd160, hmac-ripemd160@openssh.com, hmac-sha1-96, hmac-md5-96
2025-06-19 17:01:53,785 - paramiko.transport - DEBUG - client mac: hmac-md5, hmac-sha1, umac-64@openssh.com, hmac-sha2-256, hmac-sha2-256-96, hmac-sha2-512, hmac-sha2-512-96, hmac-ripemd160, hmac-ripemd160@openssh.com, hmac-sha1-96, hmac-md5-96
2025-06-19 17:01:53,785 - paramiko.transport - DEBUG - server mac: hmac-md5, hmac-sha1, umac-64@openssh.com, hmac-sha2-256, hmac-sha2-256-96, hmac-sha2-512, hmac-sha2-512-96, hmac-ripemd160, hmac-ripemd160@openssh.com, hmac-sha1-96, hmac-md5-96
2025-06-19 17:01:53,785 - paramiko.transport - DEBUG - server mac: hmac-md5, hmac-sha1, umac-64@openssh.com, hmac-sha2-256, hmac-sha2-256-96, hmac-sha2-512, hmac-sha2-512-96, hmac-ripemd160, hmac-ripemd160@openssh.com, hmac-sha1-96, hmac-md5-96
2025-06-19 17:01:53,785 - paramiko.transport - DEBUG - client compress: none, zlib@openssh.com
2025-06-19 17:01:53,785 - paramiko.transport - DEBUG - client compress: none, zlib@openssh.com
2025-06-19 17:01:53,785 - paramiko.transport - DEBUG - server compress: none, zlib@openssh.com
2025-06-19 17:01:53,785 - paramiko.transport - DEBUG - server compress: none, zlib@openssh.com
2025-06-19 17:01:53,785 - paramiko.transport - DEBUG - client lang: <none>
2025-06-19 17:01:53,785 - paramiko.transport - DEBUG - client lang: <none>
2025-06-19 17:01:53,785 - paramiko.transport - DEBUG - server lang: <none>
2025-06-19 17:01:53,785 - paramiko.transport - DEBUG - server lang: <none>
2025-06-19 17:01:53,785 - paramiko.transport - DEBUG - kex follows: False
2025-06-19 17:01:53,785 - paramiko.transport - DEBUG - kex follows: False
2025-06-19 17:01:53,786 - paramiko.transport - DEBUG - === Key exchange agreements ===
2025-06-19 17:01:53,786 - paramiko.transport - DEBUG - === Key exchange agreements ===
2025-06-19 17:01:53,786 - paramiko.transport - DEBUG - Kex: ecdh-sha2-nistp256
2025-06-19 17:01:53,786 - paramiko.transport - DEBUG - Kex: ecdh-sha2-nistp256
2025-06-19 17:01:53,786 - paramiko.transport - DEBUG - HostKey: ecdsa-sha2-nistp256
2025-06-19 17:01:53,786 - paramiko.transport - DEBUG - HostKey: ecdsa-sha2-nistp256
2025-06-19 17:01:53,786 - paramiko.transport - DEBUG - Cipher: aes128-ctr
2025-06-19 17:01:53,786 - paramiko.transport - DEBUG - Cipher: aes128-ctr
2025-06-19 17:01:53,786 - paramiko.transport - DEBUG - MAC: hmac-sha2-256
2025-06-19 17:01:53,786 - paramiko.transport - DEBUG - MAC: hmac-sha2-256
2025-06-19 17:01:53,786 - paramiko.transport - DEBUG - Compression: none
2025-06-19 17:01:53,786 - paramiko.transport - DEBUG - Compression: none
2025-06-19 17:01:53,786 - paramiko.transport - DEBUG - === End of kex handshake ===
2025-06-19 17:01:53,786 - paramiko.transport - DEBUG - === End of kex handshake ===
2025-06-19 17:01:53,821 - paramiko.transport - DEBUG - kex engine KexNistp256 specified hash_algo <built-in function openssl_sha256>
2025-06-19 17:01:53,821 - paramiko.transport - DEBUG - kex engine KexNistp256 specified hash_algo <built-in function openssl_sha256>
2025-06-19 17:01:53,821 - paramiko.transport - DEBUG - Switch to new keys ...
2025-06-19 17:01:53,821 - paramiko.transport - DEBUG - Switch to new keys ...
2025-06-19 17:01:53,822 - paramiko.transport - DEBUG - Adding ecdsa-sha2-nistp256 host key for 192.168.0.200: b'a826e066a04cc959e6e3b237a40acfa6'
2025-06-19 17:01:53,822 - paramiko.transport - DEBUG - Adding ecdsa-sha2-nistp256 host key for 192.168.0.200: b'a826e066a04cc959e6e3b237a40acfa6'
2025-06-19 17:01:53,863 - paramiko.transport - DEBUG - userauth is OK
2025-06-19 17:01:53,863 - paramiko.transport - DEBUG - userauth is OK
2025-06-19 17:01:54,188 - paramiko.transport - INFO - Authentication (password) successful!
2025-06-19 17:01:54,188 - paramiko.transport - INFO - Authentication (password) successful!
2025-06-19 17:01:54,489 - paramiko.transport - DEBUG - [chan 0] Max packet in: 32768 bytes
2025-06-19 17:01:54,489 - paramiko.transport - DEBUG - [chan 0] Max packet in: 32768 bytes
2025-06-19 17:01:54,491 - paramiko.transport - DEBUG - [chan 0] Max packet out: 32768 bytes
2025-06-19 17:01:54,491 - paramiko.transport - DEBUG - [chan 0] Max packet out: 32768 bytes
2025-06-19 17:01:54,491 - paramiko.transport - DEBUG - Secsh channel 0 opened.
2025-06-19 17:01:54,491 - paramiko.transport - DEBUG - Secsh channel 0 opened.
2025-06-19 17:01:54,495 - paramiko.transport - DEBUG - [chan 0] Sesch channel 0 request ok
2025-06-19 17:01:54,495 - paramiko.transport - DEBUG - [chan 0] Sesch channel 0 request ok
2025-06-19 17:01:55,114 - paramiko.transport - DEBUG - starting thread (client mode): 0xe76644d0
2025-06-19 17:01:55,114 - paramiko.transport - DEBUG - starting thread (client mode): 0xe76644d0
2025-06-19 17:01:55,114 - paramiko.transport - DEBUG - Local version/idstring: SSH-2.0-paramiko_3.4.0
2025-06-19 17:01:55,114 - paramiko.transport - DEBUG - Local version/idstring: SSH-2.0-paramiko_3.4.0
2025-06-19 17:01:55,225 - paramiko.transport - DEBUG - Remote version/idstring: SSH-2.0-OpenSSH_6.0p1 Debian-4+deb7u6
2025-06-19 17:01:55,225 - paramiko.transport - DEBUG - Remote version/idstring: SSH-2.0-OpenSSH_6.0p1 Debian-4+deb7u6
2025-06-19 17:01:55,225 - paramiko.transport - INFO - Connected (version 2.0, client OpenSSH_6.0p1)
2025-06-19 17:01:55,225 - paramiko.transport - INFO - Connected (version 2.0, client OpenSSH_6.0p1)
2025-06-19 17:01:55,235 - paramiko.transport - DEBUG - === Key exchange possibilities ===
2025-06-19 17:01:55,235 - paramiko.transport - DEBUG - === Key exchange possibilities ===
2025-06-19 17:01:55,235 - paramiko.transport - DEBUG - kex algos: ecdh-sha2-nistp256, ecdh-sha2-nistp384, ecdh-sha2-nistp521, diffie-hellman-group-exchange-sha256, diffie-hellman-group-exchange-sha1, diffie-hellman-group14-sha1, diffie-hellman-group1-sha1
2025-06-19 17:01:55,235 - paramiko.transport - DEBUG - kex algos: ecdh-sha2-nistp256, ecdh-sha2-nistp384, ecdh-sha2-nistp521, diffie-hellman-group-exchange-sha256, diffie-hellman-group-exchange-sha1, diffie-hellman-group14-sha1, diffie-hellman-group1-sha1
2025-06-19 17:01:55,235 - paramiko.transport - DEBUG - server key: ssh-rsa, ssh-dss, ecdsa-sha2-nistp256
2025-06-19 17:01:55,235 - paramiko.transport - DEBUG - server key: ssh-rsa, ssh-dss, ecdsa-sha2-nistp256
2025-06-19 17:01:55,235 - paramiko.transport - DEBUG - client encrypt: aes128-ctr, aes192-ctr, aes256-ctr, arcfour256, arcfour128, aes128-cbc, 3des-cbc, blowfish-cbc, cast128-cbc, aes192-cbc, aes256-cbc, arcfour, rijndael-cbc@lysator.liu.se
2025-06-19 17:01:55,235 - paramiko.transport - DEBUG - client encrypt: aes128-ctr, aes192-ctr, aes256-ctr, arcfour256, arcfour128, aes128-cbc, 3des-cbc, blowfish-cbc, cast128-cbc, aes192-cbc, aes256-cbc, arcfour, rijndael-cbc@lysator.liu.se
2025-06-19 17:01:55,235 - paramiko.transport - DEBUG - server encrypt: aes128-ctr, aes192-ctr, aes256-ctr, arcfour256, arcfour128, aes128-cbc, 3des-cbc, blowfish-cbc, cast128-cbc, aes192-cbc, aes256-cbc, arcfour, rijndael-cbc@lysator.liu.se
2025-06-19 17:01:55,235 - paramiko.transport - DEBUG - server encrypt: aes128-ctr, aes192-ctr, aes256-ctr, arcfour256, arcfour128, aes128-cbc, 3des-cbc, blowfish-cbc, cast128-cbc, aes192-cbc, aes256-cbc, arcfour, rijndael-cbc@lysator.liu.se
2025-06-19 17:01:55,235 - paramiko.transport - DEBUG - client mac: hmac-md5, hmac-sha1, umac-64@openssh.com, hmac-sha2-256, hmac-sha2-256-96, hmac-sha2-512, hmac-sha2-512-96, hmac-ripemd160, hmac-ripemd160@openssh.com, hmac-sha1-96, hmac-md5-96
2025-06-19 17:01:55,235 - paramiko.transport - DEBUG - client mac: hmac-md5, hmac-sha1, umac-64@openssh.com, hmac-sha2-256, hmac-sha2-256-96, hmac-sha2-512, hmac-sha2-512-96, hmac-ripemd160, hmac-ripemd160@openssh.com, hmac-sha1-96, hmac-md5-96
2025-06-19 17:01:55,235 - paramiko.transport - DEBUG - server mac: hmac-md5, hmac-sha1, umac-64@openssh.com, hmac-sha2-256, hmac-sha2-256-96, hmac-sha2-512, hmac-sha2-512-96, hmac-ripemd160, hmac-ripemd160@openssh.com, hmac-sha1-96, hmac-md5-96
2025-06-19 17:01:55,235 - paramiko.transport - DEBUG - server mac: hmac-md5, hmac-sha1, umac-64@openssh.com, hmac-sha2-256, hmac-sha2-256-96, hmac-sha2-512, hmac-sha2-512-96, hmac-ripemd160, hmac-ripemd160@openssh.com, hmac-sha1-96, hmac-md5-96
2025-06-19 17:01:55,235 - paramiko.transport - DEBUG - client compress: none, zlib@openssh.com
2025-06-19 17:01:55,235 - paramiko.transport - DEBUG - client compress: none, zlib@openssh.com
2025-06-19 17:01:55,235 - paramiko.transport - DEBUG - server compress: none, zlib@openssh.com
2025-06-19 17:01:55,235 - paramiko.transport - DEBUG - server compress: none, zlib@openssh.com
2025-06-19 17:01:55,236 - paramiko.transport - DEBUG - client lang: <none>
2025-06-19 17:01:55,236 - paramiko.transport - DEBUG - client lang: <none>
2025-06-19 17:01:55,236 - paramiko.transport - DEBUG - server lang: <none>
2025-06-19 17:01:55,236 - paramiko.transport - DEBUG - server lang: <none>
2025-06-19 17:01:55,236 - paramiko.transport - DEBUG - kex follows: False
2025-06-19 17:01:55,236 - paramiko.transport - DEBUG - kex follows: False
2025-06-19 17:01:55,236 - paramiko.transport - DEBUG - === Key exchange agreements ===
2025-06-19 17:01:55,236 - paramiko.transport - DEBUG - === Key exchange agreements ===
2025-06-19 17:01:55,236 - paramiko.transport - DEBUG - Kex: ecdh-sha2-nistp256
2025-06-19 17:01:55,236 - paramiko.transport - DEBUG - Kex: ecdh-sha2-nistp256
2025-06-19 17:01:55,236 - paramiko.transport - DEBUG - HostKey: ecdsa-sha2-nistp256
2025-06-19 17:01:55,236 - paramiko.transport - DEBUG - HostKey: ecdsa-sha2-nistp256
2025-06-19 17:01:55,236 - paramiko.transport - DEBUG - Cipher: aes128-ctr
2025-06-19 17:01:55,236 - paramiko.transport - DEBUG - Cipher: aes128-ctr
2025-06-19 17:01:55,236 - paramiko.transport - DEBUG - MAC: hmac-sha2-256
2025-06-19 17:01:55,236 - paramiko.transport - DEBUG - MAC: hmac-sha2-256
2025-06-19 17:01:55,236 - paramiko.transport - DEBUG - Compression: none
2025-06-19 17:01:55,236 - paramiko.transport - DEBUG - Compression: none
2025-06-19 17:01:55,236 - paramiko.transport - DEBUG - === End of kex handshake ===
2025-06-19 17:01:55,236 - paramiko.transport - DEBUG - === End of kex handshake ===
2025-06-19 17:01:55,286 - paramiko.transport - DEBUG - kex engine KexNistp256 specified hash_algo <built-in function openssl_sha256>
2025-06-19 17:01:55,286 - paramiko.transport - DEBUG - kex engine KexNistp256 specified hash_algo <built-in function openssl_sha256>
2025-06-19 17:01:55,286 - paramiko.transport - DEBUG - Switch to new keys ...
2025-06-19 17:01:55,286 - paramiko.transport - DEBUG - Switch to new keys ...
2025-06-19 17:01:55,287 - paramiko.transport - DEBUG - Adding ecdsa-sha2-nistp256 host key for 192.168.0.200: b'a826e066a04cc959e6e3b237a40acfa6'
2025-06-19 17:01:55,287 - paramiko.transport - DEBUG - Adding ecdsa-sha2-nistp256 host key for 192.168.0.200: b'a826e066a04cc959e6e3b237a40acfa6'
2025-06-19 17:01:55,289 - paramiko.transport - DEBUG - userauth is OK
2025-06-19 17:01:55,289 - paramiko.transport - DEBUG - userauth is OK
2025-06-19 17:01:55,623 - paramiko.transport - INFO - Authentication (password) successful!
2025-06-19 17:01:55,623 - paramiko.transport - INFO - Authentication (password) successful!
2025-06-19 17:01:55,924 - paramiko.transport - DEBUG - [chan 0] Max packet in: 32768 bytes
2025-06-19 17:01:55,924 - paramiko.transport - DEBUG - [chan 0] Max packet in: 32768 bytes
2025-06-19 17:01:55,926 - paramiko.transport - DEBUG - [chan 0] Max packet out: 32768 bytes
2025-06-19 17:01:55,926 - paramiko.transport - DEBUG - [chan 0] Max packet out: 32768 bytes
2025-06-19 17:01:55,926 - paramiko.transport - DEBUG - Secsh channel 0 opened.
2025-06-19 17:01:55,926 - paramiko.transport - DEBUG - Secsh channel 0 opened.
2025-06-19 17:01:55,929 - paramiko.transport - DEBUG - [chan 0] Sesch channel 0 request ok
2025-06-19 17:01:55,929 - paramiko.transport - DEBUG - [chan 0] Sesch channel 0 request ok
2025-06-19 17:01:56,536 - paramiko.transport - DEBUG - starting thread (client mode): 0xe7683350
2025-06-19 17:01:56,536 - paramiko.transport - DEBUG - starting thread (client mode): 0xe7683350
2025-06-19 17:01:56,536 - paramiko.transport - DEBUG - Local version/idstring: SSH-2.0-paramiko_3.4.0
2025-06-19 17:01:56,536 - paramiko.transport - DEBUG - Local version/idstring: SSH-2.0-paramiko_3.4.0
2025-06-19 17:01:56,621 - paramiko.transport - DEBUG - Remote version/idstring: SSH-2.0-OpenSSH_6.0p1 Debian-4+deb7u6
2025-06-19 17:01:56,621 - paramiko.transport - DEBUG - Remote version/idstring: SSH-2.0-OpenSSH_6.0p1 Debian-4+deb7u6
2025-06-19 17:01:56,621 - paramiko.transport - INFO - Connected (version 2.0, client OpenSSH_6.0p1)
2025-06-19 17:01:56,621 - paramiko.transport - INFO - Connected (version 2.0, client OpenSSH_6.0p1)
2025-06-19 17:01:56,630 - paramiko.transport - DEBUG - === Key exchange possibilities ===
2025-06-19 17:01:56,630 - paramiko.transport - DEBUG - === Key exchange possibilities ===
2025-06-19 17:01:56,630 - paramiko.transport - DEBUG - kex algos: ecdh-sha2-nistp256, ecdh-sha2-nistp384, ecdh-sha2-nistp521, diffie-hellman-group-exchange-sha256, diffie-hellman-group-exchange-sha1, diffie-hellman-group14-sha1, diffie-hellman-group1-sha1
2025-06-19 17:01:56,630 - paramiko.transport - DEBUG - kex algos: ecdh-sha2-nistp256, ecdh-sha2-nistp384, ecdh-sha2-nistp521, diffie-hellman-group-exchange-sha256, diffie-hellman-group-exchange-sha1, diffie-hellman-group14-sha1, diffie-hellman-group1-sha1
2025-06-19 17:01:56,630 - paramiko.transport - DEBUG - server key: ssh-rsa, ssh-dss, ecdsa-sha2-nistp256
2025-06-19 17:01:56,630 - paramiko.transport - DEBUG - server key: ssh-rsa, ssh-dss, ecdsa-sha2-nistp256
2025-06-19 17:01:56,631 - paramiko.transport - DEBUG - client encrypt: aes128-ctr, aes192-ctr, aes256-ctr, arcfour256, arcfour128, aes128-cbc, 3des-cbc, blowfish-cbc, cast128-cbc, aes192-cbc, aes256-cbc, arcfour, rijndael-cbc@lysator.liu.se
2025-06-19 17:01:56,631 - paramiko.transport - DEBUG - client encrypt: aes128-ctr, aes192-ctr, aes256-ctr, arcfour256, arcfour128, aes128-cbc, 3des-cbc, blowfish-cbc, cast128-cbc, aes192-cbc, aes256-cbc, arcfour, rijndael-cbc@lysator.liu.se
2025-06-19 17:01:56,631 - paramiko.transport - DEBUG - server encrypt: aes128-ctr, aes192-ctr, aes256-ctr, arcfour256, arcfour128, aes128-cbc, 3des-cbc, blowfish-cbc, cast128-cbc, aes192-cbc, aes256-cbc, arcfour, rijndael-cbc@lysator.liu.se
2025-06-19 17:01:56,631 - paramiko.transport - DEBUG - server encrypt: aes128-ctr, aes192-ctr, aes256-ctr, arcfour256, arcfour128, aes128-cbc, 3des-cbc, blowfish-cbc, cast128-cbc, aes192-cbc, aes256-cbc, arcfour, rijndael-cbc@lysator.liu.se
2025-06-19 17:01:56,631 - paramiko.transport - DEBUG - client mac: hmac-md5, hmac-sha1, umac-64@openssh.com, hmac-sha2-256, hmac-sha2-256-96, hmac-sha2-512, hmac-sha2-512-96, hmac-ripemd160, hmac-ripemd160@openssh.com, hmac-sha1-96, hmac-md5-96
2025-06-19 17:01:56,631 - paramiko.transport - DEBUG - client mac: hmac-md5, hmac-sha1, umac-64@openssh.com, hmac-sha2-256, hmac-sha2-256-96, hmac-sha2-512, hmac-sha2-512-96, hmac-ripemd160, hmac-ripemd160@openssh.com, hmac-sha1-96, hmac-md5-96
2025-06-19 17:01:56,631 - paramiko.transport - DEBUG - server mac: hmac-md5, hmac-sha1, umac-64@openssh.com, hmac-sha2-256, hmac-sha2-256-96, hmac-sha2-512, hmac-sha2-512-96, hmac-ripemd160, hmac-ripemd160@openssh.com, hmac-sha1-96, hmac-md5-96
2025-06-19 17:01:56,631 - paramiko.transport - DEBUG - server mac: hmac-md5, hmac-sha1, umac-64@openssh.com, hmac-sha2-256, hmac-sha2-256-96, hmac-sha2-512, hmac-sha2-512-96, hmac-ripemd160, hmac-ripemd160@openssh.com, hmac-sha1-96, hmac-md5-96
2025-06-19 17:01:56,631 - paramiko.transport - DEBUG - client compress: none, zlib@openssh.com
2025-06-19 17:01:56,631 - paramiko.transport - DEBUG - client compress: none, zlib@openssh.com
2025-06-19 17:01:56,631 - paramiko.transport - DEBUG - server compress: none, zlib@openssh.com
2025-06-19 17:01:56,631 - paramiko.transport - DEBUG - server compress: none, zlib@openssh.com
2025-06-19 17:01:56,631 - paramiko.transport - DEBUG - client lang: <none>
2025-06-19 17:01:56,631 - paramiko.transport - DEBUG - client lang: <none>
2025-06-19 17:01:56,631 - paramiko.transport - DEBUG - server lang: <none>
2025-06-19 17:01:56,631 - paramiko.transport - DEBUG - server lang: <none>
2025-06-19 17:01:56,631 - paramiko.transport - DEBUG - kex follows: False
2025-06-19 17:01:56,631 - paramiko.transport - DEBUG - kex follows: False
2025-06-19 17:01:56,631 - paramiko.transport - DEBUG - === Key exchange agreements ===
2025-06-19 17:01:56,631 - paramiko.transport - DEBUG - === Key exchange agreements ===
2025-06-19 17:01:56,631 - paramiko.transport - DEBUG - Kex: ecdh-sha2-nistp256
2025-06-19 17:01:56,631 - paramiko.transport - DEBUG - Kex: ecdh-sha2-nistp256
2025-06-19 17:01:56,631 - paramiko.transport - DEBUG - HostKey: ecdsa-sha2-nistp256
2025-06-19 17:01:56,631 - paramiko.transport - DEBUG - HostKey: ecdsa-sha2-nistp256
2025-06-19 17:01:56,632 - paramiko.transport - DEBUG - Cipher: aes128-ctr
2025-06-19 17:01:56,632 - paramiko.transport - DEBUG - Cipher: aes128-ctr
2025-06-19 17:01:56,632 - paramiko.transport - DEBUG - MAC: hmac-sha2-256
2025-06-19 17:01:56,632 - paramiko.transport - DEBUG - MAC: hmac-sha2-256
2025-06-19 17:01:56,632 - paramiko.transport - DEBUG - Compression: none
2025-06-19 17:01:56,632 - paramiko.transport - DEBUG - Compression: none
2025-06-19 17:01:56,632 - paramiko.transport - DEBUG - === End of kex handshake ===
2025-06-19 17:01:56,632 - paramiko.transport - DEBUG - === End of kex handshake ===
2025-06-19 17:01:56,685 - paramiko.transport - DEBUG - kex engine KexNistp256 specified hash_algo <built-in function openssl_sha256>
2025-06-19 17:01:56,685 - paramiko.transport - DEBUG - kex engine KexNistp256 specified hash_algo <built-in function openssl_sha256>
2025-06-19 17:01:56,685 - paramiko.transport - DEBUG - Switch to new keys ...
2025-06-19 17:01:56,685 - paramiko.transport - DEBUG - Switch to new keys ...
2025-06-19 17:01:56,685 - paramiko.transport - DEBUG - Adding ecdsa-sha2-nistp256 host key for 192.168.0.200: b'a826e066a04cc959e6e3b237a40acfa6'
2025-06-19 17:01:56,685 - paramiko.transport - DEBUG - Adding ecdsa-sha2-nistp256 host key for 192.168.0.200: b'a826e066a04cc959e6e3b237a40acfa6'
2025-06-19 17:01:56,688 - paramiko.transport - DEBUG - userauth is OK
2025-06-19 17:01:56,688 - paramiko.transport - DEBUG - userauth is OK
2025-06-19 17:01:57,026 - paramiko.transport - INFO - Authentication (password) successful!
2025-06-19 17:01:57,026 - paramiko.transport - INFO - Authentication (password) successful!
2025-06-19 17:01:57,327 - paramiko.transport - DEBUG - [chan 0] Max packet in: 32768 bytes
2025-06-19 17:01:57,327 - paramiko.transport - DEBUG - [chan 0] Max packet in: 32768 bytes
2025-06-19 17:01:57,330 - paramiko.transport - DEBUG - [chan 0] Max packet out: 32768 bytes
2025-06-19 17:01:57,330 - paramiko.transport - DEBUG - [chan 0] Max packet out: 32768 bytes
2025-06-19 17:01:57,330 - paramiko.transport - DEBUG - Secsh channel 0 opened.
2025-06-19 17:01:57,330 - paramiko.transport - DEBUG - Secsh channel 0 opened.
2025-06-19 17:01:57,333 - paramiko.transport - DEBUG - [chan 0] Sesch channel 0 request ok
2025-06-19 17:01:57,333 - paramiko.transport - DEBUG - [chan 0] Sesch channel 0 request ok
2025-06-19 17:01:57,938 - paramiko.transport - DEBUG - starting thread (client mode): 0xe7680fd0
2025-06-19 17:01:57,938 - paramiko.transport - DEBUG - starting thread (client mode): 0xe7680fd0
2025-06-19 17:01:57,938 - paramiko.transport - DEBUG - Local version/idstring: SSH-2.0-paramiko_3.4.0
2025-06-19 17:01:57,938 - paramiko.transport - DEBUG - Local version/idstring: SSH-2.0-paramiko_3.4.0
2025-06-19 17:01:58,032 - paramiko.transport - DEBUG - Remote version/idstring: SSH-2.0-OpenSSH_6.0p1 Debian-4+deb7u6
2025-06-19 17:01:58,032 - paramiko.transport - DEBUG - Remote version/idstring: SSH-2.0-OpenSSH_6.0p1 Debian-4+deb7u6
2025-06-19 17:01:58,032 - paramiko.transport - INFO - Connected (version 2.0, client OpenSSH_6.0p1)
2025-06-19 17:01:58,032 - paramiko.transport - INFO - Connected (version 2.0, client OpenSSH_6.0p1)
2025-06-19 17:01:58,039 - paramiko.transport - DEBUG - === Key exchange possibilities ===
2025-06-19 17:01:58,039 - paramiko.transport - DEBUG - === Key exchange possibilities ===
2025-06-19 17:01:58,039 - paramiko.transport - DEBUG - kex algos: ecdh-sha2-nistp256, ecdh-sha2-nistp384, ecdh-sha2-nistp521, diffie-hellman-group-exchange-sha256, diffie-hellman-group-exchange-sha1, diffie-hellman-group14-sha1, diffie-hellman-group1-sha1
2025-06-19 17:01:58,039 - paramiko.transport - DEBUG - kex algos: ecdh-sha2-nistp256, ecdh-sha2-nistp384, ecdh-sha2-nistp521, diffie-hellman-group-exchange-sha256, diffie-hellman-group-exchange-sha1, diffie-hellman-group14-sha1, diffie-hellman-group1-sha1
2025-06-19 17:01:58,039 - paramiko.transport - DEBUG - server key: ssh-rsa, ssh-dss, ecdsa-sha2-nistp256
2025-06-19 17:01:58,039 - paramiko.transport - DEBUG - server key: ssh-rsa, ssh-dss, ecdsa-sha2-nistp256
2025-06-19 17:01:58,039 - paramiko.transport - DEBUG - client encrypt: aes128-ctr, aes192-ctr, aes256-ctr, arcfour256, arcfour128, aes128-cbc, 3des-cbc, blowfish-cbc, cast128-cbc, aes192-cbc, aes256-cbc, arcfour, rijndael-cbc@lysator.liu.se
2025-06-19 17:01:58,039 - paramiko.transport - DEBUG - client encrypt: aes128-ctr, aes192-ctr, aes256-ctr, arcfour256, arcfour128, aes128-cbc, 3des-cbc, blowfish-cbc, cast128-cbc, aes192-cbc, aes256-cbc, arcfour, rijndael-cbc@lysator.liu.se
2025-06-19 17:01:58,039 - paramiko.transport - DEBUG - server encrypt: aes128-ctr, aes192-ctr, aes256-ctr, arcfour256, arcfour128, aes128-cbc, 3des-cbc, blowfish-cbc, cast128-cbc, aes192-cbc, aes256-cbc, arcfour, rijndael-cbc@lysator.liu.se
2025-06-19 17:01:58,039 - paramiko.transport - DEBUG - server encrypt: aes128-ctr, aes192-ctr, aes256-ctr, arcfour256, arcfour128, aes128-cbc, 3des-cbc, blowfish-cbc, cast128-cbc, aes192-cbc, aes256-cbc, arcfour, rijndael-cbc@lysator.liu.se
2025-06-19 17:01:58,039 - paramiko.transport - DEBUG - client mac: hmac-md5, hmac-sha1, umac-64@openssh.com, hmac-sha2-256, hmac-sha2-256-96, hmac-sha2-512, hmac-sha2-512-96, hmac-ripemd160, hmac-ripemd160@openssh.com, hmac-sha1-96, hmac-md5-96
2025-06-19 17:01:58,039 - paramiko.transport - DEBUG - client mac: hmac-md5, hmac-sha1, umac-64@openssh.com, hmac-sha2-256, hmac-sha2-256-96, hmac-sha2-512, hmac-sha2-512-96, hmac-ripemd160, hmac-ripemd160@openssh.com, hmac-sha1-96, hmac-md5-96
2025-06-19 17:01:58,040 - paramiko.transport - DEBUG - server mac: hmac-md5, hmac-sha1, umac-64@openssh.com, hmac-sha2-256, hmac-sha2-256-96, hmac-sha2-512, hmac-sha2-512-96, hmac-ripemd160, hmac-ripemd160@openssh.com, hmac-sha1-96, hmac-md5-96
2025-06-19 17:01:58,040 - paramiko.transport - DEBUG - server mac: hmac-md5, hmac-sha1, umac-64@openssh.com, hmac-sha2-256, hmac-sha2-256-96, hmac-sha2-512, hmac-sha2-512-96, hmac-ripemd160, hmac-ripemd160@openssh.com, hmac-sha1-96, hmac-md5-96
2025-06-19 17:01:58,040 - paramiko.transport - DEBUG - client compress: none, zlib@openssh.com
2025-06-19 17:01:58,040 - paramiko.transport - DEBUG - client compress: none, zlib@openssh.com
2025-06-19 17:01:58,040 - paramiko.transport - DEBUG - server compress: none, zlib@openssh.com
2025-06-19 17:01:58,040 - paramiko.transport - DEBUG - server compress: none, zlib@openssh.com
2025-06-19 17:01:58,040 - paramiko.transport - DEBUG - client lang: <none>
2025-06-19 17:01:58,040 - paramiko.transport - DEBUG - client lang: <none>
2025-06-19 17:01:58,040 - paramiko.transport - DEBUG - server lang: <none>
2025-06-19 17:01:58,040 - paramiko.transport - DEBUG - server lang: <none>
2025-06-19 17:01:58,040 - paramiko.transport - DEBUG - kex follows: False
2025-06-19 17:01:58,040 - paramiko.transport - DEBUG - kex follows: False
2025-06-19 17:01:58,040 - paramiko.transport - DEBUG - === Key exchange agreements ===
2025-06-19 17:01:58,040 - paramiko.transport - DEBUG - === Key exchange agreements ===
2025-06-19 17:01:58,040 - paramiko.transport - DEBUG - Kex: ecdh-sha2-nistp256
2025-06-19 17:01:58,040 - paramiko.transport - DEBUG - Kex: ecdh-sha2-nistp256
2025-06-19 17:01:58,040 - paramiko.transport - DEBUG - HostKey: ecdsa-sha2-nistp256
2025-06-19 17:01:58,040 - paramiko.transport - DEBUG - HostKey: ecdsa-sha2-nistp256
2025-06-19 17:01:58,040 - paramiko.transport - DEBUG - Cipher: aes128-ctr
2025-06-19 17:01:58,040 - paramiko.transport - DEBUG - Cipher: aes128-ctr
2025-06-19 17:01:58,040 - paramiko.transport - DEBUG - MAC: hmac-sha2-256
2025-06-19 17:01:58,040 - paramiko.transport - DEBUG - MAC: hmac-sha2-256
2025-06-19 17:01:58,040 - paramiko.transport - DEBUG - Compression: none
2025-06-19 17:01:58,040 - paramiko.transport - DEBUG - Compression: none
2025-06-19 17:01:58,041 - paramiko.transport - DEBUG - === End of kex handshake ===
2025-06-19 17:01:58,041 - paramiko.transport - DEBUG - === End of kex handshake ===
2025-06-19 17:01:58,086 - paramiko.transport - DEBUG - kex engine KexNistp256 specified hash_algo <built-in function openssl_sha256>
2025-06-19 17:01:58,086 - paramiko.transport - DEBUG - kex engine KexNistp256 specified hash_algo <built-in function openssl_sha256>
2025-06-19 17:01:58,088 - paramiko.transport - DEBUG - Switch to new keys ...
2025-06-19 17:01:58,088 - paramiko.transport - DEBUG - Switch to new keys ...
2025-06-19 17:01:58,088 - paramiko.transport - DEBUG - Adding ecdsa-sha2-nistp256 host key for 192.168.0.200: b'a826e066a04cc959e6e3b237a40acfa6'
2025-06-19 17:01:58,088 - paramiko.transport - DEBUG - Adding ecdsa-sha2-nistp256 host key for 192.168.0.200: b'a826e066a04cc959e6e3b237a40acfa6'
2025-06-19 17:01:58,091 - paramiko.transport - DEBUG - userauth is OK
2025-06-19 17:01:58,091 - paramiko.transport - DEBUG - userauth is OK
2025-06-19 17:01:58,423 - paramiko.transport - INFO - Authentication (password) successful!
2025-06-19 17:01:58,423 - paramiko.transport - INFO - Authentication (password) successful!
2025-06-19 17:01:58,584 - paramiko.transport - DEBUG - starting thread (client mode): 0xe7652e10
2025-06-19 17:01:58,584 - paramiko.transport - DEBUG - starting thread (client mode): 0xe7652e10
2025-06-19 17:01:58,584 - paramiko.transport - DEBUG - Local version/idstring: SSH-2.0-paramiko_3.4.0
2025-06-19 17:01:58,584 - paramiko.transport - DEBUG - Local version/idstring: SSH-2.0-paramiko_3.4.0
2025-06-19 17:01:58,670 - paramiko.transport - DEBUG - Remote version/idstring: SSH-2.0-OpenSSH_6.0p1 Debian-4+deb7u6
2025-06-19 17:01:58,670 - paramiko.transport - DEBUG - Remote version/idstring: SSH-2.0-OpenSSH_6.0p1 Debian-4+deb7u6
2025-06-19 17:01:58,670 - paramiko.transport - INFO - Connected (version 2.0, client OpenSSH_6.0p1)
2025-06-19 17:01:58,670 - paramiko.transport - INFO - Connected (version 2.0, client OpenSSH_6.0p1)
2025-06-19 17:01:58,679 - paramiko.transport - DEBUG - === Key exchange possibilities ===
2025-06-19 17:01:58,679 - paramiko.transport - DEBUG - === Key exchange possibilities ===
2025-06-19 17:01:58,679 - paramiko.transport - DEBUG - kex algos: ecdh-sha2-nistp256, ecdh-sha2-nistp384, ecdh-sha2-nistp521, diffie-hellman-group-exchange-sha256, diffie-hellman-group-exchange-sha1, diffie-hellman-group14-sha1, diffie-hellman-group1-sha1
2025-06-19 17:01:58,679 - paramiko.transport - DEBUG - kex algos: ecdh-sha2-nistp256, ecdh-sha2-nistp384, ecdh-sha2-nistp521, diffie-hellman-group-exchange-sha256, diffie-hellman-group-exchange-sha1, diffie-hellman-group14-sha1, diffie-hellman-group1-sha1
2025-06-19 17:01:58,679 - paramiko.transport - DEBUG - server key: ssh-rsa, ssh-dss, ecdsa-sha2-nistp256
2025-06-19 17:01:58,679 - paramiko.transport - DEBUG - server key: ssh-rsa, ssh-dss, ecdsa-sha2-nistp256
2025-06-19 17:01:58,680 - paramiko.transport - DEBUG - client encrypt: aes128-ctr, aes192-ctr, aes256-ctr, arcfour256, arcfour128, aes128-cbc, 3des-cbc, blowfish-cbc, cast128-cbc, aes192-cbc, aes256-cbc, arcfour, rijndael-cbc@lysator.liu.se
2025-06-19 17:01:58,680 - paramiko.transport - DEBUG - client encrypt: aes128-ctr, aes192-ctr, aes256-ctr, arcfour256, arcfour128, aes128-cbc, 3des-cbc, blowfish-cbc, cast128-cbc, aes192-cbc, aes256-cbc, arcfour, rijndael-cbc@lysator.liu.se
2025-06-19 17:01:58,680 - paramiko.transport - DEBUG - server encrypt: aes128-ctr, aes192-ctr, aes256-ctr, arcfour256, arcfour128, aes128-cbc, 3des-cbc, blowfish-cbc, cast128-cbc, aes192-cbc, aes256-cbc, arcfour, rijndael-cbc@lysator.liu.se
2025-06-19 17:01:58,680 - paramiko.transport - DEBUG - server encrypt: aes128-ctr, aes192-ctr, aes256-ctr, arcfour256, arcfour128, aes128-cbc, 3des-cbc, blowfish-cbc, cast128-cbc, aes192-cbc, aes256-cbc, arcfour, rijndael-cbc@lysator.liu.se
2025-06-19 17:01:58,680 - paramiko.transport - DEBUG - client mac: hmac-md5, hmac-sha1, umac-64@openssh.com, hmac-sha2-256, hmac-sha2-256-96, hmac-sha2-512, hmac-sha2-512-96, hmac-ripemd160, hmac-ripemd160@openssh.com, hmac-sha1-96, hmac-md5-96
2025-06-19 17:01:58,680 - paramiko.transport - DEBUG - client mac: hmac-md5, hmac-sha1, umac-64@openssh.com, hmac-sha2-256, hmac-sha2-256-96, hmac-sha2-512, hmac-sha2-512-96, hmac-ripemd160, hmac-ripemd160@openssh.com, hmac-sha1-96, hmac-md5-96
2025-06-19 17:01:58,680 - paramiko.transport - DEBUG - server mac: hmac-md5, hmac-sha1, umac-64@openssh.com, hmac-sha2-256, hmac-sha2-256-96, hmac-sha2-512, hmac-sha2-512-96, hmac-ripemd160, hmac-ripemd160@openssh.com, hmac-sha1-96, hmac-md5-96
2025-06-19 17:01:58,680 - paramiko.transport - DEBUG - server mac: hmac-md5, hmac-sha1, umac-64@openssh.com, hmac-sha2-256, hmac-sha2-256-96, hmac-sha2-512, hmac-sha2-512-96, hmac-ripemd160, hmac-ripemd160@openssh.com, hmac-sha1-96, hmac-md5-96
2025-06-19 17:01:58,680 - paramiko.transport - DEBUG - client compress: none, zlib@openssh.com
2025-06-19 17:01:58,680 - paramiko.transport - DEBUG - client compress: none, zlib@openssh.com
2025-06-19 17:01:58,680 - paramiko.transport - DEBUG - server compress: none, zlib@openssh.com
2025-06-19 17:01:58,680 - paramiko.transport - DEBUG - server compress: none, zlib@openssh.com
2025-06-19 17:01:58,680 - paramiko.transport - DEBUG - client lang: <none>
2025-06-19 17:01:58,680 - paramiko.transport - DEBUG - client lang: <none>
2025-06-19 17:01:58,680 - paramiko.transport - DEBUG - server lang: <none>
2025-06-19 17:01:58,680 - paramiko.transport - DEBUG - server lang: <none>
2025-06-19 17:01:58,680 - paramiko.transport - DEBUG - kex follows: False
2025-06-19 17:01:58,680 - paramiko.transport - DEBUG - kex follows: False
2025-06-19 17:01:58,680 - paramiko.transport - DEBUG - === Key exchange agreements ===
2025-06-19 17:01:58,680 - paramiko.transport - DEBUG - === Key exchange agreements ===
2025-06-19 17:01:58,680 - paramiko.transport - DEBUG - Kex: ecdh-sha2-nistp256
2025-06-19 17:01:58,680 - paramiko.transport - DEBUG - Kex: ecdh-sha2-nistp256
2025-06-19 17:01:58,681 - paramiko.transport - DEBUG - HostKey: ecdsa-sha2-nistp256
2025-06-19 17:01:58,681 - paramiko.transport - DEBUG - HostKey: ecdsa-sha2-nistp256
2025-06-19 17:01:58,681 - paramiko.transport - DEBUG - Cipher: aes128-ctr
2025-06-19 17:01:58,681 - paramiko.transport - DEBUG - Cipher: aes128-ctr
2025-06-19 17:01:58,681 - paramiko.transport - DEBUG - MAC: hmac-sha2-256
2025-06-19 17:01:58,681 - paramiko.transport - DEBUG - MAC: hmac-sha2-256
2025-06-19 17:01:58,681 - paramiko.transport - DEBUG - Compression: none
2025-06-19 17:01:58,681 - paramiko.transport - DEBUG - Compression: none
2025-06-19 17:01:58,681 - paramiko.transport - DEBUG - === End of kex handshake ===
2025-06-19 17:01:58,681 - paramiko.transport - DEBUG - === End of kex handshake ===
2025-06-19 17:01:58,739 - paramiko.transport - DEBUG - kex engine KexNistp256 specified hash_algo <built-in function openssl_sha256>
2025-06-19 17:01:58,739 - paramiko.transport - DEBUG - kex engine KexNistp256 specified hash_algo <built-in function openssl_sha256>
2025-06-19 17:01:58,739 - paramiko.transport - DEBUG - Switch to new keys ...
2025-06-19 17:01:58,739 - paramiko.transport - DEBUG - Switch to new keys ...
2025-06-19 17:01:58,739 - paramiko.transport - DEBUG - Adding ecdsa-sha2-nistp256 host key for 192.168.0.200: b'a826e066a04cc959e6e3b237a40acfa6'
2025-06-19 17:01:58,739 - paramiko.transport - DEBUG - Adding ecdsa-sha2-nistp256 host key for 192.168.0.200: b'a826e066a04cc959e6e3b237a40acfa6'
2025-06-19 17:01:58,741 - paramiko.transport - DEBUG - userauth is OK
2025-06-19 17:01:58,741 - paramiko.transport - DEBUG - userauth is OK
2025-06-19 17:01:59,077 - paramiko.transport - INFO - Authentication (password) successful!
2025-06-19 17:01:59,077 - paramiko.transport - INFO - Authentication (password) successful!
2025-06-19 17:01:59,077 - paramiko.transport - DEBUG - [chan 0] Max packet in: 32768 bytes
2025-06-19 17:01:59,077 - paramiko.transport - DEBUG - [chan 0] Max packet in: 32768 bytes
2025-06-19 17:01:59,112 - paramiko.transport - DEBUG - [chan 0] Max packet out: 32768 bytes
2025-06-19 17:01:59,112 - paramiko.transport - DEBUG - [chan 0] Max packet out: 32768 bytes
2025-06-19 17:01:59,113 - paramiko.transport - DEBUG - Secsh channel 0 opened.
2025-06-19 17:01:59,113 - paramiko.transport - DEBUG - Secsh channel 0 opened.
2025-06-19 17:01:59,116 - paramiko.transport - DEBUG - [chan 0] Sesch channel 0 request ok
2025-06-19 17:01:59,116 - paramiko.transport - DEBUG - [chan 0] Sesch channel 0 request ok
2025-06-19 17:01:59,213 - paramiko.transport - DEBUG - [chan 0] EOF received (0)
2025-06-19 17:01:59,213 - paramiko.transport - DEBUG - [chan 0] EOF sent (0)
2025-06-19 17:01:59,213 - paramiko.transport - DEBUG - [chan 0] EOF received (0)
2025-06-19 17:01:59,213 - paramiko.transport - DEBUG - [chan 0] EOF sent (0)
2025-06-19 17:01:59,214 - paramiko.transport - DEBUG - Dropping user packet because connection is dead.
2025-06-19 17:01:59,214 - paramiko.transport - DEBUG - Dropping user packet because connection is dead.
2025-06-19 17:02:42,235 - paramiko.transport - DEBUG - EOF in transport thread
2025-06-19 17:02:42,236 - paramiko.transport - DEBUG - EOF in transport thread
2025-06-19 17:02:42,235 - paramiko.transport - DEBUG - EOF in transport thread
2025-06-19 17:02:42,236 - paramiko.transport - DEBUG - EOF in transport thread
2025-06-19 17:02:42,236 - paramiko.transport - DEBUG - EOF in transport thread
2025-06-19 17:02:42,236 - paramiko.transport - DEBUG - EOF in transport thread
2025-06-19 17:02:42,236 - paramiko.transport - DEBUG - EOF in transport thread
2026-03-16 07:35:53,501 - root - INFO - Program is running
2026-03-16 07:35:53,865 - PyQt6.uic.uiparser - DEBUG - toplevel widget is MainWindow
2026-03-16 07:35:53,866 - PyQt6.uic.properties - DEBUG - setting property windowModality
2026-03-16 07:35:53,905 - PyQt6.uic.properties - DEBUG - setting property geometry
2026-03-16 07:35:53,905 - PyQt6.uic.properties - DEBUG - setting property sizePolicy
2026-03-16 07:35:53,909 - PyQt6.uic.properties - DEBUG - setting property minimumSize
2026-03-16 07:35:53,909 - PyQt6.uic.properties - DEBUG - setting property maximumSize
2026-03-16 07:35:53,910 - PyQt6.uic.properties - DEBUG - setting property baseSize
2026-03-16 07:35:53,910 - PyQt6.uic.properties - DEBUG - setting property font
2026-03-16 07:35:53,912 - PyQt6.uic.properties - DEBUG - setting property mouseTracking
2026-03-16 07:35:53,912 - PyQt6.uic.properties - DEBUG - setting property tabletTracking
2026-03-16 07:35:53,912 - PyQt6.uic.properties - DEBUG - setting property focusPolicy
2026-03-16 07:35:53,913 - PyQt6.uic.properties - DEBUG - setting property windowTitle
2026-03-16 07:35:53,913 - PyQt6.uic.properties - DEBUG - setting property documentMode
2026-03-16 07:35:53,913 - PyQt6.uic.properties - DEBUG - setting property tabShape
2026-03-16 07:35:53,913 - PyQt6.uic.properties - DEBUG - setting property dockNestingEnabled
2026-03-16 07:35:53,914 - PyQt6.uic.properties - DEBUG - setting property unifiedTitleAndToolBarOnMac
2026-03-16 07:35:53,914 - PyQt6.uic.uiparser - DEBUG - push MainWindow MainWindow
2026-03-16 07:35:53,914 - PyQt6.uic.properties - DEBUG - setting property sizePolicy
2026-03-16 07:35:53,914 - PyQt6.uic.uiparser - DEBUG - push QWidget centralwidget
2026-03-16 07:35:53,915 - PyQt6.uic.properties - DEBUG - setting property enabled
2026-03-16 07:35:53,915 - PyQt6.uic.properties - DEBUG - setting property geometry
2026-03-16 07:35:53,915 - PyQt6.uic.properties - DEBUG - setting property sizePolicy
2026-03-16 07:35:53,915 - PyQt6.uic.properties - DEBUG - setting property font
2026-03-16 07:35:53,917 - PyQt6.uic.properties - DEBUG - setting property focusPolicy
2026-03-16 07:35:53,917 - PyQt6.uic.properties - DEBUG - setting property autoFillBackground
2026-03-16 07:35:53,917 - PyQt6.uic.properties - DEBUG - setting property styleSheet
2026-03-16 07:35:53,917 - PyQt6.uic.properties - DEBUG - setting property currentIndex
2026-03-16 07:35:53,917 - PyQt6.uic.properties - DEBUG - setting property documentMode
2026-03-16 07:35:53,918 - PyQt6.uic.uiparser - DEBUG - push QTabWidget tabWidget
2026-03-16 07:35:53,918 - PyQt6.uic.uiparser - DEBUG - push QWidget tab
2026-03-16 07:35:53,920 - PyQt6.uic.properties - DEBUG - setting property geometry
2026-03-16 07:35:53,921 - PyQt6.uic.properties - DEBUG - setting property sizePolicy
2026-03-16 07:35:53,921 - PyQt6.uic.properties - DEBUG - setting property mouseTracking
2026-03-16 07:35:53,921 - PyQt6.uic.properties - DEBUG - setting property sizeAdjustPolicy
2026-03-16 07:35:53,921 - PyQt6.uic.properties - DEBUG - setting property interactive
2026-03-16 07:35:53,921 - PyQt6.uic.properties - DEBUG - setting property viewportUpdateMode
2026-03-16 07:35:53,921 - PyQt6.uic.uiparser - DEBUG - push QGraphicsView Topology
2026-03-16 07:35:53,921 - PyQt6.uic.uiparser - DEBUG - pop widget QGraphicsView Topology
2026-03-16 07:35:53,921 - PyQt6.uic.uiparser - DEBUG - new topwidget <PyQt6.QtWidgets.QWidget object at 0x000001A6A5FC6440>
2026-03-16 07:35:53,921 - PyQt6.uic.uiparser - DEBUG - pop widget QWidget tab
2026-03-16 07:35:53,921 - PyQt6.uic.uiparser - DEBUG - new topwidget <PyQt6.QtWidgets.QTabWidget object at 0x000001A6A5FC63B0>
2026-03-16 07:35:53,927 - PyQt6.uic.uiparser - DEBUG - push QWidget tab_6
2026-03-16 07:35:53,930 - PyQt6.uic.properties - DEBUG - setting property geometry
2026-03-16 07:35:53,931 - PyQt6.uic.properties - DEBUG - setting property styleSheet
2026-03-16 07:35:53,931 - PyQt6.uic.properties - DEBUG - setting property verticalScrollBarPolicy
2026-03-16 07:35:53,931 - PyQt6.uic.properties - DEBUG - setting property horizontalScrollBarPolicy
2026-03-16 07:35:53,931 - PyQt6.uic.properties - DEBUG - setting property sizeAdjustPolicy
2026-03-16 07:35:53,931 - PyQt6.uic.properties - DEBUG - setting property editTriggers
2026-03-16 07:35:53,931 - PyQt6.uic.properties - DEBUG - setting property alternatingRowColors
2026-03-16 07:35:53,931 - PyQt6.uic.properties - DEBUG - setting property selectionBehavior
2026-03-16 07:35:53,931 - PyQt6.uic.properties - DEBUG - setting property textElideMode
2026-03-16 07:35:53,931 - PyQt6.uic.properties - DEBUG - setting property showGrid
2026-03-16 07:35:53,931 - PyQt6.uic.properties - DEBUG - setting property sortingEnabled
2026-03-16 07:35:53,931 - PyQt6.uic.properties - DEBUG - setting property wordWrap
2026-03-16 07:35:53,931 - PyQt6.uic.properties - DEBUG - setting property cornerButtonEnabled
2026-03-16 07:35:53,931 - PyQt6.uic.properties - DEBUG - setting property rowCount
2026-03-16 07:35:53,932 - PyQt6.uic.uiparser - DEBUG - push QTableWidget slave_info
2026-03-16 07:35:53,937 - PyQt6.uic.uiparser - DEBUG - pop widget QTableWidget slave_info
2026-03-16 07:35:53,937 - PyQt6.uic.uiparser - DEBUG - new topwidget <PyQt6.QtWidgets.QWidget object at 0x000001A6A5FC6560>
2026-03-16 07:35:53,941 - PyQt6.uic.uiparser - DEBUG - pop widget QWidget tab_6
2026-03-16 07:35:53,941 - PyQt6.uic.uiparser - DEBUG - new topwidget <PyQt6.QtWidgets.QTabWidget object at 0x000001A6A5FC63B0>
2026-03-16 07:35:53,946 - PyQt6.uic.uiparser - DEBUG - push QWidget widget
2026-03-16 07:35:53,947 - PyQt6.uic.properties - DEBUG - setting property geometry
2026-03-16 07:35:53,947 - PyQt6.uic.properties - DEBUG - setting property toolTip
2026-03-16 07:35:53,947 - PyQt6.uic.properties - DEBUG - setting property statusTip
2026-03-16 07:35:53,947 - PyQt6.uic.properties - DEBUG - setting property verticalScrollBarPolicy
2026-03-16 07:35:53,948 - PyQt6.uic.properties - DEBUG - setting property horizontalScrollBarPolicy
2026-03-16 07:35:53,948 - PyQt6.uic.uiparser - DEBUG - push QTableWidget tableWidget_4
2026-03-16 07:35:53,948 - PyQt6.uic.uiparser - DEBUG - pop widget QTableWidget tableWidget_4
2026-03-16 07:35:53,949 - PyQt6.uic.uiparser - DEBUG - new topwidget <PyQt6.QtWidgets.QWidget object at 0x000001A6A5FC6D40>
2026-03-16 07:35:53,949 - PyQt6.uic.properties - DEBUG - setting property geometry
2026-03-16 07:35:53,949 - PyQt6.uic.uiparser - DEBUG - push QWidget horizontalLayoutWidget_2
2026-03-16 07:35:53,949 - PyQt6.uic.properties - DEBUG - setting property spacing
2026-03-16 07:35:53,949 - PyQt6.uic.properties - DEBUG - setting property pyuicMargins
2026-03-16 07:35:53,949 - PyQt6.uic.properties - DEBUG - setting property pyuicSpacing
2026-03-16 07:35:53,949 - PyQt6.uic.uiparser - DEBUG - push QHBoxLayout horizontalLayout_4
2026-03-16 07:35:53,950 - PyQt6.uic.properties - DEBUG - setting property minimumSize
2026-03-16 07:35:53,950 - PyQt6.uic.properties - DEBUG - setting property whatsThis
2026-03-16 07:35:53,950 - PyQt6.uic.properties - DEBUG - setting property text
2026-03-16 07:35:53,950 - PyQt6.uic.uiparser - DEBUG - push QPushButton import_2
2026-03-16 07:35:53,950 - PyQt6.uic.uiparser - DEBUG - pop widget QPushButton import_2
2026-03-16 07:35:53,950 - PyQt6.uic.uiparser - DEBUG - new topwidget <PyQt6.QtWidgets.QWidget object at 0x000001A6A5FC7130>
2026-03-16 07:35:53,950 - PyQt6.uic.properties - DEBUG - setting property minimumSize
2026-03-16 07:35:53,951 - PyQt6.uic.properties - DEBUG - setting property whatsThis
2026-03-16 07:35:53,951 - PyQt6.uic.properties - DEBUG - setting property text
2026-03-16 07:35:53,951 - PyQt6.uic.uiparser - DEBUG - push QPushButton export_2
2026-03-16 07:35:53,951 - PyQt6.uic.uiparser - DEBUG - pop widget QPushButton export_2
2026-03-16 07:35:53,951 - PyQt6.uic.uiparser - DEBUG - new topwidget <PyQt6.QtWidgets.QWidget object at 0x000001A6A5FC7130>
2026-03-16 07:35:53,951 - PyQt6.uic.properties - DEBUG - setting property minimumSize
2026-03-16 07:35:53,951 - PyQt6.uic.properties - DEBUG - setting property statusTip
2026-03-16 07:35:53,951 - PyQt6.uic.properties - DEBUG - setting property text
2026-03-16 07:35:53,951 - PyQt6.uic.uiparser - DEBUG - push QPushButton add_SDO_button
2026-03-16 07:35:53,951 - PyQt6.uic.uiparser - DEBUG - pop widget QPushButton add_SDO_button
2026-03-16 07:35:53,951 - PyQt6.uic.uiparser - DEBUG - new topwidget <PyQt6.QtWidgets.QWidget object at 0x000001A6A5FC7130>
2026-03-16 07:35:53,953 - PyQt6.uic.properties - DEBUG - setting property minimumSize
2026-03-16 07:35:53,953 - PyQt6.uic.properties - DEBUG - setting property statusTip
2026-03-16 07:35:53,953 - PyQt6.uic.properties - DEBUG - setting property text
2026-03-16 07:35:53,953 - PyQt6.uic.uiparser - DEBUG - push QPushButton delete_row_button
2026-03-16 07:35:53,953 - PyQt6.uic.uiparser - DEBUG - pop widget QPushButton delete_row_button
2026-03-16 07:35:53,953 - PyQt6.uic.uiparser - DEBUG - new topwidget <PyQt6.QtWidgets.QWidget object at 0x000001A6A5FC7130>
2026-03-16 07:35:53,954 - PyQt6.uic.uiparser - DEBUG - pop layout QHBoxLayout horizontalLayout_4
2026-03-16 07:35:53,954 - PyQt6.uic.uiparser - DEBUG - pop widget QWidget horizontalLayoutWidget_2
2026-03-16 07:35:53,954 - PyQt6.uic.uiparser - DEBUG - new topwidget <PyQt6.QtWidgets.QWidget object at 0x000001A6A5FC6D40>
2026-03-16 07:35:53,954 - PyQt6.uic.uiparser - DEBUG - pop widget QWidget widget
2026-03-16 07:35:53,954 - PyQt6.uic.uiparser - DEBUG - new topwidget <PyQt6.QtWidgets.QTabWidget object at 0x000001A6A5FC63B0>
2026-03-16 07:35:53,956 - PyQt6.uic.uiparser - DEBUG - pop widget QTabWidget tabWidget
2026-03-16 07:35:53,957 - PyQt6.uic.uiparser - DEBUG - new topwidget <PyQt6.QtWidgets.QWidget object at 0x000001A6A5FC6320>
2026-03-16 07:35:53,957 - PyQt6.uic.properties - DEBUG - setting property enabled
2026-03-16 07:35:53,958 - PyQt6.uic.properties - DEBUG - setting property geometry
2026-03-16 07:35:53,958 - PyQt6.uic.properties - DEBUG - setting property sizePolicy
2026-03-16 07:35:53,958 - PyQt6.uic.properties - DEBUG - setting property font
2026-03-16 07:35:53,958 - PyQt6.uic.properties - DEBUG - setting property styleSheet
2026-03-16 07:35:53,958 - PyQt6.uic.properties - DEBUG - setting property currentIndex
2026-03-16 07:35:53,959 - PyQt6.uic.properties - DEBUG - setting property elideMode
2026-03-16 07:35:53,959 - PyQt6.uic.properties - DEBUG - setting property documentMode
2026-03-16 07:35:53,959 - PyQt6.uic.properties - DEBUG - setting property tabBarAutoHide
2026-03-16 07:35:53,959 - PyQt6.uic.uiparser - DEBUG - push QTabWidget tabWidget_5
2026-03-16 07:35:53,959 - PyQt6.uic.uiparser - DEBUG - push QWidget tab_7
2026-03-16 07:35:53,959 - PyQt6.uic.properties - DEBUG - setting property geometry
2026-03-16 07:35:53,960 - PyQt6.uic.properties - DEBUG - setting property font
2026-03-16 07:35:53,960 - PyQt6.uic.properties - DEBUG - setting property currentIndex
2026-03-16 07:35:53,960 - PyQt6.uic.properties - DEBUG - setting property documentMode
2026-03-16 07:35:53,960 - PyQt6.uic.uiparser - DEBUG - push QTabWidget tabWidget_2
2026-03-16 07:35:53,961 - PyQt6.uic.uiparser - DEBUG - push QWidget tab_4
2026-03-16 07:35:53,961 - PyQt6.uic.properties - DEBUG - setting property geometry
2026-03-16 07:35:53,961 - PyQt6.uic.properties - DEBUG - setting property title
2026-03-16 07:35:53,961 - PyQt6.uic.uiparser - DEBUG - push QGroupBox groupBox_5
2026-03-16 07:35:53,962 - PyQt6.uic.properties - DEBUG - setting property geometry
2026-03-16 07:35:53,962 - PyQt6.uic.properties - DEBUG - setting property sizePolicy
2026-03-16 07:35:53,962 - PyQt6.uic.properties - DEBUG - setting property font
2026-03-16 07:35:53,962 - PyQt6.uic.properties - DEBUG - setting property text
2026-03-16 07:35:53,962 - PyQt6.uic.uiparser - DEBUG - push QLabel SyncLimit
2026-03-16 07:35:53,962 - PyQt6.uic.uiparser - DEBUG - pop widget QLabel SyncLimit
2026-03-16 07:35:53,962 - PyQt6.uic.uiparser - DEBUG - new topwidget <PyQt6.QtWidgets.QGroupBox object at 0x000001A6A5FC76D0>
2026-03-16 07:35:53,963 - PyQt6.uic.properties - DEBUG - setting property geometry
2026-03-16 07:35:53,964 - PyQt6.uic.properties - DEBUG - setting property sizePolicy
2026-03-16 07:35:53,964 - PyQt6.uic.properties - DEBUG - setting property font
2026-03-16 07:35:53,964 - PyQt6.uic.properties - DEBUG - setting property text
2026-03-16 07:35:53,965 - PyQt6.uic.properties - DEBUG - setting property alignment
2026-03-16 07:35:53,965 - PyQt6.uic.properties - DEBUG - setting property readOnly
2026-03-16 07:35:53,965 - PyQt6.uic.uiparser - DEBUG - push QLineEdit TaskID1Ext_2
2026-03-16 07:35:53,965 - PyQt6.uic.uiparser - DEBUG - pop widget QLineEdit TaskID1Ext_2
2026-03-16 07:35:53,966 - PyQt6.uic.uiparser - DEBUG - new topwidget <PyQt6.QtWidgets.QGroupBox object at 0x000001A6A5FC76D0>
2026-03-16 07:35:53,966 - PyQt6.uic.properties - DEBUG - setting property geometry
2026-03-16 07:35:53,966 - PyQt6.uic.properties - DEBUG - setting property sizePolicy
2026-03-16 07:35:53,966 - PyQt6.uic.properties - DEBUG - setting property font
2026-03-16 07:35:53,967 - PyQt6.uic.properties - DEBUG - setting property text
2026-03-16 07:35:53,967 - PyQt6.uic.properties - DEBUG - setting property alignment
2026-03-16 07:35:53,967 - PyQt6.uic.properties - DEBUG - setting property readOnly
2026-03-16 07:35:53,967 - PyQt6.uic.uiparser - DEBUG - push QLineEdit TransitionTimeout_2
2026-03-16 07:35:53,968 - PyQt6.uic.uiparser - DEBUG - pop widget QLineEdit TransitionTimeout_2
2026-03-16 07:35:53,968 - PyQt6.uic.uiparser - DEBUG - new topwidget <PyQt6.QtWidgets.QGroupBox object at 0x000001A6A5FC76D0>
2026-03-16 07:35:53,968 - PyQt6.uic.properties - DEBUG - setting property geometry
2026-03-16 07:35:53,968 - PyQt6.uic.properties - DEBUG - setting property sizePolicy
2026-03-16 07:35:53,969 - PyQt6.uic.properties - DEBUG - setting property font
2026-03-16 07:35:53,969 - PyQt6.uic.properties - DEBUG - setting property text
2026-03-16 07:35:53,969 - PyQt6.uic.properties - DEBUG - setting property alignment
2026-03-16 07:35:53,969 - PyQt6.uic.properties - DEBUG - setting property readOnly
2026-03-16 07:35:53,969 - PyQt6.uic.uiparser - DEBUG - push QLineEdit SyncLimit_3
2026-03-16 07:35:53,969 - PyQt6.uic.uiparser - DEBUG - pop widget QLineEdit SyncLimit_3
2026-03-16 07:35:53,969 - PyQt6.uic.uiparser - DEBUG - new topwidget <PyQt6.QtWidgets.QGroupBox object at 0x000001A6A5FC76D0>
2026-03-16 07:35:53,970 - PyQt6.uic.properties - DEBUG - setting property geometry
2026-03-16 07:35:53,970 - PyQt6.uic.properties - DEBUG - setting property sizePolicy
2026-03-16 07:35:53,970 - PyQt6.uic.properties - DEBUG - setting property font
2026-03-16 07:35:53,970 - PyQt6.uic.properties - DEBUG - setting property text
2026-03-16 07:35:53,970 - PyQt6.uic.uiparser - DEBUG - push QLabel ServoPeriod
2026-03-16 07:35:53,970 - PyQt6.uic.uiparser - DEBUG - pop widget QLabel ServoPeriod
2026-03-16 07:35:53,970 - PyQt6.uic.uiparser - DEBUG - new topwidget <PyQt6.QtWidgets.QGroupBox object at 0x000001A6A5FC76D0>
2026-03-16 07:35:53,971 - PyQt6.uic.properties - DEBUG - setting property geometry
2026-03-16 07:35:53,971 - PyQt6.uic.properties - DEBUG - setting property sizePolicy
2026-03-16 07:35:53,971 - PyQt6.uic.properties - DEBUG - setting property font
2026-03-16 07:35:53,971 - PyQt6.uic.properties - DEBUG - setting property text
2026-03-16 07:35:53,971 - PyQt6.uic.properties - DEBUG - setting property alignment
2026-03-16 07:35:53,971 - PyQt6.uic.properties - DEBUG - setting property readOnly
2026-03-16 07:35:53,971 - PyQt6.uic.uiparser - DEBUG - push QLineEdit EcatCycleTime_2
2026-03-16 07:35:53,971 - PyQt6.uic.uiparser - DEBUG - pop widget QLineEdit EcatCycleTime_2
2026-03-16 07:35:53,971 - PyQt6.uic.uiparser - DEBUG - new topwidget <PyQt6.QtWidgets.QGroupBox object at 0x000001A6A5FC76D0>
2026-03-16 07:35:53,972 - PyQt6.uic.properties - DEBUG - setting property geometry
2026-03-16 07:35:53,972 - PyQt6.uic.properties - DEBUG - setting property sizePolicy
2026-03-16 07:35:53,972 - PyQt6.uic.properties - DEBUG - setting property font
2026-03-16 07:35:53,972 - PyQt6.uic.properties - DEBUG - setting property text
2026-03-16 07:35:53,972 - PyQt6.uic.uiparser - DEBUG - push QLabel ServoExtension
2026-03-16 07:35:53,973 - PyQt6.uic.uiparser - DEBUG - pop widget QLabel ServoExtension
2026-03-16 07:35:53,973 - PyQt6.uic.uiparser - DEBUG - new topwidget <PyQt6.QtWidgets.QGroupBox object at 0x000001A6A5FC76D0>
2026-03-16 07:35:53,973 - PyQt6.uic.properties - DEBUG - setting property geometry
2026-03-16 07:35:53,973 - PyQt6.uic.properties - DEBUG - setting property sizePolicy
2026-03-16 07:35:53,973 - PyQt6.uic.properties - DEBUG - setting property font
2026-03-16 07:35:53,974 - PyQt6.uic.properties - DEBUG - setting property text
2026-03-16 07:35:53,974 - PyQt6.uic.uiparser - DEBUG - push QLabel TransitionTimeout
2026-03-16 07:35:53,974 - PyQt6.uic.uiparser - DEBUG - pop widget QLabel TransitionTimeout
2026-03-16 07:35:53,974 - PyQt6.uic.uiparser - DEBUG - new topwidget <PyQt6.QtWidgets.QGroupBox object at 0x000001A6A5FC76D0>
2026-03-16 07:35:53,974 - PyQt6.uic.properties - DEBUG - setting property geometry
2026-03-16 07:35:53,974 - PyQt6.uic.properties - DEBUG - setting property sizePolicy
2026-03-16 07:35:53,974 - PyQt6.uic.properties - DEBUG - setting property font
2026-03-16 07:35:53,974 - PyQt6.uic.properties - DEBUG - setting property text
2026-03-16 07:35:53,975 - PyQt6.uic.uiparser - DEBUG - push QLabel EcatCycleTime
2026-03-16 07:35:53,975 - PyQt6.uic.uiparser - DEBUG - pop widget QLabel EcatCycleTime
2026-03-16 07:35:53,975 - PyQt6.uic.uiparser - DEBUG - new topwidget <PyQt6.QtWidgets.QGroupBox object at 0x000001A6A5FC76D0>
2026-03-16 07:35:53,975 - PyQt6.uic.properties - DEBUG - setting property geometry
2026-03-16 07:35:53,975 - PyQt6.uic.properties - DEBUG - setting property sizePolicy
2026-03-16 07:35:53,975 - PyQt6.uic.properties - DEBUG - setting property font
2026-03-16 07:35:53,975 - PyQt6.uic.properties - DEBUG - setting property text
2026-03-16 07:35:53,975 - PyQt6.uic.uiparser - DEBUG - push QLabel TaskID1Ext
2026-03-16 07:35:53,975 - PyQt6.uic.uiparser - DEBUG - pop widget QLabel TaskID1Ext
2026-03-16 07:35:53,977 - PyQt6.uic.uiparser - DEBUG - new topwidget <PyQt6.QtWidgets.QGroupBox object at 0x000001A6A5FC76D0>
2026-03-16 07:35:53,977 - PyQt6.uic.properties - DEBUG - setting property geometry
2026-03-16 07:35:53,977 - PyQt6.uic.properties - DEBUG - setting property sizePolicy
2026-03-16 07:35:53,977 - PyQt6.uic.properties - DEBUG - setting property font
2026-03-16 07:35:53,978 - PyQt6.uic.properties - DEBUG - setting property text
2026-03-16 07:35:53,978 - PyQt6.uic.properties - DEBUG - setting property alignment
2026-03-16 07:35:53,978 - PyQt6.uic.properties - DEBUG - setting property readOnly
2026-03-16 07:35:53,978 - PyQt6.uic.uiparser - DEBUG - push QLineEdit ServoExtension_2
2026-03-16 07:35:53,978 - PyQt6.uic.uiparser - DEBUG - pop widget QLineEdit ServoExtension_2
2026-03-16 07:35:53,978 - PyQt6.uic.uiparser - DEBUG - new topwidget <PyQt6.QtWidgets.QGroupBox object at 0x000001A6A5FC76D0>
2026-03-16 07:35:53,978 - PyQt6.uic.properties - DEBUG - setting property geometry
2026-03-16 07:35:53,978 - PyQt6.uic.properties - DEBUG - setting property sizePolicy
2026-03-16 07:35:53,978 - PyQt6.uic.properties - DEBUG - setting property font
2026-03-16 07:35:53,979 - PyQt6.uic.properties - DEBUG - setting property text
2026-03-16 07:35:53,979 - PyQt6.uic.properties - DEBUG - setting property alignment
2026-03-16 07:35:53,979 - PyQt6.uic.properties - DEBUG - setting property readOnly
2026-03-16 07:35:53,979 - PyQt6.uic.uiparser - DEBUG - push QLineEdit ServoPeriod_2
2026-03-16 07:35:53,979 - PyQt6.uic.uiparser - DEBUG - pop widget QLineEdit ServoPeriod_2
2026-03-16 07:35:53,979 - PyQt6.uic.uiparser - DEBUG - new topwidget <PyQt6.QtWidgets.QGroupBox object at 0x000001A6A5FC76D0>
2026-03-16 07:35:53,979 - PyQt6.uic.uiparser - DEBUG - pop widget QGroupBox groupBox_5
2026-03-16 07:35:53,979 - PyQt6.uic.uiparser - DEBUG - new topwidget <PyQt6.QtWidgets.QWidget object at 0x000001A6A5FC7640>
2026-03-16 07:35:53,979 - PyQt6.uic.properties - DEBUG - setting property geometry
2026-03-16 07:35:53,979 - PyQt6.uic.properties - DEBUG - setting property title
2026-03-16 07:35:53,980 - PyQt6.uic.uiparser - DEBUG - push QGroupBox groupBox_9
2026-03-16 07:35:53,980 - PyQt6.uic.properties - DEBUG - setting property geometry
2026-03-16 07:35:53,980 - PyQt6.uic.properties - DEBUG - setting property font
2026-03-16 07:35:53,980 - PyQt6.uic.properties - DEBUG - setting property text
2026-03-16 07:35:53,980 - PyQt6.uic.uiparser - DEBUG - push QLabel RtStateCheck_freq
2026-03-16 07:35:53,980 - PyQt6.uic.uiparser - DEBUG - pop widget QLabel RtStateCheck_freq
2026-03-16 07:35:53,980 - PyQt6.uic.uiparser - DEBUG - new topwidget <PyQt6.QtWidgets.QGroupBox object at 0x000001A6A5FC7E20>
2026-03-16 07:35:53,981 - PyQt6.uic.properties - DEBUG - setting property geometry
2026-03-16 07:35:53,981 - PyQt6.uic.properties - DEBUG - setting property sizePolicy
2026-03-16 07:35:53,981 - PyQt6.uic.properties - DEBUG - setting property font
2026-03-16 07:35:53,981 - PyQt6.uic.properties - DEBUG - setting property whatsThis
2026-03-16 07:35:53,981 - PyQt6.uic.properties - DEBUG - setting property alignment
2026-03-16 07:35:53,981 - PyQt6.uic.properties - DEBUG - setting property minimum
2026-03-16 07:35:53,982 - PyQt6.uic.uiparser - DEBUG - push QSpinBox RtStateCheck_freq_5
2026-03-16 07:35:53,983 - PyQt6.uic.uiparser - DEBUG - pop widget QSpinBox RtStateCheck_freq_5
2026-03-16 07:35:53,983 - PyQt6.uic.uiparser - DEBUG - new topwidget <PyQt6.QtWidgets.QGroupBox object at 0x000001A6A5FC7E20>
2026-03-16 07:35:53,983 - PyQt6.uic.properties - DEBUG - setting property geometry
2026-03-16 07:35:53,983 - PyQt6.uic.properties - DEBUG - setting property font
2026-03-16 07:35:53,984 - PyQt6.uic.properties - DEBUG - setting property text
2026-03-16 07:35:53,984 - PyQt6.uic.uiparser - DEBUG - push QLabel RtStateCheck_freq_2
2026-03-16 07:35:53,984 - PyQt6.uic.uiparser - DEBUG - pop widget QLabel RtStateCheck_freq_2
2026-03-16 07:35:53,985 - PyQt6.uic.uiparser - DEBUG - new topwidget <PyQt6.QtWidgets.QGroupBox object at 0x000001A6A5FC7E20>
2026-03-16 07:35:53,985 - PyQt6.uic.properties - DEBUG - setting property geometry
2026-03-16 07:35:53,985 - PyQt6.uic.properties - DEBUG - setting property sizePolicy
2026-03-16 07:35:53,985 - PyQt6.uic.properties - DEBUG - setting property font
2026-03-16 07:35:53,985 - PyQt6.uic.properties - DEBUG - setting property text
2026-03-16 07:35:53,985 - PyQt6.uic.uiparser - DEBUG - push QLabel EcErrorCounter_5
2026-03-16 07:35:53,985 - PyQt6.uic.uiparser - DEBUG - pop widget QLabel EcErrorCounter_5
2026-03-16 07:35:53,985 - PyQt6.uic.uiparser - DEBUG - new topwidget <PyQt6.QtWidgets.QGroupBox object at 0x000001A6A5FC7E20>
2026-03-16 07:35:53,987 - PyQt6.uic.properties - DEBUG - setting property geometry
2026-03-16 07:35:53,987 - PyQt6.uic.properties - DEBUG - setting property sizePolicy
2026-03-16 07:35:53,987 - PyQt6.uic.properties - DEBUG - setting property font
2026-03-16 07:35:53,987 - PyQt6.uic.properties - DEBUG - setting property toolTip
2026-03-16 07:35:53,987 - PyQt6.uic.properties - DEBUG - setting property whatsThis
2026-03-16 07:35:53,987 - PyQt6.uic.properties - DEBUG - setting property text
2026-03-16 07:35:53,987 - PyQt6.uic.properties - DEBUG - setting property alignment
2026-03-16 07:35:53,987 - PyQt6.uic.properties - DEBUG - setting property readOnly
2026-03-16 07:35:53,988 - PyQt6.uic.uiparser - DEBUG - push QLineEdit ecaterror
2026-03-16 07:35:53,988 - PyQt6.uic.uiparser - DEBUG - pop widget QLineEdit ecaterror
2026-03-16 07:35:53,988 - PyQt6.uic.uiparser - DEBUG - new topwidget <PyQt6.QtWidgets.QGroupBox object at 0x000001A6A5FC7E20>
2026-03-16 07:35:53,988 - PyQt6.uic.properties - DEBUG - setting property geometry
2026-03-16 07:35:53,988 - PyQt6.uic.properties - DEBUG - setting property sizePolicy
2026-03-16 07:35:53,988 - PyQt6.uic.properties - DEBUG - setting property font
2026-03-16 07:35:53,988 - PyQt6.uic.properties - DEBUG - setting property whatsThis
2026-03-16 07:35:53,988 - PyQt6.uic.properties - DEBUG - setting property text
2026-03-16 07:35:53,989 - PyQt6.uic.properties - DEBUG - setting property alignment
2026-03-16 07:35:53,989 - PyQt6.uic.properties - DEBUG - setting property readOnly
2026-03-16 07:35:53,989 - PyQt6.uic.uiparser - DEBUG - push QLineEdit RtStateCheck_2
2026-03-16 07:35:53,989 - PyQt6.uic.uiparser - DEBUG - pop widget QLineEdit RtStateCheck_2
2026-03-16 07:35:53,989 - PyQt6.uic.uiparser - DEBUG - new topwidget <PyQt6.QtWidgets.QGroupBox object at 0x000001A6A5FC7E20>
2026-03-16 07:35:53,989 - PyQt6.uic.properties - DEBUG - setting property geometry
2026-03-16 07:35:53,989 - PyQt6.uic.properties - DEBUG - setting property sizePolicy
2026-03-16 07:35:53,989 - PyQt6.uic.properties - DEBUG - setting property font
2026-03-16 07:35:53,990 - PyQt6.uic.properties - DEBUG - setting property statusTip
2026-03-16 07:35:53,990 - PyQt6.uic.properties - DEBUG - setting property text
2026-03-16 07:35:53,990 - PyQt6.uic.properties - DEBUG - setting property alignment
2026-03-16 07:35:53,990 - PyQt6.uic.properties - DEBUG - setting property readOnly
2026-03-16 07:35:53,990 - PyQt6.uic.uiparser - DEBUG - push QLineEdit DCRefMaster
2026-03-16 07:35:53,990 - PyQt6.uic.uiparser - DEBUG - pop widget QLineEdit DCRefMaster
2026-03-16 07:35:53,990 - PyQt6.uic.uiparser - DEBUG - new topwidget <PyQt6.QtWidgets.QGroupBox object at 0x000001A6A5FC7E20>
2026-03-16 07:35:53,990 - PyQt6.uic.properties - DEBUG - setting property geometry
2026-03-16 07:35:53,990 - PyQt6.uic.properties - DEBUG - setting property sizePolicy
2026-03-16 07:35:53,990 - PyQt6.uic.properties - DEBUG - setting property font
2026-03-16 07:35:53,991 - PyQt6.uic.properties - DEBUG - setting property statusTip
2026-03-16 07:35:53,991 - PyQt6.uic.properties - DEBUG - setting property text
2026-03-16 07:35:53,991 - PyQt6.uic.properties - DEBUG - setting property alignment
2026-03-16 07:35:53,991 - PyQt6.uic.properties - DEBUG - setting property readOnly
2026-03-16 07:35:53,991 - PyQt6.uic.uiparser - DEBUG - push QLineEdit EcErrorCounter_2
2026-03-16 07:35:53,991 - PyQt6.uic.uiparser - DEBUG - pop widget QLineEdit EcErrorCounter_2
2026-03-16 07:35:53,991 - PyQt6.uic.uiparser - DEBUG - new topwidget <PyQt6.QtWidgets.QGroupBox object at 0x000001A6A5FC7E20>
2026-03-16 07:35:53,991 - PyQt6.uic.properties - DEBUG - setting property geometry
2026-03-16 07:35:53,991 - PyQt6.uic.properties - DEBUG - setting property sizePolicy
2026-03-16 07:35:53,991 - PyQt6.uic.properties - DEBUG - setting property font
2026-03-16 07:35:53,992 - PyQt6.uic.properties - DEBUG - setting property text
2026-03-16 07:35:53,992 - PyQt6.uic.uiparser - DEBUG - push QLabel MasterReady
2026-03-16 07:35:53,992 - PyQt6.uic.uiparser - DEBUG - pop widget QLabel MasterReady
2026-03-16 07:35:53,992 - PyQt6.uic.uiparser - DEBUG - new topwidget <PyQt6.QtWidgets.QGroupBox object at 0x000001A6A5FC7E20>
2026-03-16 07:35:53,992 - PyQt6.uic.properties - DEBUG - setting property geometry
2026-03-16 07:35:53,992 - PyQt6.uic.properties - DEBUG - setting property sizePolicy
2026-03-16 07:35:53,992 - PyQt6.uic.properties - DEBUG - setting property font
2026-03-16 07:35:53,992 - PyQt6.uic.properties - DEBUG - setting property whatsThis
2026-03-16 07:35:53,993 - PyQt6.uic.properties - DEBUG - setting property text
2026-03-16 07:35:53,993 - PyQt6.uic.properties - DEBUG - setting property alignment
2026-03-16 07:35:53,993 - PyQt6.uic.properties - DEBUG - setting property readOnly
2026-03-16 07:35:53,993 - PyQt6.uic.uiparser - DEBUG - push QLineEdit AllowInputsOnWkcErr_2
2026-03-16 07:35:53,993 - PyQt6.uic.uiparser - DEBUG - pop widget QLineEdit AllowInputsOnWkcErr_2
2026-03-16 07:35:53,993 - PyQt6.uic.uiparser - DEBUG - new topwidget <PyQt6.QtWidgets.QGroupBox object at 0x000001A6A5FC7E20>
2026-03-16 07:35:53,993 - PyQt6.uic.properties - DEBUG - setting property geometry
2026-03-16 07:35:53,993 - PyQt6.uic.properties - DEBUG - setting property sizePolicy
2026-03-16 07:35:53,994 - PyQt6.uic.properties - DEBUG - setting property font
2026-03-16 07:35:53,994 - PyQt6.uic.properties - DEBUG - setting property whatsThis
2026-03-16 07:35:53,994 - PyQt6.uic.properties - DEBUG - setting property text
2026-03-16 07:35:53,994 - PyQt6.uic.properties - DEBUG - setting property alignment
2026-03-16 07:35:53,994 - PyQt6.uic.properties - DEBUG - setting property readOnly
2026-03-16 07:35:53,994 - PyQt6.uic.uiparser - DEBUG - push QLineEdit EcatLinkConnected_2
2026-03-16 07:35:53,994 - PyQt6.uic.uiparser - DEBUG - pop widget QLineEdit EcatLinkConnected_2
2026-03-16 07:35:53,994 - PyQt6.uic.uiparser - DEBUG - new topwidget <PyQt6.QtWidgets.QGroupBox object at 0x000001A6A5FC7E20>
2026-03-16 07:35:53,994 - PyQt6.uic.properties - DEBUG - setting property geometry
2026-03-16 07:35:53,994 - PyQt6.uic.properties - DEBUG - setting property sizePolicy
2026-03-16 07:35:53,995 - PyQt6.uic.properties - DEBUG - setting property font
2026-03-16 07:35:53,995 - PyQt6.uic.properties - DEBUG - setting property text
2026-03-16 07:35:53,995 - PyQt6.uic.uiparser - DEBUG - push QLabel EcErrorCounter_7
2026-03-16 07:35:53,995 - PyQt6.uic.uiparser - DEBUG - pop widget QLabel EcErrorCounter_7
2026-03-16 07:35:53,995 - PyQt6.uic.uiparser - DEBUG - new topwidget <PyQt6.QtWidgets.QGroupBox object at 0x000001A6A5FC7E20>
2026-03-16 07:35:53,995 - PyQt6.uic.properties - DEBUG - setting property geometry
2026-03-16 07:35:53,995 - PyQt6.uic.properties - DEBUG - setting property sizePolicy
2026-03-16 07:35:53,995 - PyQt6.uic.properties - DEBUG - setting property font
2026-03-16 07:35:53,995 - PyQt6.uic.properties - DEBUG - setting property text
2026-03-16 07:35:53,995 - PyQt6.uic.uiparser - DEBUG - push QLabel RtStateCheck
2026-03-16 07:35:53,995 - PyQt6.uic.uiparser - DEBUG - pop widget QLabel RtStateCheck
2026-03-16 07:35:53,995 - PyQt6.uic.uiparser - DEBUG - new topwidget <PyQt6.QtWidgets.QGroupBox object at 0x000001A6A5FC7E20>
2026-03-16 07:35:53,995 - PyQt6.uic.properties - DEBUG - setting property geometry
2026-03-16 07:35:53,997 - PyQt6.uic.properties - DEBUG - setting property sizePolicy
2026-03-16 07:35:53,997 - PyQt6.uic.properties - DEBUG - setting property font
2026-03-16 07:35:53,997 - PyQt6.uic.properties - DEBUG - setting property text
2026-03-16 07:35:53,997 - PyQt6.uic.uiparser - DEBUG - push QLabel AllowInputsOnWkcErr
2026-03-16 07:35:53,997 - PyQt6.uic.uiparser - DEBUG - pop widget QLabel AllowInputsOnWkcErr
2026-03-16 07:35:53,997 - PyQt6.uic.uiparser - DEBUG - new topwidget <PyQt6.QtWidgets.QGroupBox object at 0x000001A6A5FC7E20>
2026-03-16 07:35:53,997 - PyQt6.uic.properties - DEBUG - setting property geometry
2026-03-16 07:35:53,997 - PyQt6.uic.properties - DEBUG - setting property sizePolicy
2026-03-16 07:35:53,997 - PyQt6.uic.properties - DEBUG - setting property font
2026-03-16 07:35:53,998 - PyQt6.uic.properties - DEBUG - setting property text
2026-03-16 07:35:53,998 - PyQt6.uic.uiparser - DEBUG - push QLabel EtherCATLink_2
2026-03-16 07:35:53,998 - PyQt6.uic.uiparser - DEBUG - pop widget QLabel EtherCATLink_2
2026-03-16 07:35:53,998 - PyQt6.uic.uiparser - DEBUG - new topwidget <PyQt6.QtWidgets.QGroupBox object at 0x000001A6A5FC7E20>
2026-03-16 07:35:53,998 - PyQt6.uic.properties - DEBUG - setting property geometry
2026-03-16 07:35:53,998 - PyQt6.uic.properties - DEBUG - setting property sizePolicy
2026-03-16 07:35:53,998 - PyQt6.uic.properties - DEBUG - setting property font
2026-03-16 07:35:53,998 - PyQt6.uic.properties - DEBUG - setting property text
2026-03-16 07:35:53,998 - PyQt6.uic.uiparser - DEBUG - push QLabel EcErrorCounter
2026-03-16 07:35:53,998 - PyQt6.uic.uiparser - DEBUG - pop widget QLabel EcErrorCounter
2026-03-16 07:35:53,998 - PyQt6.uic.uiparser - DEBUG - new topwidget <PyQt6.QtWidgets.QGroupBox object at 0x000001A6A5FC7E20>
2026-03-16 07:35:53,999 - PyQt6.uic.properties - DEBUG - setting property geometry
2026-03-16 07:35:53,999 - PyQt6.uic.properties - DEBUG - setting property sizePolicy
2026-03-16 07:35:53,999 - PyQt6.uic.properties - DEBUG - setting property font
2026-03-16 07:35:54,000 - PyQt6.uic.properties - DEBUG - setting property focusPolicy
2026-03-16 07:35:54,000 - PyQt6.uic.properties - DEBUG - setting property statusTip
2026-03-16 07:35:54,000 - PyQt6.uic.properties - DEBUG - setting property styleSheet
2026-03-16 07:35:54,000 - PyQt6.uic.properties - DEBUG - setting property alignment
2026-03-16 07:35:54,000 - PyQt6.uic.properties - DEBUG - setting property readOnly
2026-03-16 07:35:54,000 - PyQt6.uic.uiparser - DEBUG - push QLineEdit MasterReady_2
2026-03-16 07:35:54,000 - PyQt6.uic.uiparser - DEBUG - pop widget QLineEdit MasterReady_2
2026-03-16 07:35:54,000 - PyQt6.uic.uiparser - DEBUG - new topwidget <PyQt6.QtWidgets.QGroupBox object at 0x000001A6A5FC7E20>
2026-03-16 07:35:54,001 - PyQt6.uic.properties - DEBUG - setting property geometry
2026-03-16 07:35:54,001 - PyQt6.uic.properties - DEBUG - setting property sizePolicy
2026-03-16 07:35:54,001 - PyQt6.uic.properties - DEBUG - setting property font
2026-03-16 07:35:54,001 - PyQt6.uic.properties - DEBUG - setting property text
2026-03-16 07:35:54,001 - PyQt6.uic.uiparser - DEBUG - push QLabel EcErrorCounter_6
2026-03-16 07:35:54,001 - PyQt6.uic.uiparser - DEBUG - pop widget QLabel EcErrorCounter_6
2026-03-16 07:35:54,001 - PyQt6.uic.uiparser - DEBUG - new topwidget <PyQt6.QtWidgets.QGroupBox object at 0x000001A6A5FC7E20>
2026-03-16 07:35:54,001 - PyQt6.uic.properties - DEBUG - setting property geometry
2026-03-16 07:35:54,001 - PyQt6.uic.properties - DEBUG - setting property sizePolicy
2026-03-16 07:35:54,001 - PyQt6.uic.properties - DEBUG - setting property font
2026-03-16 07:35:54,001 - PyQt6.uic.properties - DEBUG - setting property whatsThis
2026-03-16 07:35:54,002 - PyQt6.uic.properties - DEBUG - setting property text
2026-03-16 07:35:54,002 - PyQt6.uic.properties - DEBUG - setting property alignment
2026-03-16 07:35:54,002 - PyQt6.uic.properties - DEBUG - setting property readOnly
2026-03-16 07:35:54,002 - PyQt6.uic.uiparser - DEBUG - push QLineEdit ecaterror_2
2026-03-16 07:35:54,003 - PyQt6.uic.uiparser - DEBUG - pop widget QLineEdit ecaterror_2
2026-03-16 07:35:54,003 - PyQt6.uic.uiparser - DEBUG - new topwidget <PyQt6.QtWidgets.QGroupBox object at 0x000001A6A5FC7E20>
2026-03-16 07:35:54,003 - PyQt6.uic.uiparser - DEBUG - pop widget QGroupBox groupBox_9
2026-03-16 07:35:54,003 - PyQt6.uic.uiparser - DEBUG - new topwidget <PyQt6.QtWidgets.QWidget object at 0x000001A6A5FC7640>
2026-03-16 07:35:54,003 - PyQt6.uic.properties - DEBUG - setting property geometry
2026-03-16 07:35:54,003 - PyQt6.uic.properties - DEBUG - setting property title
2026-03-16 07:35:54,003 - PyQt6.uic.uiparser - DEBUG - push QGroupBox groupBox_13
2026-03-16 07:35:54,003 - PyQt6.uic.properties - DEBUG - setting property geometry
2026-03-16 07:35:54,004 - PyQt6.uic.properties - DEBUG - setting property sizePolicy
2026-03-16 07:35:54,004 - PyQt6.uic.properties - DEBUG - setting property font
2026-03-16 07:35:54,004 - PyQt6.uic.properties - DEBUG - setting property text
2026-03-16 07:35:54,004 - PyQt6.uic.uiparser - DEBUG - push QLabel DisabledSlaves
2026-03-16 07:35:54,004 - PyQt6.uic.uiparser - DEBUG - pop widget QLabel DisabledSlaves
2026-03-16 07:35:54,004 - PyQt6.uic.uiparser - DEBUG - new topwidget <PyQt6.QtWidgets.QGroupBox object at 0x000001A6A7EA4A60>
2026-03-16 07:35:54,004 - PyQt6.uic.properties - DEBUG - setting property geometry
2026-03-16 07:35:54,005 - PyQt6.uic.properties - DEBUG - setting property sizePolicy
2026-03-16 07:35:54,005 - PyQt6.uic.properties - DEBUG - setting property minimumSize
2026-03-16 07:35:54,005 - PyQt6.uic.properties - DEBUG - setting property baseSize
2026-03-16 07:35:54,005 - PyQt6.uic.properties - DEBUG - setting property font
2026-03-16 07:35:54,005 - PyQt6.uic.properties - DEBUG - setting property whatsThis
2026-03-16 07:35:54,005 - PyQt6.uic.properties - DEBUG - setting property alignment
2026-03-16 07:35:54,006 - PyQt6.uic.properties - DEBUG - setting property readOnly
2026-03-16 07:35:54,006 - PyQt6.uic.uiparser - DEBUG - push QLineEdit connectedslavecount_2
2026-03-16 07:35:54,006 - PyQt6.uic.uiparser - DEBUG - pop widget QLineEdit connectedslavecount_2
2026-03-16 07:35:54,007 - PyQt6.uic.uiparser - DEBUG - new topwidget <PyQt6.QtWidgets.QGroupBox object at 0x000001A6A7EA4A60>
2026-03-16 07:35:54,007 - PyQt6.uic.properties - DEBUG - setting property geometry
2026-03-16 07:35:54,007 - PyQt6.uic.properties - DEBUG - setting property sizePolicy
2026-03-16 07:35:54,007 - PyQt6.uic.properties - DEBUG - setting property font
2026-03-16 07:35:54,007 - PyQt6.uic.properties - DEBUG - setting property text
2026-03-16 07:35:54,008 - PyQt6.uic.uiparser - DEBUG - push QLabel configslavecount
2026-03-16 07:35:54,008 - PyQt6.uic.uiparser - DEBUG - pop widget QLabel configslavecount
2026-03-16 07:35:54,008 - PyQt6.uic.uiparser - DEBUG - new topwidget <PyQt6.QtWidgets.QGroupBox object at 0x000001A6A7EA4A60>
2026-03-16 07:35:54,008 - PyQt6.uic.properties - DEBUG - setting property geometry
2026-03-16 07:35:54,008 - PyQt6.uic.properties - DEBUG - setting property sizePolicy
2026-03-16 07:35:54,008 - PyQt6.uic.properties - DEBUG - setting property font
2026-03-16 07:35:54,009 - PyQt6.uic.properties - DEBUG - setting property text
2026-03-16 07:35:54,009 - PyQt6.uic.uiparser - DEBUG - push QLabel connectedslavecount
2026-03-16 07:35:54,009 - PyQt6.uic.uiparser - DEBUG - pop widget QLabel connectedslavecount
2026-03-16 07:35:54,009 - PyQt6.uic.uiparser - DEBUG - new topwidget <PyQt6.QtWidgets.QGroupBox object at 0x000001A6A7EA4A60>
2026-03-16 07:35:54,009 - PyQt6.uic.properties - DEBUG - setting property geometry
2026-03-16 07:35:54,009 - PyQt6.uic.properties - DEBUG - setting property sizePolicy
2026-03-16 07:35:54,009 - PyQt6.uic.properties - DEBUG - setting property minimumSize
2026-03-16 07:35:54,009 - PyQt6.uic.properties - DEBUG - setting property baseSize
2026-03-16 07:35:54,010 - PyQt6.uic.properties - DEBUG - setting property font
2026-03-16 07:35:54,030 - PyQt6.uic.properties - DEBUG - setting property whatsThis
2026-03-16 07:35:54,030 - PyQt6.uic.properties - DEBUG - setting property alignment
2026-03-16 07:35:54,031 - PyQt6.uic.properties - DEBUG - setting property readOnly
2026-03-16 07:35:54,031 - PyQt6.uic.uiparser - DEBUG - push QLineEdit configslavecount_2
2026-03-16 07:35:54,031 - PyQt6.uic.uiparser - DEBUG - pop widget QLineEdit configslavecount_2
2026-03-16 07:35:54,031 - PyQt6.uic.uiparser - DEBUG - new topwidget <PyQt6.QtWidgets.QGroupBox object at 0x000001A6A7EA4A60>
2026-03-16 07:35:54,031 - PyQt6.uic.properties - DEBUG - setting property geometry
2026-03-16 07:35:54,031 - PyQt6.uic.properties - DEBUG - setting property sizePolicy
2026-03-16 07:35:54,031 - PyQt6.uic.properties - DEBUG - setting property minimumSize
2026-03-16 07:35:54,031 - PyQt6.uic.properties - DEBUG - setting property baseSize
2026-03-16 07:35:54,032 - PyQt6.uic.properties - DEBUG - setting property font
2026-03-16 07:35:54,032 - PyQt6.uic.properties - DEBUG - setting property whatsThis
2026-03-16 07:35:54,032 - PyQt6.uic.properties - DEBUG - setting property alignment
2026-03-16 07:35:54,033 - PyQt6.uic.properties - DEBUG - setting property readOnly
2026-03-16 07:35:54,033 - PyQt6.uic.uiparser - DEBUG - push QLineEdit DisabledSlaves_2
2026-03-16 07:35:54,033 - PyQt6.uic.uiparser - DEBUG - pop widget QLineEdit DisabledSlaves_2
2026-03-16 07:35:54,033 - PyQt6.uic.uiparser - DEBUG - new topwidget <PyQt6.QtWidgets.QGroupBox object at 0x000001A6A7EA4A60>
2026-03-16 07:35:54,034 - PyQt6.uic.uiparser - DEBUG - pop widget QGroupBox groupBox_13
2026-03-16 07:35:54,034 - PyQt6.uic.uiparser - DEBUG - new topwidget <PyQt6.QtWidgets.QWidget object at 0x000001A6A5FC7640>
2026-03-16 07:35:54,034 - PyQt6.uic.properties - DEBUG - setting property geometry
2026-03-16 07:35:54,034 - PyQt6.uic.properties - DEBUG - setting property title
2026-03-16 07:35:54,034 - PyQt6.uic.uiparser - DEBUG - push QGroupBox groupBox_20
2026-03-16 07:35:54,034 - PyQt6.uic.properties - DEBUG - setting property geometry
2026-03-16 07:35:54,034 - PyQt6.uic.properties - DEBUG - setting property sizePolicy
2026-03-16 07:35:54,035 - PyQt6.uic.properties - DEBUG - setting property font
2026-03-16 07:35:54,035 - PyQt6.uic.properties - DEBUG - setting property text
2026-03-16 07:35:54,035 - PyQt6.uic.uiparser - DEBUG - push QLabel Redundancy_2
2026-03-16 07:35:54,035 - PyQt6.uic.uiparser - DEBUG - pop widget QLabel Redundancy_2
2026-03-16 07:35:54,035 - PyQt6.uic.uiparser - DEBUG - new topwidget <PyQt6.QtWidgets.QGroupBox object at 0x000001A6A7EA4E50>
2026-03-16 07:35:54,035 - PyQt6.uic.properties - DEBUG - setting property geometry
2026-03-16 07:35:54,035 - PyQt6.uic.properties - DEBUG - setting property sizePolicy
2026-03-16 07:35:54,035 - PyQt6.uic.properties - DEBUG - setting property font
2026-03-16 07:35:54,035 - PyQt6.uic.properties - DEBUG - setting property text
2026-03-16 07:35:54,035 - PyQt6.uic.properties - DEBUG - setting property alignment
2026-03-16 07:35:54,035 - PyQt6.uic.properties - DEBUG - setting property readOnly
2026-03-16 07:35:54,035 - PyQt6.uic.uiparser - DEBUG - push QLineEdit RedundantLineFixed_2
2026-03-16 07:35:54,037 - PyQt6.uic.uiparser - DEBUG - pop widget QLineEdit RedundantLineFixed_2
2026-03-16 07:35:54,037 - PyQt6.uic.uiparser - DEBUG - new topwidget <PyQt6.QtWidgets.QGroupBox object at 0x000001A6A7EA4E50>
2026-03-16 07:35:54,037 - PyQt6.uic.properties - DEBUG - setting property geometry
2026-03-16 07:35:54,037 - PyQt6.uic.properties - DEBUG - setting property sizePolicy
2026-03-16 07:35:54,037 - PyQt6.uic.properties - DEBUG - setting property font
2026-03-16 07:35:54,037 - PyQt6.uic.properties - DEBUG - setting property text
2026-03-16 07:35:54,037 - PyQt6.uic.uiparser - DEBUG - push QLabel RtStateCheck_4
2026-03-16 07:35:54,038 - PyQt6.uic.uiparser - DEBUG - pop widget QLabel RtStateCheck_4
2026-03-16 07:35:54,038 - PyQt6.uic.uiparser - DEBUG - new topwidget <PyQt6.QtWidgets.QGroupBox object at 0x000001A6A7EA4E50>
2026-03-16 07:35:54,038 - PyQt6.uic.properties - DEBUG - setting property geometry
2026-03-16 07:35:54,038 - PyQt6.uic.properties - DEBUG - setting property sizePolicy
2026-03-16 07:35:54,038 - PyQt6.uic.properties - DEBUG - setting property font
2026-03-16 07:35:54,038 - PyQt6.uic.properties - DEBUG - setting property text
2026-03-16 07:35:54,038 - PyQt6.uic.properties - DEBUG - setting property alignment
2026-03-16 07:35:54,038 - PyQt6.uic.properties - DEBUG - setting property readOnly
2026-03-16 07:35:54,038 - PyQt6.uic.uiparser - DEBUG - push QLineEdit RedundantLineBreak_2
2026-03-16 07:35:54,038 - PyQt6.uic.uiparser - DEBUG - pop widget QLineEdit RedundantLineBreak_2
2026-03-16 07:35:54,039 - PyQt6.uic.uiparser - DEBUG - new topwidget <PyQt6.QtWidgets.QGroupBox object at 0x000001A6A7EA4E50>
2026-03-16 07:35:54,039 - PyQt6.uic.properties - DEBUG - setting property geometry
2026-03-16 07:35:54,039 - PyQt6.uic.properties - DEBUG - setting property sizePolicy
2026-03-16 07:35:54,039 - PyQt6.uic.properties - DEBUG - setting property font
2026-03-16 07:35:54,039 - PyQt6.uic.properties - DEBUG - setting property statusTip
2026-03-16 07:35:54,039 - PyQt6.uic.properties - DEBUG - setting property text
2026-03-16 07:35:54,039 - PyQt6.uic.properties - DEBUG - setting property alignment
2026-03-16 07:35:54,039 - PyQt6.uic.properties - DEBUG - setting property readOnly
2026-03-16 07:35:54,039 - PyQt6.uic.uiparser - DEBUG - push QLineEdit Redundancy
2026-03-16 07:35:54,039 - PyQt6.uic.uiparser - DEBUG - pop widget QLineEdit Redundancy
2026-03-16 07:35:54,039 - PyQt6.uic.uiparser - DEBUG - new topwidget <PyQt6.QtWidgets.QGroupBox object at 0x000001A6A7EA4E50>
2026-03-16 07:35:54,039 - PyQt6.uic.properties - DEBUG - setting property geometry
2026-03-16 07:35:54,039 - PyQt6.uic.properties - DEBUG - setting property sizePolicy
2026-03-16 07:35:54,039 - PyQt6.uic.properties - DEBUG - setting property font
2026-03-16 07:35:54,041 - PyQt6.uic.properties - DEBUG - setting property text
2026-03-16 07:35:54,041 - PyQt6.uic.uiparser - DEBUG - push QLabel RtStateCheck_5
2026-03-16 07:35:54,041 - PyQt6.uic.uiparser - DEBUG - pop widget QLabel RtStateCheck_5
2026-03-16 07:35:54,041 - PyQt6.uic.uiparser - DEBUG - new topwidget <PyQt6.QtWidgets.QGroupBox object at 0x000001A6A7EA4E50>
2026-03-16 07:35:54,041 - PyQt6.uic.uiparser - DEBUG - pop widget QGroupBox groupBox_20
2026-03-16 07:35:54,041 - PyQt6.uic.uiparser - DEBUG - new topwidget <PyQt6.QtWidgets.QWidget object at 0x000001A6A5FC7640>
2026-03-16 07:35:54,041 - PyQt6.uic.properties - DEBUG - setting property geometry
2026-03-16 07:35:54,041 - PyQt6.uic.properties - DEBUG - setting property title
2026-03-16 07:35:54,041 - PyQt6.uic.uiparser - DEBUG - push QGroupBox groupBox_21
2026-03-16 07:35:54,041 - PyQt6.uic.properties - DEBUG - setting property geometry
2026-03-16 07:35:54,041 - PyQt6.uic.properties - DEBUG - setting property sizePolicy
2026-03-16 07:35:54,042 - PyQt6.uic.properties - DEBUG - setting property font
2026-03-16 07:35:54,042 - PyQt6.uic.properties - DEBUG - setting property text
2026-03-16 07:35:54,042 - PyQt6.uic.properties - DEBUG - setting property alignment
2026-03-16 07:35:54,042 - PyQt6.uic.properties - DEBUG - setting property readOnly
2026-03-16 07:35:54,042 - PyQt6.uic.uiparser - DEBUG - push QLineEdit FrameResponseErr_2
2026-03-16 07:35:54,042 - PyQt6.uic.uiparser - DEBUG - pop widget QLineEdit FrameResponseErr_2
2026-03-16 07:35:54,042 - PyQt6.uic.uiparser - DEBUG - new topwidget <PyQt6.QtWidgets.QGroupBox object at 0x000001A6A7EA5240>
2026-03-16 07:35:54,043 - PyQt6.uic.properties - DEBUG - setting property geometry
2026-03-16 07:35:54,043 - PyQt6.uic.properties - DEBUG - setting property sizePolicy
2026-03-16 07:35:54,043 - PyQt6.uic.properties - DEBUG - setting property font
2026-03-16 07:35:54,043 - PyQt6.uic.properties - DEBUG - setting property text
2026-03-16 07:35:54,043 - PyQt6.uic.uiparser - DEBUG - push QLabel FrameResponseErr
2026-03-16 07:35:54,043 - PyQt6.uic.uiparser - DEBUG - pop widget QLabel FrameResponseErr
2026-03-16 07:35:54,043 - PyQt6.uic.uiparser - DEBUG - new topwidget <PyQt6.QtWidgets.QGroupBox object at 0x000001A6A7EA5240>
2026-03-16 07:35:54,044 - PyQt6.uic.properties - DEBUG - setting property geometry
2026-03-16 07:35:54,044 - PyQt6.uic.properties - DEBUG - setting property sizePolicy
2026-03-16 07:35:54,044 - PyQt6.uic.properties - DEBUG - setting property font
2026-03-16 07:35:54,044 - PyQt6.uic.properties - DEBUG - setting property text
2026-03-16 07:35:54,044 - PyQt6.uic.uiparser - DEBUG - push QLabel DCClockDiff
2026-03-16 07:35:54,044 - PyQt6.uic.uiparser - DEBUG - pop widget QLabel DCClockDiff
2026-03-16 07:35:54,044 - PyQt6.uic.uiparser - DEBUG - new topwidget <PyQt6.QtWidgets.QGroupBox object at 0x000001A6A7EA5240>
2026-03-16 07:35:54,044 - PyQt6.uic.properties - DEBUG - setting property geometry
2026-03-16 07:35:54,044 - PyQt6.uic.properties - DEBUG - setting property sizePolicy
2026-03-16 07:35:54,044 - PyQt6.uic.properties - DEBUG - setting property font
2026-03-16 07:35:54,045 - PyQt6.uic.properties - DEBUG - setting property text
2026-03-16 07:35:54,045 - PyQt6.uic.uiparser - DEBUG - push QLabel LineCrossed
2026-03-16 07:35:54,045 - PyQt6.uic.uiparser - DEBUG - pop widget QLabel LineCrossed
2026-03-16 07:35:54,045 - PyQt6.uic.uiparser - DEBUG - new topwidget <PyQt6.QtWidgets.QGroupBox object at 0x000001A6A7EA5240>
2026-03-16 07:35:54,045 - PyQt6.uic.properties - DEBUG - setting property geometry
2026-03-16 07:35:54,045 - PyQt6.uic.properties - DEBUG - setting property sizePolicy
2026-03-16 07:35:54,045 - PyQt6.uic.properties - DEBUG - setting property font
2026-03-16 07:35:54,045 - PyQt6.uic.properties - DEBUG - setting property text
2026-03-16 07:35:54,045 - PyQt6.uic.properties - DEBUG - setting property alignment
2026-03-16 07:35:54,045 - PyQt6.uic.properties - DEBUG - setting property readOnly
2026-03-16 07:35:54,046 - PyQt6.uic.uiparser - DEBUG - push QLineEdit ScanBusMismatch_2
2026-03-16 07:35:54,046 - PyQt6.uic.uiparser - DEBUG - pop widget QLineEdit ScanBusMismatch_2
2026-03-16 07:35:54,046 - PyQt6.uic.uiparser - DEBUG - new topwidget <PyQt6.QtWidgets.QGroupBox object at 0x000001A6A7EA5240>
2026-03-16 07:35:54,046 - PyQt6.uic.properties - DEBUG - setting property geometry
2026-03-16 07:35:54,046 - PyQt6.uic.properties - DEBUG - setting property sizePolicy
2026-03-16 07:35:54,046 - PyQt6.uic.properties - DEBUG - setting property font
2026-03-16 07:35:54,046 - PyQt6.uic.properties - DEBUG - setting property text
2026-03-16 07:35:54,046 - PyQt6.uic.uiparser - DEBUG - push QLabel CycCmdWkcErr
2026-03-16 07:35:54,046 - PyQt6.uic.uiparser - DEBUG - pop widget QLabel CycCmdWkcErr
2026-03-16 07:35:54,046 - PyQt6.uic.uiparser - DEBUG - new topwidget <PyQt6.QtWidgets.QGroupBox object at 0x000001A6A7EA5240>
2026-03-16 07:35:54,047 - PyQt6.uic.properties - DEBUG - setting property geometry
2026-03-16 07:35:54,047 - PyQt6.uic.properties - DEBUG - setting property sizePolicy
2026-03-16 07:35:54,047 - PyQt6.uic.properties - DEBUG - setting property font
2026-03-16 07:35:54,047 - PyQt6.uic.properties - DEBUG - setting property text
2026-03-16 07:35:54,047 - PyQt6.uic.uiparser - DEBUG - push QLabel ScanBusMismatch
2026-03-16 07:35:54,047 - PyQt6.uic.uiparser - DEBUG - pop widget QLabel ScanBusMismatch
2026-03-16 07:35:54,047 - PyQt6.uic.uiparser - DEBUG - new topwidget <PyQt6.QtWidgets.QGroupBox object at 0x000001A6A7EA5240>
2026-03-16 07:35:54,047 - PyQt6.uic.properties - DEBUG - setting property geometry
2026-03-16 07:35:54,047 - PyQt6.uic.properties - DEBUG - setting property sizePolicy
2026-03-16 07:35:54,047 - PyQt6.uic.properties - DEBUG - setting property font
2026-03-16 07:35:54,047 - PyQt6.uic.properties - DEBUG - setting property text
2026-03-16 07:35:54,048 - PyQt6.uic.properties - DEBUG - setting property alignment
2026-03-16 07:35:54,048 - PyQt6.uic.properties - DEBUG - setting property readOnly
2026-03-16 07:35:54,048 - PyQt6.uic.uiparser - DEBUG - push QLineEdit LineCrossed_2
2026-03-16 07:35:54,048 - PyQt6.uic.uiparser - DEBUG - pop widget QLineEdit LineCrossed_2
2026-03-16 07:35:54,048 - PyQt6.uic.uiparser - DEBUG - new topwidget <PyQt6.QtWidgets.QGroupBox object at 0x000001A6A7EA5240>
2026-03-16 07:35:54,048 - PyQt6.uic.properties - DEBUG - setting property geometry
2026-03-16 07:35:54,048 - PyQt6.uic.properties - DEBUG - setting property sizePolicy
2026-03-16 07:35:54,048 - PyQt6.uic.properties - DEBUG - setting property minimumSize
2026-03-16 07:35:54,048 - PyQt6.uic.properties - DEBUG - setting property font
2026-03-16 07:35:54,048 - PyQt6.uic.properties - DEBUG - setting property text
2026-03-16 07:35:54,049 - PyQt6.uic.properties - DEBUG - setting property alignment
2026-03-16 07:35:54,049 - PyQt6.uic.properties - DEBUG - setting property readOnly
2026-03-16 07:35:54,049 - PyQt6.uic.uiparser - DEBUG - push QLineEdit CycCmdWkcErr_2
2026-03-16 07:35:54,049 - PyQt6.uic.uiparser - DEBUG - pop widget QLineEdit CycCmdWkcErr_2
2026-03-16 07:35:54,049 - PyQt6.uic.uiparser - DEBUG - new topwidget <PyQt6.QtWidgets.QGroupBox object at 0x000001A6A7EA5240>
2026-03-16 07:35:54,049 - PyQt6.uic.properties - DEBUG - setting property geometry
2026-03-16 07:35:54,049 - PyQt6.uic.properties - DEBUG - setting property sizePolicy
2026-03-16 07:35:54,049 - PyQt6.uic.properties - DEBUG - setting property minimumSize
2026-03-16 07:35:54,049 - PyQt6.uic.properties - DEBUG - setting property font
2026-03-16 07:35:54,049 - PyQt6.uic.properties - DEBUG - setting property statusTip
2026-03-16 07:35:54,049 - PyQt6.uic.properties - DEBUG - setting property text
2026-03-16 07:35:54,050 - PyQt6.uic.properties - DEBUG - setting property alignment
2026-03-16 07:35:54,050 - PyQt6.uic.properties - DEBUG - setting property readOnly
2026-03-16 07:35:54,050 - PyQt6.uic.uiparser - DEBUG - push QLineEdit DcStatus_2
2026-03-16 07:35:54,050 - PyQt6.uic.uiparser - DEBUG - pop widget QLineEdit DcStatus_2
2026-03-16 07:35:54,050 - PyQt6.uic.uiparser - DEBUG - new topwidget <PyQt6.QtWidgets.QGroupBox object at 0x000001A6A7EA5240>
2026-03-16 07:35:54,050 - PyQt6.uic.properties - DEBUG - setting property geometry
2026-03-16 07:35:54,050 - PyQt6.uic.properties - DEBUG - setting property sizePolicy
2026-03-16 07:35:54,050 - PyQt6.uic.properties - DEBUG - setting property font
2026-03-16 07:35:54,050 - PyQt6.uic.properties - DEBUG - setting property text
2026-03-16 07:35:54,050 - PyQt6.uic.uiparser - DEBUG - push QLabel DcStatus
2026-03-16 07:35:54,050 - PyQt6.uic.uiparser - DEBUG - pop widget QLabel DcStatus
2026-03-16 07:35:54,050 - PyQt6.uic.uiparser - DEBUG - new topwidget <PyQt6.QtWidgets.QGroupBox object at 0x000001A6A7EA5240>
2026-03-16 07:35:54,050 - PyQt6.uic.properties - DEBUG - setting property geometry
2026-03-16 07:35:54,051 - PyQt6.uic.properties - DEBUG - setting property sizePolicy
2026-03-16 07:35:54,051 - PyQt6.uic.properties - DEBUG - setting property font
2026-03-16 07:35:54,051 - PyQt6.uic.properties - DEBUG - setting property text
2026-03-16 07:35:54,051 - PyQt6.uic.properties - DEBUG - setting property alignment
2026-03-16 07:35:54,051 - PyQt6.uic.properties - DEBUG - setting property readOnly
2026-03-16 07:35:54,051 - PyQt6.uic.uiparser - DEBUG - push QLineEdit DCClockDiff_2
2026-03-16 07:35:54,051 - PyQt6.uic.uiparser - DEBUG - pop widget QLineEdit DCClockDiff_2
2026-03-16 07:35:54,051 - PyQt6.uic.uiparser - DEBUG - new topwidget <PyQt6.QtWidgets.QGroupBox object at 0x000001A6A7EA5240>
2026-03-16 07:35:54,051 - PyQt6.uic.uiparser - DEBUG - pop widget QGroupBox groupBox_21
2026-03-16 07:35:54,051 - PyQt6.uic.uiparser - DEBUG - new topwidget <PyQt6.QtWidgets.QWidget object at 0x000001A6A5FC7640>
2026-03-16 07:35:54,051 - PyQt6.uic.uiparser - DEBUG - pop widget QWidget tab_4
2026-03-16 07:35:54,051 - PyQt6.uic.uiparser - DEBUG - new topwidget <PyQt6.QtWidgets.QTabWidget object at 0x000001A6A5FC75B0>
2026-03-16 07:35:54,054 - PyQt6.uic.uiparser - DEBUG - push QWidget tab_2
2026-03-16 07:35:54,054 - PyQt6.uic.properties - DEBUG - setting property geometry
2026-03-16 07:35:54,054 - PyQt6.uic.properties - DEBUG - setting property title
2026-03-16 07:35:54,055 - PyQt6.uic.uiparser - DEBUG - push QGroupBox groupBox_8
2026-03-16 07:35:54,055 - PyQt6.uic.properties - DEBUG - setting property geometry
2026-03-16 07:35:54,055 - PyQt6.uic.properties - DEBUG - setting property sizePolicy
2026-03-16 07:35:54,055 - PyQt6.uic.properties - DEBUG - setting property font
2026-03-16 07:35:54,055 - PyQt6.uic.properties - DEBUG - setting property focusPolicy
2026-03-16 07:35:54,055 - PyQt6.uic.properties - DEBUG - setting property toolTip
2026-03-16 07:35:54,056 - PyQt6.uic.properties - DEBUG - setting property styleSheet
2026-03-16 07:35:54,056 - PyQt6.uic.properties - DEBUG - setting property text
2026-03-16 07:35:54,056 - PyQt6.uic.properties - DEBUG - setting property checkable
2026-03-16 07:35:54,056 - PyQt6.uic.uiparser - DEBUG - push QPushButton ResetTransitTime
2026-03-16 07:35:54,056 - PyQt6.uic.uiparser - DEBUG - pop widget QPushButton ResetTransitTime
2026-03-16 07:35:54,056 - PyQt6.uic.uiparser - DEBUG - new topwidget <PyQt6.QtWidgets.QGroupBox object at 0x000001A6A7EA5A20>
2026-03-16 07:35:54,056 - PyQt6.uic.properties - DEBUG - setting property geometry
2026-03-16 07:35:54,056 - PyQt6.uic.properties - DEBUG - setting property sizePolicy
2026-03-16 07:35:54,056 - PyQt6.uic.properties - DEBUG - setting property font
2026-03-16 07:35:54,056 - PyQt6.uic.properties - DEBUG - setting property focusPolicy
2026-03-16 07:35:54,058 - PyQt6.uic.properties - DEBUG - setting property toolTip
2026-03-16 07:35:54,058 - PyQt6.uic.properties - DEBUG - setting property styleSheet
2026-03-16 07:35:54,058 - PyQt6.uic.properties - DEBUG - setting property text
2026-03-16 07:35:54,058 - PyQt6.uic.properties - DEBUG - setting property checkable
2026-03-16 07:35:54,058 - PyQt6.uic.uiparser - DEBUG - push QPushButton ResetReceiveTime
2026-03-16 07:35:54,058 - PyQt6.uic.uiparser - DEBUG - pop widget QPushButton ResetReceiveTime
2026-03-16 07:35:54,058 - PyQt6.uic.uiparser - DEBUG - new topwidget <PyQt6.QtWidgets.QGroupBox object at 0x000001A6A7EA5A20>
2026-03-16 07:35:54,058 - PyQt6.uic.properties - DEBUG - setting property geometry
2026-03-16 07:35:54,058 - PyQt6.uic.properties - DEBUG - setting property sizePolicy
2026-03-16 07:35:54,059 - PyQt6.uic.properties - DEBUG - setting property font
2026-03-16 07:35:54,059 - PyQt6.uic.properties - DEBUG - setting property alignment
2026-03-16 07:35:54,059 - PyQt6.uic.properties - DEBUG - setting property readOnly
2026-03-16 07:35:54,059 - PyQt6.uic.uiparser - DEBUG - push QLineEdit ReceiveTime_2
2026-03-16 07:35:54,059 - PyQt6.uic.uiparser - DEBUG - pop widget QLineEdit ReceiveTime_2
2026-03-16 07:35:54,059 - PyQt6.uic.uiparser - DEBUG - new topwidget <PyQt6.QtWidgets.QGroupBox object at 0x000001A6A7EA5A20>
2026-03-16 07:35:54,059 - PyQt6.uic.properties - DEBUG - setting property geometry
2026-03-16 07:35:54,059 - PyQt6.uic.properties - DEBUG - setting property sizePolicy
2026-03-16 07:35:54,059 - PyQt6.uic.properties - DEBUG - setting property font
2026-03-16 07:35:54,060 - PyQt6.uic.properties - DEBUG - setting property alignment
2026-03-16 07:35:54,060 - PyQt6.uic.properties - DEBUG - setting property readOnly
2026-03-16 07:35:54,060 - PyQt6.uic.uiparser - DEBUG - push QLineEdit MaxTime_2
2026-03-16 07:35:54,060 - PyQt6.uic.uiparser - DEBUG - pop widget QLineEdit MaxTime_2
2026-03-16 07:35:54,060 - PyQt6.uic.uiparser - DEBUG - new topwidget <PyQt6.QtWidgets.QGroupBox object at 0x000001A6A7EA5A20>
2026-03-16 07:35:54,060 - PyQt6.uic.properties - DEBUG - setting property geometry
2026-03-16 07:35:54,060 - PyQt6.uic.properties - DEBUG - setting property sizePolicy
2026-03-16 07:35:54,060 - PyQt6.uic.properties - DEBUG - setting property font
2026-03-16 07:35:54,060 - PyQt6.uic.properties - DEBUG - setting property text
2026-03-16 07:35:54,060 - PyQt6.uic.uiparser - DEBUG - push QLabel Time_5
2026-03-16 07:35:54,060 - PyQt6.uic.uiparser - DEBUG - pop widget QLabel Time_5
2026-03-16 07:35:54,060 - PyQt6.uic.uiparser - DEBUG - new topwidget <PyQt6.QtWidgets.QGroupBox object at 0x000001A6A7EA5A20>
2026-03-16 07:35:54,061 - PyQt6.uic.properties - DEBUG - setting property geometry
2026-03-16 07:35:54,061 - PyQt6.uic.properties - DEBUG - setting property sizePolicy
2026-03-16 07:35:54,061 - PyQt6.uic.properties - DEBUG - setting property font
2026-03-16 07:35:54,061 - PyQt6.uic.properties - DEBUG - setting property text
2026-03-16 07:35:54,061 - PyQt6.uic.uiparser - DEBUG - push QLabel Time_12
2026-03-16 07:35:54,061 - PyQt6.uic.uiparser - DEBUG - pop widget QLabel Time_12
2026-03-16 07:35:54,061 - PyQt6.uic.uiparser - DEBUG - new topwidget <PyQt6.QtWidgets.QGroupBox object at 0x000001A6A7EA5A20>
2026-03-16 07:35:54,061 - PyQt6.uic.properties - DEBUG - setting property geometry
2026-03-16 07:35:54,061 - PyQt6.uic.properties - DEBUG - setting property sizePolicy
2026-03-16 07:35:54,061 - PyQt6.uic.properties - DEBUG - setting property font
2026-03-16 07:35:54,061 - PyQt6.uic.properties - DEBUG - setting property alignment
2026-03-16 07:35:54,062 - PyQt6.uic.properties - DEBUG - setting property readOnly
2026-03-16 07:35:54,062 - PyQt6.uic.uiparser - DEBUG - push QLineEdit MaxRecieveTime_2
2026-03-16 07:35:54,062 - PyQt6.uic.uiparser - DEBUG - pop widget QLineEdit MaxRecieveTime_2
2026-03-16 07:35:54,062 - PyQt6.uic.uiparser - DEBUG - new topwidget <PyQt6.QtWidgets.QGroupBox object at 0x000001A6A7EA5A20>
2026-03-16 07:35:54,062 - PyQt6.uic.properties - DEBUG - setting property geometry
2026-03-16 07:35:54,062 - PyQt6.uic.properties - DEBUG - setting property sizePolicy
2026-03-16 07:35:54,062 - PyQt6.uic.properties - DEBUG - setting property font
2026-03-16 07:35:54,062 - PyQt6.uic.properties - DEBUG - setting property alignment
2026-03-16 07:35:54,062 - PyQt6.uic.properties - DEBUG - setting property readOnly
2026-03-16 07:35:54,062 - PyQt6.uic.uiparser - DEBUG - push QLineEdit TransitTime_2
2026-03-16 07:35:54,062 - PyQt6.uic.uiparser - DEBUG - pop widget QLineEdit TransitTime_2
2026-03-16 07:35:54,063 - PyQt6.uic.uiparser - DEBUG - new topwidget <PyQt6.QtWidgets.QGroupBox object at 0x000001A6A7EA5A20>
2026-03-16 07:35:54,063 - PyQt6.uic.properties - DEBUG - setting property geometry
2026-03-16 07:35:54,063 - PyQt6.uic.properties - DEBUG - setting property sizePolicy
2026-03-16 07:35:54,063 - PyQt6.uic.properties - DEBUG - setting property font
2026-03-16 07:35:54,063 - PyQt6.uic.properties - DEBUG - setting property focusPolicy
2026-03-16 07:35:54,063 - PyQt6.uic.properties - DEBUG - setting property toolTip
2026-03-16 07:35:54,063 - PyQt6.uic.properties - DEBUG - setting property styleSheet
2026-03-16 07:35:54,063 - PyQt6.uic.properties - DEBUG - setting property text
2026-03-16 07:35:54,063 - PyQt6.uic.properties - DEBUG - setting property checkable
2026-03-16 07:35:54,063 - PyQt6.uic.uiparser - DEBUG - push QPushButton ResetTime
2026-03-16 07:35:54,063 - PyQt6.uic.uiparser - DEBUG - pop widget QPushButton ResetTime
2026-03-16 07:35:54,063 - PyQt6.uic.uiparser - DEBUG - new topwidget <PyQt6.QtWidgets.QGroupBox object at 0x000001A6A7EA5A20>
2026-03-16 07:35:54,063 - PyQt6.uic.properties - DEBUG - setting property geometry
2026-03-16 07:35:54,064 - PyQt6.uic.properties - DEBUG - setting property sizePolicy
2026-03-16 07:35:54,064 - PyQt6.uic.properties - DEBUG - setting property font
2026-03-16 07:35:54,064 - PyQt6.uic.properties - DEBUG - setting property text
2026-03-16 07:35:54,064 - PyQt6.uic.uiparser - DEBUG - push QLabel Time_14
2026-03-16 07:35:54,064 - PyQt6.uic.uiparser - DEBUG - pop widget QLabel Time_14
2026-03-16 07:35:54,064 - PyQt6.uic.uiparser - DEBUG - new topwidget <PyQt6.QtWidgets.QGroupBox object at 0x000001A6A7EA5A20>
2026-03-16 07:35:54,064 - PyQt6.uic.properties - DEBUG - setting property geometry
2026-03-16 07:35:54,064 - PyQt6.uic.properties - DEBUG - setting property sizePolicy
2026-03-16 07:35:54,064 - PyQt6.uic.properties - DEBUG - setting property font
2026-03-16 07:35:54,064 - PyQt6.uic.properties - DEBUG - setting property text
2026-03-16 07:35:54,064 - PyQt6.uic.properties - DEBUG - setting property alignment
2026-03-16 07:35:54,065 - PyQt6.uic.properties - DEBUG - setting property readOnly
2026-03-16 07:35:54,065 - PyQt6.uic.uiparser - DEBUG - push QLineEdit MaxTransitTime_2
2026-03-16 07:35:54,065 - PyQt6.uic.uiparser - DEBUG - pop widget QLineEdit MaxTransitTime_2
2026-03-16 07:35:54,065 - PyQt6.uic.uiparser - DEBUG - new topwidget <PyQt6.QtWidgets.QGroupBox object at 0x000001A6A7EA5A20>
2026-03-16 07:35:54,065 - PyQt6.uic.properties - DEBUG - setting property geometry
2026-03-16 07:35:54,065 - PyQt6.uic.properties - DEBUG - setting property sizePolicy
2026-03-16 07:35:54,065 - PyQt6.uic.properties - DEBUG - setting property font
2026-03-16 07:35:54,065 - PyQt6.uic.properties - DEBUG - setting property text
2026-03-16 07:35:54,065 - PyQt6.uic.uiparser - DEBUG - push QLabel MaxRecieveTime
2026-03-16 07:35:54,065 - PyQt6.uic.uiparser - DEBUG - pop widget QLabel MaxRecieveTime
2026-03-16 07:35:54,065 - PyQt6.uic.uiparser - DEBUG - new topwidget <PyQt6.QtWidgets.QGroupBox object at 0x000001A6A7EA5A20>
2026-03-16 07:35:54,065 - PyQt6.uic.properties - DEBUG - setting property geometry
2026-03-16 07:35:54,065 - PyQt6.uic.properties - DEBUG - setting property sizePolicy
2026-03-16 07:35:54,065 - PyQt6.uic.properties - DEBUG - setting property font
2026-03-16 07:35:54,065 - PyQt6.uic.properties - DEBUG - setting property text
2026-03-16 07:35:54,065 - PyQt6.uic.uiparser - DEBUG - push QLabel Time_6
2026-03-16 07:35:54,065 - PyQt6.uic.uiparser - DEBUG - pop widget QLabel Time_6
2026-03-16 07:35:54,065 - PyQt6.uic.uiparser - DEBUG - new topwidget <PyQt6.QtWidgets.QGroupBox object at 0x000001A6A7EA5A20>
2026-03-16 07:35:54,067 - PyQt6.uic.properties - DEBUG - setting property geometry
2026-03-16 07:35:54,067 - PyQt6.uic.properties - DEBUG - setting property sizePolicy
2026-03-16 07:35:54,067 - PyQt6.uic.properties - DEBUG - setting property font
2026-03-16 07:35:54,067 - PyQt6.uic.properties - DEBUG - setting property text
2026-03-16 07:35:54,067 - PyQt6.uic.uiparser - DEBUG - push QLabel Time_4
2026-03-16 07:35:54,067 - PyQt6.uic.uiparser - DEBUG - pop widget QLabel Time_4
2026-03-16 07:35:54,067 - PyQt6.uic.uiparser - DEBUG - new topwidget <PyQt6.QtWidgets.QGroupBox object at 0x000001A6A7EA5A20>
2026-03-16 07:35:54,067 - PyQt6.uic.properties - DEBUG - setting property geometry
2026-03-16 07:35:54,067 - PyQt6.uic.properties - DEBUG - setting property sizePolicy
2026-03-16 07:35:54,067 - PyQt6.uic.properties - DEBUG - setting property font
2026-03-16 07:35:54,067 - PyQt6.uic.properties - DEBUG - setting property focusPolicy
2026-03-16 07:35:54,067 - PyQt6.uic.properties - DEBUG - setting property toolTip
2026-03-16 07:35:54,067 - PyQt6.uic.properties - DEBUG - setting property styleSheet
2026-03-16 07:35:54,067 - PyQt6.uic.properties - DEBUG - setting property text
2026-03-16 07:35:54,068 - PyQt6.uic.properties - DEBUG - setting property checkable
2026-03-16 07:35:54,068 - PyQt6.uic.uiparser - DEBUG - push QPushButton ResetSemTime
2026-03-16 07:35:54,068 - PyQt6.uic.uiparser - DEBUG - pop widget QPushButton ResetSemTime
2026-03-16 07:35:54,068 - PyQt6.uic.uiparser - DEBUG - new topwidget <PyQt6.QtWidgets.QGroupBox object at 0x000001A6A7EA5A20>
2026-03-16 07:35:54,068 - PyQt6.uic.properties - DEBUG - setting property geometry
2026-03-16 07:35:54,068 - PyQt6.uic.properties - DEBUG - setting property sizePolicy
2026-03-16 07:35:54,068 - PyQt6.uic.properties - DEBUG - setting property font
2026-03-16 07:35:54,068 - PyQt6.uic.properties - DEBUG - setting property text
2026-03-16 07:35:54,068 - PyQt6.uic.uiparser - DEBUG - push QLabel MaxSemTime
2026-03-16 07:35:54,068 - PyQt6.uic.uiparser - DEBUG - pop widget QLabel MaxSemTime
2026-03-16 07:35:54,068 - PyQt6.uic.uiparser - DEBUG - new topwidget <PyQt6.QtWidgets.QGroupBox object at 0x000001A6A7EA5A20>
2026-03-16 07:35:54,068 - PyQt6.uic.properties - DEBUG - setting property geometry
2026-03-16 07:35:54,069 - PyQt6.uic.properties - DEBUG - setting property sizePolicy
2026-03-16 07:35:54,069 - PyQt6.uic.properties - DEBUG - setting property font
2026-03-16 07:35:54,069 - PyQt6.uic.properties - DEBUG - setting property text
2026-03-16 07:35:54,069 - PyQt6.uic.uiparser - DEBUG - push QLabel Time
2026-03-16 07:35:54,069 - PyQt6.uic.uiparser - DEBUG - pop widget QLabel Time
2026-03-16 07:35:54,069 - PyQt6.uic.uiparser - DEBUG - new topwidget <PyQt6.QtWidgets.QGroupBox object at 0x000001A6A7EA5A20>
2026-03-16 07:35:54,069 - PyQt6.uic.properties - DEBUG - setting property geometry
2026-03-16 07:35:54,069 - PyQt6.uic.properties - DEBUG - setting property sizePolicy
2026-03-16 07:35:54,069 - PyQt6.uic.properties - DEBUG - setting property font
2026-03-16 07:35:54,069 - PyQt6.uic.properties - DEBUG - setting property text
2026-03-16 07:35:54,069 - PyQt6.uic.uiparser - DEBUG - push QLabel Time_13
2026-03-16 07:35:54,069 - PyQt6.uic.uiparser - DEBUG - pop widget QLabel Time_13
2026-03-16 07:35:54,069 - PyQt6.uic.uiparser - DEBUG - new topwidget <PyQt6.QtWidgets.QGroupBox object at 0x000001A6A7EA5A20>
2026-03-16 07:35:54,070 - PyQt6.uic.properties - DEBUG - setting property geometry
2026-03-16 07:35:54,070 - PyQt6.uic.properties - DEBUG - setting property sizePolicy
2026-03-16 07:35:54,070 - PyQt6.uic.properties - DEBUG - setting property font
2026-03-16 07:35:54,070 - PyQt6.uic.properties - DEBUG - setting property text
2026-03-16 07:35:54,070 - PyQt6.uic.uiparser - DEBUG - push QLabel EcatCycleTime_3
2026-03-16 07:35:54,070 - PyQt6.uic.uiparser - DEBUG - pop widget QLabel EcatCycleTime_3
2026-03-16 07:35:54,070 - PyQt6.uic.uiparser - DEBUG - new topwidget <PyQt6.QtWidgets.QGroupBox object at 0x000001A6A7EA5A20>
2026-03-16 07:35:54,070 - PyQt6.uic.properties - DEBUG - setting property geometry
2026-03-16 07:35:54,070 - PyQt6.uic.properties - DEBUG - setting property sizePolicy
2026-03-16 07:35:54,070 - PyQt6.uic.properties - DEBUG - setting property font
2026-03-16 07:35:54,070 - PyQt6.uic.properties - DEBUG - setting property text
2026-03-16 07:35:54,070 - PyQt6.uic.uiparser - DEBUG - push QLabel Time_15
2026-03-16 07:35:54,071 - PyQt6.uic.uiparser - DEBUG - pop widget QLabel Time_15
2026-03-16 07:35:54,071 - PyQt6.uic.uiparser - DEBUG - new topwidget <PyQt6.QtWidgets.QGroupBox object at 0x000001A6A7EA5A20>
2026-03-16 07:35:54,071 - PyQt6.uic.properties - DEBUG - setting property geometry
2026-03-16 07:35:54,071 - PyQt6.uic.properties - DEBUG - setting property sizePolicy
2026-03-16 07:35:54,071 - PyQt6.uic.properties - DEBUG - setting property font
2026-03-16 07:35:54,071 - PyQt6.uic.properties - DEBUG - setting property alignment
2026-03-16 07:35:54,071 - PyQt6.uic.properties - DEBUG - setting property readOnly
2026-03-16 07:35:54,071 - PyQt6.uic.uiparser - DEBUG - push QLineEdit semtime
2026-03-16 07:35:54,071 - PyQt6.uic.uiparser - DEBUG - pop widget QLineEdit semtime
2026-03-16 07:35:54,071 - PyQt6.uic.uiparser - DEBUG - new topwidget <PyQt6.QtWidgets.QGroupBox object at 0x000001A6A7EA5A20>
2026-03-16 07:35:54,071 - PyQt6.uic.properties - DEBUG - setting property geometry
2026-03-16 07:35:54,071 - PyQt6.uic.properties - DEBUG - setting property sizePolicy
2026-03-16 07:35:54,071 - PyQt6.uic.properties - DEBUG - setting property font
2026-03-16 07:35:54,071 - PyQt6.uic.properties - DEBUG - setting property text
2026-03-16 07:35:54,071 - PyQt6.uic.uiparser - DEBUG - push QLabel Time_3
2026-03-16 07:35:54,071 - PyQt6.uic.uiparser - DEBUG - pop widget QLabel Time_3
2026-03-16 07:35:54,071 - PyQt6.uic.uiparser - DEBUG - new topwidget <PyQt6.QtWidgets.QGroupBox object at 0x000001A6A7EA5A20>
2026-03-16 07:35:54,071 - PyQt6.uic.properties - DEBUG - setting property geometry
2026-03-16 07:35:54,072 - PyQt6.uic.properties - DEBUG - setting property sizePolicy
2026-03-16 07:35:54,072 - PyQt6.uic.properties - DEBUG - setting property font
2026-03-16 07:35:54,072 - PyQt6.uic.properties - DEBUG - setting property text
2026-03-16 07:35:54,072 - PyQt6.uic.uiparser - DEBUG - push QLabel TransitTime
2026-03-16 07:35:54,072 - PyQt6.uic.uiparser - DEBUG - pop widget QLabel TransitTime
2026-03-16 07:35:54,072 - PyQt6.uic.uiparser - DEBUG - new topwidget <PyQt6.QtWidgets.QGroupBox object at 0x000001A6A7EA5A20>
2026-03-16 07:35:54,072 - PyQt6.uic.properties - DEBUG - setting property geometry
2026-03-16 07:35:54,072 - PyQt6.uic.properties - DEBUG - setting property sizePolicy
2026-03-16 07:35:54,072 - PyQt6.uic.properties - DEBUG - setting property font
2026-03-16 07:35:54,072 - PyQt6.uic.properties - DEBUG - setting property text
2026-03-16 07:35:54,072 - PyQt6.uic.uiparser - DEBUG - push QLabel MaxTransitTime
2026-03-16 07:35:54,073 - PyQt6.uic.uiparser - DEBUG - pop widget QLabel MaxTransitTime
2026-03-16 07:35:54,073 - PyQt6.uic.uiparser - DEBUG - new topwidget <PyQt6.QtWidgets.QGroupBox object at 0x000001A6A7EA5A20>
2026-03-16 07:35:54,073 - PyQt6.uic.properties - DEBUG - setting property geometry
2026-03-16 07:35:54,073 - PyQt6.uic.properties - DEBUG - setting property sizePolicy
2026-03-16 07:35:54,073 - PyQt6.uic.properties - DEBUG - setting property font
2026-03-16 07:35:54,073 - PyQt6.uic.properties - DEBUG - setting property text
2026-03-16 07:35:54,073 - PyQt6.uic.uiparser - DEBUG - push QLabel ReceiveTime
2026-03-16 07:35:54,073 - PyQt6.uic.uiparser - DEBUG - pop widget QLabel ReceiveTime
2026-03-16 07:35:54,073 - PyQt6.uic.uiparser - DEBUG - new topwidget <PyQt6.QtWidgets.QGroupBox object at 0x000001A6A7EA5A20>
2026-03-16 07:35:54,073 - PyQt6.uic.properties - DEBUG - setting property geometry
2026-03-16 07:35:54,073 - PyQt6.uic.properties - DEBUG - setting property sizePolicy
2026-03-16 07:35:54,074 - PyQt6.uic.properties - DEBUG - setting property font
2026-03-16 07:35:54,074 - PyQt6.uic.properties - DEBUG - setting property text
2026-03-16 07:35:54,074 - PyQt6.uic.properties - DEBUG - setting property alignment
2026-03-16 07:35:54,074 - PyQt6.uic.properties - DEBUG - setting property readOnly
2026-03-16 07:35:54,074 - PyQt6.uic.uiparser - DEBUG - push QLineEdit MaxSemTime_2
2026-03-16 07:35:54,074 - PyQt6.uic.uiparser - DEBUG - pop widget QLineEdit MaxSemTime_2
2026-03-16 07:35:54,074 - PyQt6.uic.uiparser - DEBUG - new topwidget <PyQt6.QtWidgets.QGroupBox object at 0x000001A6A7EA5A20>
2026-03-16 07:35:54,074 - PyQt6.uic.properties - DEBUG - setting property geometry
2026-03-16 07:35:54,074 - PyQt6.uic.properties - DEBUG - setting property sizePolicy
2026-03-16 07:35:54,074 - PyQt6.uic.properties - DEBUG - setting property font
2026-03-16 07:35:54,074 - PyQt6.uic.properties - DEBUG - setting property statusTip
2026-03-16 07:35:54,074 - PyQt6.uic.properties - DEBUG - setting property alignment
2026-03-16 07:35:54,075 - PyQt6.uic.properties - DEBUG - setting property readOnly
2026-03-16 07:35:54,075 - PyQt6.uic.uiparser - DEBUG - push QLineEdit Time_2
2026-03-16 07:35:54,075 - PyQt6.uic.uiparser - DEBUG - pop widget QLineEdit Time_2
2026-03-16 07:35:54,075 - PyQt6.uic.uiparser - DEBUG - new topwidget <PyQt6.QtWidgets.QGroupBox object at 0x000001A6A7EA5A20>
2026-03-16 07:35:54,075 - PyQt6.uic.properties - DEBUG - setting property geometry
2026-03-16 07:35:54,075 - PyQt6.uic.properties - DEBUG - setting property sizePolicy
2026-03-16 07:35:54,075 - PyQt6.uic.properties - DEBUG - setting property font
2026-03-16 07:35:54,075 - PyQt6.uic.properties - DEBUG - setting property text
2026-03-16 07:35:54,075 - PyQt6.uic.uiparser - DEBUG - push QLabel MaxTime
2026-03-16 07:35:54,075 - PyQt6.uic.uiparser - DEBUG - pop widget QLabel MaxTime
2026-03-16 07:35:54,075 - PyQt6.uic.uiparser - DEBUG - new topwidget <PyQt6.QtWidgets.QGroupBox object at 0x000001A6A7EA5A20>
2026-03-16 07:35:54,075 - PyQt6.uic.uiparser - DEBUG - pop widget QGroupBox groupBox_8
2026-03-16 07:35:54,075 - PyQt6.uic.uiparser - DEBUG - new topwidget <PyQt6.QtWidgets.QWidget object at 0x000001A6A7EA5990>
2026-03-16 07:35:54,075 - PyQt6.uic.properties - DEBUG - setting property geometry
2026-03-16 07:35:54,075 - PyQt6.uic.properties - DEBUG - setting property styleSheet
2026-03-16 07:35:54,077 - PyQt6.uic.properties - DEBUG - setting property text
2026-03-16 07:35:54,077 - PyQt6.uic.properties - DEBUG - setting property checkable
2026-03-16 07:35:54,077 - PyQt6.uic.properties - DEBUG - setting property checked
2026-03-16 07:35:54,077 - PyQt6.uic.uiparser - DEBUG - push QPushButton performance_start
2026-03-16 07:35:54,077 - PyQt6.uic.uiparser - DEBUG - pop widget QPushButton performance_start
2026-03-16 07:35:54,077 - PyQt6.uic.uiparser - DEBUG - new topwidget <PyQt6.QtWidgets.QWidget object at 0x000001A6A7EA5990>
2026-03-16 07:35:54,077 - PyQt6.uic.uiparser - DEBUG - pop widget QWidget tab_2
2026-03-16 07:35:54,078 - PyQt6.uic.uiparser - DEBUG - new topwidget <PyQt6.QtWidgets.QTabWidget object at 0x000001A6A5FC75B0>
2026-03-16 07:35:54,078 - PyQt6.uic.uiparser - DEBUG - push QWidget tab_5
2026-03-16 07:35:54,079 - PyQt6.uic.properties - DEBUG - setting property geometry
2026-03-16 07:35:54,079 - PyQt6.uic.properties - DEBUG - setting property currentIndex
2026-03-16 07:35:54,079 - PyQt6.uic.uiparser - DEBUG - push QToolBox toolBox
2026-03-16 07:35:54,079 - PyQt6.uic.properties - DEBUG - setting property geometry
2026-03-16 07:35:54,079 - PyQt6.uic.uiparser - DEBUG - push QWidget page_3
2026-03-16 07:35:54,080 - PyQt6.uic.properties - DEBUG - setting property geometry
2026-03-16 07:35:54,080 - PyQt6.uic.properties - DEBUG - setting property font
2026-03-16 07:35:54,080 - PyQt6.uic.properties - DEBUG - setting property styleSheet
2026-03-16 07:35:54,080 - PyQt6.uic.properties - DEBUG - setting property frameShape
2026-03-16 07:35:54,080 - PyQt6.uic.properties - DEBUG - setting property frameShadow
2026-03-16 07:35:54,080 - PyQt6.uic.properties - DEBUG - setting property lineWidth
2026-03-16 07:35:54,081 - PyQt6.uic.properties - DEBUG - setting property sizeAdjustPolicy
2026-03-16 07:35:54,081 - PyQt6.uic.properties - DEBUG - setting property editTriggers
2026-03-16 07:35:54,081 - PyQt6.uic.properties - DEBUG - setting property alternatingRowColors
2026-03-16 07:35:54,081 - PyQt6.uic.properties - DEBUG - setting property autoExpandDelay
2026-03-16 07:35:54,081 - PyQt6.uic.properties - DEBUG - setting property indentation
2026-03-16 07:35:54,081 - PyQt6.uic.properties - DEBUG - setting property rootIsDecorated
2026-03-16 07:35:54,081 - PyQt6.uic.properties - DEBUG - setting property uniformRowHeights
2026-03-16 07:35:54,081 - PyQt6.uic.properties - DEBUG - setting property animated
2026-03-16 07:35:54,081 - PyQt6.uic.properties - DEBUG - setting property allColumnsShowFocus
2026-03-16 07:35:54,081 - PyQt6.uic.uiparser - DEBUG - push QTreeWidget treeWidget_2
2026-03-16 07:35:54,081 - PyQt6.uic.uiparser - DEBUG - pop widget QTreeWidget treeWidget_2
2026-03-16 07:35:54,082 - PyQt6.uic.uiparser - DEBUG - new topwidget <PyQt6.QtWidgets.QWidget object at 0x000001A6A7EA6C20>
2026-03-16 07:35:54,082 - PyQt6.uic.uiparser - DEBUG - pop widget QWidget page_3
2026-03-16 07:35:54,082 - PyQt6.uic.uiparser - DEBUG - new topwidget <PyQt6.QtWidgets.QToolBox object at 0x000001A6A7EA6B90>
2026-03-16 07:35:54,083 - PyQt6.uic.properties - DEBUG - setting property geometry
2026-03-16 07:35:54,083 - PyQt6.uic.uiparser - DEBUG - push QWidget page_4
2026-03-16 07:35:54,083 - PyQt6.uic.properties - DEBUG - setting property geometry
2026-03-16 07:35:54,083 - PyQt6.uic.uiparser - DEBUG - push QWidget gridLayoutWidget_7
2026-03-16 07:35:54,084 - PyQt6.uic.properties - DEBUG - setting property sizeConstraint
2026-03-16 07:35:54,084 - PyQt6.uic.properties - DEBUG - setting property leftMargin
2026-03-16 07:35:54,084 - PyQt6.uic.properties - DEBUG - setting property horizontalSpacing
2026-03-16 07:35:54,084 - PyQt6.uic.properties - DEBUG - setting property pyuicMargins
2026-03-16 07:35:54,084 - PyQt6.uic.properties - DEBUG - setting property pyuicSpacing
2026-03-16 07:35:54,084 - PyQt6.uic.uiparser - DEBUG - push QGridLayout gridLayout_8
2026-03-16 07:35:54,084 - PyQt6.uic.properties - DEBUG - setting property sizePolicy
2026-03-16 07:35:54,084 - PyQt6.uic.properties - DEBUG - setting property font
2026-03-16 07:35:54,084 - PyQt6.uic.properties - DEBUG - setting property text
2026-03-16 07:35:54,085 - PyQt6.uic.uiparser - DEBUG - push QLabel NotAllDevsOperational
2026-03-16 07:35:54,085 - PyQt6.uic.uiparser - DEBUG - pop widget QLabel NotAllDevsOperational
2026-03-16 07:35:54,085 - PyQt6.uic.uiparser - DEBUG - new topwidget <PyQt6.QtWidgets.QWidget object at 0x000001A6A7EA70A0>
2026-03-16 07:35:54,085 - PyQt6.uic.properties - DEBUG - setting property font
2026-03-16 07:35:54,085 - PyQt6.uic.properties - DEBUG - setting property text
2026-03-16 07:35:54,085 - PyQt6.uic.properties - DEBUG - setting property alignment
2026-03-16 07:35:54,085 - PyQt6.uic.uiparser - DEBUG - push QLabel SlvsErrStatus_22
2026-03-16 07:35:54,085 - PyQt6.uic.uiparser - DEBUG - pop widget QLabel SlvsErrStatus_22
2026-03-16 07:35:54,085 - PyQt6.uic.uiparser - DEBUG - new topwidget <PyQt6.QtWidgets.QWidget object at 0x000001A6A7EA70A0>
2026-03-16 07:35:54,085 - PyQt6.uic.properties - DEBUG - setting property sizePolicy
2026-03-16 07:35:54,085 - PyQt6.uic.properties - DEBUG - setting property font
2026-03-16 07:35:54,085 - PyQt6.uic.properties - DEBUG - setting property text
2026-03-16 07:35:54,085 - PyQt6.uic.uiparser - DEBUG - push QLabel SlvsErrStatus_13
2026-03-16 07:35:54,085 - PyQt6.uic.uiparser - DEBUG - pop widget QLabel SlvsErrStatus_13
2026-03-16 07:35:54,085 - PyQt6.uic.uiparser - DEBUG - new topwidget <PyQt6.QtWidgets.QWidget object at 0x000001A6A7EA70A0>
2026-03-16 07:35:54,085 - PyQt6.uic.properties - DEBUG - setting property sizePolicy
2026-03-16 07:35:54,087 - PyQt6.uic.properties - DEBUG - setting property font
2026-03-16 07:35:54,087 - PyQt6.uic.properties - DEBUG - setting property text
2026-03-16 07:35:54,087 - PyQt6.uic.uiparser - DEBUG - push QLabel DcSlvSync
2026-03-16 07:35:54,087 - PyQt6.uic.uiparser - DEBUG - pop widget QLabel DcSlvSync
2026-03-16 07:35:54,087 - PyQt6.uic.uiparser - DEBUG - new topwidget <PyQt6.QtWidgets.QWidget object at 0x000001A6A7EA70A0>
2026-03-16 07:35:54,087 - PyQt6.uic.properties - DEBUG - setting property font
2026-03-16 07:35:54,087 - PyQt6.uic.properties - DEBUG - setting property text
2026-03-16 07:35:54,087 - PyQt6.uic.properties - DEBUG - setting property alignment
2026-03-16 07:35:54,087 - PyQt6.uic.uiparser - DEBUG - push QLabel SlvsErrStatus_32
2026-03-16 07:35:54,087 - PyQt6.uic.uiparser - DEBUG - pop widget QLabel SlvsErrStatus_32
2026-03-16 07:35:54,087 - PyQt6.uic.uiparser - DEBUG - new topwidget <PyQt6.QtWidgets.QWidget object at 0x000001A6A7EA70A0>
2026-03-16 07:35:54,087 - PyQt6.uic.properties - DEBUG - setting property font
2026-03-16 07:35:54,088 - PyQt6.uic.properties - DEBUG - setting property text
2026-03-16 07:35:54,088 - PyQt6.uic.properties - DEBUG - setting property alignment
2026-03-16 07:35:54,088 - PyQt6.uic.uiparser - DEBUG - push QLabel SlvPresence_2
2026-03-16 07:35:54,088 - PyQt6.uic.uiparser - DEBUG - pop widget QLabel SlvPresence_2
2026-03-16 07:35:54,088 - PyQt6.uic.uiparser - DEBUG - new topwidget <PyQt6.QtWidgets.QWidget object at 0x000001A6A7EA70A0>
2026-03-16 07:35:54,088 - PyQt6.uic.properties - DEBUG - setting property sizePolicy
2026-03-16 07:35:54,088 - PyQt6.uic.properties - DEBUG - setting property font
2026-03-16 07:35:54,088 - PyQt6.uic.properties - DEBUG - setting property text
2026-03-16 07:35:54,088 - PyQt6.uic.uiparser - DEBUG - push QLabel SlvsErrStatus_9
2026-03-16 07:35:54,088 - PyQt6.uic.uiparser - DEBUG - pop widget QLabel SlvsErrStatus_9
2026-03-16 07:35:54,089 - PyQt6.uic.uiparser - DEBUG - new topwidget <PyQt6.QtWidgets.QWidget object at 0x000001A6A7EA70A0>
2026-03-16 07:35:54,089 - PyQt6.uic.properties - DEBUG - setting property font
2026-03-16 07:35:54,089 - PyQt6.uic.properties - DEBUG - setting property text
2026-03-16 07:35:54,089 - PyQt6.uic.properties - DEBUG - setting property alignment
2026-03-16 07:35:54,089 - PyQt6.uic.uiparser - DEBUG - push QLabel SlvStateChanged_8
2026-03-16 07:35:54,089 - PyQt6.uic.uiparser - DEBUG - pop widget QLabel SlvStateChanged_8
2026-03-16 07:35:54,089 - PyQt6.uic.uiparser - DEBUG - new topwidget <PyQt6.QtWidgets.QWidget object at 0x000001A6A7EA70A0>
2026-03-16 07:35:54,089 - PyQt6.uic.properties - DEBUG - setting property sizePolicy
2026-03-16 07:35:54,089 - PyQt6.uic.properties - DEBUG - setting property font
2026-03-16 07:35:54,089 - PyQt6.uic.properties - DEBUG - setting property text
2026-03-16 07:35:54,089 - PyQt6.uic.uiparser - DEBUG - push QLabel SlavesStateChanged_5
2026-03-16 07:35:54,090 - PyQt6.uic.uiparser - DEBUG - pop widget QLabel SlavesStateChanged_5
2026-03-16 07:35:54,090 - PyQt6.uic.uiparser - DEBUG - new topwidget <PyQt6.QtWidgets.QWidget object at 0x000001A6A7EA70A0>
2026-03-16 07:35:54,090 - PyQt6.uic.properties - DEBUG - setting property sizePolicy
2026-03-16 07:35:54,090 - PyQt6.uic.properties - DEBUG - setting property font
2026-03-16 07:35:54,090 - PyQt6.uic.properties - DEBUG - setting property text
2026-03-16 07:35:54,090 - PyQt6.uic.uiparser - DEBUG - push QLabel StateChanged
2026-03-16 07:35:54,090 - PyQt6.uic.uiparser - DEBUG - pop widget QLabel StateChanged
2026-03-16 07:35:54,090 - PyQt6.uic.uiparser - DEBUG - new topwidget <PyQt6.QtWidgets.QWidget object at 0x000001A6A7EA70A0>
2026-03-16 07:35:54,090 - PyQt6.uic.properties - DEBUG - setting property font
2026-03-16 07:35:54,090 - PyQt6.uic.properties - DEBUG - setting property text
2026-03-16 07:35:54,090 - PyQt6.uic.properties - DEBUG - setting property alignment
2026-03-16 07:35:54,090 - PyQt6.uic.uiparser - DEBUG - push QLabel SlvsErrStatus_33
2026-03-16 07:35:54,091 - PyQt6.uic.uiparser - DEBUG - pop widget QLabel SlvsErrStatus_33
2026-03-16 07:35:54,091 - PyQt6.uic.uiparser - DEBUG - new topwidget <PyQt6.QtWidgets.QWidget object at 0x000001A6A7EA70A0>
2026-03-16 07:35:54,091 - PyQt6.uic.properties - DEBUG - setting property font
2026-03-16 07:35:54,091 - PyQt6.uic.properties - DEBUG - setting property text
2026-03-16 07:35:54,091 - PyQt6.uic.properties - DEBUG - setting property alignment
2026-03-16 07:35:54,091 - PyQt6.uic.uiparser - DEBUG - push QLabel SlvNotAddressable_2
2026-03-16 07:35:54,091 - PyQt6.uic.uiparser - DEBUG - pop widget QLabel SlvNotAddressable_2
2026-03-16 07:35:54,091 - PyQt6.uic.uiparser - DEBUG - new topwidget <PyQt6.QtWidgets.QWidget object at 0x000001A6A7EA70A0>
2026-03-16 07:35:54,091 - PyQt6.uic.properties - DEBUG - setting property sizePolicy
2026-03-16 07:35:54,091 - PyQt6.uic.properties - DEBUG - setting property font
2026-03-16 07:35:54,091 - PyQt6.uic.properties - DEBUG - setting property text
2026-03-16 07:35:54,091 - PyQt6.uic.uiparser - DEBUG - push QLabel MBSlvInitCmdTimeout
2026-03-16 07:35:54,091 - PyQt6.uic.uiparser - DEBUG - pop widget QLabel MBSlvInitCmdTimeout
2026-03-16 07:35:54,091 - PyQt6.uic.uiparser - DEBUG - new topwidget <PyQt6.QtWidgets.QWidget object at 0x000001A6A7EA70A0>
2026-03-16 07:35:54,091 - PyQt6.uic.properties - DEBUG - setting property sizePolicy
2026-03-16 07:35:54,091 - PyQt6.uic.properties - DEBUG - setting property font
2026-03-16 07:35:54,091 - PyQt6.uic.properties - DEBUG - setting property text
2026-03-16 07:35:54,091 - PyQt6.uic.uiparser - DEBUG - push QLabel SlvsErrStatus_12
2026-03-16 07:35:54,091 - PyQt6.uic.uiparser - DEBUG - pop widget QLabel SlvsErrStatus_12
2026-03-16 07:35:54,093 - PyQt6.uic.uiparser - DEBUG - new topwidget <PyQt6.QtWidgets.QWidget object at 0x000001A6A7EA70A0>
2026-03-16 07:35:54,093 - PyQt6.uic.properties - DEBUG - setting property sizePolicy
2026-03-16 07:35:54,093 - PyQt6.uic.properties - DEBUG - setting property font
2026-03-16 07:35:54,093 - PyQt6.uic.properties - DEBUG - setting property text
2026-03-16 07:35:54,093 - PyQt6.uic.uiparser - DEBUG - push QLabel SlvInitCmdResErr_7
2026-03-16 07:35:54,093 - PyQt6.uic.uiparser - DEBUG - pop widget QLabel SlvInitCmdResErr_7
2026-03-16 07:35:54,093 - PyQt6.uic.uiparser - DEBUG - new topwidget <PyQt6.QtWidgets.QWidget object at 0x000001A6A7EA70A0>
2026-03-16 07:35:54,093 - PyQt6.uic.properties - DEBUG - setting property sizePolicy
2026-03-16 07:35:54,093 - PyQt6.uic.properties - DEBUG - setting property font
2026-03-16 07:35:54,093 - PyQt6.uic.properties - DEBUG - setting property text
2026-03-16 07:35:54,093 - PyQt6.uic.uiparser - DEBUG - push QLabel SlvNotSupported_5
2026-03-16 07:35:54,094 - PyQt6.uic.uiparser - DEBUG - pop widget QLabel SlvNotSupported_5
2026-03-16 07:35:54,094 - PyQt6.uic.uiparser - DEBUG - new topwidget <PyQt6.QtWidgets.QWidget object at 0x000001A6A7EA70A0>
2026-03-16 07:35:54,094 - PyQt6.uic.properties - DEBUG - setting property font
2026-03-16 07:35:54,094 - PyQt6.uic.properties - DEBUG - setting property text
2026-03-16 07:35:54,094 - PyQt6.uic.properties - DEBUG - setting property alignment
2026-03-16 07:35:54,094 - PyQt6.uic.uiparser - DEBUG - push QLabel SlvStateChanged_18
2026-03-16 07:35:54,094 - PyQt6.uic.uiparser - DEBUG - pop widget QLabel SlvStateChanged_18
2026-03-16 07:35:54,094 - PyQt6.uic.uiparser - DEBUG - new topwidget <PyQt6.QtWidgets.QWidget object at 0x000001A6A7EA70A0>
2026-03-16 07:35:54,094 - PyQt6.uic.properties - DEBUG - setting property sizePolicy
2026-03-16 07:35:54,094 - PyQt6.uic.properties - DEBUG - setting property font
2026-03-16 07:35:54,094 - PyQt6.uic.properties - DEBUG - setting property text
2026-03-16 07:35:54,094 - PyQt6.uic.uiparser - DEBUG - push QLabel SlvInitCmdWkcErr
2026-03-16 07:35:54,095 - PyQt6.uic.uiparser - DEBUG - pop widget QLabel SlvInitCmdWkcErr
2026-03-16 07:35:54,095 - PyQt6.uic.uiparser - DEBUG - new topwidget <PyQt6.QtWidgets.QWidget object at 0x000001A6A7EA70A0>
2026-03-16 07:35:54,095 - PyQt6.uic.properties - DEBUG - setting property font
2026-03-16 07:35:54,095 - PyQt6.uic.properties - DEBUG - setting property text
2026-03-16 07:35:54,095 - PyQt6.uic.properties - DEBUG - setting property alignment
2026-03-16 07:35:54,095 - PyQt6.uic.uiparser - DEBUG - push QLabel SlvErrStatusInfo_6
2026-03-16 07:35:54,095 - PyQt6.uic.uiparser - DEBUG - pop widget QLabel SlvErrStatusInfo_6
2026-03-16 07:35:54,095 - PyQt6.uic.uiparser - DEBUG - new topwidget <PyQt6.QtWidgets.QWidget object at 0x000001A6A7EA70A0>
2026-03-16 07:35:54,095 - PyQt6.uic.properties - DEBUG - setting property font
2026-03-16 07:35:54,095 - PyQt6.uic.properties - DEBUG - setting property text
2026-03-16 07:35:54,095 - PyQt6.uic.properties - DEBUG - setting property alignment
2026-03-16 07:35:54,095 - PyQt6.uic.uiparser - DEBUG - push QLabel DcmSync_2
2026-03-16 07:35:54,095 - PyQt6.uic.uiparser - DEBUG - pop widget QLabel DcmSync_2
2026-03-16 07:35:54,095 - PyQt6.uic.uiparser - DEBUG - new topwidget <PyQt6.QtWidgets.QWidget object at 0x000001A6A7EA70A0>
2026-03-16 07:35:54,095 - PyQt6.uic.properties - DEBUG - setting property sizePolicy
2026-03-16 07:35:54,095 - PyQt6.uic.properties - DEBUG - setting property font
2026-03-16 07:35:54,095 - PyQt6.uic.properties - DEBUG - setting property text
2026-03-16 07:35:54,095 - PyQt6.uic.uiparser - DEBUG - push QLabel BadConnection
2026-03-16 07:35:54,095 - PyQt6.uic.uiparser - DEBUG - pop widget QLabel BadConnection
2026-03-16 07:35:54,095 - PyQt6.uic.uiparser - DEBUG - new topwidget <PyQt6.QtWidgets.QWidget object at 0x000001A6A7EA70A0>
2026-03-16 07:35:54,095 - PyQt6.uic.properties - DEBUG - setting property sizePolicy
2026-03-16 07:35:54,095 - PyQt6.uic.properties - DEBUG - setting property font
2026-03-16 07:35:54,095 - PyQt6.uic.properties - DEBUG - setting property text
2026-03-16 07:35:54,095 - PyQt6.uic.uiparser - DEBUG - push QLabel SlvNotAddressable_5
2026-03-16 07:35:54,095 - PyQt6.uic.uiparser - DEBUG - pop widget QLabel SlvNotAddressable_5
2026-03-16 07:35:54,095 - PyQt6.uic.uiparser - DEBUG - new topwidget <PyQt6.QtWidgets.QWidget object at 0x000001A6A7EA70A0>
2026-03-16 07:35:54,095 - PyQt6.uic.properties - DEBUG - setting property font
2026-03-16 07:35:54,095 - PyQt6.uic.properties - DEBUG - setting property text
2026-03-16 07:35:54,095 - PyQt6.uic.properties - DEBUG - setting property alignment
2026-03-16 07:35:54,097 - PyQt6.uic.uiparser - DEBUG - push QLabel NotAllDevsOperational_2
2026-03-16 07:35:54,097 - PyQt6.uic.uiparser - DEBUG - pop widget QLabel NotAllDevsOperational_2
2026-03-16 07:35:54,097 - PyQt6.uic.uiparser - DEBUG - new topwidget <PyQt6.QtWidgets.QWidget object at 0x000001A6A7EA70A0>
2026-03-16 07:35:54,097 - PyQt6.uic.properties - DEBUG - setting property font
2026-03-16 07:35:54,097 - PyQt6.uic.properties - DEBUG - setting property text
2026-03-16 07:35:54,097 - PyQt6.uic.properties - DEBUG - setting property alignment
2026-03-16 07:35:54,097 - PyQt6.uic.uiparser - DEBUG - push QLabel SlvsErrStatus_35
2026-03-16 07:35:54,097 - PyQt6.uic.uiparser - DEBUG - pop widget QLabel SlvsErrStatus_35
2026-03-16 07:35:54,097 - PyQt6.uic.uiparser - DEBUG - new topwidget <PyQt6.QtWidgets.QWidget object at 0x000001A6A7EA70A0>
2026-03-16 07:35:54,097 - PyQt6.uic.properties - DEBUG - setting property sizePolicy
2026-03-16 07:35:54,097 - PyQt6.uic.properties - DEBUG - setting property font
2026-03-16 07:35:54,097 - PyQt6.uic.properties - DEBUG - setting property text
2026-03-16 07:35:54,098 - PyQt6.uic.uiparser - DEBUG - push QLabel SlavesStateChanged
2026-03-16 07:35:54,098 - PyQt6.uic.uiparser - DEBUG - pop widget QLabel SlavesStateChanged
2026-03-16 07:35:54,098 - PyQt6.uic.uiparser - DEBUG - new topwidget <PyQt6.QtWidgets.QWidget object at 0x000001A6A7EA70A0>
2026-03-16 07:35:54,098 - PyQt6.uic.properties - DEBUG - setting property sizePolicy
2026-03-16 07:35:54,098 - PyQt6.uic.properties - DEBUG - setting property font
2026-03-16 07:35:54,098 - PyQt6.uic.properties - DEBUG - setting property text
2026-03-16 07:35:54,098 - PyQt6.uic.uiparser - DEBUG - push QLabel SlvNotAddressable
2026-03-16 07:35:54,098 - PyQt6.uic.uiparser - DEBUG - pop widget QLabel SlvNotAddressable
2026-03-16 07:35:54,098 - PyQt6.uic.uiparser - DEBUG - new topwidget <PyQt6.QtWidgets.QWidget object at 0x000001A6A7EA70A0>
2026-03-16 07:35:54,098 - PyQt6.uic.properties - DEBUG - setting property font
2026-03-16 07:35:54,099 - PyQt6.uic.properties - DEBUG - setting property text
2026-03-16 07:35:54,099 - PyQt6.uic.properties - DEBUG - setting property alignment
2026-03-16 07:35:54,099 - PyQt6.uic.uiparser - DEBUG - push QLabel SlvsErrStatus_34
2026-03-16 07:35:54,099 - PyQt6.uic.uiparser - DEBUG - pop widget QLabel SlvsErrStatus_34
2026-03-16 07:35:54,099 - PyQt6.uic.uiparser - DEBUG - new topwidget <PyQt6.QtWidgets.QWidget object at 0x000001A6A7EA70A0>
2026-03-16 07:35:54,099 - PyQt6.uic.properties - DEBUG - setting property font
2026-03-16 07:35:54,099 - PyQt6.uic.properties - DEBUG - setting property text
2026-03-16 07:35:54,099 - PyQt6.uic.properties - DEBUG - setting property alignment
2026-03-16 07:35:54,099 - PyQt6.uic.uiparser - DEBUG - push QLabel SlvsErrStatus_2
2026-03-16 07:35:54,099 - PyQt6.uic.uiparser - DEBUG - pop widget QLabel SlvsErrStatus_2
2026-03-16 07:35:54,099 - PyQt6.uic.uiparser - DEBUG - new topwidget <PyQt6.QtWidgets.QWidget object at 0x000001A6A7EA70A0>
2026-03-16 07:35:54,099 - PyQt6.uic.properties - DEBUG - setting property sizePolicy
2026-03-16 07:35:54,099 - PyQt6.uic.properties - DEBUG - setting property font
2026-03-16 07:35:54,099 - PyQt6.uic.properties - DEBUG - setting property text
2026-03-16 07:35:54,099 - PyQt6.uic.uiparser - DEBUG - push QLabel SlvsErrStatus_30
2026-03-16 07:35:54,099 - PyQt6.uic.uiparser - DEBUG - pop widget QLabel SlvsErrStatus_30
2026-03-16 07:35:54,099 - PyQt6.uic.uiparser - DEBUG - new topwidget <PyQt6.QtWidgets.QWidget object at 0x000001A6A7EA70A0>
2026-03-16 07:35:54,099 - PyQt6.uic.properties - DEBUG - setting property sizePolicy
2026-03-16 07:35:54,101 - PyQt6.uic.properties - DEBUG - setting property font
2026-03-16 07:35:54,101 - PyQt6.uic.properties - DEBUG - setting property text
2026-03-16 07:35:54,101 - PyQt6.uic.uiparser - DEBUG - push QLabel DcmSync
2026-03-16 07:35:54,101 - PyQt6.uic.uiparser - DEBUG - pop widget QLabel DcmSync
2026-03-16 07:35:54,101 - PyQt6.uic.uiparser - DEBUG - new topwidget <PyQt6.QtWidgets.QWidget object at 0x000001A6A7EA70A0>
2026-03-16 07:35:54,101 - PyQt6.uic.properties - DEBUG - setting property sizePolicy
2026-03-16 07:35:54,101 - PyQt6.uic.properties - DEBUG - setting property font
2026-03-16 07:35:54,101 - PyQt6.uic.properties - DEBUG - setting property text
2026-03-16 07:35:54,101 - PyQt6.uic.uiparser - DEBUG - push QLabel SlvInitCmdResErr_13
2026-03-16 07:35:54,101 - PyQt6.uic.uiparser - DEBUG - pop widget QLabel SlvInitCmdResErr_13
2026-03-16 07:35:54,101 - PyQt6.uic.uiparser - DEBUG - new topwidget <PyQt6.QtWidgets.QWidget object at 0x000001A6A7EA70A0>
2026-03-16 07:35:54,101 - PyQt6.uic.properties - DEBUG - setting property font
2026-03-16 07:35:54,102 - PyQt6.uic.properties - DEBUG - setting property text
2026-03-16 07:35:54,102 - PyQt6.uic.properties - DEBUG - setting property alignment
2026-03-16 07:35:54,102 - PyQt6.uic.uiparser - DEBUG - push QLabel BadConnection_2
2026-03-16 07:35:54,102 - PyQt6.uic.uiparser - DEBUG - pop widget QLabel BadConnection_2
2026-03-16 07:35:54,102 - PyQt6.uic.uiparser - DEBUG - new topwidget <PyQt6.QtWidgets.QWidget object at 0x000001A6A7EA70A0>
2026-03-16 07:35:54,102 - PyQt6.uic.properties - DEBUG - setting property font
2026-03-16 07:35:54,102 - PyQt6.uic.properties - DEBUG - setting property text
2026-03-16 07:35:54,102 - PyQt6.uic.properties - DEBUG - setting property alignment
2026-03-16 07:35:54,102 - PyQt6.uic.uiparser - DEBUG - push QLabel SlvStateChanged_7
2026-03-16 07:35:54,102 - PyQt6.uic.uiparser - DEBUG - pop widget QLabel SlvStateChanged_7
2026-03-16 07:35:54,102 - PyQt6.uic.uiparser - DEBUG - new topwidget <PyQt6.QtWidgets.QWidget object at 0x000001A6A7EA70A0>
2026-03-16 07:35:54,102 - PyQt6.uic.properties - DEBUG - setting property sizePolicy
2026-03-16 07:35:54,103 - PyQt6.uic.properties - DEBUG - setting property font
2026-03-16 07:35:54,103 - PyQt6.uic.properties - DEBUG - setting property text
2026-03-16 07:35:54,103 - PyQt6.uic.uiparser - DEBUG - push QLabel SlvInitCmdResErr_12
2026-03-16 07:35:54,103 - PyQt6.uic.uiparser - DEBUG - pop widget QLabel SlvInitCmdResErr_12
2026-03-16 07:35:54,103 - PyQt6.uic.uiparser - DEBUG - new topwidget <PyQt6.QtWidgets.QWidget object at 0x000001A6A7EA70A0>
2026-03-16 07:35:54,103 - PyQt6.uic.properties - DEBUG - setting property font
2026-03-16 07:35:54,103 - PyQt6.uic.properties - DEBUG - setting property text
2026-03-16 07:35:54,103 - PyQt6.uic.properties - DEBUG - setting property alignment
2026-03-16 07:35:54,103 - PyQt6.uic.uiparser - DEBUG - push QLabel SlvStateChanged_19
2026-03-16 07:35:54,103 - PyQt6.uic.uiparser - DEBUG - pop widget QLabel SlvStateChanged_19
2026-03-16 07:35:54,103 - PyQt6.uic.uiparser - DEBUG - new topwidget <PyQt6.QtWidgets.QWidget object at 0x000001A6A7EA70A0>
2026-03-16 07:35:54,103 - PyQt6.uic.properties - DEBUG - setting property font
2026-03-16 07:35:54,104 - PyQt6.uic.properties - DEBUG - setting property text
2026-03-16 07:35:54,104 - PyQt6.uic.properties - DEBUG - setting property alignment
2026-03-16 07:35:54,104 - PyQt6.uic.uiparser - DEBUG - push QLabel SlvStateChanged_10
2026-03-16 07:35:54,104 - PyQt6.uic.uiparser - DEBUG - pop widget QLabel SlvStateChanged_10
2026-03-16 07:35:54,104 - PyQt6.uic.uiparser - DEBUG - new topwidget <PyQt6.QtWidgets.QWidget object at 0x000001A6A7EA70A0>
2026-03-16 07:35:54,104 - PyQt6.uic.properties - DEBUG - setting property sizePolicy
2026-03-16 07:35:54,104 - PyQt6.uic.properties - DEBUG - setting property font
2026-03-16 07:35:54,104 - PyQt6.uic.properties - DEBUG - setting property text
2026-03-16 07:35:54,104 - PyQt6.uic.uiparser - DEBUG - push QLabel SlvInitCmdResErr_20
2026-03-16 07:35:54,104 - PyQt6.uic.uiparser - DEBUG - pop widget QLabel SlvInitCmdResErr_20
2026-03-16 07:35:54,104 - PyQt6.uic.uiparser - DEBUG - new topwidget <PyQt6.QtWidgets.QWidget object at 0x000001A6A7EA70A0>
2026-03-16 07:35:54,105 - PyQt6.uic.properties - DEBUG - setting property font
2026-03-16 07:35:54,105 - PyQt6.uic.properties - DEBUG - setting property text
2026-03-16 07:35:54,105 - PyQt6.uic.properties - DEBUG - setting property alignment
2026-03-16 07:35:54,105 - PyQt6.uic.uiparser - DEBUG - push QLabel SlvsErrStatus_17
2026-03-16 07:35:54,105 - PyQt6.uic.uiparser - DEBUG - pop widget QLabel SlvsErrStatus_17
2026-03-16 07:35:54,105 - PyQt6.uic.uiparser - DEBUG - new topwidget <PyQt6.QtWidgets.QWidget object at 0x000001A6A7EA70A0>
2026-03-16 07:35:54,105 - PyQt6.uic.properties - DEBUG - setting property sizePolicy
2026-03-16 07:35:54,105 - PyQt6.uic.properties - DEBUG - setting property font
2026-03-16 07:35:54,105 - PyQt6.uic.properties - DEBUG - setting property text
2026-03-16 07:35:54,105 - PyQt6.uic.uiparser - DEBUG - push QLabel SlvInitCmdResErr_8
2026-03-16 07:35:54,105 - PyQt6.uic.uiparser - DEBUG - pop widget QLabel SlvInitCmdResErr_8
2026-03-16 07:35:54,105 - PyQt6.uic.uiparser - DEBUG - new topwidget <PyQt6.QtWidgets.QWidget object at 0x000001A6A7EA70A0>
2026-03-16 07:35:54,106 - PyQt6.uic.properties - DEBUG - setting property sizePolicy
2026-03-16 07:35:54,106 - PyQt6.uic.properties - DEBUG - setting property font
2026-03-16 07:35:54,106 - PyQt6.uic.properties - DEBUG - setting property text
2026-03-16 07:35:54,106 - PyQt6.uic.uiparser - DEBUG - push QLabel SlvInitCmdResErr_9
2026-03-16 07:35:54,106 - PyQt6.uic.uiparser - DEBUG - pop widget QLabel SlvInitCmdResErr_9
2026-03-16 07:35:54,106 - PyQt6.uic.uiparser - DEBUG - new topwidget <PyQt6.QtWidgets.QWidget object at 0x000001A6A7EA70A0>
2026-03-16 07:35:54,106 - PyQt6.uic.properties - DEBUG - setting property font
2026-03-16 07:35:54,106 - PyQt6.uic.properties - DEBUG - setting property text
2026-03-16 07:35:54,106 - PyQt6.uic.properties - DEBUG - setting property alignment
2026-03-16 07:35:54,106 - PyQt6.uic.uiparser - DEBUG - push QLabel SlvsErrStatus_5
2026-03-16 07:35:54,107 - PyQt6.uic.uiparser - DEBUG - pop widget QLabel SlvsErrStatus_5
2026-03-16 07:35:54,107 - PyQt6.uic.uiparser - DEBUG - new topwidget <PyQt6.QtWidgets.QWidget object at 0x000001A6A7EA70A0>
2026-03-16 07:35:54,107 - PyQt6.uic.properties - DEBUG - setting property sizePolicy
2026-03-16 07:35:54,107 - PyQt6.uic.properties - DEBUG - setting property font
2026-03-16 07:35:54,107 - PyQt6.uic.properties - DEBUG - setting property text
2026-03-16 07:35:54,107 - PyQt6.uic.uiparser - DEBUG - push QLabel SlvsErrStatus_14
2026-03-16 07:35:54,107 - PyQt6.uic.uiparser - DEBUG - pop widget QLabel SlvsErrStatus_14
2026-03-16 07:35:54,107 - PyQt6.uic.uiparser - DEBUG - new topwidget <PyQt6.QtWidgets.QWidget object at 0x000001A6A7EA70A0>
2026-03-16 07:35:54,107 - PyQt6.uic.properties - DEBUG - setting property sizePolicy
2026-03-16 07:35:54,107 - PyQt6.uic.properties - DEBUG - setting property font
2026-03-16 07:35:54,107 - PyQt6.uic.properties - DEBUG - setting property text
2026-03-16 07:35:54,107 - PyQt6.uic.uiparser - DEBUG - push QLabel StatusSlaveErr_5
2026-03-16 07:35:54,108 - PyQt6.uic.uiparser - DEBUG - pop widget QLabel StatusSlaveErr_5
2026-03-16 07:35:54,108 - PyQt6.uic.uiparser - DEBUG - new topwidget <PyQt6.QtWidgets.QWidget object at 0x000001A6A7EA70A0>
2026-03-16 07:35:54,108 - PyQt6.uic.properties - DEBUG - setting property font
2026-03-16 07:35:54,108 - PyQt6.uic.properties - DEBUG - setting property text
2026-03-16 07:35:54,108 - PyQt6.uic.properties - DEBUG - setting property alignment
2026-03-16 07:35:54,108 - PyQt6.uic.uiparser - DEBUG - push QLabel SlvNotSupported_6
2026-03-16 07:35:54,108 - PyQt6.uic.uiparser - DEBUG - pop widget QLabel SlvNotSupported_6
2026-03-16 07:35:54,108 - PyQt6.uic.uiparser - DEBUG - new topwidget <PyQt6.QtWidgets.QWidget object at 0x000001A6A7EA70A0>
2026-03-16 07:35:54,108 - PyQt6.uic.properties - DEBUG - setting property font
2026-03-16 07:35:54,108 - PyQt6.uic.properties - DEBUG - setting property text
2026-03-16 07:35:54,108 - PyQt6.uic.properties - DEBUG - setting property alignment
2026-03-16 07:35:54,109 - PyQt6.uic.uiparser - DEBUG - push QLabel SlvInitCmdWkcErr_6
2026-03-16 07:35:54,109 - PyQt6.uic.uiparser - DEBUG - pop widget QLabel SlvInitCmdWkcErr_6
2026-03-16 07:35:54,109 - PyQt6.uic.uiparser - DEBUG - new topwidget <PyQt6.QtWidgets.QWidget object at 0x000001A6A7EA70A0>
2026-03-16 07:35:54,109 - PyQt6.uic.properties - DEBUG - setting property font
2026-03-16 07:35:54,109 - PyQt6.uic.properties - DEBUG - setting property text
2026-03-16 07:35:54,109 - PyQt6.uic.properties - DEBUG - setting property alignment
2026-03-16 07:35:54,109 - PyQt6.uic.uiparser - DEBUG - push QLabel SlvsErrStatus_20
2026-03-16 07:35:54,109 - PyQt6.uic.uiparser - DEBUG - pop widget QLabel SlvsErrStatus_20
2026-03-16 07:35:54,109 - PyQt6.uic.uiparser - DEBUG - new topwidget <PyQt6.QtWidgets.QWidget object at 0x000001A6A7EA70A0>
2026-03-16 07:35:54,109 - PyQt6.uic.properties - DEBUG - setting property sizePolicy
2026-03-16 07:35:54,109 - PyQt6.uic.properties - DEBUG - setting property font
2026-03-16 07:35:54,109 - PyQt6.uic.properties - DEBUG - setting property text
2026-03-16 07:35:54,110 - PyQt6.uic.uiparser - DEBUG - push QLabel SlvsErrStatus_24
2026-03-16 07:35:54,110 - PyQt6.uic.uiparser - DEBUG - pop widget QLabel SlvsErrStatus_24
2026-03-16 07:35:54,110 - PyQt6.uic.uiparser - DEBUG - new topwidget <PyQt6.QtWidgets.QWidget object at 0x000001A6A7EA70A0>
2026-03-16 07:35:54,110 - PyQt6.uic.properties - DEBUG - setting property font
2026-03-16 07:35:54,110 - PyQt6.uic.properties - DEBUG - setting property text
2026-03-16 07:35:54,110 - PyQt6.uic.properties - DEBUG - setting property alignment
2026-03-16 07:35:54,110 - PyQt6.uic.uiparser - DEBUG - push QLabel SlvStateChanged_13
2026-03-16 07:35:54,110 - PyQt6.uic.uiparser - DEBUG - pop widget QLabel SlvStateChanged_13
2026-03-16 07:35:54,110 - PyQt6.uic.uiparser - DEBUG - new topwidget <PyQt6.QtWidgets.QWidget object at 0x000001A6A7EA70A0>
2026-03-16 07:35:54,110 - PyQt6.uic.properties - DEBUG - setting property sizePolicy
2026-03-16 07:35:54,110 - PyQt6.uic.properties - DEBUG - setting property font
2026-03-16 07:35:54,110 - PyQt6.uic.properties - DEBUG - setting property text
2026-03-16 07:35:54,111 - PyQt6.uic.uiparser - DEBUG - push QLabel MasInitCmdWkcErr
2026-03-16 07:35:54,111 - PyQt6.uic.uiparser - DEBUG - pop widget QLabel MasInitCmdWkcErr
2026-03-16 07:35:54,111 - PyQt6.uic.uiparser - DEBUG - new topwidget <PyQt6.QtWidgets.QWidget object at 0x000001A6A7EA70A0>
2026-03-16 07:35:54,111 - PyQt6.uic.properties - DEBUG - setting property sizePolicy
2026-03-16 07:35:54,111 - PyQt6.uic.properties - DEBUG - setting property font
2026-03-16 07:35:54,111 - PyQt6.uic.properties - DEBUG - setting property text
2026-03-16 07:35:54,111 - PyQt6.uic.uiparser - DEBUG - push QLabel SlvInitCmdResErr_10
2026-03-16 07:35:54,111 - PyQt6.uic.uiparser - DEBUG - pop widget QLabel SlvInitCmdResErr_10
2026-03-16 07:35:54,111 - PyQt6.uic.uiparser - DEBUG - new topwidget <PyQt6.QtWidgets.QWidget object at 0x000001A6A7EA70A0>
2026-03-16 07:35:54,111 - PyQt6.uic.properties - DEBUG - setting property sizePolicy
2026-03-16 07:35:54,111 - PyQt6.uic.properties - DEBUG - setting property font
2026-03-16 07:35:54,111 - PyQt6.uic.properties - DEBUG - setting property text
2026-03-16 07:35:54,111 - PyQt6.uic.uiparser - DEBUG - push QLabel SlvNotSupported
2026-03-16 07:35:54,111 - PyQt6.uic.uiparser - DEBUG - pop widget QLabel SlvNotSupported
2026-03-16 07:35:54,111 - PyQt6.uic.uiparser - DEBUG - new topwidget <PyQt6.QtWidgets.QWidget object at 0x000001A6A7EA70A0>
2026-03-16 07:35:54,112 - PyQt6.uic.properties - DEBUG - setting property sizePolicy
2026-03-16 07:35:54,112 - PyQt6.uic.properties - DEBUG - setting property font
2026-03-16 07:35:54,112 - PyQt6.uic.properties - DEBUG - setting property text
2026-03-16 07:35:54,112 - PyQt6.uic.uiparser - DEBUG - push QLabel SlvsErrStatus_27
2026-03-16 07:35:54,112 - PyQt6.uic.uiparser - DEBUG - pop widget QLabel SlvsErrStatus_27
2026-03-16 07:35:54,112 - PyQt6.uic.uiparser - DEBUG - new topwidget <PyQt6.QtWidgets.QWidget object at 0x000001A6A7EA70A0>
2026-03-16 07:35:54,112 - PyQt6.uic.properties - DEBUG - setting property font
2026-03-16 07:35:54,112 - PyQt6.uic.properties - DEBUG - setting property text
2026-03-16 07:35:54,112 - PyQt6.uic.properties - DEBUG - setting property alignment
2026-03-16 07:35:54,112 - PyQt6.uic.uiparser - DEBUG - push QLabel DcxSync_2
2026-03-16 07:35:54,113 - PyQt6.uic.uiparser - DEBUG - pop widget QLabel DcxSync_2
2026-03-16 07:35:54,113 - PyQt6.uic.uiparser - DEBUG - new topwidget <PyQt6.QtWidgets.QWidget object at 0x000001A6A7EA70A0>
2026-03-16 07:35:54,113 - PyQt6.uic.properties - DEBUG - setting property font
2026-03-16 07:35:54,113 - PyQt6.uic.properties - DEBUG - setting property text
2026-03-16 07:35:54,113 - PyQt6.uic.properties - DEBUG - setting property alignment
2026-03-16 07:35:54,113 - PyQt6.uic.uiparser - DEBUG - push QLabel FrameLossAfterSlave_2
2026-03-16 07:35:54,113 - PyQt6.uic.uiparser - DEBUG - pop widget QLabel FrameLossAfterSlave_2
2026-03-16 07:35:54,113 - PyQt6.uic.uiparser - DEBUG - new topwidget <PyQt6.QtWidgets.QWidget object at 0x000001A6A7EA70A0>
2026-03-16 07:35:54,113 - PyQt6.uic.properties - DEBUG - setting property sizePolicy
2026-03-16 07:35:54,113 - PyQt6.uic.properties - DEBUG - setting property font
2026-03-16 07:35:54,113 - PyQt6.uic.properties - DEBUG - setting property text
2026-03-16 07:35:54,113 - PyQt6.uic.uiparser - DEBUG - push QLabel SlvsErrStatus_31
2026-03-16 07:35:54,114 - PyQt6.uic.uiparser - DEBUG - pop widget QLabel SlvsErrStatus_31
2026-03-16 07:35:54,114 - PyQt6.uic.uiparser - DEBUG - new topwidget <PyQt6.QtWidgets.QWidget object at 0x000001A6A7EA70A0>
2026-03-16 07:35:54,114 - PyQt6.uic.properties - DEBUG - setting property sizePolicy
2026-03-16 07:35:54,114 - PyQt6.uic.properties - DEBUG - setting property font
2026-03-16 07:35:54,114 - PyQt6.uic.properties - DEBUG - setting property text
2026-03-16 07:35:54,114 - PyQt6.uic.uiparser - DEBUG - push QLabel SlvInitCmdResErr_14
2026-03-16 07:35:54,114 - PyQt6.uic.uiparser - DEBUG - pop widget QLabel SlvInitCmdResErr_14
2026-03-16 07:35:54,114 - PyQt6.uic.uiparser - DEBUG - new topwidget <PyQt6.QtWidgets.QWidget object at 0x000001A6A7EA70A0>
2026-03-16 07:35:54,114 - PyQt6.uic.properties - DEBUG - setting property font
2026-03-16 07:35:54,114 - PyQt6.uic.properties - DEBUG - setting property text
2026-03-16 07:35:54,114 - PyQt6.uic.properties - DEBUG - setting property alignment
2026-03-16 07:35:54,115 - PyQt6.uic.uiparser - DEBUG - push QLabel MBSlvInitCmdTimeout_6
2026-03-16 07:35:54,115 - PyQt6.uic.uiparser - DEBUG - pop widget QLabel MBSlvInitCmdTimeout_6
2026-03-16 07:35:54,115 - PyQt6.uic.uiparser - DEBUG - new topwidget <PyQt6.QtWidgets.QWidget object at 0x000001A6A7EA70A0>
2026-03-16 07:35:54,115 - PyQt6.uic.properties - DEBUG - setting property font
2026-03-16 07:35:54,115 - PyQt6.uic.properties - DEBUG - setting property text
2026-03-16 07:35:54,115 - PyQt6.uic.properties - DEBUG - setting property alignment
2026-03-16 07:35:54,115 - PyQt6.uic.uiparser - DEBUG - push QLabel SlvsErrStatus_19
2026-03-16 07:35:54,115 - PyQt6.uic.uiparser - DEBUG - pop widget QLabel SlvsErrStatus_19
2026-03-16 07:35:54,115 - PyQt6.uic.uiparser - DEBUG - new topwidget <PyQt6.QtWidgets.QWidget object at 0x000001A6A7EA70A0>
2026-03-16 07:35:54,115 - PyQt6.uic.properties - DEBUG - setting property font
2026-03-16 07:35:54,115 - PyQt6.uic.properties - DEBUG - setting property text
2026-03-16 07:35:54,116 - PyQt6.uic.properties - DEBUG - setting property alignment
2026-03-16 07:35:54,116 - PyQt6.uic.uiparser - DEBUG - push QLabel SlvsErrStatus_40
2026-03-16 07:35:54,116 - PyQt6.uic.uiparser - DEBUG - pop widget QLabel SlvsErrStatus_40
2026-03-16 07:35:54,116 - PyQt6.uic.uiparser - DEBUG - new topwidget <PyQt6.QtWidgets.QWidget object at 0x000001A6A7EA70A0>
2026-03-16 07:35:54,116 - PyQt6.uic.properties - DEBUG - setting property sizePolicy
2026-03-16 07:35:54,116 - PyQt6.uic.properties - DEBUG - setting property font
2026-03-16 07:35:54,116 - PyQt6.uic.properties - DEBUG - setting property text
2026-03-16 07:35:54,116 - PyQt6.uic.uiparser - DEBUG - push QLabel SlvStateChanged_5
2026-03-16 07:35:54,116 - PyQt6.uic.uiparser - DEBUG - pop widget QLabel SlvStateChanged_5
2026-03-16 07:35:54,116 - PyQt6.uic.uiparser - DEBUG - new topwidget <PyQt6.QtWidgets.QWidget object at 0x000001A6A7EA70A0>
2026-03-16 07:35:54,116 - PyQt6.uic.properties - DEBUG - setting property font
2026-03-16 07:35:54,116 - PyQt6.uic.properties - DEBUG - setting property text
2026-03-16 07:35:54,117 - PyQt6.uic.properties - DEBUG - setting property alignment
2026-03-16 07:35:54,117 - PyQt6.uic.uiparser - DEBUG - push QLabel SlavesPresence_2
2026-03-16 07:35:54,117 - PyQt6.uic.uiparser - DEBUG - pop widget QLabel SlavesPresence_2
2026-03-16 07:35:54,117 - PyQt6.uic.uiparser - DEBUG - new topwidget <PyQt6.QtWidgets.QWidget object at 0x000001A6A7EA70A0>
2026-03-16 07:35:54,117 - PyQt6.uic.properties - DEBUG - setting property font
2026-03-16 07:35:54,117 - PyQt6.uic.properties - DEBUG - setting property text
2026-03-16 07:35:54,117 - PyQt6.uic.properties - DEBUG - setting property alignment
2026-03-16 07:35:54,117 - PyQt6.uic.uiparser - DEBUG - push QLabel SlvsErrStatus_18
2026-03-16 07:35:54,117 - PyQt6.uic.uiparser - DEBUG - pop widget QLabel SlvsErrStatus_18
2026-03-16 07:35:54,117 - PyQt6.uic.uiparser - DEBUG - new topwidget <PyQt6.QtWidgets.QWidget object at 0x000001A6A7EA70A0>
2026-03-16 07:35:54,117 - PyQt6.uic.properties - DEBUG - setting property font
2026-03-16 07:35:54,118 - PyQt6.uic.properties - DEBUG - setting property text
2026-03-16 07:35:54,118 - PyQt6.uic.properties - DEBUG - setting property alignment
2026-03-16 07:35:54,118 - PyQt6.uic.uiparser - DEBUG - push QLabel AllDevsOperational_2
2026-03-16 07:35:54,118 - PyQt6.uic.uiparser - DEBUG - pop widget QLabel AllDevsOperational_2
2026-03-16 07:35:54,118 - PyQt6.uic.uiparser - DEBUG - new topwidget <PyQt6.QtWidgets.QWidget object at 0x000001A6A7EA70A0>
2026-03-16 07:35:54,118 - PyQt6.uic.properties - DEBUG - setting property font
2026-03-16 07:35:54,118 - PyQt6.uic.properties - DEBUG - setting property text
2026-03-16 07:35:54,118 - PyQt6.uic.properties - DEBUG - setting property alignment
2026-03-16 07:35:54,118 - PyQt6.uic.uiparser - DEBUG - push QLabel SlvInitCmdWkcErr_2
2026-03-16 07:35:54,118 - PyQt6.uic.uiparser - DEBUG - pop widget QLabel SlvInitCmdWkcErr_2
2026-03-16 07:35:54,118 - PyQt6.uic.uiparser - DEBUG - new topwidget <PyQt6.QtWidgets.QWidget object at 0x000001A6A7EA70A0>
2026-03-16 07:35:54,118 - PyQt6.uic.properties - DEBUG - setting property sizePolicy
2026-03-16 07:35:54,118 - PyQt6.uic.properties - DEBUG - setting property font
2026-03-16 07:35:54,119 - PyQt6.uic.properties - DEBUG - setting property text
2026-03-16 07:35:54,119 - PyQt6.uic.uiparser - DEBUG - push QLabel FrameLossAfterSlave
2026-03-16 07:35:54,119 - PyQt6.uic.uiparser - DEBUG - pop widget QLabel FrameLossAfterSlave
2026-03-16 07:35:54,119 - PyQt6.uic.uiparser - DEBUG - new topwidget <PyQt6.QtWidgets.QWidget object at 0x000001A6A7EA70A0>
2026-03-16 07:35:54,119 - PyQt6.uic.properties - DEBUG - setting property font
2026-03-16 07:35:54,119 - PyQt6.uic.properties - DEBUG - setting property text
2026-03-16 07:35:54,119 - PyQt6.uic.properties - DEBUG - setting property alignment
2026-03-16 07:35:54,119 - PyQt6.uic.uiparser - DEBUG - push QLabel RasMbxNotifyMemSmall_2
2026-03-16 07:35:54,119 - PyQt6.uic.uiparser - DEBUG - pop widget QLabel RasMbxNotifyMemSmall_2
2026-03-16 07:35:54,119 - PyQt6.uic.uiparser - DEBUG - new topwidget <PyQt6.QtWidgets.QWidget object at 0x000001A6A7EA70A0>
2026-03-16 07:35:54,120 - PyQt6.uic.properties - DEBUG - setting property font
2026-03-16 07:35:54,120 - PyQt6.uic.properties - DEBUG - setting property text
2026-03-16 07:35:54,120 - PyQt6.uic.properties - DEBUG - setting property alignment
2026-03-16 07:35:54,120 - PyQt6.uic.uiparser - DEBUG - push QLabel SlvStateChanged_14
2026-03-16 07:35:54,120 - PyQt6.uic.uiparser - DEBUG - pop widget QLabel SlvStateChanged_14
2026-03-16 07:35:54,120 - PyQt6.uic.uiparser - DEBUG - new topwidget <PyQt6.QtWidgets.QWidget object at 0x000001A6A7EA70A0>
2026-03-16 07:35:54,120 - PyQt6.uic.properties - DEBUG - setting property font
2026-03-16 07:35:54,120 - PyQt6.uic.properties - DEBUG - setting property text
2026-03-16 07:35:54,120 - PyQt6.uic.properties - DEBUG - setting property alignment
2026-03-16 07:35:54,120 - PyQt6.uic.uiparser - DEBUG - push QLabel SlvStateChanged_6
2026-03-16 07:35:54,120 - PyQt6.uic.uiparser - DEBUG - pop widget QLabel SlvStateChanged_6
2026-03-16 07:35:54,120 - PyQt6.uic.uiparser - DEBUG - new topwidget <PyQt6.QtWidgets.QWidget object at 0x000001A6A7EA70A0>
2026-03-16 07:35:54,120 - PyQt6.uic.properties - DEBUG - setting property sizePolicy
2026-03-16 07:35:54,121 - PyQt6.uic.properties - DEBUG - setting property font
2026-03-16 07:35:54,121 - PyQt6.uic.properties - DEBUG - setting property text
2026-03-16 07:35:54,121 - PyQt6.uic.uiparser - DEBUG - push QLabel SlvErrStatusInfo_5
2026-03-16 07:35:54,121 - PyQt6.uic.uiparser - DEBUG - pop widget QLabel SlvErrStatusInfo_5
2026-03-16 07:35:54,121 - PyQt6.uic.uiparser - DEBUG - new topwidget <PyQt6.QtWidgets.QWidget object at 0x000001A6A7EA70A0>
2026-03-16 07:35:54,121 - PyQt6.uic.properties - DEBUG - setting property sizePolicy
2026-03-16 07:35:54,122 - PyQt6.uic.properties - DEBUG - setting property font
2026-03-16 07:35:54,122 - PyQt6.uic.properties - DEBUG - setting property text
2026-03-16 07:35:54,122 - PyQt6.uic.uiparser - DEBUG - push QLabel SlvsErrStatus_6
2026-03-16 07:35:54,122 - PyQt6.uic.uiparser - DEBUG - pop widget QLabel SlvsErrStatus_6
2026-03-16 07:35:54,122 - PyQt6.uic.uiparser - DEBUG - new topwidget <PyQt6.QtWidgets.QWidget object at 0x000001A6A7EA70A0>
2026-03-16 07:35:54,122 - PyQt6.uic.properties - DEBUG - setting property font
2026-03-16 07:35:54,122 - PyQt6.uic.properties - DEBUG - setting property text
2026-03-16 07:35:54,122 - PyQt6.uic.properties - DEBUG - setting property alignment
2026-03-16 07:35:54,122 - PyQt6.uic.uiparser - DEBUG - push QLabel ScanBusStatus_2
2026-03-16 07:35:54,122 - PyQt6.uic.uiparser - DEBUG - pop widget QLabel ScanBusStatus_2
2026-03-16 07:35:54,122 - PyQt6.uic.uiparser - DEBUG - new topwidget <PyQt6.QtWidgets.QWidget object at 0x000001A6A7EA70A0>
2026-03-16 07:35:54,123 - PyQt6.uic.properties - DEBUG - setting property sizePolicy
2026-03-16 07:35:54,123 - PyQt6.uic.properties - DEBUG - setting property font
2026-03-16 07:35:54,123 - PyQt6.uic.properties - DEBUG - setting property text
2026-03-16 07:35:54,123 - PyQt6.uic.uiparser - DEBUG - push QLabel StatusSlaveErr
2026-03-16 07:35:54,123 - PyQt6.uic.uiparser - DEBUG - pop widget QLabel StatusSlaveErr
2026-03-16 07:35:54,123 - PyQt6.uic.uiparser - DEBUG - new topwidget <PyQt6.QtWidgets.QWidget object at 0x000001A6A7EA70A0>
2026-03-16 07:35:54,123 - PyQt6.uic.properties - DEBUG - setting property font
2026-03-16 07:35:54,123 - PyQt6.uic.properties - DEBUG - setting property text
2026-03-16 07:35:54,123 - PyQt6.uic.properties - DEBUG - setting property alignment
2026-03-16 07:35:54,123 - PyQt6.uic.uiparser - DEBUG - push QLabel SlvUnexpectedState_6
2026-03-16 07:35:54,124 - PyQt6.uic.uiparser - DEBUG - pop widget QLabel SlvUnexpectedState_6
2026-03-16 07:35:54,124 - PyQt6.uic.uiparser - DEBUG - new topwidget <PyQt6.QtWidgets.QWidget object at 0x000001A6A7EA70A0>
2026-03-16 07:35:54,124 - PyQt6.uic.properties - DEBUG - setting property sizePolicy
2026-03-16 07:35:54,124 - PyQt6.uic.properties - DEBUG - setting property font
2026-03-16 07:35:54,124 - PyQt6.uic.properties - DEBUG - setting property text
2026-03-16 07:35:54,124 - PyQt6.uic.uiparser - DEBUG - push QLabel SlvsErrStatus_25
2026-03-16 07:35:54,124 - PyQt6.uic.uiparser - DEBUG - pop widget QLabel SlvsErrStatus_25
2026-03-16 07:35:54,124 - PyQt6.uic.uiparser - DEBUG - new topwidget <PyQt6.QtWidgets.QWidget object at 0x000001A6A7EA70A0>
2026-03-16 07:35:54,124 - PyQt6.uic.properties - DEBUG - setting property font
2026-03-16 07:35:54,124 - PyQt6.uic.properties - DEBUG - setting property text
2026-03-16 07:35:54,125 - PyQt6.uic.properties - DEBUG - setting property alignment
2026-03-16 07:35:54,125 - PyQt6.uic.uiparser - DEBUG - push QLabel DcSlvSync_2
2026-03-16 07:35:54,125 - PyQt6.uic.uiparser - DEBUG - pop widget QLabel DcSlvSync_2
2026-03-16 07:35:54,125 - PyQt6.uic.uiparser - DEBUG - new topwidget <PyQt6.QtWidgets.QWidget object at 0x000001A6A7EA70A0>
2026-03-16 07:35:54,125 - PyQt6.uic.properties - DEBUG - setting property sizePolicy
2026-03-16 07:35:54,125 - PyQt6.uic.properties - DEBUG - setting property font
2026-03-16 07:35:54,125 - PyQt6.uic.properties - DEBUG - setting property text
2026-03-16 07:35:54,125 - PyQt6.uic.uiparser - DEBUG - push QLabel SlvInitCmdResErr_18
2026-03-16 07:35:54,125 - PyQt6.uic.uiparser - DEBUG - pop widget QLabel SlvInitCmdResErr_18
2026-03-16 07:35:54,125 - PyQt6.uic.uiparser - DEBUG - new topwidget <PyQt6.QtWidgets.QWidget object at 0x000001A6A7EA70A0>
2026-03-16 07:35:54,126 - PyQt6.uic.properties - DEBUG - setting property sizePolicy
2026-03-16 07:35:54,126 - PyQt6.uic.properties - DEBUG - setting property font
2026-03-16 07:35:54,126 - PyQt6.uic.properties - DEBUG - setting property text
2026-03-16 07:35:54,126 - PyQt6.uic.uiparser - DEBUG - push QLabel SlvInitCmdWkcErr_5
2026-03-16 07:35:54,126 - PyQt6.uic.uiparser - DEBUG - pop widget QLabel SlvInitCmdWkcErr_5
2026-03-16 07:35:54,126 - PyQt6.uic.uiparser - DEBUG - new topwidget <PyQt6.QtWidgets.QWidget object at 0x000001A6A7EA70A0>
2026-03-16 07:35:54,126 - PyQt6.uic.properties - DEBUG - setting property sizePolicy
2026-03-16 07:35:54,126 - PyQt6.uic.properties - DEBUG - setting property font
2026-03-16 07:35:54,126 - PyQt6.uic.properties - DEBUG - setting property text
2026-03-16 07:35:54,127 - PyQt6.uic.uiparser - DEBUG - push QLabel PDIWatchdog
2026-03-16 07:35:54,127 - PyQt6.uic.uiparser - DEBUG - pop widget QLabel PDIWatchdog
2026-03-16 07:35:54,127 - PyQt6.uic.uiparser - DEBUG - new topwidget <PyQt6.QtWidgets.QWidget object at 0x000001A6A7EA70A0>
2026-03-16 07:35:54,127 - PyQt6.uic.properties - DEBUG - setting property font
2026-03-16 07:35:54,127 - PyQt6.uic.properties - DEBUG - setting property text
2026-03-16 07:35:54,127 - PyQt6.uic.properties - DEBUG - setting property alignment
2026-03-16 07:35:54,127 - PyQt6.uic.uiparser - DEBUG - push QLabel SlvInitCmdResErr_2
2026-03-16 07:35:54,127 - PyQt6.uic.uiparser - DEBUG - pop widget QLabel SlvInitCmdResErr_2
2026-03-16 07:35:54,127 - PyQt6.uic.uiparser - DEBUG - new topwidget <PyQt6.QtWidgets.QWidget object at 0x000001A6A7EA70A0>
2026-03-16 07:35:54,128 - PyQt6.uic.properties - DEBUG - setting property sizePolicy
2026-03-16 07:35:54,128 - PyQt6.uic.properties - DEBUG - setting property font
2026-03-16 07:35:54,128 - PyQt6.uic.properties - DEBUG - setting property text
2026-03-16 07:35:54,128 - PyQt6.uic.uiparser - DEBUG - push QLabel SlavesPresence
2026-03-16 07:35:54,128 - PyQt6.uic.uiparser - DEBUG - pop widget QLabel SlavesPresence
2026-03-16 07:35:54,128 - PyQt6.uic.uiparser - DEBUG - new topwidget <PyQt6.QtWidgets.QWidget object at 0x000001A6A7EA70A0>
2026-03-16 07:35:54,128 - PyQt6.uic.properties - DEBUG - setting property sizePolicy
2026-03-16 07:35:54,128 - PyQt6.uic.properties - DEBUG - setting property font
2026-03-16 07:35:54,128 - PyQt6.uic.properties - DEBUG - setting property text
2026-03-16 07:35:54,129 - PyQt6.uic.uiparser - DEBUG - push QLabel SlvsErrStatus_23
2026-03-16 07:35:54,129 - PyQt6.uic.uiparser - DEBUG - pop widget QLabel SlvsErrStatus_23
2026-03-16 07:35:54,129 - PyQt6.uic.uiparser - DEBUG - new topwidget <PyQt6.QtWidgets.QWidget object at 0x000001A6A7EA70A0>
2026-03-16 07:35:54,129 - PyQt6.uic.properties - DEBUG - setting property sizePolicy
2026-03-16 07:35:54,129 - PyQt6.uic.properties - DEBUG - setting property font
2026-03-16 07:35:54,129 - PyQt6.uic.properties - DEBUG - setting property text
2026-03-16 07:35:54,129 - PyQt6.uic.uiparser - DEBUG - push QLabel SlvPresence_5
2026-03-16 07:35:54,129 - PyQt6.uic.uiparser - DEBUG - pop widget QLabel SlvPresence_5
2026-03-16 07:35:54,129 - PyQt6.uic.uiparser - DEBUG - new topwidget <PyQt6.QtWidgets.QWidget object at 0x000001A6A7EA70A0>
2026-03-16 07:35:54,130 - PyQt6.uic.properties - DEBUG - setting property font
2026-03-16 07:35:54,130 - PyQt6.uic.properties - DEBUG - setting property text
2026-03-16 07:35:54,130 - PyQt6.uic.properties - DEBUG - setting property alignment
2026-03-16 07:35:54,130 - PyQt6.uic.uiparser - DEBUG - push QLabel SlvsErrStatus_21
2026-03-16 07:35:54,130 - PyQt6.uic.uiparser - DEBUG - pop widget QLabel SlvsErrStatus_21
2026-03-16 07:35:54,130 - PyQt6.uic.uiparser - DEBUG - new topwidget <PyQt6.QtWidgets.QWidget object at 0x000001A6A7EA70A0>
2026-03-16 07:35:54,130 - PyQt6.uic.properties - DEBUG - setting property sizePolicy
2026-03-16 07:35:54,130 - PyQt6.uic.properties - DEBUG - setting property font
2026-03-16 07:35:54,131 - PyQt6.uic.properties - DEBUG - setting property text
2026-03-16 07:35:54,131 - PyQt6.uic.uiparser - DEBUG - push QLabel SlvsErrStatus_26
2026-03-16 07:35:54,131 - PyQt6.uic.uiparser - DEBUG - pop widget QLabel SlvsErrStatus_26
2026-03-16 07:35:54,131 - PyQt6.uic.uiparser - DEBUG - new topwidget <PyQt6.QtWidgets.QWidget object at 0x000001A6A7EA70A0>
2026-03-16 07:35:54,131 - PyQt6.uic.properties - DEBUG - setting property font
2026-03-16 07:35:54,131 - PyQt6.uic.properties - DEBUG - setting property text
2026-03-16 07:35:54,131 - PyQt6.uic.properties - DEBUG - setting property alignment
2026-03-16 07:35:54,131 - PyQt6.uic.uiparser - DEBUG - push QLabel SlvInitCmdResErr_6
2026-03-16 07:35:54,131 - PyQt6.uic.uiparser - DEBUG - pop widget QLabel SlvInitCmdResErr_6
2026-03-16 07:35:54,131 - PyQt6.uic.uiparser - DEBUG - new topwidget <PyQt6.QtWidgets.QWidget object at 0x000001A6A7EA70A0>
2026-03-16 07:35:54,132 - PyQt6.uic.properties - DEBUG - setting property font
2026-03-16 07:35:54,132 - PyQt6.uic.properties - DEBUG - setting property text
2026-03-16 07:35:54,132 - PyQt6.uic.properties - DEBUG - setting property alignment
2026-03-16 07:35:54,132 - PyQt6.uic.uiparser - DEBUG - push QLabel SlvNotSupported_2
2026-03-16 07:35:54,132 - PyQt6.uic.uiparser - DEBUG - pop widget QLabel SlvNotSupported_2
2026-03-16 07:35:54,132 - PyQt6.uic.uiparser - DEBUG - new topwidget <PyQt6.QtWidgets.QWidget object at 0x000001A6A7EA70A0>
2026-03-16 07:35:54,132 - PyQt6.uic.properties - DEBUG - setting property sizePolicy
2026-03-16 07:35:54,133 - PyQt6.uic.properties - DEBUG - setting property font
2026-03-16 07:35:54,133 - PyQt6.uic.properties - DEBUG - setting property text
2026-03-16 07:35:54,133 - PyQt6.uic.uiparser - DEBUG - push QLabel SlvInitCmdResErr_19
2026-03-16 07:35:54,133 - PyQt6.uic.uiparser - DEBUG - pop widget QLabel SlvInitCmdResErr_19
2026-03-16 07:35:54,133 - PyQt6.uic.uiparser - DEBUG - new topwidget <PyQt6.QtWidgets.QWidget object at 0x000001A6A7EA70A0>
2026-03-16 07:35:54,133 - PyQt6.uic.properties - DEBUG - setting property font
2026-03-16 07:35:54,133 - PyQt6.uic.properties - DEBUG - setting property text
2026-03-16 07:35:54,133 - PyQt6.uic.properties - DEBUG - setting property alignment
2026-03-16 07:35:54,134 - PyQt6.uic.uiparser - DEBUG - push QLabel SlvErrStatusInfo_2
2026-03-16 07:35:54,134 - PyQt6.uic.uiparser - DEBUG - pop widget QLabel SlvErrStatusInfo_2
2026-03-16 07:35:54,134 - PyQt6.uic.uiparser - DEBUG - new topwidget <PyQt6.QtWidgets.QWidget object at 0x000001A6A7EA70A0>
2026-03-16 07:35:54,134 - PyQt6.uic.properties - DEBUG - setting property font
2026-03-16 07:35:54,134 - PyQt6.uic.properties - DEBUG - setting property text
2026-03-16 07:35:54,134 - PyQt6.uic.properties - DEBUG - setting property alignment
2026-03-16 07:35:54,135 - PyQt6.uic.uiparser - DEBUG - push QLabel MasInitCmdWkcErr_2
2026-03-16 07:35:54,135 - PyQt6.uic.uiparser - DEBUG - pop widget QLabel MasInitCmdWkcErr_2
2026-03-16 07:35:54,135 - PyQt6.uic.uiparser - DEBUG - new topwidget <PyQt6.QtWidgets.QWidget object at 0x000001A6A7EA70A0>
2026-03-16 07:35:54,135 - PyQt6.uic.properties - DEBUG - setting property sizePolicy
2026-03-16 07:35:54,135 - PyQt6.uic.properties - DEBUG - setting property font
2026-03-16 07:35:54,135 - PyQt6.uic.properties - DEBUG - setting property text
2026-03-16 07:35:54,136 - PyQt6.uic.uiparser - DEBUG - push QLabel SlvsErrStatus_10
2026-03-16 07:35:54,136 - PyQt6.uic.uiparser - DEBUG - pop widget QLabel SlvsErrStatus_10
2026-03-16 07:35:54,136 - PyQt6.uic.uiparser - DEBUG - new topwidget <PyQt6.QtWidgets.QWidget object at 0x000001A6A7EA70A0>
2026-03-16 07:35:54,136 - PyQt6.uic.properties - DEBUG - setting property font
2026-03-16 07:35:54,137 - PyQt6.uic.properties - DEBUG - setting property text
2026-03-16 07:35:54,137 - PyQt6.uic.properties - DEBUG - setting property alignment
2026-03-16 07:35:54,137 - PyQt6.uic.uiparser - DEBUG - push QLabel StateChanged_2
2026-03-16 07:35:54,138 - PyQt6.uic.uiparser - DEBUG - pop widget QLabel StateChanged_2
2026-03-16 07:35:54,138 - PyQt6.uic.uiparser - DEBUG - new topwidget <PyQt6.QtWidgets.QWidget object at 0x000001A6A7EA70A0>
2026-03-16 07:35:54,138 - PyQt6.uic.properties - DEBUG - setting property sizePolicy
2026-03-16 07:35:54,138 - PyQt6.uic.properties - DEBUG - setting property font
2026-03-16 07:35:54,138 - PyQt6.uic.properties - DEBUG - setting property text
2026-03-16 07:35:54,139 - PyQt6.uic.uiparser - DEBUG - push QLabel SlvInitCmdResErr
2026-03-16 07:35:54,139 - PyQt6.uic.uiparser - DEBUG - pop widget QLabel SlvInitCmdResErr
2026-03-16 07:35:54,139 - PyQt6.uic.uiparser - DEBUG - new topwidget <PyQt6.QtWidgets.QWidget object at 0x000001A6A7EA70A0>
2026-03-16 07:35:54,140 - PyQt6.uic.properties - DEBUG - setting property sizePolicy
2026-03-16 07:35:54,140 - PyQt6.uic.properties - DEBUG - setting property font
2026-03-16 07:35:54,140 - PyQt6.uic.properties - DEBUG - setting property text
2026-03-16 07:35:54,140 - PyQt6.uic.uiparser - DEBUG - push QLabel DcxSync
2026-03-16 07:35:54,140 - PyQt6.uic.uiparser - DEBUG - pop widget QLabel DcxSync
2026-03-16 07:35:54,140 - PyQt6.uic.uiparser - DEBUG - new topwidget <PyQt6.QtWidgets.QWidget object at 0x000001A6A7EA70A0>
2026-03-16 07:35:54,140 - PyQt6.uic.properties - DEBUG - setting property font
2026-03-16 07:35:54,141 - PyQt6.uic.properties - DEBUG - setting property text
2026-03-16 07:35:54,141 - PyQt6.uic.properties - DEBUG - setting property alignment
2026-03-16 07:35:54,141 - PyQt6.uic.uiparser - DEBUG - push QLabel SlvStateChanged_11
2026-03-16 07:35:54,141 - PyQt6.uic.uiparser - DEBUG - pop widget QLabel SlvStateChanged_11
2026-03-16 07:35:54,141 - PyQt6.uic.uiparser - DEBUG - new topwidget <PyQt6.QtWidgets.QWidget object at 0x000001A6A7EA70A0>
2026-03-16 07:35:54,141 - PyQt6.uic.properties - DEBUG - setting property sizePolicy
2026-03-16 07:35:54,142 - PyQt6.uic.properties - DEBUG - setting property font
2026-03-16 07:35:54,142 - PyQt6.uic.properties - DEBUG - setting property text
2026-03-16 07:35:54,143 - PyQt6.uic.uiparser - DEBUG - push QLabel SlvErrStatusInfo
2026-03-16 07:35:54,143 - PyQt6.uic.uiparser - DEBUG - pop widget QLabel SlvErrStatusInfo
2026-03-16 07:35:54,143 - PyQt6.uic.uiparser - DEBUG - new topwidget <PyQt6.QtWidgets.QWidget object at 0x000001A6A7EA70A0>
2026-03-16 07:35:54,143 - PyQt6.uic.properties - DEBUG - setting property sizePolicy
2026-03-16 07:35:54,144 - PyQt6.uic.properties - DEBUG - setting property font
2026-03-16 07:35:54,145 - PyQt6.uic.properties - DEBUG - setting property text
2026-03-16 07:35:54,145 - PyQt6.uic.uiparser - DEBUG - push QLabel ScanBusStatus
2026-03-16 07:35:54,145 - PyQt6.uic.uiparser - DEBUG - pop widget QLabel ScanBusStatus
2026-03-16 07:35:54,145 - PyQt6.uic.uiparser - DEBUG - new topwidget <PyQt6.QtWidgets.QWidget object at 0x000001A6A7EA70A0>
2026-03-16 07:35:54,145 - PyQt6.uic.properties - DEBUG - setting property font
2026-03-16 07:35:54,147 - PyQt6.uic.properties - DEBUG - setting property text
2026-03-16 07:35:54,147 - PyQt6.uic.properties - DEBUG - setting property alignment
2026-03-16 07:35:54,147 - PyQt6.uic.uiparser - DEBUG - push QLabel StatusSlaveErr_2
2026-03-16 07:35:54,147 - PyQt6.uic.uiparser - DEBUG - pop widget QLabel StatusSlaveErr_2
2026-03-16 07:35:54,147 - PyQt6.uic.uiparser - DEBUG - new topwidget <PyQt6.QtWidgets.QWidget object at 0x000001A6A7EA70A0>
2026-03-16 07:35:54,147 - PyQt6.uic.properties - DEBUG - setting property font
2026-03-16 07:35:54,147 - PyQt6.uic.properties - DEBUG - setting property text
2026-03-16 07:35:54,147 - PyQt6.uic.properties - DEBUG - setting property alignment
2026-03-16 07:35:54,148 - PyQt6.uic.uiparser - DEBUG - push QLabel SlvsErrStatus_38
2026-03-16 07:35:54,148 - PyQt6.uic.uiparser - DEBUG - pop widget QLabel SlvsErrStatus_38
2026-03-16 07:35:54,148 - PyQt6.uic.uiparser - DEBUG - new topwidget <PyQt6.QtWidgets.QWidget object at 0x000001A6A7EA70A0>
2026-03-16 07:35:54,148 - PyQt6.uic.properties - DEBUG - setting property font
2026-03-16 07:35:54,149 - PyQt6.uic.properties - DEBUG - setting property text
2026-03-16 07:35:54,149 - PyQt6.uic.properties - DEBUG - setting property alignment
2026-03-16 07:35:54,149 - PyQt6.uic.uiparser - DEBUG - push QLabel SlvsErrStatus_39
2026-03-16 07:35:54,149 - PyQt6.uic.uiparser - DEBUG - pop widget QLabel SlvsErrStatus_39
2026-03-16 07:35:54,149 - PyQt6.uic.uiparser - DEBUG - new topwidget <PyQt6.QtWidgets.QWidget object at 0x000001A6A7EA70A0>
2026-03-16 07:35:54,150 - PyQt6.uic.properties - DEBUG - setting property font
2026-03-16 07:35:54,150 - PyQt6.uic.properties - DEBUG - setting property text
2026-03-16 07:35:54,150 - PyQt6.uic.properties - DEBUG - setting property alignment
2026-03-16 07:35:54,150 - PyQt6.uic.uiparser - DEBUG - push QLabel SlvStateChanged_20
2026-03-16 07:35:54,150 - PyQt6.uic.uiparser - DEBUG - pop widget QLabel SlvStateChanged_20
2026-03-16 07:35:54,151 - PyQt6.uic.uiparser - DEBUG - new topwidget <PyQt6.QtWidgets.QWidget object at 0x000001A6A7EA70A0>
2026-03-16 07:35:54,151 - PyQt6.uic.properties - DEBUG - setting property font
2026-03-16 07:35:54,151 - PyQt6.uic.properties - DEBUG - setting property text
2026-03-16 07:35:54,151 - PyQt6.uic.properties - DEBUG - setting property alignment
2026-03-16 07:35:54,151 - PyQt6.uic.uiparser - DEBUG - push QLabel SlvUnexpectedState_2
2026-03-16 07:35:54,151 - PyQt6.uic.uiparser - DEBUG - pop widget QLabel SlvUnexpectedState_2
2026-03-16 07:35:54,151 - PyQt6.uic.uiparser - DEBUG - new topwidget <PyQt6.QtWidgets.QWidget object at 0x000001A6A7EA70A0>
2026-03-16 07:35:54,151 - PyQt6.uic.properties - DEBUG - setting property sizePolicy
2026-03-16 07:35:54,151 - PyQt6.uic.properties - DEBUG - setting property font
2026-03-16 07:35:54,153 - PyQt6.uic.properties - DEBUG - setting property text
2026-03-16 07:35:54,153 - PyQt6.uic.uiparser - DEBUG - push QLabel SlvPresence
2026-03-16 07:35:54,153 - PyQt6.uic.uiparser - DEBUG - pop widget QLabel SlvPresence
2026-03-16 07:35:54,153 - PyQt6.uic.uiparser - DEBUG - new topwidget <PyQt6.QtWidgets.QWidget object at 0x000001A6A7EA70A0>
2026-03-16 07:35:54,153 - PyQt6.uic.properties - DEBUG - setting property font
2026-03-16 07:35:54,154 - PyQt6.uic.properties - DEBUG - setting property text
2026-03-16 07:35:54,154 - PyQt6.uic.properties - DEBUG - setting property alignment
2026-03-16 07:35:54,154 - PyQt6.uic.uiparser - DEBUG - push QLabel SlvsErrStatus_16
2026-03-16 07:35:54,154 - PyQt6.uic.uiparser - DEBUG - pop widget QLabel SlvsErrStatus_16
2026-03-16 07:35:54,155 - PyQt6.uic.uiparser - DEBUG - new topwidget <PyQt6.QtWidgets.QWidget object at 0x000001A6A7EA70A0>
2026-03-16 07:35:54,155 - PyQt6.uic.properties - DEBUG - setting property sizePolicy
2026-03-16 07:35:54,155 - PyQt6.uic.properties - DEBUG - setting property font
2026-03-16 07:35:54,155 - PyQt6.uic.properties - DEBUG - setting property text
2026-03-16 07:35:54,156 - PyQt6.uic.uiparser - DEBUG - push QLabel SlvStateChanged
2026-03-16 07:35:54,156 - PyQt6.uic.uiparser - DEBUG - pop widget QLabel SlvStateChanged
2026-03-16 07:35:54,156 - PyQt6.uic.uiparser - DEBUG - new topwidget <PyQt6.QtWidgets.QWidget object at 0x000001A6A7EA70A0>
2026-03-16 07:35:54,157 - PyQt6.uic.properties - DEBUG - setting property sizePolicy
2026-03-16 07:35:54,157 - PyQt6.uic.properties - DEBUG - setting property font
2026-03-16 07:35:54,157 - PyQt6.uic.properties - DEBUG - setting property text
2026-03-16 07:35:54,157 - PyQt6.uic.uiparser - DEBUG - push QLabel SlvsErrStatus_11
2026-03-16 07:35:54,157 - PyQt6.uic.uiparser - DEBUG - pop widget QLabel SlvsErrStatus_11
2026-03-16 07:35:54,157 - PyQt6.uic.uiparser - DEBUG - new topwidget <PyQt6.QtWidgets.QWidget object at 0x000001A6A7EA70A0>
2026-03-16 07:35:54,157 - PyQt6.uic.properties - DEBUG - setting property font
2026-03-16 07:35:54,157 - PyQt6.uic.properties - DEBUG - setting property text
2026-03-16 07:35:54,157 - PyQt6.uic.properties - DEBUG - setting property alignment
2026-03-16 07:35:54,157 - PyQt6.uic.uiparser - DEBUG - push QLabel SlvsErrStatus_36
2026-03-16 07:35:54,158 - PyQt6.uic.uiparser - DEBUG - pop widget QLabel SlvsErrStatus_36
2026-03-16 07:35:54,158 - PyQt6.uic.uiparser - DEBUG - new topwidget <PyQt6.QtWidgets.QWidget object at 0x000001A6A7EA70A0>
2026-03-16 07:35:54,158 - PyQt6.uic.properties - DEBUG - setting property sizePolicy
2026-03-16 07:35:54,158 - PyQt6.uic.properties - DEBUG - setting property font
2026-03-16 07:35:54,158 - PyQt6.uic.properties - DEBUG - setting property text
2026-03-16 07:35:54,158 - PyQt6.uic.uiparser - DEBUG - push QLabel SlavesPresence_5
2026-03-16 07:35:54,158 - PyQt6.uic.uiparser - DEBUG - pop widget QLabel SlavesPresence_5
2026-03-16 07:35:54,158 - PyQt6.uic.uiparser - DEBUG - new topwidget <PyQt6.QtWidgets.QWidget object at 0x000001A6A7EA70A0>
2026-03-16 07:35:54,159 - PyQt6.uic.properties - DEBUG - setting property sizePolicy
2026-03-16 07:35:54,159 - PyQt6.uic.properties - DEBUG - setting property font
2026-03-16 07:35:54,159 - PyQt6.uic.properties - DEBUG - setting property text
2026-03-16 07:35:54,159 - PyQt6.uic.uiparser - DEBUG - push QLabel SlvUnexpectedState
2026-03-16 07:35:54,159 - PyQt6.uic.uiparser - DEBUG - pop widget QLabel SlvUnexpectedState
2026-03-16 07:35:54,159 - PyQt6.uic.uiparser - DEBUG - new topwidget <PyQt6.QtWidgets.QWidget object at 0x000001A6A7EA70A0>
2026-03-16 07:35:54,159 - PyQt6.uic.properties - DEBUG - setting property font
2026-03-16 07:35:54,159 - PyQt6.uic.properties - DEBUG - setting property text
2026-03-16 07:35:54,159 - PyQt6.uic.properties - DEBUG - setting property alignment
2026-03-16 07:35:54,159 - PyQt6.uic.uiparser - DEBUG - push QLabel SlvStateChanged_2
2026-03-16 07:35:54,159 - PyQt6.uic.uiparser - DEBUG - pop widget QLabel SlvStateChanged_2
2026-03-16 07:35:54,159 - PyQt6.uic.uiparser - DEBUG - new topwidget <PyQt6.QtWidgets.QWidget object at 0x000001A6A7EA70A0>
2026-03-16 07:35:54,159 - PyQt6.uic.properties - DEBUG - setting property font
2026-03-16 07:35:54,159 - PyQt6.uic.properties - DEBUG - setting property text
2026-03-16 07:35:54,159 - PyQt6.uic.properties - DEBUG - setting property alignment
2026-03-16 07:35:54,159 - PyQt6.uic.uiparser - DEBUG - push QLabel SlvPresence_6
2026-03-16 07:35:54,161 - PyQt6.uic.uiparser - DEBUG - pop widget QLabel SlvPresence_6
2026-03-16 07:35:54,161 - PyQt6.uic.uiparser - DEBUG - new topwidget <PyQt6.QtWidgets.QWidget object at 0x000001A6A7EA70A0>
2026-03-16 07:35:54,161 - PyQt6.uic.properties - DEBUG - setting property sizePolicy
2026-03-16 07:35:54,161 - PyQt6.uic.properties - DEBUG - setting property font
2026-03-16 07:35:54,161 - PyQt6.uic.properties - DEBUG - setting property text
2026-03-16 07:35:54,161 - PyQt6.uic.uiparser - DEBUG - push QLabel SlvInitCmdResErr_15
2026-03-16 07:35:54,161 - PyQt6.uic.uiparser - DEBUG - pop widget QLabel SlvInitCmdResErr_15
2026-03-16 07:35:54,161 - PyQt6.uic.uiparser - DEBUG - new topwidget <PyQt6.QtWidgets.QWidget object at 0x000001A6A7EA70A0>
2026-03-16 07:35:54,161 - PyQt6.uic.properties - DEBUG - setting property sizePolicy
2026-03-16 07:35:54,161 - PyQt6.uic.properties - DEBUG - setting property font
2026-03-16 07:35:54,162 - PyQt6.uic.properties - DEBUG - setting property text
2026-03-16 07:35:54,162 - PyQt6.uic.uiparser - DEBUG - push QLabel SlvsErrStatus_29
2026-03-16 07:35:54,162 - PyQt6.uic.uiparser - DEBUG - pop widget QLabel SlvsErrStatus_29
2026-03-16 07:35:54,162 - PyQt6.uic.uiparser - DEBUG - new topwidget <PyQt6.QtWidgets.QWidget object at 0x000001A6A7EA70A0>
2026-03-16 07:35:54,162 - PyQt6.uic.properties - DEBUG - setting property sizePolicy
2026-03-16 07:35:54,162 - PyQt6.uic.properties - DEBUG - setting property font
2026-03-16 07:35:54,162 - PyQt6.uic.properties - DEBUG - setting property text
2026-03-16 07:35:54,162 - PyQt6.uic.uiparser - DEBUG - push QLabel AllDevsOperational
2026-03-16 07:35:54,162 - PyQt6.uic.uiparser - DEBUG - pop widget QLabel AllDevsOperational
2026-03-16 07:35:54,163 - PyQt6.uic.uiparser - DEBUG - new topwidget <PyQt6.QtWidgets.QWidget object at 0x000001A6A7EA70A0>
2026-03-16 07:35:54,163 - PyQt6.uic.properties - DEBUG - setting property font
2026-03-16 07:35:54,163 - PyQt6.uic.properties - DEBUG - setting property text
2026-03-16 07:35:54,163 - PyQt6.uic.properties - DEBUG - setting property alignment
2026-03-16 07:35:54,163 - PyQt6.uic.uiparser - DEBUG - push QLabel MBSlvInitCmdTimeout_2
2026-03-16 07:35:54,163 - PyQt6.uic.uiparser - DEBUG - pop widget QLabel MBSlvInitCmdTimeout_2
2026-03-16 07:35:54,163 - PyQt6.uic.uiparser - DEBUG - new topwidget <PyQt6.QtWidgets.QWidget object at 0x000001A6A7EA70A0>
2026-03-16 07:35:54,164 - PyQt6.uic.properties - DEBUG - setting property font
2026-03-16 07:35:54,164 - PyQt6.uic.properties - DEBUG - setting property text
2026-03-16 07:35:54,164 - PyQt6.uic.properties - DEBUG - setting property alignment
2026-03-16 07:35:54,164 - PyQt6.uic.uiparser - DEBUG - push QLabel SlvStateChanged_12
2026-03-16 07:35:54,164 - PyQt6.uic.uiparser - DEBUG - pop widget QLabel SlvStateChanged_12
2026-03-16 07:35:54,164 - PyQt6.uic.uiparser - DEBUG - new topwidget <PyQt6.QtWidgets.QWidget object at 0x000001A6A7EA70A0>
2026-03-16 07:35:54,164 - PyQt6.uic.properties - DEBUG - setting property sizePolicy
2026-03-16 07:35:54,164 - PyQt6.uic.properties - DEBUG - setting property font
2026-03-16 07:35:54,164 - PyQt6.uic.properties - DEBUG - setting property text
2026-03-16 07:35:54,165 - PyQt6.uic.uiparser - DEBUG - push QLabel SlvsErrStatus
2026-03-16 07:35:54,165 - PyQt6.uic.uiparser - DEBUG - pop widget QLabel SlvsErrStatus
2026-03-16 07:35:54,165 - PyQt6.uic.uiparser - DEBUG - new topwidget <PyQt6.QtWidgets.QWidget object at 0x000001A6A7EA70A0>
2026-03-16 07:35:54,165 - PyQt6.uic.properties - DEBUG - setting property sizePolicy
2026-03-16 07:35:54,165 - PyQt6.uic.properties - DEBUG - setting property font
2026-03-16 07:35:54,165 - PyQt6.uic.properties - DEBUG - setting property text
2026-03-16 07:35:54,165 - PyQt6.uic.uiparser - DEBUG - push QLabel SlvInitCmdResErr_16
2026-03-16 07:35:54,166 - PyQt6.uic.uiparser - DEBUG - pop widget QLabel SlvInitCmdResErr_16
2026-03-16 07:35:54,166 - PyQt6.uic.uiparser - DEBUG - new topwidget <PyQt6.QtWidgets.QWidget object at 0x000001A6A7EA70A0>
2026-03-16 07:35:54,166 - PyQt6.uic.properties - DEBUG - setting property font
2026-03-16 07:35:54,166 - PyQt6.uic.properties - DEBUG - setting property text
2026-03-16 07:35:54,166 - PyQt6.uic.properties - DEBUG - setting property alignment
2026-03-16 07:35:54,166 - PyQt6.uic.uiparser - DEBUG - push QLabel SlavesPresence_6
2026-03-16 07:35:54,166 - PyQt6.uic.uiparser - DEBUG - pop widget QLabel SlavesPresence_6
2026-03-16 07:35:54,166 - PyQt6.uic.uiparser - DEBUG - new topwidget <PyQt6.QtWidgets.QWidget object at 0x000001A6A7EA70A0>
2026-03-16 07:35:54,166 - PyQt6.uic.properties - DEBUG - setting property sizePolicy
2026-03-16 07:35:54,166 - PyQt6.uic.properties - DEBUG - setting property font
2026-03-16 07:35:54,167 - PyQt6.uic.properties - DEBUG - setting property text
2026-03-16 07:35:54,167 - PyQt6.uic.uiparser - DEBUG - push QLabel SlvInitCmdResErr_17
2026-03-16 07:35:54,167 - PyQt6.uic.uiparser - DEBUG - pop widget QLabel SlvInitCmdResErr_17
2026-03-16 07:35:54,167 - PyQt6.uic.uiparser - DEBUG - new topwidget <PyQt6.QtWidgets.QWidget object at 0x000001A6A7EA70A0>
2026-03-16 07:35:54,167 - PyQt6.uic.properties - DEBUG - setting property font
2026-03-16 07:35:54,168 - PyQt6.uic.properties - DEBUG - setting property text
2026-03-16 07:35:54,168 - PyQt6.uic.properties - DEBUG - setting property alignment
2026-03-16 07:35:54,168 - PyQt6.uic.uiparser - DEBUG - push QLabel PDIWatchdog_2
2026-03-16 07:35:54,168 - PyQt6.uic.uiparser - DEBUG - pop widget QLabel PDIWatchdog_2
2026-03-16 07:35:54,168 - PyQt6.uic.uiparser - DEBUG - new topwidget <PyQt6.QtWidgets.QWidget object at 0x000001A6A7EA70A0>
2026-03-16 07:35:54,168 - PyQt6.uic.properties - DEBUG - setting property font
2026-03-16 07:35:54,169 - PyQt6.uic.properties - DEBUG - setting property text
2026-03-16 07:35:54,169 - PyQt6.uic.properties - DEBUG - setting property alignment
2026-03-16 07:35:54,169 - PyQt6.uic.uiparser - DEBUG - push QLabel SlvNotAddressable_6
2026-03-16 07:35:54,170 - PyQt6.uic.uiparser - DEBUG - pop widget QLabel SlvNotAddressable_6
2026-03-16 07:35:54,170 - PyQt6.uic.uiparser - DEBUG - new topwidget <PyQt6.QtWidgets.QWidget object at 0x000001A6A7EA70A0>
2026-03-16 07:35:54,170 - PyQt6.uic.properties - DEBUG - setting property sizePolicy
2026-03-16 07:35:54,170 - PyQt6.uic.properties - DEBUG - setting property font
2026-03-16 07:35:54,170 - PyQt6.uic.properties - DEBUG - setting property text
2026-03-16 07:35:54,171 - PyQt6.uic.uiparser - DEBUG - push QLabel SlvInitCmdResErr_5
2026-03-16 07:35:54,171 - PyQt6.uic.uiparser - DEBUG - pop widget QLabel SlvInitCmdResErr_5
2026-03-16 07:35:54,171 - PyQt6.uic.uiparser - DEBUG - new topwidget <PyQt6.QtWidgets.QWidget object at 0x000001A6A7EA70A0>
2026-03-16 07:35:54,171 - PyQt6.uic.properties - DEBUG - setting property font
2026-03-16 07:35:54,171 - PyQt6.uic.properties - DEBUG - setting property text
2026-03-16 07:35:54,171 - PyQt6.uic.properties - DEBUG - setting property alignment
2026-03-16 07:35:54,171 - PyQt6.uic.uiparser - DEBUG - push QLabel SlvsErrStatus_15
2026-03-16 07:35:54,171 - PyQt6.uic.uiparser - DEBUG - pop widget QLabel SlvsErrStatus_15
2026-03-16 07:35:54,172 - PyQt6.uic.uiparser - DEBUG - new topwidget <PyQt6.QtWidgets.QWidget object at 0x000001A6A7EA70A0>
2026-03-16 07:35:54,172 - PyQt6.uic.properties - DEBUG - setting property font
2026-03-16 07:35:54,172 - PyQt6.uic.properties - DEBUG - setting property text
2026-03-16 07:35:54,172 - PyQt6.uic.properties - DEBUG - setting property alignment
2026-03-16 07:35:54,172 - PyQt6.uic.uiparser - DEBUG - push QLabel SlvStateChanged_16
2026-03-16 07:35:54,172 - PyQt6.uic.uiparser - DEBUG - pop widget QLabel SlvStateChanged_16
2026-03-16 07:35:54,172 - PyQt6.uic.uiparser - DEBUG - new topwidget <PyQt6.QtWidgets.QWidget object at 0x000001A6A7EA70A0>
2026-03-16 07:35:54,173 - PyQt6.uic.properties - DEBUG - setting property sizePolicy
2026-03-16 07:35:54,173 - PyQt6.uic.properties - DEBUG - setting property font
2026-03-16 07:35:54,173 - PyQt6.uic.properties - DEBUG - setting property text
2026-03-16 07:35:54,173 - PyQt6.uic.uiparser - DEBUG - push QLabel SlvsErrStatus_8
2026-03-16 07:35:54,173 - PyQt6.uic.uiparser - DEBUG - pop widget QLabel SlvsErrStatus_8
2026-03-16 07:35:54,173 - PyQt6.uic.uiparser - DEBUG - new topwidget <PyQt6.QtWidgets.QWidget object at 0x000001A6A7EA70A0>
2026-03-16 07:35:54,173 - PyQt6.uic.properties - DEBUG - setting property sizePolicy
2026-03-16 07:35:54,173 - PyQt6.uic.properties - DEBUG - setting property font
2026-03-16 07:35:54,174 - PyQt6.uic.properties - DEBUG - setting property text
2026-03-16 07:35:54,174 - PyQt6.uic.uiparser - DEBUG - push QLabel SlvUnexpectedState_5
2026-03-16 07:35:54,174 - PyQt6.uic.uiparser - DEBUG - pop widget QLabel SlvUnexpectedState_5
2026-03-16 07:35:54,174 - PyQt6.uic.uiparser - DEBUG - new topwidget <PyQt6.QtWidgets.QWidget object at 0x000001A6A7EA70A0>
2026-03-16 07:35:54,174 - PyQt6.uic.properties - DEBUG - setting property font
2026-03-16 07:35:54,175 - PyQt6.uic.properties - DEBUG - setting property text
2026-03-16 07:35:54,175 - PyQt6.uic.properties - DEBUG - setting property alignment
2026-03-16 07:35:54,175 - PyQt6.uic.uiparser - DEBUG - push QLabel RasAckErr_2
2026-03-16 07:35:54,175 - PyQt6.uic.uiparser - DEBUG - pop widget QLabel RasAckErr_2
2026-03-16 07:35:54,175 - PyQt6.uic.uiparser - DEBUG - new topwidget <PyQt6.QtWidgets.QWidget object at 0x000001A6A7EA70A0>
2026-03-16 07:35:54,175 - PyQt6.uic.properties - DEBUG - setting property font
2026-03-16 07:35:54,175 - PyQt6.uic.properties - DEBUG - setting property text
2026-03-16 07:35:54,175 - PyQt6.uic.properties - DEBUG - setting property alignment
2026-03-16 07:35:54,177 - PyQt6.uic.uiparser - DEBUG - push QLabel SlavesStateChanged_2
2026-03-16 07:35:54,177 - PyQt6.uic.uiparser - DEBUG - pop widget QLabel SlavesStateChanged_2
2026-03-16 07:35:54,177 - PyQt6.uic.uiparser - DEBUG - new topwidget <PyQt6.QtWidgets.QWidget object at 0x000001A6A7EA70A0>
2026-03-16 07:35:54,177 - PyQt6.uic.properties - DEBUG - setting property font
2026-03-16 07:35:54,178 - PyQt6.uic.properties - DEBUG - setting property text
2026-03-16 07:35:54,178 - PyQt6.uic.properties - DEBUG - setting property alignment
2026-03-16 07:35:54,178 - PyQt6.uic.uiparser - DEBUG - push QLabel SlvsErrStatus_37
2026-03-16 07:35:54,178 - PyQt6.uic.uiparser - DEBUG - pop widget QLabel SlvsErrStatus_37
2026-03-16 07:35:54,178 - PyQt6.uic.uiparser - DEBUG - new topwidget <PyQt6.QtWidgets.QWidget object at 0x000001A6A7EA70A0>
2026-03-16 07:35:54,179 - PyQt6.uic.properties - DEBUG - setting property font
2026-03-16 07:35:54,179 - PyQt6.uic.properties - DEBUG - setting property text
2026-03-16 07:35:54,179 - PyQt6.uic.properties - DEBUG - setting property alignment
2026-03-16 07:35:54,179 - PyQt6.uic.uiparser - DEBUG - push QLabel SlvStateChanged_15
2026-03-16 07:35:54,180 - PyQt6.uic.uiparser - DEBUG - pop widget QLabel SlvStateChanged_15
2026-03-16 07:35:54,180 - PyQt6.uic.uiparser - DEBUG - new topwidget <PyQt6.QtWidgets.QWidget object at 0x000001A6A7EA70A0>
2026-03-16 07:35:54,180 - PyQt6.uic.properties - DEBUG - setting property font
2026-03-16 07:35:54,180 - PyQt6.uic.properties - DEBUG - setting property text
2026-03-16 07:35:54,180 - PyQt6.uic.properties - DEBUG - setting property alignment
2026-03-16 07:35:54,180 - PyQt6.uic.uiparser - DEBUG - push QLabel SlvStateChanged_17
2026-03-16 07:35:54,180 - PyQt6.uic.uiparser - DEBUG - pop widget QLabel SlvStateChanged_17
2026-03-16 07:35:54,180 - PyQt6.uic.uiparser - DEBUG - new topwidget <PyQt6.QtWidgets.QWidget object at 0x000001A6A7EA70A0>
2026-03-16 07:35:54,181 - PyQt6.uic.properties - DEBUG - setting property sizePolicy
2026-03-16 07:35:54,181 - PyQt6.uic.properties - DEBUG - setting property font
2026-03-16 07:35:54,181 - PyQt6.uic.properties - DEBUG - setting property text
2026-03-16 07:35:54,181 - PyQt6.uic.uiparser - DEBUG - push QLabel SlvsErrStatus_7
2026-03-16 07:35:54,181 - PyQt6.uic.uiparser - DEBUG - pop widget QLabel SlvsErrStatus_7
2026-03-16 07:35:54,181 - PyQt6.uic.uiparser - DEBUG - new topwidget <PyQt6.QtWidgets.QWidget object at 0x000001A6A7EA70A0>
2026-03-16 07:35:54,181 - PyQt6.uic.properties - DEBUG - setting property sizePolicy
2026-03-16 07:35:54,181 - PyQt6.uic.properties - DEBUG - setting property font
2026-03-16 07:35:54,182 - PyQt6.uic.properties - DEBUG - setting property text
2026-03-16 07:35:54,182 - PyQt6.uic.uiparser - DEBUG - push QLabel SlvsErrStatus_28
2026-03-16 07:35:54,182 - PyQt6.uic.uiparser - DEBUG - pop widget QLabel SlvsErrStatus_28
2026-03-16 07:35:54,182 - PyQt6.uic.uiparser - DEBUG - new topwidget <PyQt6.QtWidgets.QWidget object at 0x000001A6A7EA70A0>
2026-03-16 07:35:54,182 - PyQt6.uic.properties - DEBUG - setting property sizePolicy
2026-03-16 07:35:54,182 - PyQt6.uic.properties - DEBUG - setting property font
2026-03-16 07:35:54,183 - PyQt6.uic.properties - DEBUG - setting property text
2026-03-16 07:35:54,183 - PyQt6.uic.uiparser - DEBUG - push QLabel SlvInitCmdResErr_11
2026-03-16 07:35:54,183 - PyQt6.uic.uiparser - DEBUG - pop widget QLabel SlvInitCmdResErr_11
2026-03-16 07:35:54,183 - PyQt6.uic.uiparser - DEBUG - new topwidget <PyQt6.QtWidgets.QWidget object at 0x000001A6A7EA70A0>
2026-03-16 07:35:54,183 - PyQt6.uic.properties - DEBUG - setting property font
2026-03-16 07:35:54,183 - PyQt6.uic.properties - DEBUG - setting property text
2026-03-16 07:35:54,183 - PyQt6.uic.properties - DEBUG - setting property alignment
2026-03-16 07:35:54,183 - PyQt6.uic.uiparser - DEBUG - push QLabel SlvStateChanged_9
2026-03-16 07:35:54,183 - PyQt6.uic.uiparser - DEBUG - pop widget QLabel SlvStateChanged_9
2026-03-16 07:35:54,183 - PyQt6.uic.uiparser - DEBUG - new topwidget <PyQt6.QtWidgets.QWidget object at 0x000001A6A7EA70A0>
2026-03-16 07:35:54,183 - PyQt6.uic.properties - DEBUG - setting property sizePolicy
2026-03-16 07:35:54,184 - PyQt6.uic.properties - DEBUG - setting property font
2026-03-16 07:35:54,184 - PyQt6.uic.properties - DEBUG - setting property text
2026-03-16 07:35:54,184 - PyQt6.uic.uiparser - DEBUG - push QLabel MBSlvInitCmdTimeout_5
2026-03-16 07:35:54,184 - PyQt6.uic.uiparser - DEBUG - pop widget QLabel MBSlvInitCmdTimeout_5
2026-03-16 07:35:54,184 - PyQt6.uic.uiparser - DEBUG - new topwidget <PyQt6.QtWidgets.QWidget object at 0x000001A6A7EA70A0>
2026-03-16 07:35:54,184 - PyQt6.uic.uiparser - DEBUG - pop layout QGridLayout gridLayout_8
2026-03-16 07:35:54,184 - PyQt6.uic.uiparser - DEBUG - pop widget QWidget gridLayoutWidget_7
2026-03-16 07:35:54,184 - PyQt6.uic.uiparser - DEBUG - new topwidget <PyQt6.QtWidgets.QWidget object at 0x000001A6A7EA7010>
2026-03-16 07:35:54,184 - PyQt6.uic.uiparser - DEBUG - pop widget QWidget page_4
2026-03-16 07:35:54,184 - PyQt6.uic.uiparser - DEBUG - new topwidget <PyQt6.QtWidgets.QToolBox object at 0x000001A6A7EA6B90>
2026-03-16 07:35:54,185 - PyQt6.uic.uiparser - DEBUG - pop widget QToolBox toolBox
2026-03-16 07:35:54,185 - PyQt6.uic.uiparser - DEBUG - new topwidget <PyQt6.QtWidgets.QWidget object at 0x000001A6A7EA6B00>
2026-03-16 07:35:54,185 - PyQt6.uic.uiparser - DEBUG - pop widget QWidget tab_5
2026-03-16 07:35:54,185 - PyQt6.uic.uiparser - DEBUG - new topwidget <PyQt6.QtWidgets.QTabWidget object at 0x000001A6A5FC75B0>
2026-03-16 07:35:54,187 - PyQt6.uic.uiparser - DEBUG - pop widget QTabWidget tabWidget_2
2026-03-16 07:35:54,188 - PyQt6.uic.uiparser - DEBUG - new topwidget <PyQt6.QtWidgets.QWidget object at 0x000001A6A5FC7520>
2026-03-16 07:35:54,188 - PyQt6.uic.uiparser - DEBUG - pop widget QWidget tab_7
2026-03-16 07:35:54,188 - PyQt6.uic.uiparser - DEBUG - new topwidget <PyQt6.QtWidgets.QTabWidget object at 0x000001A6A5FC7490>
2026-03-16 07:35:54,189 - PyQt6.uic.uiparser - DEBUG - push QWidget tab_13
2026-03-16 07:35:54,189 - PyQt6.uic.properties - DEBUG - setting property geometry
2026-03-16 07:35:54,189 - PyQt6.uic.properties - DEBUG - setting property title
2026-03-16 07:35:54,189 - PyQt6.uic.uiparser - DEBUG - push QGroupBox groupBox_7
2026-03-16 07:35:54,190 - PyQt6.uic.properties - DEBUG - setting property geometry
2026-03-16 07:35:54,190 - PyQt6.uic.properties - DEBUG - setting property sizePolicy
2026-03-16 07:35:54,190 - PyQt6.uic.properties - DEBUG - setting property font
2026-03-16 07:35:54,190 - PyQt6.uic.properties - DEBUG - setting property text
2026-03-16 07:35:54,190 - PyQt6.uic.uiparser - DEBUG - push QLabel label_27
2026-03-16 07:35:54,190 - PyQt6.uic.uiparser - DEBUG - pop widget QLabel label_27
2026-03-16 07:35:54,190 - PyQt6.uic.uiparser - DEBUG - new topwidget <PyQt6.QtWidgets.QGroupBox object at 0x000001A6A7EC00D0>
2026-03-16 07:35:54,191 - PyQt6.uic.properties - DEBUG - setting property geometry
2026-03-16 07:35:54,191 - PyQt6.uic.properties - DEBUG - setting property sizePolicy
2026-03-16 07:35:54,191 - PyQt6.uic.properties - DEBUG - setting property font
2026-03-16 07:35:54,191 - PyQt6.uic.properties - DEBUG - setting property text
2026-03-16 07:35:54,191 - PyQt6.uic.uiparser - DEBUG - push QLabel label_26
2026-03-16 07:35:54,191 - PyQt6.uic.uiparser - DEBUG - pop widget QLabel label_26
2026-03-16 07:35:54,191 - PyQt6.uic.uiparser - DEBUG - new topwidget <PyQt6.QtWidgets.QGroupBox object at 0x000001A6A7EC00D0>
2026-03-16 07:35:54,192 - PyQt6.uic.properties - DEBUG - setting property geometry
2026-03-16 07:35:54,192 - PyQt6.uic.properties - DEBUG - setting property sizePolicy
2026-03-16 07:35:54,192 - PyQt6.uic.properties - DEBUG - setting property font
2026-03-16 07:35:54,193 - PyQt6.uic.properties - DEBUG - setting property focusPolicy
2026-03-16 07:35:54,193 - PyQt6.uic.uiparser - DEBUG - push QComboBox datatype
2026-03-16 07:35:54,193 - PyQt6.uic.uiparser - DEBUG - pop widget QComboBox datatype
2026-03-16 07:35:54,193 - PyQt6.uic.uiparser - DEBUG - new topwidget <PyQt6.QtWidgets.QGroupBox object at 0x000001A6A7EC00D0>
2026-03-16 07:35:54,193 - PyQt6.uic.properties - DEBUG - setting property geometry
2026-03-16 07:35:54,194 - PyQt6.uic.properties - DEBUG - setting property sizePolicy
2026-03-16 07:35:54,194 - PyQt6.uic.properties - DEBUG - setting property font
2026-03-16 07:35:54,194 - PyQt6.uic.properties - DEBUG - setting property text
2026-03-16 07:35:54,194 - PyQt6.uic.uiparser - DEBUG - push QLabel label_36
2026-03-16 07:35:54,194 - PyQt6.uic.uiparser - DEBUG - pop widget QLabel label_36
2026-03-16 07:35:54,194 - PyQt6.uic.uiparser - DEBUG - new topwidget <PyQt6.QtWidgets.QGroupBox object at 0x000001A6A7EC00D0>
2026-03-16 07:35:54,194 - PyQt6.uic.properties - DEBUG - setting property geometry
2026-03-16 07:35:54,194 - PyQt6.uic.properties - DEBUG - setting property font
2026-03-16 07:35:54,194 - PyQt6.uic.properties - DEBUG - setting property title
2026-03-16 07:35:54,194 - PyQt6.uic.uiparser - DEBUG - push QGroupBox groupBox_4
2026-03-16 07:35:54,195 - PyQt6.uic.properties - DEBUG - setting property geometry
2026-03-16 07:35:54,195 - PyQt6.uic.properties - DEBUG - setting property font
2026-03-16 07:35:54,195 - PyQt6.uic.properties - DEBUG - setting property focusPolicy
2026-03-16 07:35:54,195 - PyQt6.uic.properties - DEBUG - setting property toolTip
2026-03-16 07:35:54,195 - PyQt6.uic.properties - DEBUG - setting property styleSheet
2026-03-16 07:35:54,195 - PyQt6.uic.properties - DEBUG - setting property text
2026-03-16 07:35:54,195 - PyQt6.uic.properties - DEBUG - setting property checkable
2026-03-16 07:35:54,195 - PyQt6.uic.uiparser - DEBUG - push QPushButton SDOButton_read
2026-03-16 07:35:54,195 - PyQt6.uic.uiparser - DEBUG - pop widget QPushButton SDOButton_read
2026-03-16 07:35:54,195 - PyQt6.uic.uiparser - DEBUG - new topwidget <PyQt6.QtWidgets.QGroupBox object at 0x000001A6A7EC03A0>
2026-03-16 07:35:54,195 - PyQt6.uic.properties - DEBUG - setting property geometry
2026-03-16 07:35:54,195 - PyQt6.uic.properties - DEBUG - setting property font
2026-03-16 07:35:54,195 - PyQt6.uic.properties - DEBUG - setting property focusPolicy
2026-03-16 07:35:54,195 - PyQt6.uic.properties - DEBUG - setting property toolTip
2026-03-16 07:35:54,195 - PyQt6.uic.properties - DEBUG - setting property styleSheet
2026-03-16 07:35:54,195 - PyQt6.uic.properties - DEBUG - setting property text
2026-03-16 07:35:54,197 - PyQt6.uic.properties - DEBUG - setting property checkable
2026-03-16 07:35:54,197 - PyQt6.uic.uiparser - DEBUG - push QPushButton SDOButton_write
2026-03-16 07:35:54,197 - PyQt6.uic.uiparser - DEBUG - pop widget QPushButton SDOButton_write
2026-03-16 07:35:54,197 - PyQt6.uic.uiparser - DEBUG - new topwidget <PyQt6.QtWidgets.QGroupBox object at 0x000001A6A7EC03A0>
2026-03-16 07:35:54,197 - PyQt6.uic.properties - DEBUG - setting property geometry
2026-03-16 07:35:54,197 - PyQt6.uic.properties - DEBUG - setting property sizePolicy
2026-03-16 07:35:54,197 - PyQt6.uic.properties - DEBUG - setting property font
2026-03-16 07:35:54,197 - PyQt6.uic.properties - DEBUG - setting property text
2026-03-16 07:35:54,197 - PyQt6.uic.uiparser - DEBUG - push QLabel label_48
2026-03-16 07:35:54,197 - PyQt6.uic.uiparser - DEBUG - pop widget QLabel label_48
2026-03-16 07:35:54,198 - PyQt6.uic.uiparser - DEBUG - new topwidget <PyQt6.QtWidgets.QGroupBox object at 0x000001A6A7EC03A0>
2026-03-16 07:35:54,198 - PyQt6.uic.properties - DEBUG - setting property geometry
2026-03-16 07:35:54,198 - PyQt6.uic.properties - DEBUG - setting property font
2026-03-16 07:35:54,198 - PyQt6.uic.properties - DEBUG - setting property text
2026-03-16 07:35:54,198 - PyQt6.uic.uiparser - DEBUG - push QLabel label_25
2026-03-16 07:35:54,198 - PyQt6.uic.uiparser - DEBUG - pop widget QLabel label_25
2026-03-16 07:35:54,198 - PyQt6.uic.uiparser - DEBUG - new topwidget <PyQt6.QtWidgets.QGroupBox object at 0x000001A6A7EC03A0>
2026-03-16 07:35:54,198 - PyQt6.uic.properties - DEBUG - setting property geometry
2026-03-16 07:35:54,198 - PyQt6.uic.properties - DEBUG - setting property sizePolicy
2026-03-16 07:35:54,198 - PyQt6.uic.properties - DEBUG - setting property minimumSize
2026-03-16 07:35:54,199 - PyQt6.uic.properties - DEBUG - setting property font
2026-03-16 07:35:54,199 - PyQt6.uic.properties - DEBUG - setting property focusPolicy
2026-03-16 07:35:54,199 - PyQt6.uic.uiparser - DEBUG - push QLineEdit SDOIndex
2026-03-16 07:35:54,199 - PyQt6.uic.uiparser - DEBUG - pop widget QLineEdit SDOIndex
2026-03-16 07:35:54,199 - PyQt6.uic.uiparser - DEBUG - new topwidget <PyQt6.QtWidgets.QGroupBox object at 0x000001A6A7EC03A0>
2026-03-16 07:35:54,199 - PyQt6.uic.properties - DEBUG - setting property geometry
2026-03-16 07:35:54,199 - PyQt6.uic.properties - DEBUG - setting property font
2026-03-16 07:35:54,199 - PyQt6.uic.properties - DEBUG - setting property text
2026-03-16 07:35:54,199 - PyQt6.uic.uiparser - DEBUG - push QLabel label_24
2026-03-16 07:35:54,199 - PyQt6.uic.uiparser - DEBUG - pop widget QLabel label_24
2026-03-16 07:35:54,199 - PyQt6.uic.uiparser - DEBUG - new topwidget <PyQt6.QtWidgets.QGroupBox object at 0x000001A6A7EC03A0>
2026-03-16 07:35:54,199 - PyQt6.uic.properties - DEBUG - setting property geometry
2026-03-16 07:35:54,199 - PyQt6.uic.properties - DEBUG - setting property font
2026-03-16 07:35:54,201 - PyQt6.uic.properties - DEBUG - setting property text
2026-03-16 07:35:54,201 - PyQt6.uic.uiparser - DEBUG - push QLabel label_23
2026-03-16 07:35:54,201 - PyQt6.uic.uiparser - DEBUG - pop widget QLabel label_23
2026-03-16 07:35:54,201 - PyQt6.uic.uiparser - DEBUG - new topwidget <PyQt6.QtWidgets.QGroupBox object at 0x000001A6A7EC03A0>
2026-03-16 07:35:54,201 - PyQt6.uic.properties - DEBUG - setting property geometry
2026-03-16 07:35:54,201 - PyQt6.uic.properties - DEBUG - setting property sizePolicy
2026-03-16 07:35:54,201 - PyQt6.uic.properties - DEBUG - setting property minimumSize
2026-03-16 07:35:54,201 - PyQt6.uic.properties - DEBUG - setting property font
2026-03-16 07:35:54,201 - PyQt6.uic.properties - DEBUG - setting property focusPolicy
2026-03-16 07:35:54,201 - PyQt6.uic.uiparser - DEBUG - push QLineEdit SDOSubindex
2026-03-16 07:35:54,201 - PyQt6.uic.uiparser - DEBUG - pop widget QLineEdit SDOSubindex
2026-03-16 07:35:54,202 - PyQt6.uic.uiparser - DEBUG - new topwidget <PyQt6.QtWidgets.QGroupBox object at 0x000001A6A7EC03A0>
2026-03-16 07:35:54,202 - PyQt6.uic.properties - DEBUG - setting property geometry
2026-03-16 07:35:54,202 - PyQt6.uic.properties - DEBUG - setting property sizePolicy
2026-03-16 07:35:54,202 - PyQt6.uic.properties - DEBUG - setting property minimumSize
2026-03-16 07:35:54,202 - PyQt6.uic.properties - DEBUG - setting property font
2026-03-16 07:35:54,202 - PyQt6.uic.properties - DEBUG - setting property focusPolicy
2026-03-16 07:35:54,202 - PyQt6.uic.properties - DEBUG - setting property text
2026-03-16 07:35:54,202 - PyQt6.uic.uiparser - DEBUG - push QLineEdit SDOValue
2026-03-16 07:35:54,203 - PyQt6.uic.uiparser - DEBUG - pop widget QLineEdit SDOValue
2026-03-16 07:35:54,203 - PyQt6.uic.uiparser - DEBUG - new topwidget <PyQt6.QtWidgets.QGroupBox object at 0x000001A6A7EC03A0>
2026-03-16 07:35:54,203 - PyQt6.uic.properties - DEBUG - setting property geometry
2026-03-16 07:35:54,203 - PyQt6.uic.properties - DEBUG - setting property font
2026-03-16 07:35:54,203 - PyQt6.uic.properties - DEBUG - setting property text
2026-03-16 07:35:54,203 - PyQt6.uic.uiparser - DEBUG - push QLabel label_39
2026-03-16 07:35:54,203 - PyQt6.uic.uiparser - DEBUG - pop widget QLabel label_39
2026-03-16 07:35:54,203 - PyQt6.uic.uiparser - DEBUG - new topwidget <PyQt6.QtWidgets.QGroupBox object at 0x000001A6A7EC03A0>
2026-03-16 07:35:54,203 - PyQt6.uic.properties - DEBUG - setting property geometry
2026-03-16 07:35:54,203 - PyQt6.uic.properties - DEBUG - setting property sizePolicy
2026-03-16 07:35:54,204 - PyQt6.uic.properties - DEBUG - setting property minimumSize
2026-03-16 07:35:54,204 - PyQt6.uic.properties - DEBUG - setting property font
2026-03-16 07:35:54,204 - PyQt6.uic.properties - DEBUG - setting property focusPolicy
2026-03-16 07:35:54,204 - PyQt6.uic.uiparser - DEBUG - push QComboBox datasize_2
2026-03-16 07:35:54,205 - PyQt6.uic.uiparser - DEBUG - pop widget QComboBox datasize_2
2026-03-16 07:35:54,205 - PyQt6.uic.uiparser - DEBUG - new topwidget <PyQt6.QtWidgets.QGroupBox object at 0x000001A6A7EC03A0>
2026-03-16 07:35:54,205 - PyQt6.uic.uiparser - DEBUG - pop widget QGroupBox groupBox_4
2026-03-16 07:35:54,205 - PyQt6.uic.uiparser - DEBUG - new topwidget <PyQt6.QtWidgets.QGroupBox object at 0x000001A6A7EC00D0>
2026-03-16 07:35:54,205 - PyQt6.uic.properties - DEBUG - setting property geometry
2026-03-16 07:35:54,205 - PyQt6.uic.properties - DEBUG - setting property font
2026-03-16 07:35:54,205 - PyQt6.uic.properties - DEBUG - setting property title
2026-03-16 07:35:54,205 - PyQt6.uic.uiparser - DEBUG - push QGroupBox groupBox_6
2026-03-16 07:35:54,206 - PyQt6.uic.properties - DEBUG - setting property geometry
2026-03-16 07:35:54,206 - PyQt6.uic.properties - DEBUG - setting property sizePolicy
2026-03-16 07:35:54,206 - PyQt6.uic.properties - DEBUG - setting property font
2026-03-16 07:35:54,206 - PyQt6.uic.properties - DEBUG - setting property focusPolicy
2026-03-16 07:35:54,206 - PyQt6.uic.properties - DEBUG - setting property toolTip
2026-03-16 07:35:54,206 - PyQt6.uic.properties - DEBUG - setting property styleSheet
2026-03-16 07:35:54,206 - PyQt6.uic.properties - DEBUG - setting property text
2026-03-16 07:35:54,206 - PyQt6.uic.properties - DEBUG - setting property checkable
2026-03-16 07:35:54,206 - PyQt6.uic.uiparser - DEBUG - push QPushButton ESCreg_read
2026-03-16 07:35:54,206 - PyQt6.uic.uiparser - DEBUG - pop widget QPushButton ESCreg_read
2026-03-16 07:35:54,207 - PyQt6.uic.uiparser - DEBUG - new topwidget <PyQt6.QtWidgets.QGroupBox object at 0x000001A6A7EC0A60>
2026-03-16 07:35:54,207 - PyQt6.uic.properties - DEBUG - setting property geometry
2026-03-16 07:35:54,207 - PyQt6.uic.properties - DEBUG - setting property sizePolicy
2026-03-16 07:35:54,207 - PyQt6.uic.properties - DEBUG - setting property font
2026-03-16 07:35:54,207 - PyQt6.uic.properties - DEBUG - setting property focusPolicy
2026-03-16 07:35:54,207 - PyQt6.uic.properties - DEBUG - setting property toolTip
2026-03-16 07:35:54,207 - PyQt6.uic.properties - DEBUG - setting property styleSheet
2026-03-16 07:35:54,207 - PyQt6.uic.properties - DEBUG - setting property text
2026-03-16 07:35:54,207 - PyQt6.uic.properties - DEBUG - setting property checkable
2026-03-16 07:35:54,207 - PyQt6.uic.uiparser - DEBUG - push QPushButton ESCreg_write
2026-03-16 07:35:54,207 - PyQt6.uic.uiparser - DEBUG - pop widget QPushButton ESCreg_write
2026-03-16 07:35:54,207 - PyQt6.uic.uiparser - DEBUG - new topwidget <PyQt6.QtWidgets.QGroupBox object at 0x000001A6A7EC0A60>
2026-03-16 07:35:54,208 - PyQt6.uic.properties - DEBUG - setting property geometry
2026-03-16 07:35:54,208 - PyQt6.uic.properties - DEBUG - setting property sizePolicy
2026-03-16 07:35:54,208 - PyQt6.uic.properties - DEBUG - setting property font
2026-03-16 07:35:54,208 - PyQt6.uic.properties - DEBUG - setting property text
2026-03-16 07:35:54,208 - PyQt6.uic.uiparser - DEBUG - push QLabel label_49
2026-03-16 07:35:54,208 - PyQt6.uic.uiparser - DEBUG - pop widget QLabel label_49
2026-03-16 07:35:54,208 - PyQt6.uic.uiparser - DEBUG - new topwidget <PyQt6.QtWidgets.QGroupBox object at 0x000001A6A7EC0A60>
2026-03-16 07:35:54,208 - PyQt6.uic.properties - DEBUG - setting property geometry
2026-03-16 07:35:54,208 - PyQt6.uic.properties - DEBUG - setting property sizePolicy
2026-03-16 07:35:54,208 - PyQt6.uic.properties - DEBUG - setting property minimumSize
2026-03-16 07:35:54,209 - PyQt6.uic.properties - DEBUG - setting property font
2026-03-16 07:35:54,209 - PyQt6.uic.properties - DEBUG - setting property focusPolicy
2026-03-16 07:35:54,209 - PyQt6.uic.properties - DEBUG - setting property text
2026-03-16 07:35:54,209 - PyQt6.uic.uiparser - DEBUG - push QLineEdit Index
2026-03-16 07:35:54,209 - PyQt6.uic.uiparser - DEBUG - pop widget QLineEdit Index
2026-03-16 07:35:54,209 - PyQt6.uic.uiparser - DEBUG - new topwidget <PyQt6.QtWidgets.QGroupBox object at 0x000001A6A7EC0A60>
2026-03-16 07:35:54,209 - PyQt6.uic.properties - DEBUG - setting property geometry
2026-03-16 07:35:54,209 - PyQt6.uic.properties - DEBUG - setting property sizePolicy
2026-03-16 07:35:54,209 - PyQt6.uic.properties - DEBUG - setting property font
2026-03-16 07:35:54,210 - PyQt6.uic.properties - DEBUG - setting property text
2026-03-16 07:35:54,210 - PyQt6.uic.uiparser - DEBUG - push QLabel label_29
2026-03-16 07:35:54,210 - PyQt6.uic.uiparser - DEBUG - pop widget QLabel label_29
2026-03-16 07:35:54,210 - PyQt6.uic.uiparser - DEBUG - new topwidget <PyQt6.QtWidgets.QGroupBox object at 0x000001A6A7EC0A60>
2026-03-16 07:35:54,210 - PyQt6.uic.properties - DEBUG - setting property geometry
2026-03-16 07:35:54,210 - PyQt6.uic.properties - DEBUG - setting property sizePolicy
2026-03-16 07:35:54,210 - PyQt6.uic.properties - DEBUG - setting property minimumSize
2026-03-16 07:35:54,210 - PyQt6.uic.properties - DEBUG - setting property font
2026-03-16 07:35:54,210 - PyQt6.uic.properties - DEBUG - setting property focusPolicy
2026-03-16 07:35:54,210 - PyQt6.uic.properties - DEBUG - setting property text
2026-03-16 07:35:54,210 - PyQt6.uic.uiparser - DEBUG - push QLineEdit value
2026-03-16 07:35:54,210 - PyQt6.uic.uiparser - DEBUG - pop widget QLineEdit value
2026-03-16 07:35:54,211 - PyQt6.uic.uiparser - DEBUG - new topwidget <PyQt6.QtWidgets.QGroupBox object at 0x000001A6A7EC0A60>
2026-03-16 07:35:54,211 - PyQt6.uic.properties - DEBUG - setting property geometry
2026-03-16 07:35:54,211 - PyQt6.uic.properties - DEBUG - setting property sizePolicy
2026-03-16 07:35:54,211 - PyQt6.uic.properties - DEBUG - setting property font
2026-03-16 07:35:54,211 - PyQt6.uic.properties - DEBUG - setting property text
2026-03-16 07:35:54,211 - PyQt6.uic.uiparser - DEBUG - push QLabel label_30
2026-03-16 07:35:54,211 - PyQt6.uic.uiparser - DEBUG - pop widget QLabel label_30
2026-03-16 07:35:54,211 - PyQt6.uic.uiparser - DEBUG - new topwidget <PyQt6.QtWidgets.QGroupBox object at 0x000001A6A7EC0A60>
2026-03-16 07:35:54,211 - PyQt6.uic.properties - DEBUG - setting property enabled
2026-03-16 07:35:54,211 - PyQt6.uic.properties - DEBUG - setting property geometry
2026-03-16 07:35:54,211 - PyQt6.uic.properties - DEBUG - setting property sizePolicy
2026-03-16 07:35:54,211 - PyQt6.uic.properties - DEBUG - setting property minimumSize
2026-03-16 07:35:54,211 - PyQt6.uic.properties - DEBUG - setting property font
2026-03-16 07:35:54,211 - PyQt6.uic.properties - DEBUG - setting property focusPolicy
2026-03-16 07:35:54,212 - PyQt6.uic.uiparser - DEBUG - push QComboBox datasize_3
2026-03-16 07:35:54,212 - PyQt6.uic.uiparser - DEBUG - pop widget QComboBox datasize_3
2026-03-16 07:35:54,212 - PyQt6.uic.uiparser - DEBUG - new topwidget <PyQt6.QtWidgets.QGroupBox object at 0x000001A6A7EC0A60>
2026-03-16 07:35:54,212 - PyQt6.uic.properties - DEBUG - setting property geometry
2026-03-16 07:35:54,212 - PyQt6.uic.properties - DEBUG - setting property sizePolicy
2026-03-16 07:35:54,212 - PyQt6.uic.properties - DEBUG - setting property font
2026-03-16 07:35:54,213 - PyQt6.uic.properties - DEBUG - setting property text
2026-03-16 07:35:54,213 - PyQt6.uic.uiparser - DEBUG - push QLabel label_33
2026-03-16 07:35:54,213 - PyQt6.uic.uiparser - DEBUG - pop widget QLabel label_33
2026-03-16 07:35:54,213 - PyQt6.uic.uiparser - DEBUG - new topwidget <PyQt6.QtWidgets.QGroupBox object at 0x000001A6A7EC0A60>
2026-03-16 07:35:54,213 - PyQt6.uic.uiparser - DEBUG - pop widget QGroupBox groupBox_6
2026-03-16 07:35:54,213 - PyQt6.uic.uiparser - DEBUG - new topwidget <PyQt6.QtWidgets.QGroupBox object at 0x000001A6A7EC00D0>
2026-03-16 07:35:54,213 - PyQt6.uic.properties - DEBUG - setting property geometry
2026-03-16 07:35:54,213 - PyQt6.uic.properties - DEBUG - setting property sizePolicy
2026-03-16 07:35:54,213 - PyQt6.uic.properties - DEBUG - setting property font
2026-03-16 07:35:54,213 - PyQt6.uic.properties - DEBUG - setting property focusPolicy
2026-03-16 07:35:54,214 - PyQt6.uic.properties - DEBUG - setting property alignment
2026-03-16 07:35:54,214 - PyQt6.uic.uiparser - DEBUG - push QSpinBox Master
2026-03-16 07:35:54,214 - PyQt6.uic.uiparser - DEBUG - pop widget QSpinBox Master
2026-03-16 07:35:54,214 - PyQt6.uic.uiparser - DEBUG - new topwidget <PyQt6.QtWidgets.QGroupBox object at 0x000001A6A7EC00D0>
2026-03-16 07:35:54,214 - PyQt6.uic.properties - DEBUG - setting property geometry
2026-03-16 07:35:54,214 - PyQt6.uic.properties - DEBUG - setting property sizePolicy
2026-03-16 07:35:54,214 - PyQt6.uic.properties - DEBUG - setting property font
2026-03-16 07:35:54,214 - PyQt6.uic.properties - DEBUG - setting property focusPolicy
2026-03-16 07:35:54,214 - PyQt6.uic.properties - DEBUG - setting property alignment
2026-03-16 07:35:54,214 - PyQt6.uic.uiparser - DEBUG - push QSpinBox Slave
2026-03-16 07:35:54,215 - PyQt6.uic.uiparser - DEBUG - pop widget QSpinBox Slave
2026-03-16 07:35:54,215 - PyQt6.uic.uiparser - DEBUG - new topwidget <PyQt6.QtWidgets.QGroupBox object at 0x000001A6A7EC00D0>
2026-03-16 07:35:54,215 - PyQt6.uic.properties - DEBUG - setting property geometry
2026-03-16 07:35:54,215 - PyQt6.uic.properties - DEBUG - setting property font
2026-03-16 07:35:54,215 - PyQt6.uic.properties - DEBUG - setting property title
2026-03-16 07:35:54,215 - PyQt6.uic.uiparser - DEBUG - push QGroupBox groupBox_3
2026-03-16 07:35:54,215 - PyQt6.uic.properties - DEBUG - setting property geometry
2026-03-16 07:35:54,215 - PyQt6.uic.properties - DEBUG - setting property sizePolicy
2026-03-16 07:35:54,215 - PyQt6.uic.properties - DEBUG - setting property font
2026-03-16 07:35:54,215 - PyQt6.uic.properties - DEBUG - setting property text
2026-03-16 07:35:54,215 - PyQt6.uic.uiparser - DEBUG - push QLabel label_28
2026-03-16 07:35:54,215 - PyQt6.uic.uiparser - DEBUG - pop widget QLabel label_28
2026-03-16 07:35:54,215 - PyQt6.uic.uiparser - DEBUG - new topwidget <PyQt6.QtWidgets.QGroupBox object at 0x000001A6A7EC1120>
2026-03-16 07:35:54,215 - PyQt6.uic.properties - DEBUG - setting property geometry
2026-03-16 07:35:54,215 - PyQt6.uic.properties - DEBUG - setting property sizePolicy
2026-03-16 07:35:54,217 - PyQt6.uic.properties - DEBUG - setting property font
2026-03-16 07:35:54,217 - PyQt6.uic.properties - DEBUG - setting property text
2026-03-16 07:35:54,217 - PyQt6.uic.uiparser - DEBUG - push QLabel label_31
2026-03-16 07:35:54,217 - PyQt6.uic.uiparser - DEBUG - pop widget QLabel label_31
2026-03-16 07:35:54,217 - PyQt6.uic.uiparser - DEBUG - new topwidget <PyQt6.QtWidgets.QGroupBox object at 0x000001A6A7EC1120>
2026-03-16 07:35:54,217 - PyQt6.uic.properties - DEBUG - setting property geometry
2026-03-16 07:35:54,217 - PyQt6.uic.properties - DEBUG - setting property sizePolicy
2026-03-16 07:35:54,217 - PyQt6.uic.properties - DEBUG - setting property font
2026-03-16 07:35:54,218 - PyQt6.uic.properties - DEBUG - setting property focusPolicy
2026-03-16 07:35:54,218 - PyQt6.uic.uiparser - DEBUG - push QComboBox ecstatemachine_mode
2026-03-16 07:35:54,218 - PyQt6.uic.uiparser - DEBUG - pop widget QComboBox ecstatemachine_mode
2026-03-16 07:35:54,218 - PyQt6.uic.uiparser - DEBUG - new topwidget <PyQt6.QtWidgets.QGroupBox object at 0x000001A6A7EC1120>
2026-03-16 07:35:54,218 - PyQt6.uic.properties - DEBUG - setting property geometry
2026-03-16 07:35:54,218 - PyQt6.uic.properties - DEBUG - setting property sizePolicy
2026-03-16 07:35:54,218 - PyQt6.uic.properties - DEBUG - setting property font
2026-03-16 07:35:54,219 - PyQt6.uic.properties - DEBUG - setting property focusPolicy
2026-03-16 07:35:54,219 - PyQt6.uic.properties - DEBUG - setting property styleSheet
2026-03-16 07:35:54,219 - PyQt6.uic.properties - DEBUG - setting property text
2026-03-16 07:35:54,219 - PyQt6.uic.uiparser - DEBUG - push QPushButton ecstatemachine
2026-03-16 07:35:54,219 - PyQt6.uic.uiparser - DEBUG - pop widget QPushButton ecstatemachine
2026-03-16 07:35:54,219 - PyQt6.uic.uiparser - DEBUG - new topwidget <PyQt6.QtWidgets.QGroupBox object at 0x000001A6A7EC1120>
2026-03-16 07:35:54,219 - PyQt6.uic.properties - DEBUG - setting property geometry
2026-03-16 07:35:54,219 - PyQt6.uic.properties - DEBUG - setting property sizePolicy
2026-03-16 07:35:54,219 - PyQt6.uic.properties - DEBUG - setting property minimumSize
2026-03-16 07:35:54,219 - PyQt6.uic.properties - DEBUG - setting property font
2026-03-16 07:35:54,220 - PyQt6.uic.properties - DEBUG - setting property focusPolicy
2026-03-16 07:35:54,220 - PyQt6.uic.properties - DEBUG - setting property text
2026-03-16 07:35:54,220 - PyQt6.uic.properties - DEBUG - setting property alignment
2026-03-16 07:35:54,220 - PyQt6.uic.uiparser - DEBUG - push QLineEdit ecstatemachine_timeout
2026-03-16 07:35:54,220 - PyQt6.uic.uiparser - DEBUG - pop widget QLineEdit ecstatemachine_timeout
2026-03-16 07:35:54,220 - PyQt6.uic.uiparser - DEBUG - new topwidget <PyQt6.QtWidgets.QGroupBox object at 0x000001A6A7EC1120>
2026-03-16 07:35:54,220 - PyQt6.uic.properties - DEBUG - setting property geometry
2026-03-16 07:35:54,220 - PyQt6.uic.properties - DEBUG - setting property sizePolicy
2026-03-16 07:35:54,220 - PyQt6.uic.properties - DEBUG - setting property font
2026-03-16 07:35:54,220 - PyQt6.uic.properties - DEBUG - setting property text
2026-03-16 07:35:54,221 - PyQt6.uic.uiparser - DEBUG - push QLabel label_32
2026-03-16 07:35:54,221 - PyQt6.uic.uiparser - DEBUG - pop widget QLabel label_32
2026-03-16 07:35:54,221 - PyQt6.uic.uiparser - DEBUG - new topwidget <PyQt6.QtWidgets.QGroupBox object at 0x000001A6A7EC1120>
2026-03-16 07:35:54,221 - PyQt6.uic.properties - DEBUG - setting property geometry
2026-03-16 07:35:54,221 - PyQt6.uic.properties - DEBUG - setting property sizePolicy
2026-03-16 07:35:54,221 - PyQt6.uic.properties - DEBUG - setting property font
2026-03-16 07:35:54,221 - PyQt6.uic.properties - DEBUG - setting property text
2026-03-16 07:35:54,221 - PyQt6.uic.uiparser - DEBUG - push QLabel label_34
2026-03-16 07:35:54,221 - PyQt6.uic.uiparser - DEBUG - pop widget QLabel label_34
2026-03-16 07:35:54,221 - PyQt6.uic.uiparser - DEBUG - new topwidget <PyQt6.QtWidgets.QGroupBox object at 0x000001A6A7EC1120>
2026-03-16 07:35:54,221 - PyQt6.uic.properties - DEBUG - setting property geometry
2026-03-16 07:35:54,221 - PyQt6.uic.properties - DEBUG - setting property sizePolicy
2026-03-16 07:35:54,221 - PyQt6.uic.properties - DEBUG - setting property font
2026-03-16 07:35:54,222 - PyQt6.uic.properties - DEBUG - setting property text
2026-03-16 07:35:54,222 - PyQt6.uic.uiparser - DEBUG - push QLabel label_35
2026-03-16 07:35:54,222 - PyQt6.uic.uiparser - DEBUG - pop widget QLabel label_35
2026-03-16 07:35:54,222 - PyQt6.uic.uiparser - DEBUG - new topwidget <PyQt6.QtWidgets.QGroupBox object at 0x000001A6A7EC1120>
2026-03-16 07:35:54,222 - PyQt6.uic.properties - DEBUG - setting property geometry
2026-03-16 07:35:54,222 - PyQt6.uic.properties - DEBUG - setting property sizePolicy
2026-03-16 07:35:54,223 - PyQt6.uic.properties - DEBUG - setting property font
2026-03-16 07:35:54,223 - PyQt6.uic.properties - DEBUG - setting property focusPolicy
2026-03-16 07:35:54,223 - PyQt6.uic.properties - DEBUG - setting property styleSheet
2026-03-16 07:35:54,223 - PyQt6.uic.properties - DEBUG - setting property text
2026-03-16 07:35:54,223 - PyQt6.uic.uiparser - DEBUG - push QPushButton ecstatemachine_2
2026-03-16 07:35:54,223 - PyQt6.uic.uiparser - DEBUG - pop widget QPushButton ecstatemachine_2
2026-03-16 07:35:54,223 - PyQt6.uic.uiparser - DEBUG - new topwidget <PyQt6.QtWidgets.QGroupBox object at 0x000001A6A7EC1120>
2026-03-16 07:35:54,223 - PyQt6.uic.properties - DEBUG - setting property geometry
2026-03-16 07:35:54,223 - PyQt6.uic.properties - DEBUG - setting property sizePolicy
2026-03-16 07:35:54,223 - PyQt6.uic.properties - DEBUG - setting property minimumSize
2026-03-16 07:35:54,224 - PyQt6.uic.properties - DEBUG - setting property font
2026-03-16 07:35:54,224 - PyQt6.uic.properties - DEBUG - setting property focusPolicy
2026-03-16 07:35:54,224 - PyQt6.uic.properties - DEBUG - setting property alignment
2026-03-16 07:35:54,224 - PyQt6.uic.uiparser - DEBUG - push QSpinBox ecstatemachine_master
2026-03-16 07:35:54,224 - PyQt6.uic.uiparser - DEBUG - pop widget QSpinBox ecstatemachine_master
2026-03-16 07:35:54,224 - PyQt6.uic.uiparser - DEBUG - new topwidget <PyQt6.QtWidgets.QGroupBox object at 0x000001A6A7EC1120>
2026-03-16 07:35:54,224 - PyQt6.uic.properties - DEBUG - setting property geometry
2026-03-16 07:35:54,224 - PyQt6.uic.properties - DEBUG - setting property sizePolicy
2026-03-16 07:35:54,224 - PyQt6.uic.properties - DEBUG - setting property minimumSize
2026-03-16 07:35:54,225 - PyQt6.uic.properties - DEBUG - setting property font
2026-03-16 07:35:54,225 - PyQt6.uic.properties - DEBUG - setting property focusPolicy
2026-03-16 07:35:54,225 - PyQt6.uic.properties - DEBUG - setting property alignment
2026-03-16 07:35:54,225 - PyQt6.uic.uiparser - DEBUG - push QSpinBox ecstatemachine_slave
2026-03-16 07:35:54,225 - PyQt6.uic.uiparser - DEBUG - pop widget QSpinBox ecstatemachine_slave
2026-03-16 07:35:54,225 - PyQt6.uic.uiparser - DEBUG - new topwidget <PyQt6.QtWidgets.QGroupBox object at 0x000001A6A7EC1120>
2026-03-16 07:35:54,225 - PyQt6.uic.properties - DEBUG - setting property geometry
2026-03-16 07:35:54,225 - PyQt6.uic.properties - DEBUG - setting property sizePolicy
2026-03-16 07:35:54,225 - PyQt6.uic.properties - DEBUG - setting property font
2026-03-16 07:35:54,225 - PyQt6.uic.properties - DEBUG - setting property text
2026-03-16 07:35:54,225 - PyQt6.uic.uiparser - DEBUG - push QLabel Time_11
2026-03-16 07:35:54,225 - PyQt6.uic.uiparser - DEBUG - pop widget QLabel Time_11
2026-03-16 07:35:54,225 - PyQt6.uic.uiparser - DEBUG - new topwidget <PyQt6.QtWidgets.QGroupBox object at 0x000001A6A7EC1120>
2026-03-16 07:35:54,225 - PyQt6.uic.properties - DEBUG - setting property geometry
2026-03-16 07:35:54,225 - PyQt6.uic.properties - DEBUG - setting property readOnly
2026-03-16 07:35:54,225 - PyQt6.uic.uiparser - DEBUG - push QLineEdit ecstatemachine_response
2026-03-16 07:35:54,227 - PyQt6.uic.uiparser - DEBUG - pop widget QLineEdit ecstatemachine_response
2026-03-16 07:35:54,227 - PyQt6.uic.uiparser - DEBUG - new topwidget <PyQt6.QtWidgets.QGroupBox object at 0x000001A6A7EC1120>
2026-03-16 07:35:54,227 - PyQt6.uic.uiparser - DEBUG - pop widget QGroupBox groupBox_3
2026-03-16 07:35:54,227 - PyQt6.uic.uiparser - DEBUG - new topwidget <PyQt6.QtWidgets.QGroupBox object at 0x000001A6A7EC00D0>
2026-03-16 07:35:54,227 - PyQt6.uic.properties - DEBUG - setting property geometry
2026-03-16 07:35:54,227 - PyQt6.uic.properties - DEBUG - setting property font
2026-03-16 07:35:54,227 - PyQt6.uic.properties - DEBUG - setting property focusPolicy
2026-03-16 07:35:54,227 - PyQt6.uic.properties - DEBUG - setting property title
2026-03-16 07:35:54,227 - PyQt6.uic.uiparser - DEBUG - push QGroupBox groupBox_12
2026-03-16 07:35:54,227 - PyQt6.uic.properties - DEBUG - setting property geometry
2026-03-16 07:35:54,227 - PyQt6.uic.properties - DEBUG - setting property sizePolicy
2026-03-16 07:35:54,227 - PyQt6.uic.properties - DEBUG - setting property font
2026-03-16 07:35:54,228 - PyQt6.uic.properties - DEBUG - setting property text
2026-03-16 07:35:54,228 - PyQt6.uic.uiparser - DEBUG - push QLabel label_43
2026-03-16 07:35:54,228 - PyQt6.uic.uiparser - DEBUG - pop widget QLabel label_43
2026-03-16 07:35:54,228 - PyQt6.uic.uiparser - DEBUG - new topwidget <PyQt6.QtWidgets.QGroupBox object at 0x000001A6A7EC1900>
2026-03-16 07:35:54,228 - PyQt6.uic.properties - DEBUG - setting property geometry
2026-03-16 07:35:54,228 - PyQt6.uic.properties - DEBUG - setting property sizePolicy
2026-03-16 07:35:54,228 - PyQt6.uic.properties - DEBUG - setting property font
2026-03-16 07:35:54,228 - PyQt6.uic.properties - DEBUG - setting property text
2026-03-16 07:35:54,228 - PyQt6.uic.uiparser - DEBUG - push QLabel label_44
2026-03-16 07:35:54,228 - PyQt6.uic.uiparser - DEBUG - pop widget QLabel label_44
2026-03-16 07:35:54,229 - PyQt6.uic.uiparser - DEBUG - new topwidget <PyQt6.QtWidgets.QGroupBox object at 0x000001A6A7EC1900>
2026-03-16 07:35:54,229 - PyQt6.uic.properties - DEBUG - setting property geometry
2026-03-16 07:35:54,229 - PyQt6.uic.properties - DEBUG - setting property sizePolicy
2026-03-16 07:35:54,229 - PyQt6.uic.properties - DEBUG - setting property font
2026-03-16 07:35:54,229 - PyQt6.uic.properties - DEBUG - setting property focusPolicy
2026-03-16 07:35:54,229 - PyQt6.uic.properties - DEBUG - setting property styleSheet
2026-03-16 07:35:54,229 - PyQt6.uic.properties - DEBUG - setting property text
2026-03-16 07:35:54,229 - PyQt6.uic.uiparser - DEBUG - push QPushButton set_ID
2026-03-16 07:35:54,229 - PyQt6.uic.uiparser - DEBUG - pop widget QPushButton set_ID
2026-03-16 07:35:54,229 - PyQt6.uic.uiparser - DEBUG - new topwidget <PyQt6.QtWidgets.QGroupBox object at 0x000001A6A7EC1900>
2026-03-16 07:35:54,230 - PyQt6.uic.properties - DEBUG - setting property geometry
2026-03-16 07:35:54,230 - PyQt6.uic.properties - DEBUG - setting property sizePolicy
2026-03-16 07:35:54,230 - PyQt6.uic.properties - DEBUG - setting property font
2026-03-16 07:35:54,230 - PyQt6.uic.properties - DEBUG - setting property text
2026-03-16 07:35:54,230 - PyQt6.uic.uiparser - DEBUG - push QLabel label_45
2026-03-16 07:35:54,230 - PyQt6.uic.uiparser - DEBUG - pop widget QLabel label_45
2026-03-16 07:35:54,230 - PyQt6.uic.uiparser - DEBUG - new topwidget <PyQt6.QtWidgets.QGroupBox object at 0x000001A6A7EC1900>
2026-03-16 07:35:54,230 - PyQt6.uic.properties - DEBUG - setting property geometry
2026-03-16 07:35:54,230 - PyQt6.uic.properties - DEBUG - setting property sizePolicy
2026-03-16 07:35:54,230 - PyQt6.uic.properties - DEBUG - setting property font
2026-03-16 07:35:54,231 - PyQt6.uic.properties - DEBUG - setting property text
2026-03-16 07:35:54,231 - PyQt6.uic.uiparser - DEBUG - push QLabel label_47
2026-03-16 07:35:54,231 - PyQt6.uic.uiparser - DEBUG - pop widget QLabel label_47
2026-03-16 07:35:54,231 - PyQt6.uic.uiparser - DEBUG - new topwidget <PyQt6.QtWidgets.QGroupBox object at 0x000001A6A7EC1900>
2026-03-16 07:35:54,231 - PyQt6.uic.properties - DEBUG - setting property geometry
2026-03-16 07:35:54,231 - PyQt6.uic.properties - DEBUG - setting property sizePolicy
2026-03-16 07:35:54,231 - PyQt6.uic.properties - DEBUG - setting property font
2026-03-16 07:35:54,231 - PyQt6.uic.properties - DEBUG - setting property focusPolicy
2026-03-16 07:35:54,231 - PyQt6.uic.properties - DEBUG - setting property styleSheet
2026-03-16 07:35:54,231 - PyQt6.uic.properties - DEBUG - setting property text
2026-03-16 07:35:54,231 - PyQt6.uic.uiparser - DEBUG - push QPushButton get_ID
2026-03-16 07:35:54,231 - PyQt6.uic.uiparser - DEBUG - pop widget QPushButton get_ID
2026-03-16 07:35:54,231 - PyQt6.uic.uiparser - DEBUG - new topwidget <PyQt6.QtWidgets.QGroupBox object at 0x000001A6A7EC1900>
2026-03-16 07:35:54,231 - PyQt6.uic.properties - DEBUG - setting property geometry
2026-03-16 07:35:54,231 - PyQt6.uic.properties - DEBUG - setting property sizePolicy
2026-03-16 07:35:54,231 - PyQt6.uic.properties - DEBUG - setting property minimumSize
2026-03-16 07:35:54,231 - PyQt6.uic.properties - DEBUG - setting property font
2026-03-16 07:35:54,231 - PyQt6.uic.properties - DEBUG - setting property focusPolicy
2026-03-16 07:35:54,232 - PyQt6.uic.properties - DEBUG - setting property alignment
2026-03-16 07:35:54,232 - PyQt6.uic.uiparser - DEBUG - push QSpinBox set_slaveID_master
2026-03-16 07:35:54,232 - PyQt6.uic.uiparser - DEBUG - pop widget QSpinBox set_slaveID_master
2026-03-16 07:35:54,232 - PyQt6.uic.uiparser - DEBUG - new topwidget <PyQt6.QtWidgets.QGroupBox object at 0x000001A6A7EC1900>
2026-03-16 07:35:54,232 - PyQt6.uic.properties - DEBUG - setting property geometry
2026-03-16 07:35:54,232 - PyQt6.uic.properties - DEBUG - setting property sizePolicy
2026-03-16 07:35:54,232 - PyQt6.uic.properties - DEBUG - setting property minimumSize
2026-03-16 07:35:54,232 - PyQt6.uic.properties - DEBUG - setting property font
2026-03-16 07:35:54,232 - PyQt6.uic.properties - DEBUG - setting property focusPolicy
2026-03-16 07:35:54,232 - PyQt6.uic.properties - DEBUG - setting property alignment
2026-03-16 07:35:54,233 - PyQt6.uic.uiparser - DEBUG - push QSpinBox set_slaveID_slave
2026-03-16 07:35:54,233 - PyQt6.uic.uiparser - DEBUG - pop widget QSpinBox set_slaveID_slave
2026-03-16 07:35:54,233 - PyQt6.uic.uiparser - DEBUG - new topwidget <PyQt6.QtWidgets.QGroupBox object at 0x000001A6A7EC1900>
2026-03-16 07:35:54,233 - PyQt6.uic.properties - DEBUG - setting property geometry
2026-03-16 07:35:54,233 - PyQt6.uic.properties - DEBUG - setting property minimumSize
2026-03-16 07:35:54,233 - PyQt6.uic.properties - DEBUG - setting property font
2026-03-16 07:35:54,233 - PyQt6.uic.properties - DEBUG - setting property focusPolicy
2026-03-16 07:35:54,233 - PyQt6.uic.properties - DEBUG - setting property alignment
2026-03-16 07:35:54,233 - PyQt6.uic.uiparser - DEBUG - push QSpinBox set_slaveID_setID
2026-03-16 07:35:54,233 - PyQt6.uic.uiparser - DEBUG - pop widget QSpinBox set_slaveID_setID
2026-03-16 07:35:54,233 - PyQt6.uic.uiparser - DEBUG - new topwidget <PyQt6.QtWidgets.QGroupBox object at 0x000001A6A7EC1900>
2026-03-16 07:35:54,234 - PyQt6.uic.properties - DEBUG - setting property geometry
2026-03-16 07:35:54,234 - PyQt6.uic.properties - DEBUG - setting property readOnly
2026-03-16 07:35:54,234 - PyQt6.uic.uiparser - DEBUG - push QLineEdit SetID_response
2026-03-16 07:35:54,234 - PyQt6.uic.uiparser - DEBUG - pop widget QLineEdit SetID_response
2026-03-16 07:35:54,234 - PyQt6.uic.uiparser - DEBUG - new topwidget <PyQt6.QtWidgets.QGroupBox object at 0x000001A6A7EC1900>
2026-03-16 07:35:54,234 - PyQt6.uic.uiparser - DEBUG - pop widget QGroupBox groupBox_12
2026-03-16 07:35:54,234 - PyQt6.uic.uiparser - DEBUG - new topwidget <PyQt6.QtWidgets.QGroupBox object at 0x000001A6A7EC00D0>
2026-03-16 07:35:54,234 - PyQt6.uic.properties - DEBUG - setting property geometry
2026-03-16 07:35:54,234 - PyQt6.uic.properties - DEBUG - setting property readOnly
2026-03-16 07:35:54,234 - PyQt6.uic.uiparser - DEBUG - push QLineEdit SDOval
2026-03-16 07:35:54,235 - PyQt6.uic.uiparser - DEBUG - pop widget QLineEdit SDOval
2026-03-16 07:35:54,235 - PyQt6.uic.uiparser - DEBUG - new topwidget <PyQt6.QtWidgets.QGroupBox object at 0x000001A6A7EC00D0>
2026-03-16 07:35:54,235 - PyQt6.uic.properties - DEBUG - setting property geometry
2026-03-16 07:35:54,235 - PyQt6.uic.properties - DEBUG - setting property readOnly
2026-03-16 07:35:54,235 - PyQt6.uic.uiparser - DEBUG - push QLineEdit ESCval
2026-03-16 07:35:54,235 - PyQt6.uic.uiparser - DEBUG - pop widget QLineEdit ESCval
2026-03-16 07:35:54,235 - PyQt6.uic.uiparser - DEBUG - new topwidget <PyQt6.QtWidgets.QGroupBox object at 0x000001A6A7EC00D0>
2026-03-16 07:35:54,235 - PyQt6.uic.uiparser - DEBUG - pop widget QGroupBox groupBox_7
2026-03-16 07:35:54,235 - PyQt6.uic.uiparser - DEBUG - new topwidget <PyQt6.QtWidgets.QWidget object at 0x000001A6A7EC0040>
2026-03-16 07:35:54,235 - PyQt6.uic.uiparser - DEBUG - pop widget QWidget tab_13
2026-03-16 07:35:54,235 - PyQt6.uic.uiparser - DEBUG - new topwidget <PyQt6.QtWidgets.QTabWidget object at 0x000001A6A5FC7490>
2026-03-16 07:35:54,237 - PyQt6.uic.uiparser - DEBUG - push QWidget tab_9
2026-03-16 07:35:54,237 - PyQt6.uic.properties - DEBUG - setting property geometry
2026-03-16 07:35:54,237 - PyQt6.uic.properties - DEBUG - setting property font
2026-03-16 07:35:54,237 - PyQt6.uic.properties - DEBUG - setting property title
2026-03-16 07:35:54,238 - PyQt6.uic.properties - DEBUG - setting property alignment
2026-03-16 07:35:54,238 - PyQt6.uic.properties - DEBUG - setting property flat
2026-03-16 07:35:54,238 - PyQt6.uic.properties - DEBUG - setting property checkable
2026-03-16 07:35:54,238 - PyQt6.uic.uiparser - DEBUG - push QGroupBox groupBox_10
2026-03-16 07:35:54,238 - PyQt6.uic.properties - DEBUG - setting property geometry
2026-03-16 07:35:54,238 - PyQt6.uic.uiparser - DEBUG - push QWidget verticalLayoutWidget_3
2026-03-16 07:35:54,239 - PyQt6.uic.properties - DEBUG - setting property spacing
2026-03-16 07:35:54,239 - PyQt6.uic.properties - DEBUG - setting property sizeConstraint
2026-03-16 07:35:54,239 - PyQt6.uic.properties - DEBUG - setting property pyuicMargins
2026-03-16 07:35:54,239 - PyQt6.uic.properties - DEBUG - setting property pyuicSpacing
2026-03-16 07:35:54,239 - PyQt6.uic.uiparser - DEBUG - push QVBoxLayout verticalLayout_3
2026-03-16 07:35:54,240 - PyQt6.uic.properties - DEBUG - setting property sizePolicy
2026-03-16 07:35:54,240 - PyQt6.uic.properties - DEBUG - setting property font
2026-03-16 07:35:54,240 - PyQt6.uic.properties - DEBUG - setting property currentText
2026-03-16 07:35:54,240 - PyQt6.uic.uiparser - DEBUG - push QComboBox userSDO
2026-03-16 07:35:54,241 - PyQt6.uic.uiparser - DEBUG - pop widget QComboBox userSDO
2026-03-16 07:35:54,241 - PyQt6.uic.uiparser - DEBUG - new topwidget <PyQt6.QtWidgets.QWidget object at 0x000001A6A7EC2170>
2026-03-16 07:35:54,241 - PyQt6.uic.properties - DEBUG - setting property sizePolicy
2026-03-16 07:35:54,241 - PyQt6.uic.properties - DEBUG - setting property font
2026-03-16 07:35:54,241 - PyQt6.uic.uiparser - DEBUG - push QComboBox userSDO_2
2026-03-16 07:35:54,242 - PyQt6.uic.uiparser - DEBUG - pop widget QComboBox userSDO_2
2026-03-16 07:35:54,242 - PyQt6.uic.uiparser - DEBUG - new topwidget <PyQt6.QtWidgets.QWidget object at 0x000001A6A7EC2170>
2026-03-16 07:35:54,242 - PyQt6.uic.properties - DEBUG - setting property sizePolicy
2026-03-16 07:35:54,242 - PyQt6.uic.properties - DEBUG - setting property font
2026-03-16 07:35:54,242 - PyQt6.uic.uiparser - DEBUG - push QComboBox userSDO_3
2026-03-16 07:35:54,243 - PyQt6.uic.uiparser - DEBUG - pop widget QComboBox userSDO_3
2026-03-16 07:35:54,243 - PyQt6.uic.uiparser - DEBUG - new topwidget <PyQt6.QtWidgets.QWidget object at 0x000001A6A7EC2170>
2026-03-16 07:35:54,243 - PyQt6.uic.properties - DEBUG - setting property sizePolicy
2026-03-16 07:35:54,243 - PyQt6.uic.properties - DEBUG - setting property font
2026-03-16 07:35:54,243 - PyQt6.uic.uiparser - DEBUG - push QComboBox userSDO_4
2026-03-16 07:35:54,243 - PyQt6.uic.uiparser - DEBUG - pop widget QComboBox userSDO_4
2026-03-16 07:35:54,243 - PyQt6.uic.uiparser - DEBUG - new topwidget <PyQt6.QtWidgets.QWidget object at 0x000001A6A7EC2170>
2026-03-16 07:35:54,243 - PyQt6.uic.properties - DEBUG - setting property sizePolicy
2026-03-16 07:35:54,245 - PyQt6.uic.properties - DEBUG - setting property font
2026-03-16 07:35:54,245 - PyQt6.uic.uiparser - DEBUG - push QComboBox userSDO_5
2026-03-16 07:35:54,245 - PyQt6.uic.uiparser - DEBUG - pop widget QComboBox userSDO_5
2026-03-16 07:35:54,245 - PyQt6.uic.uiparser - DEBUG - new topwidget <PyQt6.QtWidgets.QWidget object at 0x000001A6A7EC2170>
2026-03-16 07:35:54,245 - PyQt6.uic.properties - DEBUG - setting property sizePolicy
2026-03-16 07:35:54,245 - PyQt6.uic.properties - DEBUG - setting property font
2026-03-16 07:35:54,247 - PyQt6.uic.uiparser - DEBUG - push QComboBox userSDO_6
2026-03-16 07:35:54,247 - PyQt6.uic.uiparser - DEBUG - pop widget QComboBox userSDO_6
2026-03-16 07:35:54,247 - PyQt6.uic.uiparser - DEBUG - new topwidget <PyQt6.QtWidgets.QWidget object at 0x000001A6A7EC2170>
2026-03-16 07:35:54,247 - PyQt6.uic.uiparser - DEBUG - pop layout QVBoxLayout verticalLayout_3
2026-03-16 07:35:54,247 - PyQt6.uic.uiparser - DEBUG - pop widget QWidget verticalLayoutWidget_3
2026-03-16 07:35:54,247 - PyQt6.uic.uiparser - DEBUG - new topwidget <PyQt6.QtWidgets.QGroupBox object at 0x000001A6A7EC20E0>
2026-03-16 07:35:54,247 - PyQt6.uic.properties - DEBUG - setting property geometry
2026-03-16 07:35:54,247 - PyQt6.uic.uiparser - DEBUG - push QWidget verticalLayoutWidget_4
2026-03-16 07:35:54,247 - PyQt6.uic.properties - DEBUG - setting property spacing
2026-03-16 07:35:54,247 - PyQt6.uic.properties - DEBUG - setting property sizeConstraint
2026-03-16 07:35:54,247 - PyQt6.uic.properties - DEBUG - setting property pyuicMargins
2026-03-16 07:35:54,247 - PyQt6.uic.properties - DEBUG - setting property pyuicSpacing
2026-03-16 07:35:54,247 - PyQt6.uic.uiparser - DEBUG - push QVBoxLayout verticalLayout_4
2026-03-16 07:35:54,247 - PyQt6.uic.properties - DEBUG - setting property sizePolicy
2026-03-16 07:35:54,249 - PyQt6.uic.properties - DEBUG - setting property font
2026-03-16 07:35:54,249 - PyQt6.uic.properties - DEBUG - setting property alignment
2026-03-16 07:35:54,249 - PyQt6.uic.uiparser - DEBUG - push QSpinBox Slave_0
2026-03-16 07:35:54,249 - PyQt6.uic.uiparser - DEBUG - pop widget QSpinBox Slave_0
2026-03-16 07:35:54,249 - PyQt6.uic.uiparser - DEBUG - new topwidget <PyQt6.QtWidgets.QWidget object at 0x000001A6A7EC25F0>
2026-03-16 07:35:54,249 - PyQt6.uic.properties - DEBUG - setting property sizePolicy
2026-03-16 07:35:54,249 - PyQt6.uic.properties - DEBUG - setting property font
2026-03-16 07:35:54,249 - PyQt6.uic.properties - DEBUG - setting property alignment
2026-03-16 07:35:54,249 - PyQt6.uic.properties - DEBUG - setting property value
2026-03-16 07:35:54,249 - PyQt6.uic.uiparser - DEBUG - push QSpinBox Slave_1
2026-03-16 07:35:54,250 - PyQt6.uic.uiparser - DEBUG - pop widget QSpinBox Slave_1
2026-03-16 07:35:54,250 - PyQt6.uic.uiparser - DEBUG - new topwidget <PyQt6.QtWidgets.QWidget object at 0x000001A6A7EC25F0>
2026-03-16 07:35:54,250 - PyQt6.uic.properties - DEBUG - setting property sizePolicy
2026-03-16 07:35:54,250 - PyQt6.uic.properties - DEBUG - setting property font
2026-03-16 07:35:54,250 - PyQt6.uic.properties - DEBUG - setting property alignment
2026-03-16 07:35:54,251 - PyQt6.uic.properties - DEBUG - setting property value
2026-03-16 07:35:54,251 - PyQt6.uic.uiparser - DEBUG - push QSpinBox Slave_2
2026-03-16 07:35:54,251 - PyQt6.uic.uiparser - DEBUG - pop widget QSpinBox Slave_2
2026-03-16 07:35:54,251 - PyQt6.uic.uiparser - DEBUG - new topwidget <PyQt6.QtWidgets.QWidget object at 0x000001A6A7EC25F0>
2026-03-16 07:35:54,251 - PyQt6.uic.properties - DEBUG - setting property sizePolicy
2026-03-16 07:35:54,251 - PyQt6.uic.properties - DEBUG - setting property font
2026-03-16 07:35:54,251 - PyQt6.uic.properties - DEBUG - setting property alignment
2026-03-16 07:35:54,251 - PyQt6.uic.properties - DEBUG - setting property value
2026-03-16 07:35:54,251 - PyQt6.uic.uiparser - DEBUG - push QSpinBox Slave_3
2026-03-16 07:35:54,251 - PyQt6.uic.uiparser - DEBUG - pop widget QSpinBox Slave_3
2026-03-16 07:35:54,251 - PyQt6.uic.uiparser - DEBUG - new topwidget <PyQt6.QtWidgets.QWidget object at 0x000001A6A7EC25F0>
2026-03-16 07:35:54,251 - PyQt6.uic.properties - DEBUG - setting property sizePolicy
2026-03-16 07:35:54,251 - PyQt6.uic.properties - DEBUG - setting property font
2026-03-16 07:35:54,251 - PyQt6.uic.properties - DEBUG - setting property alignment
2026-03-16 07:35:54,251 - PyQt6.uic.properties - DEBUG - setting property value
2026-03-16 07:35:54,251 - PyQt6.uic.uiparser - DEBUG - push QSpinBox Slave_4
2026-03-16 07:35:54,251 - PyQt6.uic.uiparser - DEBUG - pop widget QSpinBox Slave_4
2026-03-16 07:35:54,251 - PyQt6.uic.uiparser - DEBUG - new topwidget <PyQt6.QtWidgets.QWidget object at 0x000001A6A7EC25F0>
2026-03-16 07:35:54,253 - PyQt6.uic.properties - DEBUG - setting property sizePolicy
2026-03-16 07:35:54,253 - PyQt6.uic.properties - DEBUG - setting property font
2026-03-16 07:35:54,253 - PyQt6.uic.properties - DEBUG - setting property alignment
2026-03-16 07:35:54,253 - PyQt6.uic.properties - DEBUG - setting property value
2026-03-16 07:35:54,253 - PyQt6.uic.uiparser - DEBUG - push QSpinBox Slave_5
2026-03-16 07:35:54,253 - PyQt6.uic.uiparser - DEBUG - pop widget QSpinBox Slave_5
2026-03-16 07:35:54,253 - PyQt6.uic.uiparser - DEBUG - new topwidget <PyQt6.QtWidgets.QWidget object at 0x000001A6A7EC25F0>
2026-03-16 07:35:54,253 - PyQt6.uic.uiparser - DEBUG - pop layout QVBoxLayout verticalLayout_4
2026-03-16 07:35:54,253 - PyQt6.uic.uiparser - DEBUG - pop widget QWidget verticalLayoutWidget_4
2026-03-16 07:35:54,253 - PyQt6.uic.uiparser - DEBUG - new topwidget <PyQt6.QtWidgets.QGroupBox object at 0x000001A6A7EC20E0>
2026-03-16 07:35:54,253 - PyQt6.uic.properties - DEBUG - setting property geometry
2026-03-16 07:35:54,253 - PyQt6.uic.uiparser - DEBUG - push QWidget verticalLayoutWidget_5
2026-03-16 07:35:54,253 - PyQt6.uic.properties - DEBUG - setting property spacing
2026-03-16 07:35:54,253 - PyQt6.uic.properties - DEBUG - setting property sizeConstraint
2026-03-16 07:35:54,253 - PyQt6.uic.properties - DEBUG - setting property pyuicMargins
2026-03-16 07:35:54,255 - PyQt6.uic.properties - DEBUG - setting property pyuicSpacing
2026-03-16 07:35:54,255 - PyQt6.uic.uiparser - DEBUG - push QVBoxLayout verticalLayout_5
2026-03-16 07:35:54,255 - PyQt6.uic.properties - DEBUG - setting property sizePolicy
2026-03-16 07:35:54,255 - PyQt6.uic.properties - DEBUG - setting property font
2026-03-16 07:35:54,255 - PyQt6.uic.properties - DEBUG - setting property frameShape
2026-03-16 07:35:54,255 - PyQt6.uic.properties - DEBUG - setting property frameShadow
2026-03-16 07:35:54,255 - PyQt6.uic.properties - DEBUG - setting property text
2026-03-16 07:35:54,255 - PyQt6.uic.properties - DEBUG - setting property alignment
2026-03-16 07:35:54,255 - PyQt6.uic.uiparser - DEBUG - push QLabel coeprint
2026-03-16 07:35:54,255 - PyQt6.uic.uiparser - DEBUG - pop widget QLabel coeprint
2026-03-16 07:35:54,255 - PyQt6.uic.uiparser - DEBUG - new topwidget <PyQt6.QtWidgets.QWidget object at 0x000001A6A7EC2A70>
2026-03-16 07:35:54,255 - PyQt6.uic.properties - DEBUG - setting property sizePolicy
2026-03-16 07:35:54,255 - PyQt6.uic.properties - DEBUG - setting property font
2026-03-16 07:35:54,256 - PyQt6.uic.properties - DEBUG - setting property frameShape
2026-03-16 07:35:54,256 - PyQt6.uic.properties - DEBUG - setting property frameShadow
2026-03-16 07:35:54,256 - PyQt6.uic.properties - DEBUG - setting property text
2026-03-16 07:35:54,256 - PyQt6.uic.properties - DEBUG - setting property alignment
2026-03-16 07:35:54,257 - PyQt6.uic.uiparser - DEBUG - push QLabel coeprint_2
2026-03-16 07:35:54,257 - PyQt6.uic.uiparser - DEBUG - pop widget QLabel coeprint_2
2026-03-16 07:35:54,257 - PyQt6.uic.uiparser - DEBUG - new topwidget <PyQt6.QtWidgets.QWidget object at 0x000001A6A7EC2A70>
2026-03-16 07:35:54,257 - PyQt6.uic.properties - DEBUG - setting property sizePolicy
2026-03-16 07:35:54,257 - PyQt6.uic.properties - DEBUG - setting property font
2026-03-16 07:35:54,257 - PyQt6.uic.properties - DEBUG - setting property styleSheet
2026-03-16 07:35:54,257 - PyQt6.uic.properties - DEBUG - setting property frameShape
2026-03-16 07:35:54,257 - PyQt6.uic.properties - DEBUG - setting property frameShadow
2026-03-16 07:35:54,257 - PyQt6.uic.properties - DEBUG - setting property text
2026-03-16 07:35:54,257 - PyQt6.uic.properties - DEBUG - setting property alignment
2026-03-16 07:35:54,257 - PyQt6.uic.uiparser - DEBUG - push QLabel coeprint_3
2026-03-16 07:35:54,257 - PyQt6.uic.uiparser - DEBUG - pop widget QLabel coeprint_3
2026-03-16 07:35:54,257 - PyQt6.uic.uiparser - DEBUG - new topwidget <PyQt6.QtWidgets.QWidget object at 0x000001A6A7EC2A70>
2026-03-16 07:35:54,257 - PyQt6.uic.properties - DEBUG - setting property sizePolicy
2026-03-16 07:35:54,257 - PyQt6.uic.properties - DEBUG - setting property font
2026-03-16 07:35:54,257 - PyQt6.uic.properties - DEBUG - setting property styleSheet
2026-03-16 07:35:54,257 - PyQt6.uic.properties - DEBUG - setting property frameShape
2026-03-16 07:35:54,257 - PyQt6.uic.properties - DEBUG - setting property frameShadow
2026-03-16 07:35:54,259 - PyQt6.uic.properties - DEBUG - setting property text
2026-03-16 07:35:54,259 - PyQt6.uic.properties - DEBUG - setting property alignment
2026-03-16 07:35:54,259 - PyQt6.uic.uiparser - DEBUG - push QLabel coeprint_4
2026-03-16 07:35:54,259 - PyQt6.uic.uiparser - DEBUG - pop widget QLabel coeprint_4
2026-03-16 07:35:54,259 - PyQt6.uic.uiparser - DEBUG - new topwidget <PyQt6.QtWidgets.QWidget object at 0x000001A6A7EC2A70>
2026-03-16 07:35:54,259 - PyQt6.uic.properties - DEBUG - setting property sizePolicy
2026-03-16 07:35:54,259 - PyQt6.uic.properties - DEBUG - setting property font
2026-03-16 07:35:54,259 - PyQt6.uic.properties - DEBUG - setting property frameShape
2026-03-16 07:35:54,259 - PyQt6.uic.properties - DEBUG - setting property frameShadow
2026-03-16 07:35:54,259 - PyQt6.uic.properties - DEBUG - setting property text
2026-03-16 07:35:54,259 - PyQt6.uic.properties - DEBUG - setting property alignment
2026-03-16 07:35:54,259 - PyQt6.uic.uiparser - DEBUG - push QLabel coeprint_5
2026-03-16 07:35:54,259 - PyQt6.uic.uiparser - DEBUG - pop widget QLabel coeprint_5
2026-03-16 07:35:54,259 - PyQt6.uic.uiparser - DEBUG - new topwidget <PyQt6.QtWidgets.QWidget object at 0x000001A6A7EC2A70>
2026-03-16 07:35:54,259 - PyQt6.uic.properties - DEBUG - setting property sizePolicy
2026-03-16 07:35:54,259 - PyQt6.uic.properties - DEBUG - setting property font
2026-03-16 07:35:54,261 - PyQt6.uic.properties - DEBUG - setting property frameShape
2026-03-16 07:35:54,261 - PyQt6.uic.properties - DEBUG - setting property frameShadow
2026-03-16 07:35:54,261 - PyQt6.uic.properties - DEBUG - setting property text
2026-03-16 07:35:54,261 - PyQt6.uic.properties - DEBUG - setting property alignment
2026-03-16 07:35:54,261 - PyQt6.uic.uiparser - DEBUG - push QLabel coeprint_6
2026-03-16 07:35:54,261 - PyQt6.uic.uiparser - DEBUG - pop widget QLabel coeprint_6
2026-03-16 07:35:54,261 - PyQt6.uic.uiparser - DEBUG - new topwidget <PyQt6.QtWidgets.QWidget object at 0x000001A6A7EC2A70>
2026-03-16 07:35:54,261 - PyQt6.uic.uiparser - DEBUG - pop layout QVBoxLayout verticalLayout_5
2026-03-16 07:35:54,261 - PyQt6.uic.uiparser - DEBUG - pop widget QWidget verticalLayoutWidget_5
2026-03-16 07:35:54,261 - PyQt6.uic.uiparser - DEBUG - new topwidget <PyQt6.QtWidgets.QGroupBox object at 0x000001A6A7EC20E0>
2026-03-16 07:35:54,261 - PyQt6.uic.properties - DEBUG - setting property geometry
2026-03-16 07:35:54,261 - PyQt6.uic.properties - DEBUG - setting property sizePolicy
2026-03-16 07:35:54,261 - PyQt6.uic.properties - DEBUG - setting property font
2026-03-16 07:35:54,261 - PyQt6.uic.properties - DEBUG - setting property text
2026-03-16 07:35:54,261 - PyQt6.uic.uiparser - DEBUG - push QLabel label_37
2026-03-16 07:35:54,261 - PyQt6.uic.uiparser - DEBUG - pop widget QLabel label_37
2026-03-16 07:35:54,261 - PyQt6.uic.uiparser - DEBUG - new topwidget <PyQt6.QtWidgets.QGroupBox object at 0x000001A6A7EC20E0>
2026-03-16 07:35:54,262 - PyQt6.uic.properties - DEBUG - setting property geometry
2026-03-16 07:35:54,262 - PyQt6.uic.properties - DEBUG - setting property sizePolicy
2026-03-16 07:35:54,262 - PyQt6.uic.properties - DEBUG - setting property font
2026-03-16 07:35:54,262 - PyQt6.uic.uiparser - DEBUG - push QComboBox datatype_2
2026-03-16 07:35:54,262 - PyQt6.uic.uiparser - DEBUG - pop widget QComboBox datatype_2
2026-03-16 07:35:54,262 - PyQt6.uic.uiparser - DEBUG - new topwidget <PyQt6.QtWidgets.QGroupBox object at 0x000001A6A7EC20E0>
2026-03-16 07:35:54,262 - PyQt6.uic.properties - DEBUG - setting property geometry
2026-03-16 07:35:54,262 - PyQt6.uic.properties - DEBUG - setting property sizePolicy
2026-03-16 07:35:54,262 - PyQt6.uic.properties - DEBUG - setting property font
2026-03-16 07:35:54,262 - PyQt6.uic.properties - DEBUG - setting property focusPolicy
2026-03-16 07:35:54,262 - PyQt6.uic.properties - DEBUG - setting property toolTip
2026-03-16 07:35:54,264 - PyQt6.uic.properties - DEBUG - setting property statusTip
2026-03-16 07:35:54,264 - PyQt6.uic.properties - DEBUG - setting property styleSheet
2026-03-16 07:35:54,264 - PyQt6.uic.properties - DEBUG - setting property text
2026-03-16 07:35:54,264 - PyQt6.uic.properties - DEBUG - setting property checkable
2026-03-16 07:35:54,264 - PyQt6.uic.uiparser - DEBUG - push QPushButton coewrite
2026-03-16 07:35:54,264 - PyQt6.uic.uiparser - DEBUG - pop widget QPushButton coewrite
2026-03-16 07:35:54,264 - PyQt6.uic.uiparser - DEBUG - new topwidget <PyQt6.QtWidgets.QGroupBox object at 0x000001A6A7EC20E0>
2026-03-16 07:35:54,264 - PyQt6.uic.properties - DEBUG - setting property geometry
2026-03-16 07:35:54,264 - PyQt6.uic.properties - DEBUG - setting property sizePolicy
2026-03-16 07:35:54,264 - PyQt6.uic.properties - DEBUG - setting property font
2026-03-16 07:35:54,264 - PyQt6.uic.properties - DEBUG - setting property focusPolicy
2026-03-16 07:35:54,264 - PyQt6.uic.properties - DEBUG - setting property toolTip
2026-03-16 07:35:54,264 - PyQt6.uic.properties - DEBUG - setting property styleSheet
2026-03-16 07:35:54,264 - PyQt6.uic.properties - DEBUG - setting property text
2026-03-16 07:35:54,264 - PyQt6.uic.properties - DEBUG - setting property checkable
2026-03-16 07:35:54,264 - PyQt6.uic.uiparser - DEBUG - push QPushButton coewrite_2
2026-03-16 07:35:54,264 - PyQt6.uic.uiparser - DEBUG - pop widget QPushButton coewrite_2
2026-03-16 07:35:54,266 - PyQt6.uic.uiparser - DEBUG - new topwidget <PyQt6.QtWidgets.QGroupBox object at 0x000001A6A7EC20E0>
2026-03-16 07:35:54,266 - PyQt6.uic.properties - DEBUG - setting property geometry
2026-03-16 07:35:54,266 - PyQt6.uic.properties - DEBUG - setting property sizePolicy
2026-03-16 07:35:54,266 - PyQt6.uic.properties - DEBUG - setting property font
2026-03-16 07:35:54,266 - PyQt6.uic.properties - DEBUG - setting property focusPolicy
2026-03-16 07:35:54,266 - PyQt6.uic.properties - DEBUG - setting property toolTip
2026-03-16 07:35:54,266 - PyQt6.uic.properties - DEBUG - setting property styleSheet
2026-03-16 07:35:54,266 - PyQt6.uic.properties - DEBUG - setting property text
2026-03-16 07:35:54,266 - PyQt6.uic.properties - DEBUG - setting property checkable
2026-03-16 07:35:54,266 - PyQt6.uic.uiparser - DEBUG - push QPushButton coewrite_4
2026-03-16 07:35:54,267 - PyQt6.uic.uiparser - DEBUG - pop widget QPushButton coewrite_4
2026-03-16 07:35:54,267 - PyQt6.uic.uiparser - DEBUG - new topwidget <PyQt6.QtWidgets.QGroupBox object at 0x000001A6A7EC20E0>
2026-03-16 07:35:54,267 - PyQt6.uic.properties - DEBUG - setting property geometry
2026-03-16 07:35:54,267 - PyQt6.uic.properties - DEBUG - setting property sizePolicy
2026-03-16 07:35:54,267 - PyQt6.uic.properties - DEBUG - setting property font
2026-03-16 07:35:54,267 - PyQt6.uic.properties - DEBUG - setting property focusPolicy
2026-03-16 07:35:54,267 - PyQt6.uic.properties - DEBUG - setting property toolTip
2026-03-16 07:35:54,267 - PyQt6.uic.properties - DEBUG - setting property styleSheet
2026-03-16 07:35:54,267 - PyQt6.uic.properties - DEBUG - setting property text
2026-03-16 07:35:54,267 - PyQt6.uic.properties - DEBUG - setting property checkable
2026-03-16 07:35:54,267 - PyQt6.uic.uiparser - DEBUG - push QPushButton coewrite_3
2026-03-16 07:35:54,267 - PyQt6.uic.uiparser - DEBUG - pop widget QPushButton coewrite_3
2026-03-16 07:35:54,267 - PyQt6.uic.uiparser - DEBUG - new topwidget <PyQt6.QtWidgets.QGroupBox object at 0x000001A6A7EC20E0>
2026-03-16 07:35:54,267 - PyQt6.uic.properties - DEBUG - setting property geometry
2026-03-16 07:35:54,267 - PyQt6.uic.properties - DEBUG - setting property sizePolicy
2026-03-16 07:35:54,267 - PyQt6.uic.properties - DEBUG - setting property font
2026-03-16 07:35:54,267 - PyQt6.uic.properties - DEBUG - setting property focusPolicy
2026-03-16 07:35:54,268 - PyQt6.uic.properties - DEBUG - setting property toolTip
2026-03-16 07:35:54,268 - PyQt6.uic.properties - DEBUG - setting property styleSheet
2026-03-16 07:35:54,268 - PyQt6.uic.properties - DEBUG - setting property text
2026-03-16 07:35:54,268 - PyQt6.uic.properties - DEBUG - setting property checkable
2026-03-16 07:35:54,268 - PyQt6.uic.uiparser - DEBUG - push QPushButton coewrite_5
2026-03-16 07:35:54,268 - PyQt6.uic.uiparser - DEBUG - pop widget QPushButton coewrite_5
2026-03-16 07:35:54,268 - PyQt6.uic.uiparser - DEBUG - new topwidget <PyQt6.QtWidgets.QGroupBox object at 0x000001A6A7EC20E0>
2026-03-16 07:35:54,268 - PyQt6.uic.properties - DEBUG - setting property geometry
2026-03-16 07:35:54,268 - PyQt6.uic.properties - DEBUG - setting property sizePolicy
2026-03-16 07:35:54,268 - PyQt6.uic.properties - DEBUG - setting property font
2026-03-16 07:35:54,268 - PyQt6.uic.properties - DEBUG - setting property focusPolicy
2026-03-16 07:35:54,268 - PyQt6.uic.properties - DEBUG - setting property toolTip
2026-03-16 07:35:54,268 - PyQt6.uic.properties - DEBUG - setting property styleSheet
2026-03-16 07:35:54,268 - PyQt6.uic.properties - DEBUG - setting property text
2026-03-16 07:35:54,268 - PyQt6.uic.properties - DEBUG - setting property checkable
2026-03-16 07:35:54,268 - PyQt6.uic.uiparser - DEBUG - push QPushButton coeread_4
2026-03-16 07:35:54,268 - PyQt6.uic.uiparser - DEBUG - pop widget QPushButton coeread_4
2026-03-16 07:35:54,268 - PyQt6.uic.uiparser - DEBUG - new topwidget <PyQt6.QtWidgets.QGroupBox object at 0x000001A6A7EC20E0>
2026-03-16 07:35:54,268 - PyQt6.uic.properties - DEBUG - setting property geometry
2026-03-16 07:35:54,268 - PyQt6.uic.properties - DEBUG - setting property sizePolicy
2026-03-16 07:35:54,270 - PyQt6.uic.properties - DEBUG - setting property font
2026-03-16 07:35:54,270 - PyQt6.uic.properties - DEBUG - setting property focusPolicy
2026-03-16 07:35:54,270 - PyQt6.uic.properties - DEBUG - setting property toolTip
2026-03-16 07:35:54,270 - PyQt6.uic.properties - DEBUG - setting property styleSheet
2026-03-16 07:35:54,270 - PyQt6.uic.properties - DEBUG - setting property text
2026-03-16 07:35:54,270 - PyQt6.uic.properties - DEBUG - setting property checkable
2026-03-16 07:35:54,270 - PyQt6.uic.uiparser - DEBUG - push QPushButton coeread_2
2026-03-16 07:35:54,270 - PyQt6.uic.uiparser - DEBUG - pop widget QPushButton coeread_2
2026-03-16 07:35:54,271 - PyQt6.uic.uiparser - DEBUG - new topwidget <PyQt6.QtWidgets.QGroupBox object at 0x000001A6A7EC20E0>
2026-03-16 07:35:54,271 - PyQt6.uic.properties - DEBUG - setting property geometry
2026-03-16 07:35:54,271 - PyQt6.uic.properties - DEBUG - setting property sizePolicy
2026-03-16 07:35:54,271 - PyQt6.uic.properties - DEBUG - setting property font
2026-03-16 07:35:54,271 - PyQt6.uic.properties - DEBUG - setting property focusPolicy
2026-03-16 07:35:54,271 - PyQt6.uic.properties - DEBUG - setting property toolTip
2026-03-16 07:35:54,271 - PyQt6.uic.properties - DEBUG - setting property statusTip
2026-03-16 07:35:54,271 - PyQt6.uic.properties - DEBUG - setting property styleSheet
2026-03-16 07:35:54,271 - PyQt6.uic.properties - DEBUG - setting property text
2026-03-16 07:35:54,271 - PyQt6.uic.properties - DEBUG - setting property checkable
2026-03-16 07:35:54,271 - PyQt6.uic.uiparser - DEBUG - push QPushButton coeread
2026-03-16 07:35:54,271 - PyQt6.uic.uiparser - DEBUG - pop widget QPushButton coeread
2026-03-16 07:35:54,271 - PyQt6.uic.uiparser - DEBUG - new topwidget <PyQt6.QtWidgets.QGroupBox object at 0x000001A6A7EC20E0>
2026-03-16 07:35:54,271 - PyQt6.uic.properties - DEBUG - setting property geometry
2026-03-16 07:35:54,271 - PyQt6.uic.properties - DEBUG - setting property sizePolicy
2026-03-16 07:35:54,271 - PyQt6.uic.properties - DEBUG - setting property font
2026-03-16 07:35:54,271 - PyQt6.uic.properties - DEBUG - setting property focusPolicy
2026-03-16 07:35:54,271 - PyQt6.uic.properties - DEBUG - setting property toolTip
2026-03-16 07:35:54,271 - PyQt6.uic.properties - DEBUG - setting property styleSheet
2026-03-16 07:35:54,271 - PyQt6.uic.properties - DEBUG - setting property text
2026-03-16 07:35:54,271 - PyQt6.uic.properties - DEBUG - setting property checkable
2026-03-16 07:35:54,273 - PyQt6.uic.uiparser - DEBUG - push QPushButton coeread_3
2026-03-16 07:35:54,273 - PyQt6.uic.uiparser - DEBUG - pop widget QPushButton coeread_3
2026-03-16 07:35:54,273 - PyQt6.uic.uiparser - DEBUG - new topwidget <PyQt6.QtWidgets.QGroupBox object at 0x000001A6A7EC20E0>
2026-03-16 07:35:54,273 - PyQt6.uic.properties - DEBUG - setting property geometry
2026-03-16 07:35:54,273 - PyQt6.uic.properties - DEBUG - setting property sizePolicy
2026-03-16 07:35:54,273 - PyQt6.uic.properties - DEBUG - setting property font
2026-03-16 07:35:54,273 - PyQt6.uic.properties - DEBUG - setting property focusPolicy
2026-03-16 07:35:54,273 - PyQt6.uic.properties - DEBUG - setting property toolTip
2026-03-16 07:35:54,273 - PyQt6.uic.properties - DEBUG - setting property styleSheet
2026-03-16 07:35:54,273 - PyQt6.uic.properties - DEBUG - setting property text
2026-03-16 07:35:54,273 - PyQt6.uic.properties - DEBUG - setting property checkable
2026-03-16 07:35:54,273 - PyQt6.uic.uiparser - DEBUG - push QPushButton coeread_5
2026-03-16 07:35:54,273 - PyQt6.uic.uiparser - DEBUG - pop widget QPushButton coeread_5
2026-03-16 07:35:54,273 - PyQt6.uic.uiparser - DEBUG - new topwidget <PyQt6.QtWidgets.QGroupBox object at 0x000001A6A7EC20E0>
2026-03-16 07:35:54,273 - PyQt6.uic.properties - DEBUG - setting property geometry
2026-03-16 07:35:54,273 - PyQt6.uic.properties - DEBUG - setting property sizePolicy
2026-03-16 07:35:54,273 - PyQt6.uic.properties - DEBUG - setting property font
2026-03-16 07:35:54,273 - PyQt6.uic.properties - DEBUG - setting property focusPolicy
2026-03-16 07:35:54,273 - PyQt6.uic.properties - DEBUG - setting property toolTip
2026-03-16 07:35:54,275 - PyQt6.uic.properties - DEBUG - setting property styleSheet
2026-03-16 07:35:54,275 - PyQt6.uic.properties - DEBUG - setting property text
2026-03-16 07:35:54,275 - PyQt6.uic.properties - DEBUG - setting property checkable
2026-03-16 07:35:54,275 - PyQt6.uic.uiparser - DEBUG - push QPushButton coewrite_6
2026-03-16 07:35:54,275 - PyQt6.uic.uiparser - DEBUG - pop widget QPushButton coewrite_6
2026-03-16 07:35:54,275 - PyQt6.uic.uiparser - DEBUG - new topwidget <PyQt6.QtWidgets.QGroupBox object at 0x000001A6A7EC20E0>
2026-03-16 07:35:54,275 - PyQt6.uic.properties - DEBUG - setting property geometry
2026-03-16 07:35:54,275 - PyQt6.uic.properties - DEBUG - setting property sizePolicy
2026-03-16 07:35:54,275 - PyQt6.uic.properties - DEBUG - setting property font
2026-03-16 07:35:54,275 - PyQt6.uic.properties - DEBUG - setting property focusPolicy
2026-03-16 07:35:54,275 - PyQt6.uic.properties - DEBUG - setting property toolTip
2026-03-16 07:35:54,275 - PyQt6.uic.properties - DEBUG - setting property styleSheet
2026-03-16 07:35:54,275 - PyQt6.uic.properties - DEBUG - setting property text
2026-03-16 07:35:54,275 - PyQt6.uic.properties - DEBUG - setting property checkable
2026-03-16 07:35:54,275 - PyQt6.uic.uiparser - DEBUG - push QPushButton coeread_6
2026-03-16 07:35:54,275 - PyQt6.uic.uiparser - DEBUG - pop widget QPushButton coeread_6
2026-03-16 07:35:54,275 - PyQt6.uic.uiparser - DEBUG - new topwidget <PyQt6.QtWidgets.QGroupBox object at 0x000001A6A7EC20E0>
2026-03-16 07:35:54,275 - PyQt6.uic.uiparser - DEBUG - pop widget QGroupBox groupBox_10
2026-03-16 07:35:54,275 - PyQt6.uic.uiparser - DEBUG - new topwidget <PyQt6.QtWidgets.QWidget object at 0x000001A6A7EC2050>
2026-03-16 07:35:54,275 - PyQt6.uic.uiparser - DEBUG - pop widget QWidget tab_9
2026-03-16 07:35:54,275 - PyQt6.uic.uiparser - DEBUG - new topwidget <PyQt6.QtWidgets.QTabWidget object at 0x000001A6A5FC7490>
2026-03-16 07:35:54,276 - PyQt6.uic.uiparser - DEBUG - push QWidget tab_8
2026-03-16 07:35:54,276 - PyQt6.uic.properties - DEBUG - setting property enabled
2026-03-16 07:35:54,276 - PyQt6.uic.properties - DEBUG - setting property geometry
2026-03-16 07:35:54,276 - PyQt6.uic.properties - DEBUG - setting property sizePolicy
2026-03-16 07:35:54,276 - PyQt6.uic.properties - DEBUG - setting property font
2026-03-16 07:35:54,276 - PyQt6.uic.properties - DEBUG - setting property title
2026-03-16 07:35:54,276 - PyQt6.uic.uiparser - DEBUG - push QGroupBox groupBox_2
2026-03-16 07:35:54,276 - PyQt6.uic.properties - DEBUG - setting property geometry
2026-03-16 07:35:54,276 - PyQt6.uic.properties - DEBUG - setting property font
2026-03-16 07:35:54,276 - PyQt6.uic.properties - DEBUG - setting property title
2026-03-16 07:35:54,276 - PyQt6.uic.uiparser - DEBUG - push QGroupBox groupBox
2026-03-16 07:35:54,276 - PyQt6.uic.properties - DEBUG - setting property geometry
2026-03-16 07:35:54,276 - PyQt6.uic.uiparser - DEBUG - push QWidget gridLayoutWidget_18
2026-03-16 07:35:54,276 - PyQt6.uic.properties - DEBUG - setting property horizontalSpacing
2026-03-16 07:35:54,278 - PyQt6.uic.properties - DEBUG - setting property pyuicMargins
2026-03-16 07:35:54,278 - PyQt6.uic.properties - DEBUG - setting property pyuicSpacing
2026-03-16 07:35:54,278 - PyQt6.uic.uiparser - DEBUG - push QGridLayout gridLayout_19
2026-03-16 07:35:54,278 - PyQt6.uic.properties - DEBUG - setting property font
2026-03-16 07:35:54,278 - PyQt6.uic.properties - DEBUG - setting property text
2026-03-16 07:35:54,278 - PyQt6.uic.properties - DEBUG - setting property alignment
2026-03-16 07:35:54,278 - PyQt6.uic.uiparser - DEBUG - push QLabel Port1
2026-03-16 07:35:54,278 - PyQt6.uic.uiparser - DEBUG - pop widget QLabel Port1
2026-03-16 07:35:54,278 - PyQt6.uic.uiparser - DEBUG - new topwidget <PyQt6.QtWidgets.QWidget object at 0x000001A6A7EC3880>
2026-03-16 07:35:54,279 - PyQt6.uic.properties - DEBUG - setting property font
2026-03-16 07:35:54,279 - PyQt6.uic.properties - DEBUG - setting property text
2026-03-16 07:35:54,279 - PyQt6.uic.uiparser - DEBUG - push QLabel label_119
2026-03-16 07:35:54,279 - PyQt6.uic.uiparser - DEBUG - pop widget QLabel label_119
2026-03-16 07:35:54,279 - PyQt6.uic.uiparser - DEBUG - new topwidget <PyQt6.QtWidgets.QWidget object at 0x000001A6A7EC3880>
2026-03-16 07:35:54,279 - PyQt6.uic.properties - DEBUG - setting property font
2026-03-16 07:35:54,279 - PyQt6.uic.properties - DEBUG - setting property text
2026-03-16 07:35:54,279 - PyQt6.uic.uiparser - DEBUG - push QLabel label_140
2026-03-16 07:35:54,279 - PyQt6.uic.uiparser - DEBUG - pop widget QLabel label_140
2026-03-16 07:35:54,279 - PyQt6.uic.uiparser - DEBUG - new topwidget <PyQt6.QtWidgets.QWidget object at 0x000001A6A7EC3880>
2026-03-16 07:35:54,279 - PyQt6.uic.properties - DEBUG - setting property font
2026-03-16 07:35:54,279 - PyQt6.uic.properties - DEBUG - setting property text
2026-03-16 07:35:54,279 - PyQt6.uic.properties - DEBUG - setting property alignment
2026-03-16 07:35:54,279 - PyQt6.uic.uiparser - DEBUG - push QLabel Port0
2026-03-16 07:35:54,279 - PyQt6.uic.uiparser - DEBUG - pop widget QLabel Port0
2026-03-16 07:35:54,279 - PyQt6.uic.uiparser - DEBUG - new topwidget <PyQt6.QtWidgets.QWidget object at 0x000001A6A7EC3880>
2026-03-16 07:35:54,279 - PyQt6.uic.properties - DEBUG - setting property font
2026-03-16 07:35:54,279 - PyQt6.uic.properties - DEBUG - setting property text
2026-03-16 07:35:54,281 - PyQt6.uic.uiparser - DEBUG - push QLabel label_120
2026-03-16 07:35:54,281 - PyQt6.uic.uiparser - DEBUG - pop widget QLabel label_120
2026-03-16 07:35:54,281 - PyQt6.uic.uiparser - DEBUG - new topwidget <PyQt6.QtWidgets.QWidget object at 0x000001A6A7EC3880>
2026-03-16 07:35:54,281 - PyQt6.uic.properties - DEBUG - setting property font
2026-03-16 07:35:54,281 - PyQt6.uic.properties - DEBUG - setting property text
2026-03-16 07:35:54,281 - PyQt6.uic.properties - DEBUG - setting property alignment
2026-03-16 07:35:54,281 - PyQt6.uic.uiparser - DEBUG - push QLabel Port2
2026-03-16 07:35:54,281 - PyQt6.uic.uiparser - DEBUG - pop widget QLabel Port2
2026-03-16 07:35:54,281 - PyQt6.uic.uiparser - DEBUG - new topwidget <PyQt6.QtWidgets.QWidget object at 0x000001A6A7EC3880>
2026-03-16 07:35:54,281 - PyQt6.uic.properties - DEBUG - setting property font
2026-03-16 07:35:54,282 - PyQt6.uic.properties - DEBUG - setting property text
2026-03-16 07:35:54,282 - PyQt6.uic.uiparser - DEBUG - push QLabel label_139
2026-03-16 07:35:54,282 - PyQt6.uic.uiparser - DEBUG - pop widget QLabel label_139
2026-03-16 07:35:54,282 - PyQt6.uic.uiparser - DEBUG - new topwidget <PyQt6.QtWidgets.QWidget object at 0x000001A6A7EC3880>
2026-03-16 07:35:54,282 - PyQt6.uic.properties - DEBUG - setting property font
2026-03-16 07:35:54,282 - PyQt6.uic.properties - DEBUG - setting property text
2026-03-16 07:35:54,282 - PyQt6.uic.properties - DEBUG - setting property alignment
2026-03-16 07:35:54,282 - PyQt6.uic.uiparser - DEBUG - push QLabel Port3
2026-03-16 07:35:54,282 - PyQt6.uic.uiparser - DEBUG - pop widget QLabel Port3
2026-03-16 07:35:54,282 - PyQt6.uic.uiparser - DEBUG - new topwidget <PyQt6.QtWidgets.QWidget object at 0x000001A6A7EC3880>
2026-03-16 07:35:54,282 - PyQt6.uic.uiparser - DEBUG - pop layout QGridLayout gridLayout_19
2026-03-16 07:35:54,282 - PyQt6.uic.uiparser - DEBUG - pop widget QWidget gridLayoutWidget_18
2026-03-16 07:35:54,283 - PyQt6.uic.uiparser - DEBUG - new topwidget <PyQt6.QtWidgets.QGroupBox object at 0x000001A6A7EC37F0>
2026-03-16 07:35:54,283 - PyQt6.uic.uiparser - DEBUG - pop widget QGroupBox groupBox
2026-03-16 07:35:54,283 - PyQt6.uic.uiparser - DEBUG - new topwidget <PyQt6.QtWidgets.QGroupBox object at 0x000001A6A7EC3760>
2026-03-16 07:35:54,283 - PyQt6.uic.properties - DEBUG - setting property geometry
2026-03-16 07:35:54,283 - PyQt6.uic.properties - DEBUG - setting property font
2026-03-16 07:35:54,283 - PyQt6.uic.properties - DEBUG - setting property title
2026-03-16 07:35:54,283 - PyQt6.uic.uiparser - DEBUG - push QGroupBox groupBox_15
2026-03-16 07:35:54,284 - PyQt6.uic.properties - DEBUG - setting property geometry
2026-03-16 07:35:54,284 - PyQt6.uic.uiparser - DEBUG - push QWidget gridLayoutWidget
2026-03-16 07:35:54,284 - PyQt6.uic.properties - DEBUG - setting property horizontalSpacing
2026-03-16 07:35:54,284 - PyQt6.uic.properties - DEBUG - setting property pyuicMargins
2026-03-16 07:35:54,284 - PyQt6.uic.properties - DEBUG - setting property pyuicSpacing
2026-03-16 07:35:54,284 - PyQt6.uic.uiparser - DEBUG - push QGridLayout gridLayout_2
2026-03-16 07:35:54,284 - PyQt6.uic.properties - DEBUG - setting property sizePolicy
2026-03-16 07:35:54,284 - PyQt6.uic.properties - DEBUG - setting property font
2026-03-16 07:35:54,284 - PyQt6.uic.properties - DEBUG - setting property text
2026-03-16 07:35:54,285 - PyQt6.uic.uiparser - DEBUG - push QLabel label_125
2026-03-16 07:35:54,285 - PyQt6.uic.uiparser - DEBUG - pop widget QLabel label_125
2026-03-16 07:35:54,285 - PyQt6.uic.uiparser - DEBUG - new topwidget <PyQt6.QtWidgets.QWidget object at 0x000001A6A7EC3EB0>
2026-03-16 07:35:54,285 - PyQt6.uic.properties - DEBUG - setting property sizePolicy
2026-03-16 07:35:54,285 - PyQt6.uic.properties - DEBUG - setting property readOnly
2026-03-16 07:35:54,285 - PyQt6.uic.uiparser - DEBUG - push QLineEdit x0300
2026-03-16 07:35:54,286 - PyQt6.uic.uiparser - DEBUG - pop widget QLineEdit x0300
2026-03-16 07:35:54,286 - PyQt6.uic.uiparser - DEBUG - new topwidget <PyQt6.QtWidgets.QWidget object at 0x000001A6A7EC3EB0>
2026-03-16 07:35:54,286 - PyQt6.uic.properties - DEBUG - setting property sizePolicy
2026-03-16 07:35:54,286 - PyQt6.uic.properties - DEBUG - setting property font
2026-03-16 07:35:54,286 - PyQt6.uic.properties - DEBUG - setting property text
2026-03-16 07:35:54,286 - PyQt6.uic.uiparser - DEBUG - push QLabel label_136
2026-03-16 07:35:54,286 - PyQt6.uic.uiparser - DEBUG - pop widget QLabel label_136
2026-03-16 07:35:54,286 - PyQt6.uic.uiparser - DEBUG - new topwidget <PyQt6.QtWidgets.QWidget object at 0x000001A6A7EC3EB0>
2026-03-16 07:35:54,287 - PyQt6.uic.properties - DEBUG - setting property sizePolicy
2026-03-16 07:35:54,287 - PyQt6.uic.properties - DEBUG - setting property font
2026-03-16 07:35:54,287 - PyQt6.uic.properties - DEBUG - setting property text
2026-03-16 07:35:54,287 - PyQt6.uic.uiparser - DEBUG - push QLabel label_138
2026-03-16 07:35:54,287 - PyQt6.uic.uiparser - DEBUG - pop widget QLabel label_138
2026-03-16 07:35:54,287 - PyQt6.uic.uiparser - DEBUG - new topwidget <PyQt6.QtWidgets.QWidget object at 0x000001A6A7EC3EB0>
2026-03-16 07:35:54,287 - PyQt6.uic.properties - DEBUG - setting property sizePolicy
2026-03-16 07:35:54,287 - PyQt6.uic.properties - DEBUG - setting property readOnly
2026-03-16 07:35:54,288 - PyQt6.uic.uiparser - DEBUG - push QLineEdit x0309
2026-03-16 07:35:54,288 - PyQt6.uic.uiparser - DEBUG - pop widget QLineEdit x0309
2026-03-16 07:35:54,288 - PyQt6.uic.uiparser - DEBUG - new topwidget <PyQt6.QtWidgets.QWidget object at 0x000001A6A7EC3EB0>
2026-03-16 07:35:54,288 - PyQt6.uic.properties - DEBUG - setting property sizePolicy
2026-03-16 07:35:54,288 - PyQt6.uic.properties - DEBUG - setting property font
2026-03-16 07:35:54,288 - PyQt6.uic.properties - DEBUG - setting property text
2026-03-16 07:35:54,288 - PyQt6.uic.uiparser - DEBUG - push QLabel label_123
2026-03-16 07:35:54,288 - PyQt6.uic.uiparser - DEBUG - pop widget QLabel label_123
2026-03-16 07:35:54,289 - PyQt6.uic.uiparser - DEBUG - new topwidget <PyQt6.QtWidgets.QWidget object at 0x000001A6A7EC3EB0>
2026-03-16 07:35:54,289 - PyQt6.uic.properties - DEBUG - setting property sizePolicy
2026-03-16 07:35:54,289 - PyQt6.uic.properties - DEBUG - setting property font
2026-03-16 07:35:54,289 - PyQt6.uic.properties - DEBUG - setting property text
2026-03-16 07:35:54,289 - PyQt6.uic.uiparser - DEBUG - push QLabel label_127
2026-03-16 07:35:54,289 - PyQt6.uic.uiparser - DEBUG - pop widget QLabel label_127
2026-03-16 07:35:54,289 - PyQt6.uic.uiparser - DEBUG - new topwidget <PyQt6.QtWidgets.QWidget object at 0x000001A6A7EC3EB0>
2026-03-16 07:35:54,289 - PyQt6.uic.properties - DEBUG - setting property sizePolicy
2026-03-16 07:35:54,290 - PyQt6.uic.properties - DEBUG - setting property readOnly
2026-03-16 07:35:54,290 - PyQt6.uic.uiparser - DEBUG - push QLineEdit x0305
2026-03-16 07:35:54,290 - PyQt6.uic.uiparser - DEBUG - pop widget QLineEdit x0305
2026-03-16 07:35:54,290 - PyQt6.uic.uiparser - DEBUG - new topwidget <PyQt6.QtWidgets.QWidget object at 0x000001A6A7EC3EB0>
2026-03-16 07:35:54,290 - PyQt6.uic.properties - DEBUG - setting property sizePolicy
2026-03-16 07:35:54,290 - PyQt6.uic.properties - DEBUG - setting property readOnly
2026-03-16 07:35:54,291 - PyQt6.uic.uiparser - DEBUG - push QLineEdit x0304
2026-03-16 07:35:54,291 - PyQt6.uic.uiparser - DEBUG - pop widget QLineEdit x0304
2026-03-16 07:35:54,291 - PyQt6.uic.uiparser - DEBUG - new topwidget <PyQt6.QtWidgets.QWidget object at 0x000001A6A7EC3EB0>
2026-03-16 07:35:54,291 - PyQt6.uic.properties - DEBUG - setting property sizePolicy
2026-03-16 07:35:54,291 - PyQt6.uic.properties - DEBUG - setting property font
2026-03-16 07:35:54,291 - PyQt6.uic.properties - DEBUG - setting property text
2026-03-16 07:35:54,291 - PyQt6.uic.uiparser - DEBUG - push QLabel label_122
2026-03-16 07:35:54,291 - PyQt6.uic.uiparser - DEBUG - pop widget QLabel label_122
2026-03-16 07:35:54,291 - PyQt6.uic.uiparser - DEBUG - new topwidget <PyQt6.QtWidgets.QWidget object at 0x000001A6A7EC3EB0>
2026-03-16 07:35:54,291 - PyQt6.uic.properties - DEBUG - setting property sizePolicy
2026-03-16 07:35:54,291 - PyQt6.uic.properties - DEBUG - setting property readOnly
2026-03-16 07:35:54,291 - PyQt6.uic.uiparser - DEBUG - push QLineEdit x0301
2026-03-16 07:35:54,291 - PyQt6.uic.uiparser - DEBUG - pop widget QLineEdit x0301
2026-03-16 07:35:54,291 - PyQt6.uic.uiparser - DEBUG - new topwidget <PyQt6.QtWidgets.QWidget object at 0x000001A6A7EC3EB0>
2026-03-16 07:35:54,293 - PyQt6.uic.properties - DEBUG - setting property sizePolicy
2026-03-16 07:35:54,293 - PyQt6.uic.properties - DEBUG - setting property font
2026-03-16 07:35:54,293 - PyQt6.uic.properties - DEBUG - setting property text
2026-03-16 07:35:54,293 - PyQt6.uic.uiparser - DEBUG - push QLabel label_133
2026-03-16 07:35:54,293 - PyQt6.uic.uiparser - DEBUG - pop widget QLabel label_133
2026-03-16 07:35:54,293 - PyQt6.uic.uiparser - DEBUG - new topwidget <PyQt6.QtWidgets.QWidget object at 0x000001A6A7EC3EB0>
2026-03-16 07:35:54,293 - PyQt6.uic.properties - DEBUG - setting property sizePolicy
2026-03-16 07:35:54,293 - PyQt6.uic.properties - DEBUG - setting property readOnly
2026-03-16 07:35:54,293 - PyQt6.uic.uiparser - DEBUG - push QLineEdit x0303
2026-03-16 07:35:54,293 - PyQt6.uic.uiparser - DEBUG - pop widget QLineEdit x0303
2026-03-16 07:35:54,293 - PyQt6.uic.uiparser - DEBUG - new topwidget <PyQt6.QtWidgets.QWidget object at 0x000001A6A7EC3EB0>
2026-03-16 07:35:54,293 - PyQt6.uic.properties - DEBUG - setting property sizePolicy
2026-03-16 07:35:54,293 - PyQt6.uic.properties - DEBUG - setting property font
2026-03-16 07:35:54,293 - PyQt6.uic.properties - DEBUG - setting property text
2026-03-16 07:35:54,293 - PyQt6.uic.uiparser - DEBUG - push QLabel label_134
2026-03-16 07:35:54,293 - PyQt6.uic.uiparser - DEBUG - pop widget QLabel label_134
2026-03-16 07:35:54,295 - PyQt6.uic.uiparser - DEBUG - new topwidget <PyQt6.QtWidgets.QWidget object at 0x000001A6A7EC3EB0>
2026-03-16 07:35:54,295 - PyQt6.uic.properties - DEBUG - setting property sizePolicy
2026-03-16 07:35:54,295 - PyQt6.uic.properties - DEBUG - setting property readOnly
2026-03-16 07:35:54,295 - PyQt6.uic.uiparser - DEBUG - push QLineEdit x0310
2026-03-16 07:35:54,295 - PyQt6.uic.uiparser - DEBUG - pop widget QLineEdit x0310
2026-03-16 07:35:54,295 - PyQt6.uic.uiparser - DEBUG - new topwidget <PyQt6.QtWidgets.QWidget object at 0x000001A6A7EC3EB0>
2026-03-16 07:35:54,295 - PyQt6.uic.properties - DEBUG - setting property sizePolicy
2026-03-16 07:35:54,295 - PyQt6.uic.properties - DEBUG - setting property font
2026-03-16 07:35:54,296 - PyQt6.uic.properties - DEBUG - setting property text
2026-03-16 07:35:54,296 - PyQt6.uic.uiparser - DEBUG - push QLabel label_129
2026-03-16 07:35:54,296 - PyQt6.uic.uiparser - DEBUG - pop widget QLabel label_129
2026-03-16 07:35:54,296 - PyQt6.uic.uiparser - DEBUG - new topwidget <PyQt6.QtWidgets.QWidget object at 0x000001A6A7EC3EB0>
2026-03-16 07:35:54,296 - PyQt6.uic.properties - DEBUG - setting property sizePolicy
2026-03-16 07:35:54,296 - PyQt6.uic.properties - DEBUG - setting property font
2026-03-16 07:35:54,296 - PyQt6.uic.properties - DEBUG - setting property text
2026-03-16 07:35:54,296 - PyQt6.uic.uiparser - DEBUG - push QLabel label_135
2026-03-16 07:35:54,296 - PyQt6.uic.uiparser - DEBUG - pop widget QLabel label_135
2026-03-16 07:35:54,296 - PyQt6.uic.uiparser - DEBUG - new topwidget <PyQt6.QtWidgets.QWidget object at 0x000001A6A7EC3EB0>
2026-03-16 07:35:54,296 - PyQt6.uic.properties - DEBUG - setting property sizePolicy
2026-03-16 07:35:54,296 - PyQt6.uic.properties - DEBUG - setting property font
2026-03-16 07:35:54,296 - PyQt6.uic.properties - DEBUG - setting property text
2026-03-16 07:35:54,297 - PyQt6.uic.uiparser - DEBUG - push QLabel label_131
2026-03-16 07:35:54,297 - PyQt6.uic.uiparser - DEBUG - pop widget QLabel label_131
2026-03-16 07:35:54,297 - PyQt6.uic.uiparser - DEBUG - new topwidget <PyQt6.QtWidgets.QWidget object at 0x000001A6A7EC3EB0>
2026-03-16 07:35:54,297 - PyQt6.uic.properties - DEBUG - setting property sizePolicy
2026-03-16 07:35:54,297 - PyQt6.uic.properties - DEBUG - setting property font
2026-03-16 07:35:54,297 - PyQt6.uic.properties - DEBUG - setting property text
2026-03-16 07:35:54,297 - PyQt6.uic.uiparser - DEBUG - push QLabel label_128
2026-03-16 07:35:54,297 - PyQt6.uic.uiparser - DEBUG - pop widget QLabel label_128
2026-03-16 07:35:54,297 - PyQt6.uic.uiparser - DEBUG - new topwidget <PyQt6.QtWidgets.QWidget object at 0x000001A6A7EC3EB0>
2026-03-16 07:35:54,298 - PyQt6.uic.properties - DEBUG - setting property sizePolicy
2026-03-16 07:35:54,298 - PyQt6.uic.properties - DEBUG - setting property readOnly
2026-03-16 07:35:54,298 - PyQt6.uic.uiparser - DEBUG - push QLineEdit x0307
2026-03-16 07:35:54,298 - PyQt6.uic.uiparser - DEBUG - pop widget QLineEdit x0307
2026-03-16 07:35:54,298 - PyQt6.uic.uiparser - DEBUG - new topwidget <PyQt6.QtWidgets.QWidget object at 0x000001A6A7EC3EB0>
2026-03-16 07:35:54,298 - PyQt6.uic.properties - DEBUG - setting property sizePolicy
2026-03-16 07:35:54,298 - PyQt6.uic.properties - DEBUG - setting property readOnly
2026-03-16 07:35:54,299 - PyQt6.uic.uiparser - DEBUG - push QLineEdit x0312
2026-03-16 07:35:54,299 - PyQt6.uic.uiparser - DEBUG - pop widget QLineEdit x0312
2026-03-16 07:35:54,299 - PyQt6.uic.uiparser - DEBUG - new topwidget <PyQt6.QtWidgets.QWidget object at 0x000001A6A7EC3EB0>
2026-03-16 07:35:54,299 - PyQt6.uic.properties - DEBUG - setting property sizePolicy
2026-03-16 07:35:54,299 - PyQt6.uic.properties - DEBUG - setting property readOnly
2026-03-16 07:35:54,299 - PyQt6.uic.uiparser - DEBUG - push QLineEdit x030B
2026-03-16 07:35:54,299 - PyQt6.uic.uiparser - DEBUG - pop widget QLineEdit x030B
2026-03-16 07:35:54,299 - PyQt6.uic.uiparser - DEBUG - new topwidget <PyQt6.QtWidgets.QWidget object at 0x000001A6A7EC3EB0>
2026-03-16 07:35:54,299 - PyQt6.uic.properties - DEBUG - setting property sizePolicy
2026-03-16 07:35:54,299 - PyQt6.uic.properties - DEBUG - setting property readOnly
2026-03-16 07:35:54,299 - PyQt6.uic.uiparser - DEBUG - push QLineEdit x0302
2026-03-16 07:35:54,299 - PyQt6.uic.uiparser - DEBUG - pop widget QLineEdit x0302
2026-03-16 07:35:54,299 - PyQt6.uic.uiparser - DEBUG - new topwidget <PyQt6.QtWidgets.QWidget object at 0x000001A6A7EC3EB0>
2026-03-16 07:35:54,299 - PyQt6.uic.properties - DEBUG - setting property sizePolicy
2026-03-16 07:35:54,301 - PyQt6.uic.properties - DEBUG - setting property font
2026-03-16 07:35:54,301 - PyQt6.uic.properties - DEBUG - setting property text
2026-03-16 07:35:54,301 - PyQt6.uic.uiparser - DEBUG - push QLabel label_126
2026-03-16 07:35:54,301 - PyQt6.uic.uiparser - DEBUG - pop widget QLabel label_126
2026-03-16 07:35:54,301 - PyQt6.uic.uiparser - DEBUG - new topwidget <PyQt6.QtWidgets.QWidget object at 0x000001A6A7EC3EB0>
2026-03-16 07:35:54,301 - PyQt6.uic.properties - DEBUG - setting property sizePolicy
2026-03-16 07:35:54,301 - PyQt6.uic.properties - DEBUG - setting property readOnly
2026-03-16 07:35:54,301 - PyQt6.uic.uiparser - DEBUG - push QLineEdit x0308
2026-03-16 07:35:54,301 - PyQt6.uic.uiparser - DEBUG - pop widget QLineEdit x0308
2026-03-16 07:35:54,302 - PyQt6.uic.uiparser - DEBUG - new topwidget <PyQt6.QtWidgets.QWidget object at 0x000001A6A7EC3EB0>
2026-03-16 07:35:54,302 - PyQt6.uic.properties - DEBUG - setting property sizePolicy
2026-03-16 07:35:54,302 - PyQt6.uic.properties - DEBUG - setting property readOnly
2026-03-16 07:35:54,302 - PyQt6.uic.uiparser - DEBUG - push QLineEdit x0311
2026-03-16 07:35:54,302 - PyQt6.uic.uiparser - DEBUG - pop widget QLineEdit x0311
2026-03-16 07:35:54,302 - PyQt6.uic.uiparser - DEBUG - new topwidget <PyQt6.QtWidgets.QWidget object at 0x000001A6A7EC3EB0>
2026-03-16 07:35:54,302 - PyQt6.uic.properties - DEBUG - setting property sizePolicy
2026-03-16 07:35:54,302 - PyQt6.uic.properties - DEBUG - setting property font
2026-03-16 07:35:54,302 - PyQt6.uic.properties - DEBUG - setting property text
2026-03-16 07:35:54,303 - PyQt6.uic.uiparser - DEBUG - push QLabel label_132
2026-03-16 07:35:54,303 - PyQt6.uic.uiparser - DEBUG - pop widget QLabel label_132
2026-03-16 07:35:54,303 - PyQt6.uic.uiparser - DEBUG - new topwidget <PyQt6.QtWidgets.QWidget object at 0x000001A6A7EC3EB0>
2026-03-16 07:35:54,303 - PyQt6.uic.properties - DEBUG - setting property sizePolicy
2026-03-16 07:35:54,303 - PyQt6.uic.properties - DEBUG - setting property readOnly
2026-03-16 07:35:54,303 - PyQt6.uic.uiparser - DEBUG - push QLineEdit x030A
2026-03-16 07:35:54,303 - PyQt6.uic.uiparser - DEBUG - pop widget QLineEdit x030A
2026-03-16 07:35:54,303 - PyQt6.uic.uiparser - DEBUG - new topwidget <PyQt6.QtWidgets.QWidget object at 0x000001A6A7EC3EB0>
2026-03-16 07:35:54,303 - PyQt6.uic.properties - DEBUG - setting property sizePolicy
2026-03-16 07:35:54,304 - PyQt6.uic.properties - DEBUG - setting property readOnly
2026-03-16 07:35:54,304 - PyQt6.uic.uiparser - DEBUG - push QLineEdit x0306
2026-03-16 07:35:54,304 - PyQt6.uic.uiparser - DEBUG - pop widget QLineEdit x0306
2026-03-16 07:35:54,304 - PyQt6.uic.uiparser - DEBUG - new topwidget <PyQt6.QtWidgets.QWidget object at 0x000001A6A7EC3EB0>
2026-03-16 07:35:54,304 - PyQt6.uic.properties - DEBUG - setting property sizePolicy
2026-03-16 07:35:54,304 - PyQt6.uic.properties - DEBUG - setting property font
2026-03-16 07:35:54,304 - PyQt6.uic.properties - DEBUG - setting property text
2026-03-16 07:35:54,304 - PyQt6.uic.uiparser - DEBUG - push QLabel label_130
2026-03-16 07:35:54,304 - PyQt6.uic.uiparser - DEBUG - pop widget QLabel label_130
2026-03-16 07:35:54,304 - PyQt6.uic.uiparser - DEBUG - new topwidget <PyQt6.QtWidgets.QWidget object at 0x000001A6A7EC3EB0>
2026-03-16 07:35:54,304 - PyQt6.uic.properties - DEBUG - setting property sizePolicy
2026-03-16 07:35:54,305 - PyQt6.uic.properties - DEBUG - setting property font
2026-03-16 07:35:54,305 - PyQt6.uic.properties - DEBUG - setting property text
2026-03-16 07:35:54,305 - PyQt6.uic.uiparser - DEBUG - push QLabel label_121
2026-03-16 07:35:54,305 - PyQt6.uic.uiparser - DEBUG - pop widget QLabel label_121
2026-03-16 07:35:54,305 - PyQt6.uic.uiparser - DEBUG - new topwidget <PyQt6.QtWidgets.QWidget object at 0x000001A6A7EC3EB0>
2026-03-16 07:35:54,305 - PyQt6.uic.properties - DEBUG - setting property sizePolicy
2026-03-16 07:35:54,305 - PyQt6.uic.properties - DEBUG - setting property readOnly
2026-03-16 07:35:54,305 - PyQt6.uic.uiparser - DEBUG - push QLineEdit x0313
2026-03-16 07:35:54,305 - PyQt6.uic.uiparser - DEBUG - pop widget QLineEdit x0313
2026-03-16 07:35:54,305 - PyQt6.uic.uiparser - DEBUG - new topwidget <PyQt6.QtWidgets.QWidget object at 0x000001A6A7EC3EB0>
2026-03-16 07:35:54,306 - PyQt6.uic.uiparser - DEBUG - pop layout QGridLayout gridLayout_2
2026-03-16 07:35:54,306 - PyQt6.uic.uiparser - DEBUG - pop widget QWidget gridLayoutWidget
2026-03-16 07:35:54,306 - PyQt6.uic.uiparser - DEBUG - new topwidget <PyQt6.QtWidgets.QGroupBox object at 0x000001A6A7EC3E20>
2026-03-16 07:35:54,306 - PyQt6.uic.properties - DEBUG - setting property geometry
2026-03-16 07:35:54,306 - PyQt6.uic.uiparser - DEBUG - push QWidget gridLayoutWidget_8
2026-03-16 07:35:54,306 - PyQt6.uic.properties - DEBUG - setting property horizontalSpacing
2026-03-16 07:35:54,306 - PyQt6.uic.properties - DEBUG - setting property pyuicMargins
2026-03-16 07:35:54,306 - PyQt6.uic.properties - DEBUG - setting property pyuicSpacing
2026-03-16 07:35:54,306 - PyQt6.uic.uiparser - DEBUG - push QGridLayout gridLayout_9
2026-03-16 07:35:54,306 - PyQt6.uic.properties - DEBUG - setting property sizePolicy
2026-03-16 07:35:54,306 - PyQt6.uic.properties - DEBUG - setting property font
2026-03-16 07:35:54,307 - PyQt6.uic.properties - DEBUG - setting property text
2026-03-16 07:35:54,307 - PyQt6.uic.uiparser - DEBUG - push QLabel label_137
2026-03-16 07:35:54,307 - PyQt6.uic.uiparser - DEBUG - pop widget QLabel label_137
2026-03-16 07:35:54,307 - PyQt6.uic.uiparser - DEBUG - new topwidget <PyQt6.QtWidgets.QWidget object at 0x000001A6A7ED5240>
2026-03-16 07:35:54,307 - PyQt6.uic.properties - DEBUG - setting property sizePolicy
2026-03-16 07:35:54,307 - PyQt6.uic.properties - DEBUG - setting property font
2026-03-16 07:35:54,307 - PyQt6.uic.properties - DEBUG - setting property text
2026-03-16 07:35:54,307 - PyQt6.uic.uiparser - DEBUG - push QLabel label_124
2026-03-16 07:35:54,307 - PyQt6.uic.uiparser - DEBUG - pop widget QLabel label_124
2026-03-16 07:35:54,308 - PyQt6.uic.uiparser - DEBUG - new topwidget <PyQt6.QtWidgets.QWidget object at 0x000001A6A7ED5240>
2026-03-16 07:35:54,308 - PyQt6.uic.properties - DEBUG - setting property sizePolicy
2026-03-16 07:35:54,308 - PyQt6.uic.properties - DEBUG - setting property readOnly
2026-03-16 07:35:54,308 - PyQt6.uic.uiparser - DEBUG - push QLineEdit x030C
2026-03-16 07:35:54,308 - PyQt6.uic.uiparser - DEBUG - pop widget QLineEdit x030C
2026-03-16 07:35:54,308 - PyQt6.uic.uiparser - DEBUG - new topwidget <PyQt6.QtWidgets.QWidget object at 0x000001A6A7ED5240>
2026-03-16 07:35:54,308 - PyQt6.uic.properties - DEBUG - setting property sizePolicy
2026-03-16 07:35:54,308 - PyQt6.uic.properties - DEBUG - setting property readOnly
2026-03-16 07:35:54,308 - PyQt6.uic.uiparser - DEBUG - push QLineEdit x030D
2026-03-16 07:35:54,308 - PyQt6.uic.uiparser - DEBUG - pop widget QLineEdit x030D
2026-03-16 07:35:54,308 - PyQt6.uic.uiparser - DEBUG - new topwidget <PyQt6.QtWidgets.QWidget object at 0x000001A6A7ED5240>
2026-03-16 07:35:54,309 - PyQt6.uic.uiparser - DEBUG - pop layout QGridLayout gridLayout_9
2026-03-16 07:35:54,309 - PyQt6.uic.uiparser - DEBUG - pop widget QWidget gridLayoutWidget_8
2026-03-16 07:35:54,309 - PyQt6.uic.uiparser - DEBUG - new topwidget <PyQt6.QtWidgets.QGroupBox object at 0x000001A6A7EC3E20>
2026-03-16 07:35:54,309 - PyQt6.uic.uiparser - DEBUG - pop widget QGroupBox groupBox_15
2026-03-16 07:35:54,309 - PyQt6.uic.uiparser - DEBUG - new topwidget <PyQt6.QtWidgets.QGroupBox object at 0x000001A6A7EC3760>
2026-03-16 07:35:54,309 - PyQt6.uic.properties - DEBUG - setting property geometry
2026-03-16 07:35:54,309 - PyQt6.uic.properties - DEBUG - setting property sizePolicy
2026-03-16 07:35:54,309 - PyQt6.uic.properties - DEBUG - setting property font
2026-03-16 07:35:54,309 - PyQt6.uic.properties - DEBUG - setting property text
2026-03-16 07:35:54,309 - PyQt6.uic.uiparser - DEBUG - push QPushButton clearcounter
2026-03-16 07:35:54,309 - PyQt6.uic.uiparser - DEBUG - pop widget QPushButton clearcounter
2026-03-16 07:35:54,309 - PyQt6.uic.uiparser - DEBUG - new topwidget <PyQt6.QtWidgets.QGroupBox object at 0x000001A6A7EC3760>
2026-03-16 07:35:54,310 - PyQt6.uic.properties - DEBUG - setting property geometry
2026-03-16 07:35:54,310 - PyQt6.uic.properties - DEBUG - setting property sizePolicy
2026-03-16 07:35:54,310 - PyQt6.uic.properties - DEBUG - setting property font
2026-03-16 07:35:54,310 - PyQt6.uic.properties - DEBUG - setting property text
2026-03-16 07:35:54,310 - PyQt6.uic.uiparser - DEBUG - push QLabel label_56
2026-03-16 07:35:54,310 - PyQt6.uic.uiparser - DEBUG - pop widget QLabel label_56
2026-03-16 07:35:54,310 - PyQt6.uic.uiparser - DEBUG - new topwidget <PyQt6.QtWidgets.QGroupBox object at 0x000001A6A7EC3760>
2026-03-16 07:35:54,310 - PyQt6.uic.properties - DEBUG - setting property geometry
2026-03-16 07:35:54,310 - PyQt6.uic.properties - DEBUG - setting property sizePolicy
2026-03-16 07:35:54,310 - PyQt6.uic.properties - DEBUG - setting property font
2026-03-16 07:35:54,310 - PyQt6.uic.properties - DEBUG - setting property text
2026-03-16 07:35:54,310 - PyQt6.uic.uiparser - DEBUG - push QLabel label_55
2026-03-16 07:35:54,311 - PyQt6.uic.uiparser - DEBUG - pop widget QLabel label_55
2026-03-16 07:35:54,311 - PyQt6.uic.uiparser - DEBUG - new topwidget <PyQt6.QtWidgets.QGroupBox object at 0x000001A6A7EC3760>
2026-03-16 07:35:54,311 - PyQt6.uic.properties - DEBUG - setting property geometry
2026-03-16 07:35:54,311 - PyQt6.uic.properties - DEBUG - setting property sizePolicy
2026-03-16 07:35:54,311 - PyQt6.uic.properties - DEBUG - setting property font
2026-03-16 07:35:54,311 - PyQt6.uic.properties - DEBUG - setting property alignment
2026-03-16 07:35:54,311 - PyQt6.uic.uiparser - DEBUG - push QSpinBox Slave1
2026-03-16 07:35:54,311 - PyQt6.uic.uiparser - DEBUG - pop widget QSpinBox Slave1
2026-03-16 07:35:54,311 - PyQt6.uic.uiparser - DEBUG - new topwidget <PyQt6.QtWidgets.QGroupBox object at 0x000001A6A7EC3760>
2026-03-16 07:35:54,311 - PyQt6.uic.properties - DEBUG - setting property geometry
2026-03-16 07:35:54,311 - PyQt6.uic.properties - DEBUG - setting property sizePolicy
2026-03-16 07:35:54,311 - PyQt6.uic.properties - DEBUG - setting property font
2026-03-16 07:35:54,311 - PyQt6.uic.properties - DEBUG - setting property alignment
2026-03-16 07:35:54,311 - PyQt6.uic.uiparser - DEBUG - push QSpinBox Master1
2026-03-16 07:35:54,311 - PyQt6.uic.uiparser - DEBUG - pop widget QSpinBox Master1
2026-03-16 07:35:54,311 - PyQt6.uic.uiparser - DEBUG - new topwidget <PyQt6.QtWidgets.QGroupBox object at 0x000001A6A7EC3760>
2026-03-16 07:35:54,311 - PyQt6.uic.uiparser - DEBUG - pop widget QGroupBox groupBox_2
2026-03-16 07:35:54,312 - PyQt6.uic.uiparser - DEBUG - new topwidget <PyQt6.QtWidgets.QWidget object at 0x000001A6A7EC36D0>
2026-03-16 07:35:54,312 - PyQt6.uic.properties - DEBUG - setting property geometry
2026-03-16 07:35:54,312 - PyQt6.uic.properties - DEBUG - setting property sizePolicy
2026-03-16 07:35:54,312 - PyQt6.uic.properties - DEBUG - setting property font
2026-03-16 07:35:54,312 - PyQt6.uic.properties - DEBUG - setting property styleSheet
2026-03-16 07:35:54,312 - PyQt6.uic.properties - DEBUG - setting property text
2026-03-16 07:35:54,312 - PyQt6.uic.properties - DEBUG - setting property alignment
2026-03-16 07:35:54,312 - PyQt6.uic.uiparser - DEBUG - push QLabel label_57
2026-03-16 07:35:54,312 - PyQt6.uic.uiparser - DEBUG - pop widget QLabel label_57
2026-03-16 07:35:54,314 - PyQt6.uic.uiparser - DEBUG - new topwidget <PyQt6.QtWidgets.QWidget object at 0x000001A6A7EC36D0>
2026-03-16 07:35:54,314 - PyQt6.uic.uiparser - DEBUG - pop widget QWidget tab_8
2026-03-16 07:35:54,314 - PyQt6.uic.uiparser - DEBUG - new topwidget <PyQt6.QtWidgets.QTabWidget object at 0x000001A6A5FC7490>
2026-03-16 07:35:54,314 - PyQt6.uic.uiparser - DEBUG - push QWidget tab_11
2026-03-16 07:35:54,315 - PyQt6.uic.properties - DEBUG - setting property geometry
2026-03-16 07:35:54,315 - PyQt6.uic.properties - DEBUG - setting property font
2026-03-16 07:35:54,315 - PyQt6.uic.properties - DEBUG - setting property focusPolicy
2026-03-16 07:35:54,315 - PyQt6.uic.properties - DEBUG - setting property styleSheet
2026-03-16 07:35:54,315 - PyQt6.uic.properties - DEBUG - setting property currentIndex
2026-03-16 07:35:54,315 - PyQt6.uic.properties - DEBUG - setting property documentMode
2026-03-16 07:35:54,315 - PyQt6.uic.uiparser - DEBUG - push QTabWidget tabWidget_4
2026-03-16 07:35:54,315 - PyQt6.uic.uiparser - DEBUG - push QWidget tab_12
2026-03-16 07:35:54,315 - PyQt6.uic.properties - DEBUG - setting property geometry
2026-03-16 07:35:54,315 - PyQt6.uic.properties - DEBUG - setting property font
2026-03-16 07:35:54,315 - PyQt6.uic.properties - DEBUG - setting property frameShape
2026-03-16 07:35:54,315 - PyQt6.uic.properties - DEBUG - setting property horizontalScrollBarPolicy
2026-03-16 07:35:54,315 - PyQt6.uic.properties - DEBUG - setting property sizeAdjustPolicy
2026-03-16 07:35:54,315 - PyQt6.uic.properties - DEBUG - setting property editTriggers
2026-03-16 07:35:54,315 - PyQt6.uic.properties - DEBUG - setting property sortingEnabled
2026-03-16 07:35:54,315 - PyQt6.uic.uiparser - DEBUG - push QTableWidget tableWidget
2026-03-16 07:35:54,317 - PyQt6.uic.uiparser - DEBUG - pop widget QTableWidget tableWidget
2026-03-16 07:35:54,317 - PyQt6.uic.uiparser - DEBUG - new topwidget <PyQt6.QtWidgets.QWidget object at 0x000001A6A7ED5A20>
2026-03-16 07:35:54,317 - PyQt6.uic.properties - DEBUG - setting property geometry
2026-03-16 07:35:54,317 - PyQt6.uic.properties - DEBUG - setting property text
2026-03-16 07:35:54,317 - PyQt6.uic.uiparser - DEBUG - push QPushButton pushButton
2026-03-16 07:35:54,317 - PyQt6.uic.uiparser - DEBUG - pop widget QPushButton pushButton
2026-03-16 07:35:54,317 - PyQt6.uic.uiparser - DEBUG - new topwidget <PyQt6.QtWidgets.QWidget object at 0x000001A6A7ED5A20>
2026-03-16 07:35:54,318 - PyQt6.uic.uiparser - DEBUG - pop widget QWidget tab_12
2026-03-16 07:35:54,318 - PyQt6.uic.uiparser - DEBUG - new topwidget <PyQt6.QtWidgets.QTabWidget object at 0x000001A6A7ED5990>
2026-03-16 07:35:54,319 - PyQt6.uic.uiparser - DEBUG - push QWidget tab_3
2026-03-16 07:35:54,319 - PyQt6.uic.properties - DEBUG - setting property geometry
2026-03-16 07:35:54,319 - PyQt6.uic.properties - DEBUG - setting property autoFormatting
2026-03-16 07:35:54,319 - PyQt6.uic.uiparser - DEBUG - push QTextEdit textEdit
2026-03-16 07:35:54,319 - PyQt6.uic.uiparser - DEBUG - pop widget QTextEdit textEdit
2026-03-16 07:35:54,319 - PyQt6.uic.uiparser - DEBUG - new topwidget <PyQt6.QtWidgets.QWidget object at 0x000001A6A7ED5E10>
2026-03-16 07:35:54,319 - PyQt6.uic.properties - DEBUG - setting property geometry
2026-03-16 07:35:54,319 - PyQt6.uic.properties - DEBUG - setting property font
2026-03-16 07:35:54,321 - PyQt6.uic.properties - DEBUG - setting property focusPolicy
2026-03-16 07:35:54,321 - PyQt6.uic.properties - DEBUG - setting property toolTip
2026-03-16 07:35:54,321 - PyQt6.uic.properties - DEBUG - setting property styleSheet
2026-03-16 07:35:54,321 - PyQt6.uic.properties - DEBUG - setting property text
2026-03-16 07:35:54,321 - PyQt6.uic.properties - DEBUG - setting property checkable
2026-03-16 07:35:54,321 - PyQt6.uic.uiparser - DEBUG - push QPushButton Read
2026-03-16 07:35:54,321 - PyQt6.uic.uiparser - DEBUG - pop widget QPushButton Read
2026-03-16 07:35:54,321 - PyQt6.uic.uiparser - DEBUG - new topwidget <PyQt6.QtWidgets.QWidget object at 0x000001A6A7ED5E10>
2026-03-16 07:35:54,321 - PyQt6.uic.properties - DEBUG - setting property geometry
2026-03-16 07:35:54,321 - PyQt6.uic.properties - DEBUG - setting property font
2026-03-16 07:35:54,322 - PyQt6.uic.properties - DEBUG - setting property styleSheet
2026-03-16 07:35:54,322 - PyQt6.uic.properties - DEBUG - setting property text
2026-03-16 07:35:54,322 - PyQt6.uic.properties - DEBUG - setting property alignment
2026-03-16 07:35:54,322 - PyQt6.uic.uiparser - DEBUG - push QLabel label_2
2026-03-16 07:35:54,322 - PyQt6.uic.uiparser - DEBUG - pop widget QLabel label_2
2026-03-16 07:35:54,322 - PyQt6.uic.uiparser - DEBUG - new topwidget <PyQt6.QtWidgets.QWidget object at 0x000001A6A7ED5E10>
2026-03-16 07:35:54,323 - PyQt6.uic.properties - DEBUG - setting property geometry
2026-03-16 07:35:54,323 - PyQt6.uic.uiparser - DEBUG - push QSpinBox VerboseLevel
2026-03-16 07:35:54,323 - PyQt6.uic.uiparser - DEBUG - pop widget QSpinBox VerboseLevel
2026-03-16 07:35:54,323 - PyQt6.uic.uiparser - DEBUG - new topwidget <PyQt6.QtWidgets.QWidget object at 0x000001A6A7ED5E10>
2026-03-16 07:35:54,323 - PyQt6.uic.properties - DEBUG - setting property geometry
2026-03-16 07:35:54,323 - PyQt6.uic.properties - DEBUG - setting property toolTip
2026-03-16 07:35:54,323 - PyQt6.uic.properties - DEBUG - setting property styleSheet
2026-03-16 07:35:54,324 - PyQt6.uic.uiparser - DEBUG - push QComboBox filecombo
2026-03-16 07:35:54,324 - PyQt6.uic.uiparser - DEBUG - pop widget QComboBox filecombo
2026-03-16 07:35:54,324 - PyQt6.uic.uiparser - DEBUG - new topwidget <PyQt6.QtWidgets.QWidget object at 0x000001A6A7ED5E10>
2026-03-16 07:35:54,324 - PyQt6.uic.properties - DEBUG - setting property geometry
2026-03-16 07:35:54,324 - PyQt6.uic.properties - DEBUG - setting property font
2026-03-16 07:35:54,324 - PyQt6.uic.properties - DEBUG - setting property focusPolicy
2026-03-16 07:35:54,324 - PyQt6.uic.properties - DEBUG - setting property toolTip
2026-03-16 07:35:54,324 - PyQt6.uic.properties - DEBUG - setting property styleSheet
2026-03-16 07:35:54,324 - PyQt6.uic.properties - DEBUG - setting property text
2026-03-16 07:35:54,324 - PyQt6.uic.properties - DEBUG - setting property checkable
2026-03-16 07:35:54,324 - PyQt6.uic.uiparser - DEBUG - push QPushButton Update
2026-03-16 07:35:54,325 - PyQt6.uic.uiparser - DEBUG - pop widget QPushButton Update
2026-03-16 07:35:54,325 - PyQt6.uic.uiparser - DEBUG - new topwidget <PyQt6.QtWidgets.QWidget object at 0x000001A6A7ED5E10>
2026-03-16 07:35:54,325 - PyQt6.uic.properties - DEBUG - setting property geometry
2026-03-16 07:35:54,325 - PyQt6.uic.properties - DEBUG - setting property toolTip
2026-03-16 07:35:54,325 - PyQt6.uic.properties - DEBUG - setting property text
2026-03-16 07:35:54,325 - PyQt6.uic.uiparser - DEBUG - push QPushButton export_files
2026-03-16 07:35:54,325 - PyQt6.uic.uiparser - DEBUG - pop widget QPushButton export_files
2026-03-16 07:35:54,325 - PyQt6.uic.uiparser - DEBUG - new topwidget <PyQt6.QtWidgets.QWidget object at 0x000001A6A7ED5E10>
2026-03-16 07:35:54,325 - PyQt6.uic.uiparser - DEBUG - pop widget QWidget tab_3
2026-03-16 07:35:54,325 - PyQt6.uic.uiparser - DEBUG - new topwidget <PyQt6.QtWidgets.QTabWidget object at 0x000001A6A7ED5990>
2026-03-16 07:35:54,326 - PyQt6.uic.uiparser - DEBUG - pop widget QTabWidget tabWidget_4
2026-03-16 07:35:54,326 - PyQt6.uic.uiparser - DEBUG - new topwidget <PyQt6.QtWidgets.QWidget object at 0x000001A6A7ED5900>
2026-03-16 07:35:54,326 - PyQt6.uic.uiparser - DEBUG - pop widget QWidget tab_11
2026-03-16 07:35:54,326 - PyQt6.uic.uiparser - DEBUG - new topwidget <PyQt6.QtWidgets.QTabWidget object at 0x000001A6A5FC7490>
2026-03-16 07:35:54,327 - PyQt6.uic.uiparser - DEBUG - pop widget QTabWidget tabWidget_5
2026-03-16 07:35:54,327 - PyQt6.uic.uiparser - DEBUG - new topwidget <PyQt6.QtWidgets.QWidget object at 0x000001A6A5FC6320>
2026-03-16 07:35:54,327 - PyQt6.uic.properties - DEBUG - setting property geometry
2026-03-16 07:35:54,327 - PyQt6.uic.properties - DEBUG - setting property sizePolicy
2026-03-16 07:35:54,328 - PyQt6.uic.properties - DEBUG - setting property font
2026-03-16 07:35:54,328 - PyQt6.uic.properties - DEBUG - setting property styleSheet
2026-03-16 07:35:54,328 - PyQt6.uic.properties - DEBUG - setting property title
2026-03-16 07:35:54,328 - PyQt6.uic.uiparser - DEBUG - push QGroupBox groupBox_14
2026-03-16 07:35:54,328 - PyQt6.uic.properties - DEBUG - setting property geometry
2026-03-16 07:35:54,328 - PyQt6.uic.properties - DEBUG - setting property sizePolicy
2026-03-16 07:35:54,328 - PyQt6.uic.properties - DEBUG - setting property font
2026-03-16 07:35:54,328 - PyQt6.uic.properties - DEBUG - setting property styleSheet
2026-03-16 07:35:54,328 - PyQt6.uic.properties - DEBUG - setting property text
2026-03-16 07:35:54,329 - PyQt6.uic.uiparser - DEBUG - push QLabel label_11
2026-03-16 07:35:54,329 - PyQt6.uic.uiparser - DEBUG - pop widget QLabel label_11
2026-03-16 07:35:54,329 - PyQt6.uic.uiparser - DEBUG - new topwidget <PyQt6.QtWidgets.QGroupBox object at 0x000001A6A7ED6290>
2026-03-16 07:35:54,329 - PyQt6.uic.properties - DEBUG - setting property enabled
2026-03-16 07:35:54,329 - PyQt6.uic.properties - DEBUG - setting property geometry
2026-03-16 07:35:54,329 - PyQt6.uic.properties - DEBUG - setting property sizePolicy
2026-03-16 07:35:54,329 - PyQt6.uic.properties - DEBUG - setting property font
2026-03-16 07:35:54,330 - PyQt6.uic.properties - DEBUG - setting property focusPolicy
2026-03-16 07:35:54,330 - PyQt6.uic.properties - DEBUG - setting property toolTip
2026-03-16 07:35:54,330 - PyQt6.uic.properties - DEBUG - setting property statusTip
2026-03-16 07:35:54,331 - PyQt6.uic.properties - DEBUG - setting property styleSheet
2026-03-16 07:35:54,331 - PyQt6.uic.properties - DEBUG - setting property text
2026-03-16 07:35:54,334 - PyQt6.uic.properties - DEBUG - setting property alignment
2026-03-16 07:35:54,334 - PyQt6.uic.uiparser - DEBUG - push QLineEdit IPAddress
2026-03-16 07:35:54,334 - PyQt6.uic.uiparser - DEBUG - pop widget QLineEdit IPAddress
2026-03-16 07:35:54,334 - PyQt6.uic.uiparser - DEBUG - new topwidget <PyQt6.QtWidgets.QGroupBox object at 0x000001A6A7ED6290>
2026-03-16 07:35:54,334 - PyQt6.uic.properties - DEBUG - setting property geometry
2026-03-16 07:35:54,334 - PyQt6.uic.properties - DEBUG - setting property sizePolicy
2026-03-16 07:35:54,334 - PyQt6.uic.properties - DEBUG - setting property font
2026-03-16 07:35:54,334 - PyQt6.uic.properties - DEBUG - setting property focusPolicy
2026-03-16 07:35:54,335 - PyQt6.uic.properties - DEBUG - setting property contextMenuPolicy
2026-03-16 07:35:54,335 - PyQt6.uic.properties - DEBUG - setting property toolTip
2026-03-16 07:35:54,335 - PyQt6.uic.properties - DEBUG - setting property statusTip
2026-03-16 07:35:54,335 - PyQt6.uic.properties - DEBUG - setting property autoFillBackground
2026-03-16 07:35:54,335 - PyQt6.uic.properties - DEBUG - setting property styleSheet
2026-03-16 07:35:54,335 - PyQt6.uic.properties - DEBUG - setting property text
2026-03-16 07:35:54,335 - PyQt6.uic.properties - DEBUG - setting property checkable
2026-03-16 07:35:54,335 - PyQt6.uic.properties - DEBUG - setting property checked
2026-03-16 07:35:54,336 - PyQt6.uic.properties - DEBUG - setting property autoRepeat
2026-03-16 07:35:54,336 - PyQt6.uic.uiparser - DEBUG - push QPushButton Connect
2026-03-16 07:35:54,336 - PyQt6.uic.uiparser - DEBUG - pop widget QPushButton Connect
2026-03-16 07:35:54,336 - PyQt6.uic.uiparser - DEBUG - new topwidget <PyQt6.QtWidgets.QGroupBox object at 0x000001A6A7ED6290>
2026-03-16 07:35:54,336 - PyQt6.uic.properties - DEBUG - setting property geometry
2026-03-16 07:35:54,336 - PyQt6.uic.properties - DEBUG - setting property title
2026-03-16 07:35:54,336 - PyQt6.uic.properties - DEBUG - setting property flat
2026-03-16 07:35:54,336 - PyQt6.uic.uiparser - DEBUG - push QGroupBox diagnosticbox
2026-03-16 07:35:54,336 - PyQt6.uic.properties - DEBUG - setting property geometry
2026-03-16 07:35:54,337 - PyQt6.uic.uiparser - DEBUG - push QWidget gridLayoutWidget_23
2026-03-16 07:35:54,337 - PyQt6.uic.properties - DEBUG - setting property horizontalSpacing
2026-03-16 07:35:54,337 - PyQt6.uic.properties - DEBUG - setting property pyuicMargins
2026-03-16 07:35:54,337 - PyQt6.uic.properties - DEBUG - setting property pyuicSpacing
2026-03-16 07:35:54,337 - PyQt6.uic.uiparser - DEBUG - push QGridLayout gridLayout_24
2026-03-16 07:35:54,337 - PyQt6.uic.properties - DEBUG - setting property sizePolicy
2026-03-16 07:35:54,337 - PyQt6.uic.properties - DEBUG - setting property font
2026-03-16 07:35:54,337 - PyQt6.uic.properties - DEBUG - setting property styleSheet
2026-03-16 07:35:54,337 - PyQt6.uic.properties - DEBUG - setting property text
2026-03-16 07:35:54,338 - PyQt6.uic.uiparser - DEBUG - push QLabel EcatMasterState
2026-03-16 07:35:54,338 - PyQt6.uic.uiparser - DEBUG - pop widget QLabel EcatMasterState
2026-03-16 07:35:54,338 - PyQt6.uic.uiparser - DEBUG - new topwidget <PyQt6.QtWidgets.QWidget object at 0x000001A6A7ED65F0>
2026-03-16 07:35:54,338 - PyQt6.uic.properties - DEBUG - setting property sizePolicy
2026-03-16 07:35:54,338 - PyQt6.uic.properties - DEBUG - setting property font
2026-03-16 07:35:54,338 - PyQt6.uic.properties - DEBUG - setting property focusPolicy
2026-03-16 07:35:54,338 - PyQt6.uic.properties - DEBUG - setting property alignment
2026-03-16 07:35:54,338 - PyQt6.uic.properties - DEBUG - setting property readOnly
2026-03-16 07:35:54,338 - PyQt6.uic.uiparser - DEBUG - push QLineEdit EcMasterDemo
2026-03-16 07:35:54,338 - PyQt6.uic.uiparser - DEBUG - pop widget QLineEdit EcMasterDemo
2026-03-16 07:35:54,338 - PyQt6.uic.uiparser - DEBUG - new topwidget <PyQt6.QtWidgets.QWidget object at 0x000001A6A7ED65F0>
2026-03-16 07:35:54,339 - PyQt6.uic.properties - DEBUG - setting property sizePolicy
2026-03-16 07:35:54,339 - PyQt6.uic.properties - DEBUG - setting property font
2026-03-16 07:35:54,339 - PyQt6.uic.properties - DEBUG - setting property text
2026-03-16 07:35:54,339 - PyQt6.uic.uiparser - DEBUG - push QLabel EcMasterDemo_2
2026-03-16 07:35:54,339 - PyQt6.uic.uiparser - DEBUG - pop widget QLabel EcMasterDemo_2
2026-03-16 07:35:54,339 - PyQt6.uic.uiparser - DEBUG - new topwidget <PyQt6.QtWidgets.QWidget object at 0x000001A6A7ED65F0>
2026-03-16 07:35:54,339 - PyQt6.uic.properties - DEBUG - setting property sizePolicy
2026-03-16 07:35:54,339 - PyQt6.uic.properties - DEBUG - setting property font
2026-03-16 07:35:54,340 - PyQt6.uic.properties - DEBUG - setting property focusPolicy
2026-03-16 07:35:54,340 - PyQt6.uic.properties - DEBUG - setting property statusTip
2026-03-16 07:35:54,340 - PyQt6.uic.properties - DEBUG - setting property alignment
2026-03-16 07:35:54,340 - PyQt6.uic.properties - DEBUG - setting property readOnly
2026-03-16 07:35:54,340 - PyQt6.uic.uiparser - DEBUG - push QLineEdit EcatMasterState_2
2026-03-16 07:35:54,340 - PyQt6.uic.uiparser - DEBUG - pop widget QLineEdit EcatMasterState_2
2026-03-16 07:35:54,340 - PyQt6.uic.uiparser - DEBUG - new topwidget <PyQt6.QtWidgets.QWidget object at 0x000001A6A7ED65F0>
2026-03-16 07:35:54,340 - PyQt6.uic.properties - DEBUG - setting property sizePolicy
2026-03-16 07:35:54,340 - PyQt6.uic.properties - DEBUG - setting property font
2026-03-16 07:35:54,340 - PyQt6.uic.properties - DEBUG - setting property focusPolicy
2026-03-16 07:35:54,340 - PyQt6.uic.properties - DEBUG - setting property statusTip
2026-03-16 07:35:54,340 - PyQt6.uic.properties - DEBUG - setting property styleSheet
2026-03-16 07:35:54,340 - PyQt6.uic.properties - DEBUG - setting property alignment
2026-03-16 07:35:54,340 - PyQt6.uic.properties - DEBUG - setting property readOnly
2026-03-16 07:35:54,340 - PyQt6.uic.uiparser - DEBUG - push QLineEdit Servocount
2026-03-16 07:35:54,340 - PyQt6.uic.uiparser - DEBUG - pop widget QLineEdit Servocount
2026-03-16 07:35:54,340 - PyQt6.uic.uiparser - DEBUG - new topwidget <PyQt6.QtWidgets.QWidget object at 0x000001A6A7ED65F0>
2026-03-16 07:35:54,341 - PyQt6.uic.properties - DEBUG - setting property sizePolicy
2026-03-16 07:35:54,341 - PyQt6.uic.properties - DEBUG - setting property font
2026-03-16 07:35:54,341 - PyQt6.uic.properties - DEBUG - setting property text
2026-03-16 07:35:54,341 - PyQt6.uic.uiparser - DEBUG - push QLabel RasServer_2
2026-03-16 07:35:54,341 - PyQt6.uic.uiparser - DEBUG - pop widget QLabel RasServer_2
2026-03-16 07:35:54,341 - PyQt6.uic.uiparser - DEBUG - new topwidget <PyQt6.QtWidgets.QWidget object at 0x000001A6A7ED65F0>
2026-03-16 07:35:54,341 - PyQt6.uic.properties - DEBUG - setting property sizePolicy
2026-03-16 07:35:54,341 - PyQt6.uic.properties - DEBUG - setting property font
2026-03-16 07:35:54,341 - PyQt6.uic.properties - DEBUG - setting property styleSheet
2026-03-16 07:35:54,341 - PyQt6.uic.properties - DEBUG - setting property text
2026-03-16 07:35:54,341 - PyQt6.uic.properties - DEBUG - setting property alignment
2026-03-16 07:35:54,342 - PyQt6.uic.uiparser - DEBUG - push QLabel Servocount_2
2026-03-16 07:35:54,342 - PyQt6.uic.uiparser - DEBUG - pop widget QLabel Servocount_2
2026-03-16 07:35:54,342 - PyQt6.uic.uiparser - DEBUG - new topwidget <PyQt6.QtWidgets.QWidget object at 0x000001A6A7ED65F0>
2026-03-16 07:35:54,342 - PyQt6.uic.properties - DEBUG - setting property sizePolicy
2026-03-16 07:35:54,342 - PyQt6.uic.properties - DEBUG - setting property font
2026-03-16 07:35:54,342 - PyQt6.uic.properties - DEBUG - setting property focusPolicy
2026-03-16 07:35:54,342 - PyQt6.uic.properties - DEBUG - setting property alignment
2026-03-16 07:35:54,342 - PyQt6.uic.properties - DEBUG - setting property readOnly
2026-03-16 07:35:54,342 - PyQt6.uic.uiparser - DEBUG - push QLineEdit RasServer
2026-03-16 07:35:54,343 - PyQt6.uic.uiparser - DEBUG - pop widget QLineEdit RasServer
2026-03-16 07:35:54,343 - PyQt6.uic.uiparser - DEBUG - new topwidget <PyQt6.QtWidgets.QWidget object at 0x000001A6A7ED65F0>
2026-03-16 07:35:54,343 - PyQt6.uic.uiparser - DEBUG - pop layout QGridLayout gridLayout_24
2026-03-16 07:35:54,343 - PyQt6.uic.uiparser - DEBUG - pop widget QWidget gridLayoutWidget_23
2026-03-16 07:35:54,343 - PyQt6.uic.uiparser - DEBUG - new topwidget <PyQt6.QtWidgets.QGroupBox object at 0x000001A6A7ED6560>
2026-03-16 07:35:54,343 - PyQt6.uic.uiparser - DEBUG - pop widget QGroupBox diagnosticbox
2026-03-16 07:35:54,343 - PyQt6.uic.uiparser - DEBUG - new topwidget <PyQt6.QtWidgets.QGroupBox object at 0x000001A6A7ED6290>
2026-03-16 07:35:54,343 - PyQt6.uic.properties - DEBUG - setting property enabled
2026-03-16 07:35:54,343 - PyQt6.uic.properties - DEBUG - setting property geometry
2026-03-16 07:35:54,343 - PyQt6.uic.properties - DEBUG - setting property sizePolicy
2026-03-16 07:35:54,343 - PyQt6.uic.properties - DEBUG - setting property font
2026-03-16 07:35:54,343 - PyQt6.uic.properties - DEBUG - setting property focusPolicy
2026-03-16 07:35:54,343 - PyQt6.uic.properties - DEBUG - setting property toolTip
2026-03-16 07:35:54,344 - PyQt6.uic.properties - DEBUG - setting property statusTip
2026-03-16 07:35:54,344 - PyQt6.uic.properties - DEBUG - setting property styleSheet
2026-03-16 07:35:54,344 - PyQt6.uic.properties - DEBUG - setting property text
2026-03-16 07:35:54,344 - PyQt6.uic.properties - DEBUG - setting property checkable
2026-03-16 07:35:54,344 - PyQt6.uic.uiparser - DEBUG - push QPushButton Diagnostic
2026-03-16 07:35:54,344 - PyQt6.uic.uiparser - DEBUG - pop widget QPushButton Diagnostic
2026-03-16 07:35:54,344 - PyQt6.uic.uiparser - DEBUG - new topwidget <PyQt6.QtWidgets.QGroupBox object at 0x000001A6A7ED6290>
2026-03-16 07:35:54,345 - PyQt6.uic.properties - DEBUG - setting property geometry
2026-03-16 07:35:54,345 - PyQt6.uic.properties - DEBUG - setting property sizePolicy
2026-03-16 07:35:54,345 - PyQt6.uic.properties - DEBUG - setting property minimumSize
2026-03-16 07:35:54,345 - PyQt6.uic.properties - DEBUG - setting property focusPolicy
2026-03-16 07:35:54,345 - PyQt6.uic.properties - DEBUG - setting property layoutDirection
2026-03-16 07:35:54,345 - PyQt6.uic.properties - DEBUG - setting property value
2026-03-16 07:35:54,345 - PyQt6.uic.properties - DEBUG - setting property alignment
2026-03-16 07:35:54,345 - PyQt6.uic.properties - DEBUG - setting property orientation
2026-03-16 07:35:54,347 - PyQt6.uic.uiparser - DEBUG - push QProgressBar progressBar
2026-03-16 07:35:54,347 - PyQt6.uic.uiparser - DEBUG - pop widget QProgressBar progressBar
2026-03-16 07:35:54,347 - PyQt6.uic.uiparser - DEBUG - new topwidget <PyQt6.QtWidgets.QGroupBox object at 0x000001A6A7ED6290>
2026-03-16 07:35:54,347 - PyQt6.uic.uiparser - DEBUG - pop widget QGroupBox groupBox_14
2026-03-16 07:35:54,347 - PyQt6.uic.uiparser - DEBUG - new topwidget <PyQt6.QtWidgets.QWidget object at 0x000001A6A5FC6320>
2026-03-16 07:35:54,347 - PyQt6.uic.properties - DEBUG - setting property geometry
2026-03-16 07:35:54,348 - PyQt6.uic.uiparser - DEBUG - push QWidget horizontalLayoutWidget
2026-03-16 07:35:54,348 - PyQt6.uic.properties - DEBUG - setting property spacing
2026-03-16 07:35:54,348 - PyQt6.uic.properties - DEBUG - setting property sizeConstraint
2026-03-16 07:35:54,348 - PyQt6.uic.properties - DEBUG - setting property pyuicMargins
2026-03-16 07:35:54,348 - PyQt6.uic.properties - DEBUG - setting property pyuicSpacing
2026-03-16 07:35:54,348 - PyQt6.uic.uiparser - DEBUG - push QHBoxLayout horizontalLayout
2026-03-16 07:35:54,348 - PyQt6.uic.properties - DEBUG - setting property enabled
2026-03-16 07:35:54,348 - PyQt6.uic.properties - DEBUG - setting property sizePolicy
2026-03-16 07:35:54,349 - PyQt6.uic.properties - DEBUG - setting property minimumSize
2026-03-16 07:35:54,349 - PyQt6.uic.properties - DEBUG - setting property font
2026-03-16 07:35:54,349 - PyQt6.uic.properties - DEBUG - setting property focusPolicy
2026-03-16 07:35:54,349 - PyQt6.uic.properties - DEBUG - setting property toolTip
2026-03-16 07:35:54,349 - PyQt6.uic.properties - DEBUG - setting property statusTip
2026-03-16 07:35:54,349 - PyQt6.uic.properties - DEBUG - setting property styleSheet
2026-03-16 07:35:54,349 - PyQt6.uic.properties - DEBUG - setting property text
2026-03-16 07:35:54,349 - PyQt6.uic.properties - DEBUG - setting property checkable
2026-03-16 07:35:54,349 - PyQt6.uic.uiparser - DEBUG - push QPushButton ecatreset
2026-03-16 07:35:54,349 - PyQt6.uic.uiparser - DEBUG - pop widget QPushButton ecatreset
2026-03-16 07:35:54,349 - PyQt6.uic.uiparser - DEBUG - new topwidget <PyQt6.QtWidgets.QWidget object at 0x000001A6A7ED6CB0>
2026-03-16 07:35:54,350 - PyQt6.uic.properties - DEBUG - setting property sizePolicy
2026-03-16 07:35:54,350 - PyQt6.uic.properties - DEBUG - setting property minimumSize
2026-03-16 07:35:54,350 - PyQt6.uic.properties - DEBUG - setting property font
2026-03-16 07:35:54,350 - PyQt6.uic.properties - DEBUG - setting property focusPolicy
2026-03-16 07:35:54,350 - PyQt6.uic.properties - DEBUG - setting property toolTip
2026-03-16 07:35:54,350 - PyQt6.uic.properties - DEBUG - setting property statusTip
2026-03-16 07:35:54,350 - PyQt6.uic.properties - DEBUG - setting property styleSheet
2026-03-16 07:35:54,350 - PyQt6.uic.properties - DEBUG - setting property text
2026-03-16 07:35:54,350 - PyQt6.uic.properties - DEBUG - setting property checkable
2026-03-16 07:35:54,350 - PyQt6.uic.uiparser - DEBUG - push QPushButton Scan
2026-03-16 07:35:54,351 - PyQt6.uic.uiparser - DEBUG - pop widget QPushButton Scan
2026-03-16 07:35:54,351 - PyQt6.uic.uiparser - DEBUG - new topwidget <PyQt6.QtWidgets.QWidget object at 0x000001A6A7ED6CB0>
2026-03-16 07:35:54,351 - PyQt6.uic.properties - DEBUG - setting property sizePolicy
2026-03-16 07:35:54,351 - PyQt6.uic.properties - DEBUG - setting property minimumSize
2026-03-16 07:35:54,351 - PyQt6.uic.properties - DEBUG - setting property font
2026-03-16 07:35:54,351 - PyQt6.uic.properties - DEBUG - setting property focusPolicy
2026-03-16 07:35:54,351 - PyQt6.uic.properties - DEBUG - setting property toolTip
2026-03-16 07:35:54,351 - PyQt6.uic.properties - DEBUG - setting property statusTip
2026-03-16 07:35:54,351 - PyQt6.uic.properties - DEBUG - setting property styleSheet
2026-03-16 07:35:54,351 - PyQt6.uic.properties - DEBUG - setting property text
2026-03-16 07:35:54,351 - PyQt6.uic.properties - DEBUG - setting property checkable
2026-03-16 07:35:54,351 - PyQt6.uic.uiparser - DEBUG - push QPushButton ecatenable
2026-03-16 07:35:54,351 - PyQt6.uic.uiparser - DEBUG - pop widget QPushButton ecatenable
2026-03-16 07:35:54,351 - PyQt6.uic.uiparser - DEBUG - new topwidget <PyQt6.QtWidgets.QWidget object at 0x000001A6A7ED6CB0>
2026-03-16 07:35:54,352 - PyQt6.uic.uiparser - DEBUG - pop layout QHBoxLayout horizontalLayout
2026-03-16 07:35:54,352 - PyQt6.uic.uiparser - DEBUG - pop widget QWidget horizontalLayoutWidget
2026-03-16 07:35:54,352 - PyQt6.uic.uiparser - DEBUG - new topwidget <PyQt6.QtWidgets.QWidget object at 0x000001A6A5FC6320>
2026-03-16 07:35:54,352 - PyQt6.uic.uiparser - DEBUG - pop widget QWidget centralwidget
2026-03-16 07:35:54,352 - PyQt6.uic.uiparser - DEBUG - new topwidget <ui.MainWindow object at 0x000001A6A5FC5B40>
2026-03-16 07:35:54,410 - PyQt6.uic.properties - DEBUG - setting property geometry
2026-03-16 07:35:54,410 - PyQt6.uic.uiparser - DEBUG - push QMenuBar menubar
2026-03-16 07:35:54,411 - PyQt6.uic.properties - DEBUG - setting property title
2026-03-16 07:35:54,411 - PyQt6.uic.uiparser - DEBUG - push QMenu menuHelp
2026-03-16 07:35:54,411 - PyQt6.uic.uiparser - DEBUG - pop widget QMenu menuHelp
2026-03-16 07:35:54,411 - PyQt6.uic.uiparser - DEBUG - new topwidget <PyQt6.QtWidgets.QMenuBar object at 0x000001A6A7ED70A0>
2026-03-16 07:35:54,411 - PyQt6.uic.properties - DEBUG - setting property title
2026-03-16 07:35:54,411 - PyQt6.uic.uiparser - DEBUG - push QMenu menuView
2026-03-16 07:35:54,411 - PyQt6.uic.uiparser - DEBUG - pop widget QMenu menuView
2026-03-16 07:35:54,411 - PyQt6.uic.uiparser - DEBUG - new topwidget <PyQt6.QtWidgets.QMenuBar object at 0x000001A6A7ED70A0>
2026-03-16 07:35:54,411 - PyQt6.uic.properties - DEBUG - setting property title
2026-03-16 07:35:54,411 - PyQt6.uic.uiparser - DEBUG - push QMenu menuConsole_Output
2026-03-16 07:35:54,411 - PyQt6.uic.uiparser - DEBUG - pop widget QMenu menuConsole_Output
2026-03-16 07:35:54,411 - PyQt6.uic.uiparser - DEBUG - new topwidget <PyQt6.QtWidgets.QMenuBar object at 0x000001A6A7ED70A0>
2026-03-16 07:35:54,411 - PyQt6.uic.uiparser - DEBUG - pop widget QMenuBar menubar
2026-03-16 07:35:54,412 - PyQt6.uic.uiparser - DEBUG - new topwidget <ui.MainWindow object at 0x000001A6A5FC5B40>
2026-03-16 07:35:54,412 - PyQt6.uic.properties - DEBUG - setting property sizeGripEnabled
2026-03-16 07:35:54,412 - PyQt6.uic.uiparser - DEBUG - push QStatusBar statusbar
2026-03-16 07:35:54,412 - PyQt6.uic.uiparser - DEBUG - pop widget QStatusBar statusbar
2026-03-16 07:35:54,412 - PyQt6.uic.uiparser - DEBUG - new topwidget <ui.MainWindow object at 0x000001A6A5FC5B40>
2026-03-16 07:35:54,413 - PyQt6.uic.properties - DEBUG - setting property text
2026-03-16 07:35:54,413 - PyQt6.uic.properties - DEBUG - setting property text
2026-03-16 07:35:54,413 - PyQt6.uic.properties - DEBUG - setting property text
2026-03-16 07:35:54,414 - PyQt6.uic.properties - DEBUG - setting property checkable
2026-03-16 07:35:54,414 - PyQt6.uic.properties - DEBUG - setting property text
2026-03-16 07:35:54,414 - PyQt6.uic.properties - DEBUG - setting property checkable
2026-03-16 07:35:54,414 - PyQt6.uic.properties - DEBUG - setting property text
2026-03-16 07:35:54,414 - PyQt6.uic.properties - DEBUG - setting property checkable
2026-03-16 07:35:54,414 - PyQt6.uic.properties - DEBUG - setting property text
2026-03-16 07:35:54,414 - PyQt6.uic.properties - DEBUG - setting property checkable
2026-03-16 07:35:54,414 - PyQt6.uic.properties - DEBUG - setting property text
2026-03-16 07:35:54,414 - PyQt6.uic.properties - DEBUG - setting property checkable
2026-03-16 07:35:54,414 - PyQt6.uic.properties - DEBUG - setting property text
2026-03-16 07:35:54,415 - PyQt6.uic.properties - DEBUG - setting property text
2026-03-16 07:35:54,415 - PyQt6.uic.properties - DEBUG - setting property text
2026-03-16 07:35:54,415 - PyQt6.uic.properties - DEBUG - setting property checkable
2026-03-16 07:35:54,415 - PyQt6.uic.properties - DEBUG - setting property checked
2026-03-16 07:35:54,415 - PyQt6.uic.properties - DEBUG - setting property text
2026-03-16 07:35:54,415 - PyQt6.uic.uiparser - DEBUG - pop widget MainWindow MainWindow
2026-03-16 07:35:54,415 - PyQt6.uic.uiparser - DEBUG - new topwidget None
2026-03-16 07:35:54,415 - PyQt6.uic.uiparser - DEBUG - add action actionEcMaster_Error_Codes to menuHelp
2026-03-16 07:35:54,415 - PyQt6.uic.uiparser - DEBUG - add action actionAbout to menuHelp
2026-03-16 07:35:54,415 - PyQt6.uic.uiparser - DEBUG - add action actionCoE_Data_Type_Help to menuView
2026-03-16 07:35:54,415 - PyQt6.uic.uiparser - DEBUG - add action actionShow_Command to menuView
2026-03-16 07:35:54,417 - PyQt6.uic.uiparser - DEBUG - add action actionesi to menuView
2026-03-16 07:35:54,417 - PyQt6.uic.uiparser - DEBUG - add action actionShow_Warning_Messages to menuView
2026-03-16 07:35:54,417 - PyQt6.uic.uiparser - DEBUG - add action actionShow_Console_Output_Window to menuConsole_Output
2026-03-16 07:35:54,417 - PyQt6.uic.uiparser - DEBUG - add action menuView to menubar
2026-03-16 07:35:54,417 - PyQt6.uic.uiparser - DEBUG - add action menuConsole_Output to menubar
2026-03-16 07:35:54,417 - PyQt6.uic.uiparser - DEBUG - add action menuHelp to menubar
2026-03-16 07:35:54,423 - PyQt6.uic.uiparser - DEBUG - toplevel widget is QDialog
2026-03-16 07:35:54,423 - PyQt6.uic.properties - DEBUG - setting property geometry
2026-03-16 07:35:54,423 - PyQt6.uic.properties - DEBUG - setting property windowTitle
2026-03-16 07:35:54,423 - PyQt6.uic.uiparser - DEBUG - push QDialog Dialog
2026-03-16 07:35:54,425 - PyQt6.uic.properties - DEBUG - setting property geometry
2026-03-16 07:35:54,425 - PyQt6.uic.properties - DEBUG - setting property orientation
2026-03-16 07:35:54,425 - PyQt6.uic.properties - DEBUG - setting property standardButtons
2026-03-16 07:35:54,425 - PyQt6.uic.uiparser - DEBUG - push QDialogButtonBox buttonBox
2026-03-16 07:35:54,425 - PyQt6.uic.uiparser - DEBUG - pop widget QDialogButtonBox buttonBox
2026-03-16 07:35:54,425 - PyQt6.uic.uiparser - DEBUG - new topwidget <PyQt6.QtWidgets.QDialog object at 0x000001A6A7EA41F0>
2026-03-16 07:35:54,425 - PyQt6.uic.properties - DEBUG - setting property geometry
2026-03-16 07:35:54,427 - PyQt6.uic.properties - DEBUG - setting property text
2026-03-16 07:35:54,427 - PyQt6.uic.properties - DEBUG - setting property echoMode
2026-03-16 07:35:54,427 - PyQt6.uic.properties - DEBUG - setting property readOnly
2026-03-16 07:35:54,427 - PyQt6.uic.uiparser - DEBUG - push QLineEdit password_edit
2026-03-16 07:35:54,428 - PyQt6.uic.uiparser - DEBUG - pop widget QLineEdit password_edit
2026-03-16 07:35:54,428 - PyQt6.uic.uiparser - DEBUG - new topwidget <PyQt6.QtWidgets.QDialog object at 0x000001A6A7EA41F0>
2026-03-16 07:35:54,428 - PyQt6.uic.properties - DEBUG - setting property geometry
2026-03-16 07:35:54,428 - PyQt6.uic.properties - DEBUG - setting property text
2026-03-16 07:35:54,428 - PyQt6.uic.uiparser - DEBUG - push QLabel label
2026-03-16 07:35:54,428 - PyQt6.uic.uiparser - DEBUG - pop widget QLabel label
2026-03-16 07:35:54,428 - PyQt6.uic.uiparser - DEBUG - new topwidget <PyQt6.QtWidgets.QDialog object at 0x000001A6A7EA41F0>
2026-03-16 07:35:54,429 - PyQt6.uic.uiparser - DEBUG - pop widget QDialog Dialog
2026-03-16 07:35:54,429 - PyQt6.uic.uiparser - DEBUG - new topwidget None
2026-03-16 07:35:54,433 - PyQt6.uic.uiparser - DEBUG - toplevel widget is QDialog
2026-03-16 07:35:54,433 - PyQt6.uic.properties - DEBUG - setting property geometry
2026-03-16 07:35:54,434 - PyQt6.uic.properties - DEBUG - setting property minimumSize
2026-03-16 07:35:54,434 - PyQt6.uic.properties - DEBUG - setting property maximumSize
2026-03-16 07:35:54,434 - PyQt6.uic.properties - DEBUG - setting property windowTitle
2026-03-16 07:35:54,434 - PyQt6.uic.uiparser - DEBUG - push QDialog Dialog
2026-03-16 07:35:54,434 - PyQt6.uic.properties - DEBUG - setting property geometry
2026-03-16 07:35:54,435 - PyQt6.uic.properties - DEBUG - setting property text
2026-03-16 07:35:54,435 - PyQt6.uic.uiparser - DEBUG - push QPushButton pushButton
2026-03-16 07:35:54,435 - PyQt6.uic.uiparser - DEBUG - pop widget QPushButton pushButton
2026-03-16 07:35:54,435 - PyQt6.uic.uiparser - DEBUG - new topwidget <PyQt6.QtWidgets.QDialog object at 0x000001A6A7ED7C70>
2026-03-16 07:35:54,435 - PyQt6.uic.properties - DEBUG - setting property geometry
2026-03-16 07:35:54,435 - PyQt6.uic.uiparser - DEBUG - push QWidget verticalLayoutWidget
2026-03-16 07:35:54,435 - PyQt6.uic.properties - DEBUG - setting property pyuicMargins
2026-03-16 07:35:54,435 - PyQt6.uic.uiparser - DEBUG - push QVBoxLayout verticalLayout
2026-03-16 07:35:54,435 - PyQt6.uic.properties - DEBUG - setting property sizePolicy
2026-03-16 07:35:54,435 - PyQt6.uic.properties - DEBUG - setting property font
2026-03-16 07:35:54,435 - PyQt6.uic.properties - DEBUG - setting property styleSheet
2026-03-16 07:35:54,437 - PyQt6.uic.properties - DEBUG - setting property frameShadow
2026-03-16 07:35:54,437 - PyQt6.uic.properties - DEBUG - setting property text
2026-03-16 07:35:54,437 - PyQt6.uic.properties - DEBUG - setting property alignment
2026-03-16 07:35:54,437 - PyQt6.uic.uiparser - DEBUG - push QLabel label_11
2026-03-16 07:35:54,437 - PyQt6.uic.uiparser - DEBUG - pop widget QLabel label_11
2026-03-16 07:35:54,438 - PyQt6.uic.uiparser - DEBUG - new topwidget <PyQt6.QtWidgets.QWidget object at 0x000001A6A7ED7E20>
2026-03-16 07:35:54,438 - PyQt6.uic.properties - DEBUG - setting property sizePolicy
2026-03-16 07:35:54,438 - PyQt6.uic.properties - DEBUG - setting property font
2026-03-16 07:35:54,438 - PyQt6.uic.properties - DEBUG - setting property styleSheet
2026-03-16 07:35:54,438 - PyQt6.uic.properties - DEBUG - setting property frameShadow
2026-03-16 07:35:54,438 - PyQt6.uic.properties - DEBUG - setting property text
2026-03-16 07:35:54,438 - PyQt6.uic.properties - DEBUG - setting property alignment
2026-03-16 07:35:54,438 - PyQt6.uic.uiparser - DEBUG - push QLabel label_13
2026-03-16 07:35:54,439 - PyQt6.uic.uiparser - DEBUG - pop widget QLabel label_13
2026-03-16 07:35:54,439 - PyQt6.uic.uiparser - DEBUG - new topwidget <PyQt6.QtWidgets.QWidget object at 0x000001A6A7ED7E20>
2026-03-16 07:35:54,439 - PyQt6.uic.uiparser - DEBUG - pop layout QVBoxLayout verticalLayout
2026-03-16 07:35:54,439 - PyQt6.uic.uiparser - DEBUG - pop widget QWidget verticalLayoutWidget
2026-03-16 07:35:54,439 - PyQt6.uic.uiparser - DEBUG - new topwidget <PyQt6.QtWidgets.QDialog object at 0x000001A6A7ED7C70>
2026-03-16 07:35:54,439 - PyQt6.uic.uiparser - DEBUG - pop widget QDialog Dialog
2026-03-16 07:35:54,439 - PyQt6.uic.uiparser - DEBUG - new topwidget None
2026-03-16 07:35:54,444 - PyQt6.uic.uiparser - DEBUG - toplevel widget is QDialog
2026-03-16 07:35:54,444 - PyQt6.uic.properties - DEBUG - setting property geometry
2026-03-16 07:35:54,444 - PyQt6.uic.properties - DEBUG - setting property windowTitle
2026-03-16 07:35:54,444 - PyQt6.uic.uiparser - DEBUG - push QDialog Dialog
2026-03-16 07:35:54,445 - PyQt6.uic.properties - DEBUG - setting property geometry
2026-03-16 07:35:54,445 - PyQt6.uic.properties - DEBUG - setting property html
2026-03-16 07:35:54,446 - PyQt6.uic.uiparser - DEBUG - push QTextEdit textEdit
2026-03-16 07:35:54,446 - PyQt6.uic.uiparser - DEBUG - pop widget QTextEdit textEdit
2026-03-16 07:35:54,446 - PyQt6.uic.uiparser - DEBUG - new topwidget <PyQt6.QtWidgets.QDialog object at 0x000001A6A7ED7D00>
2026-03-16 07:35:54,446 - PyQt6.uic.uiparser - DEBUG - pop widget QDialog Dialog
2026-03-16 07:35:54,446 - PyQt6.uic.uiparser - DEBUG - new topwidget None
2026-03-16 07:35:54,450 - PyQt6.uic.uiparser - DEBUG - toplevel widget is QDialog
2026-03-16 07:35:54,450 - PyQt6.uic.properties - DEBUG - setting property geometry
2026-03-16 07:35:54,450 - PyQt6.uic.properties - DEBUG - setting property windowTitle
2026-03-16 07:35:54,450 - PyQt6.uic.uiparser - DEBUG - push QDialog Dialog
2026-03-16 07:35:54,451 - PyQt6.uic.properties - DEBUG - setting property geometry
2026-03-16 07:35:54,451 - PyQt6.uic.properties - DEBUG - setting property readOnly
2026-03-16 07:35:54,451 - PyQt6.uic.properties - DEBUG - setting property html
2026-03-16 07:35:54,451 - PyQt6.uic.uiparser - DEBUG - push QTextEdit textEdit
2026-03-16 07:35:54,451 - PyQt6.uic.uiparser - DEBUG - pop widget QTextEdit textEdit
2026-03-16 07:35:54,451 - PyQt6.uic.uiparser - DEBUG - new topwidget <PyQt6.QtWidgets.QDialog object at 0x000001A6A7DBC160>
2026-03-16 07:35:54,451 - PyQt6.uic.uiparser - DEBUG - pop widget QDialog Dialog
2026-03-16 07:35:54,451 - PyQt6.uic.uiparser - DEBUG - new topwidget None
2026-03-16 07:36:02,161 - paramiko.transport - DEBUG - starting thread (client mode): 0xa7dc6010
2026-03-16 07:36:02,161 - paramiko.transport - DEBUG - starting thread (client mode): 0xa7dc6010
2026-03-16 07:36:02,162 - paramiko.transport - DEBUG - Local version/idstring: SSH-2.0-paramiko_3.4.0
2026-03-16 07:36:02,162 - paramiko.transport - DEBUG - Local version/idstring: SSH-2.0-paramiko_3.4.0
2026-03-16 07:36:02,303 - paramiko.transport - DEBUG - Remote version/idstring: SSH-2.0-OpenSSH_9.2p1 Debian-2+deb12u2
2026-03-16 07:36:02,303 - paramiko.transport - DEBUG - Remote version/idstring: SSH-2.0-OpenSSH_9.2p1 Debian-2+deb12u2
2026-03-16 07:36:02,303 - paramiko.transport - INFO - Connected (version 2.0, client OpenSSH_9.2p1)
2026-03-16 07:36:02,303 - paramiko.transport - INFO - Connected (version 2.0, client OpenSSH_9.2p1)
2026-03-16 07:36:02,309 - paramiko.transport - DEBUG - === Key exchange possibilities ===
2026-03-16 07:36:02,309 - paramiko.transport - DEBUG - === Key exchange possibilities ===
2026-03-16 07:36:02,309 - paramiko.transport - DEBUG - kex algos: sntrup761x25519-sha512@openssh.com, curve25519-sha256, curve25519-sha256@libssh.org, ecdh-sha2-nistp256, ecdh-sha2-nistp384, ecdh-sha2-nistp521, diffie-hellman-group-exchange-sha256, diffie-hellman-group16-sha512, diffie-hellman-group18-sha512, diffie-hellman-group14-sha256, kex-strict-s-v00@openssh.com
2026-03-16 07:36:02,309 - paramiko.transport - DEBUG - kex algos: sntrup761x25519-sha512@openssh.com, curve25519-sha256, curve25519-sha256@libssh.org, ecdh-sha2-nistp256, ecdh-sha2-nistp384, ecdh-sha2-nistp521, diffie-hellman-group-exchange-sha256, diffie-hellman-group16-sha512, diffie-hellman-group18-sha512, diffie-hellman-group14-sha256, kex-strict-s-v00@openssh.com
2026-03-16 07:36:02,310 - paramiko.transport - DEBUG - server key: rsa-sha2-512, rsa-sha2-256, ssh-rsa, ecdsa-sha2-nistp256, ssh-ed25519
2026-03-16 07:36:02,310 - paramiko.transport - DEBUG - server key: rsa-sha2-512, rsa-sha2-256, ssh-rsa, ecdsa-sha2-nistp256, ssh-ed25519
2026-03-16 07:36:02,310 - paramiko.transport - DEBUG - client encrypt: chacha20-poly1305@openssh.com, aes128-ctr, aes192-ctr, aes256-ctr, aes128-gcm@openssh.com, aes256-gcm@openssh.com
2026-03-16 07:36:02,310 - paramiko.transport - DEBUG - client encrypt: chacha20-poly1305@openssh.com, aes128-ctr, aes192-ctr, aes256-ctr, aes128-gcm@openssh.com, aes256-gcm@openssh.com
2026-03-16 07:36:02,310 - paramiko.transport - DEBUG - server encrypt: chacha20-poly1305@openssh.com, aes128-ctr, aes192-ctr, aes256-ctr, aes128-gcm@openssh.com, aes256-gcm@openssh.com
2026-03-16 07:36:02,310 - paramiko.transport - DEBUG - server encrypt: chacha20-poly1305@openssh.com, aes128-ctr, aes192-ctr, aes256-ctr, aes128-gcm@openssh.com, aes256-gcm@openssh.com
2026-03-16 07:36:02,310 - paramiko.transport - DEBUG - client mac: umac-64-etm@openssh.com, umac-128-etm@openssh.com, hmac-sha2-256-etm@openssh.com, hmac-sha2-512-etm@openssh.com, hmac-sha1-etm@openssh.com, umac-64@openssh.com, umac-128@openssh.com, hmac-sha2-256, hmac-sha2-512, hmac-sha1
2026-03-16 07:36:02,310 - paramiko.transport - DEBUG - client mac: umac-64-etm@openssh.com, umac-128-etm@openssh.com, hmac-sha2-256-etm@openssh.com, hmac-sha2-512-etm@openssh.com, hmac-sha1-etm@openssh.com, umac-64@openssh.com, umac-128@openssh.com, hmac-sha2-256, hmac-sha2-512, hmac-sha1
2026-03-16 07:36:02,311 - paramiko.transport - DEBUG - server mac: umac-64-etm@openssh.com, umac-128-etm@openssh.com, hmac-sha2-256-etm@openssh.com, hmac-sha2-512-etm@openssh.com, hmac-sha1-etm@openssh.com, umac-64@openssh.com, umac-128@openssh.com, hmac-sha2-256, hmac-sha2-512, hmac-sha1
2026-03-16 07:36:02,311 - paramiko.transport - DEBUG - server mac: umac-64-etm@openssh.com, umac-128-etm@openssh.com, hmac-sha2-256-etm@openssh.com, hmac-sha2-512-etm@openssh.com, hmac-sha1-etm@openssh.com, umac-64@openssh.com, umac-128@openssh.com, hmac-sha2-256, hmac-sha2-512, hmac-sha1
2026-03-16 07:36:02,311 - paramiko.transport - DEBUG - client compress: none, zlib@openssh.com
2026-03-16 07:36:02,311 - paramiko.transport - DEBUG - client compress: none, zlib@openssh.com
2026-03-16 07:36:02,311 - paramiko.transport - DEBUG - server compress: none, zlib@openssh.com
2026-03-16 07:36:02,311 - paramiko.transport - DEBUG - server compress: none, zlib@openssh.com
2026-03-16 07:36:02,311 - paramiko.transport - DEBUG - client lang: <none>
2026-03-16 07:36:02,311 - paramiko.transport - DEBUG - client lang: <none>
2026-03-16 07:36:02,311 - paramiko.transport - DEBUG - server lang: <none>
2026-03-16 07:36:02,311 - paramiko.transport - DEBUG - server lang: <none>
2026-03-16 07:36:02,312 - paramiko.transport - DEBUG - kex follows: False
2026-03-16 07:36:02,312 - paramiko.transport - DEBUG - kex follows: False
2026-03-16 07:36:02,312 - paramiko.transport - DEBUG - === Key exchange agreements ===
2026-03-16 07:36:02,312 - paramiko.transport - DEBUG - === Key exchange agreements ===
2026-03-16 07:36:02,312 - paramiko.transport - DEBUG - Strict kex mode: True
2026-03-16 07:36:02,312 - paramiko.transport - DEBUG - Strict kex mode: True
2026-03-16 07:36:02,313 - paramiko.transport - DEBUG - Kex: curve25519-sha256@libssh.org
2026-03-16 07:36:02,313 - paramiko.transport - DEBUG - Kex: curve25519-sha256@libssh.org
2026-03-16 07:36:02,313 - paramiko.transport - DEBUG - HostKey: ssh-ed25519
2026-03-16 07:36:02,313 - paramiko.transport - DEBUG - HostKey: ssh-ed25519
2026-03-16 07:36:02,313 - paramiko.transport - DEBUG - Cipher: aes128-ctr
2026-03-16 07:36:02,313 - paramiko.transport - DEBUG - Cipher: aes128-ctr
2026-03-16 07:36:02,313 - paramiko.transport - DEBUG - MAC: hmac-sha2-256
2026-03-16 07:36:02,313 - paramiko.transport - DEBUG - MAC: hmac-sha2-256
2026-03-16 07:36:02,314 - paramiko.transport - DEBUG - Compression: none
2026-03-16 07:36:02,314 - paramiko.transport - DEBUG - Compression: none
2026-03-16 07:36:02,314 - paramiko.transport - DEBUG - === End of kex handshake ===
2026-03-16 07:36:02,314 - paramiko.transport - DEBUG - === End of kex handshake ===
2026-03-16 07:36:02,390 - paramiko.transport - DEBUG - Resetting outbound seqno after NEWKEYS due to strict mode
2026-03-16 07:36:02,390 - paramiko.transport - DEBUG - Resetting outbound seqno after NEWKEYS due to strict mode
2026-03-16 07:36:02,390 - paramiko.transport - DEBUG - kex engine KexCurve25519 specified hash_algo <built-in function openssl_sha256>
2026-03-16 07:36:02,390 - paramiko.transport - DEBUG - kex engine KexCurve25519 specified hash_algo <built-in function openssl_sha256>
2026-03-16 07:36:02,391 - paramiko.transport - DEBUG - Switch to new keys ...
2026-03-16 07:36:02,391 - paramiko.transport - DEBUG - Switch to new keys ...
2026-03-16 07:36:02,391 - paramiko.transport - DEBUG - Resetting inbound seqno after NEWKEYS due to strict mode
2026-03-16 07:36:02,391 - paramiko.transport - DEBUG - Resetting inbound seqno after NEWKEYS due to strict mode
2026-03-16 07:36:02,392 - paramiko.transport - DEBUG - Adding ssh-ed25519 host key for 192.168.0.200: b'f78ffc02bff46de65db4b9c040b23df5'
2026-03-16 07:36:02,392 - paramiko.transport - DEBUG - Adding ssh-ed25519 host key for 192.168.0.200: b'f78ffc02bff46de65db4b9c040b23df5'
2026-03-16 07:36:02,393 - paramiko.transport - DEBUG - Got EXT_INFO: {'server-sig-algs': b'ssh-ed25519,sk-ssh-ed25519@openssh.com,ecdsa-sha2-nistp256,ecdsa-sha2-nistp384,ecdsa-sha2-nistp521,sk-ecdsa-sha2-nistp256@openssh.com,webauthn-sk-ecdsa-sha2-nistp256@openssh.com,ssh-dss,ssh-rsa,rsa-sha2-256,rsa-sha2-512', 'publickey-hostbound@openssh.com': b'0'}
2026-03-16 07:36:02,393 - paramiko.transport - DEBUG - Got EXT_INFO: {'server-sig-algs': b'ssh-ed25519,sk-ssh-ed25519@openssh.com,ecdsa-sha2-nistp256,ecdsa-sha2-nistp384,ecdsa-sha2-nistp521,sk-ecdsa-sha2-nistp256@openssh.com,webauthn-sk-ecdsa-sha2-nistp256@openssh.com,ssh-dss,ssh-rsa,rsa-sha2-256,rsa-sha2-512', 'publickey-hostbound@openssh.com': b'0'}
2026-03-16 07:36:02,483 - paramiko.transport - DEBUG - userauth is OK
2026-03-16 07:36:02,483 - paramiko.transport - DEBUG - userauth is OK
2026-03-16 07:36:03,995 - paramiko.transport - INFO - Authentication (password) successful!
2026-03-16 07:36:03,995 - paramiko.transport - INFO - Authentication (password) successful!
2026-03-16 07:36:04,049 - paramiko.transport - DEBUG - Received global request "hostkeys-00@openssh.com"
2026-03-16 07:36:04,049 - paramiko.transport - DEBUG - Received global request "hostkeys-00@openssh.com"
2026-03-16 07:36:04,049 - paramiko.transport - DEBUG - Rejecting "hostkeys-00@openssh.com" global request from server.
2026-03-16 07:36:04,049 - paramiko.transport - DEBUG - Rejecting "hostkeys-00@openssh.com" global request from server.
2026-03-16 07:36:04,298 - paramiko.transport - DEBUG - [chan 0] Max packet in: 32768 bytes
2026-03-16 07:36:04,298 - paramiko.transport - DEBUG - [chan 0] Max packet in: 32768 bytes
2026-03-16 07:36:04,301 - paramiko.transport - DEBUG - [chan 0] Max packet out: 32768 bytes
2026-03-16 07:36:04,301 - paramiko.transport - DEBUG - [chan 0] Max packet out: 32768 bytes
2026-03-16 07:36:04,302 - paramiko.transport - DEBUG - Secsh channel 0 opened.
2026-03-16 07:36:04,302 - paramiko.transport - DEBUG - Secsh channel 0 opened.
2026-03-16 07:36:04,307 - paramiko.transport - DEBUG - [chan 0] Sesch channel 0 request ok
2026-03-16 07:36:04,307 - paramiko.transport - DEBUG - [chan 0] Sesch channel 0 request ok
2026-03-16 07:36:04,957 - paramiko.transport - DEBUG - starting thread (client mode): 0xa7da0cd0
2026-03-16 07:36:04,957 - paramiko.transport - DEBUG - starting thread (client mode): 0xa7da0cd0
2026-03-16 07:36:04,957 - paramiko.transport - DEBUG - Local version/idstring: SSH-2.0-paramiko_3.4.0
2026-03-16 07:36:04,957 - paramiko.transport - DEBUG - Local version/idstring: SSH-2.0-paramiko_3.4.0
2026-03-16 07:36:05,101 - paramiko.transport - DEBUG - Remote version/idstring: SSH-2.0-OpenSSH_9.2p1 Debian-2+deb12u2
2026-03-16 07:36:05,101 - paramiko.transport - DEBUG - Remote version/idstring: SSH-2.0-OpenSSH_9.2p1 Debian-2+deb12u2
2026-03-16 07:36:05,101 - paramiko.transport - INFO - Connected (version 2.0, client OpenSSH_9.2p1)
2026-03-16 07:36:05,101 - paramiko.transport - INFO - Connected (version 2.0, client OpenSSH_9.2p1)
2026-03-16 07:36:05,105 - paramiko.transport - DEBUG - === Key exchange possibilities ===
2026-03-16 07:36:05,105 - paramiko.transport - DEBUG - === Key exchange possibilities ===
2026-03-16 07:36:05,107 - paramiko.transport - DEBUG - kex algos: sntrup761x25519-sha512@openssh.com, curve25519-sha256, curve25519-sha256@libssh.org, ecdh-sha2-nistp256, ecdh-sha2-nistp384, ecdh-sha2-nistp521, diffie-hellman-group-exchange-sha256, diffie-hellman-group16-sha512, diffie-hellman-group18-sha512, diffie-hellman-group14-sha256, kex-strict-s-v00@openssh.com
2026-03-16 07:36:05,107 - paramiko.transport - DEBUG - kex algos: sntrup761x25519-sha512@openssh.com, curve25519-sha256, curve25519-sha256@libssh.org, ecdh-sha2-nistp256, ecdh-sha2-nistp384, ecdh-sha2-nistp521, diffie-hellman-group-exchange-sha256, diffie-hellman-group16-sha512, diffie-hellman-group18-sha512, diffie-hellman-group14-sha256, kex-strict-s-v00@openssh.com
2026-03-16 07:36:05,107 - paramiko.transport - DEBUG - server key: rsa-sha2-512, rsa-sha2-256, ssh-rsa, ecdsa-sha2-nistp256, ssh-ed25519
2026-03-16 07:36:05,107 - paramiko.transport - DEBUG - server key: rsa-sha2-512, rsa-sha2-256, ssh-rsa, ecdsa-sha2-nistp256, ssh-ed25519
2026-03-16 07:36:05,107 - paramiko.transport - DEBUG - client encrypt: chacha20-poly1305@openssh.com, aes128-ctr, aes192-ctr, aes256-ctr, aes128-gcm@openssh.com, aes256-gcm@openssh.com
2026-03-16 07:36:05,107 - paramiko.transport - DEBUG - client encrypt: chacha20-poly1305@openssh.com, aes128-ctr, aes192-ctr, aes256-ctr, aes128-gcm@openssh.com, aes256-gcm@openssh.com
2026-03-16 07:36:05,107 - paramiko.transport - DEBUG - server encrypt: chacha20-poly1305@openssh.com, aes128-ctr, aes192-ctr, aes256-ctr, aes128-gcm@openssh.com, aes256-gcm@openssh.com
2026-03-16 07:36:05,107 - paramiko.transport - DEBUG - server encrypt: chacha20-poly1305@openssh.com, aes128-ctr, aes192-ctr, aes256-ctr, aes128-gcm@openssh.com, aes256-gcm@openssh.com
2026-03-16 07:36:05,108 - paramiko.transport - DEBUG - client mac: umac-64-etm@openssh.com, umac-128-etm@openssh.com, hmac-sha2-256-etm@openssh.com, hmac-sha2-512-etm@openssh.com, hmac-sha1-etm@openssh.com, umac-64@openssh.com, umac-128@openssh.com, hmac-sha2-256, hmac-sha2-512, hmac-sha1
2026-03-16 07:36:05,108 - paramiko.transport - DEBUG - client mac: umac-64-etm@openssh.com, umac-128-etm@openssh.com, hmac-sha2-256-etm@openssh.com, hmac-sha2-512-etm@openssh.com, hmac-sha1-etm@openssh.com, umac-64@openssh.com, umac-128@openssh.com, hmac-sha2-256, hmac-sha2-512, hmac-sha1
2026-03-16 07:36:05,108 - paramiko.transport - DEBUG - server mac: umac-64-etm@openssh.com, umac-128-etm@openssh.com, hmac-sha2-256-etm@openssh.com, hmac-sha2-512-etm@openssh.com, hmac-sha1-etm@openssh.com, umac-64@openssh.com, umac-128@openssh.com, hmac-sha2-256, hmac-sha2-512, hmac-sha1
2026-03-16 07:36:05,108 - paramiko.transport - DEBUG - server mac: umac-64-etm@openssh.com, umac-128-etm@openssh.com, hmac-sha2-256-etm@openssh.com, hmac-sha2-512-etm@openssh.com, hmac-sha1-etm@openssh.com, umac-64@openssh.com, umac-128@openssh.com, hmac-sha2-256, hmac-sha2-512, hmac-sha1
2026-03-16 07:36:05,108 - paramiko.transport - DEBUG - client compress: none, zlib@openssh.com
2026-03-16 07:36:05,108 - paramiko.transport - DEBUG - client compress: none, zlib@openssh.com
2026-03-16 07:36:05,108 - paramiko.transport - DEBUG - server compress: none, zlib@openssh.com
2026-03-16 07:36:05,108 - paramiko.transport - DEBUG - server compress: none, zlib@openssh.com
2026-03-16 07:36:05,108 - paramiko.transport - DEBUG - client lang: <none>
2026-03-16 07:36:05,108 - paramiko.transport - DEBUG - client lang: <none>
2026-03-16 07:36:05,109 - paramiko.transport - DEBUG - server lang: <none>
2026-03-16 07:36:05,109 - paramiko.transport - DEBUG - server lang: <none>
2026-03-16 07:36:05,109 - paramiko.transport - DEBUG - kex follows: False
2026-03-16 07:36:05,109 - paramiko.transport - DEBUG - kex follows: False
2026-03-16 07:36:05,109 - paramiko.transport - DEBUG - === Key exchange agreements ===
2026-03-16 07:36:05,109 - paramiko.transport - DEBUG - === Key exchange agreements ===
2026-03-16 07:36:05,109 - paramiko.transport - DEBUG - Strict kex mode: True
2026-03-16 07:36:05,109 - paramiko.transport - DEBUG - Strict kex mode: True
2026-03-16 07:36:05,110 - paramiko.transport - DEBUG - Kex: curve25519-sha256@libssh.org
2026-03-16 07:36:05,110 - paramiko.transport - DEBUG - Kex: curve25519-sha256@libssh.org
2026-03-16 07:36:05,110 - paramiko.transport - DEBUG - HostKey: ssh-ed25519
2026-03-16 07:36:05,110 - paramiko.transport - DEBUG - HostKey: ssh-ed25519
2026-03-16 07:36:05,110 - paramiko.transport - DEBUG - Cipher: aes128-ctr
2026-03-16 07:36:05,110 - paramiko.transport - DEBUG - Cipher: aes128-ctr
2026-03-16 07:36:05,110 - paramiko.transport - DEBUG - MAC: hmac-sha2-256
2026-03-16 07:36:05,110 - paramiko.transport - DEBUG - MAC: hmac-sha2-256
2026-03-16 07:36:05,111 - paramiko.transport - DEBUG - Compression: none
2026-03-16 07:36:05,111 - paramiko.transport - DEBUG - Compression: none
2026-03-16 07:36:05,111 - paramiko.transport - DEBUG - === End of kex handshake ===
2026-03-16 07:36:05,111 - paramiko.transport - DEBUG - === End of kex handshake ===
2026-03-16 07:36:05,174 - paramiko.transport - DEBUG - Resetting outbound seqno after NEWKEYS due to strict mode
2026-03-16 07:36:05,174 - paramiko.transport - DEBUG - Resetting outbound seqno after NEWKEYS due to strict mode
2026-03-16 07:36:05,174 - paramiko.transport - DEBUG - kex engine KexCurve25519 specified hash_algo <built-in function openssl_sha256>
2026-03-16 07:36:05,174 - paramiko.transport - DEBUG - kex engine KexCurve25519 specified hash_algo <built-in function openssl_sha256>
2026-03-16 07:36:05,174 - paramiko.transport - DEBUG - Switch to new keys ...
2026-03-16 07:36:05,174 - paramiko.transport - DEBUG - Switch to new keys ...
2026-03-16 07:36:05,174 - paramiko.transport - DEBUG - Resetting inbound seqno after NEWKEYS due to strict mode
2026-03-16 07:36:05,174 - paramiko.transport - DEBUG - Resetting inbound seqno after NEWKEYS due to strict mode
2026-03-16 07:36:05,175 - paramiko.transport - DEBUG - Got EXT_INFO: {'server-sig-algs': b'ssh-ed25519,sk-ssh-ed25519@openssh.com,ecdsa-sha2-nistp256,ecdsa-sha2-nistp384,ecdsa-sha2-nistp521,sk-ecdsa-sha2-nistp256@openssh.com,webauthn-sk-ecdsa-sha2-nistp256@openssh.com,ssh-dss,ssh-rsa,rsa-sha2-256,rsa-sha2-512', 'publickey-hostbound@openssh.com': b'0'}
2026-03-16 07:36:05,175 - paramiko.transport - DEBUG - Got EXT_INFO: {'server-sig-algs': b'ssh-ed25519,sk-ssh-ed25519@openssh.com,ecdsa-sha2-nistp256,ecdsa-sha2-nistp384,ecdsa-sha2-nistp521,sk-ecdsa-sha2-nistp256@openssh.com,webauthn-sk-ecdsa-sha2-nistp256@openssh.com,ssh-dss,ssh-rsa,rsa-sha2-256,rsa-sha2-512', 'publickey-hostbound@openssh.com': b'0'}
2026-03-16 07:36:05,175 - paramiko.transport - DEBUG - Adding ssh-ed25519 host key for 192.168.0.200: b'f78ffc02bff46de65db4b9c040b23df5'
2026-03-16 07:36:05,175 - paramiko.transport - DEBUG - Adding ssh-ed25519 host key for 192.168.0.200: b'f78ffc02bff46de65db4b9c040b23df5'
2026-03-16 07:36:05,183 - paramiko.transport - DEBUG - userauth is OK
2026-03-16 07:36:05,183 - paramiko.transport - DEBUG - userauth is OK
2026-03-16 07:36:06,706 - paramiko.transport - INFO - Authentication (password) successful!
2026-03-16 07:36:06,706 - paramiko.transport - INFO - Authentication (password) successful!
2026-03-16 07:36:06,757 - paramiko.transport - DEBUG - Received global request "hostkeys-00@openssh.com"
2026-03-16 07:36:06,757 - paramiko.transport - DEBUG - Received global request "hostkeys-00@openssh.com"
2026-03-16 07:36:06,757 - paramiko.transport - DEBUG - Rejecting "hostkeys-00@openssh.com" global request from server.
2026-03-16 07:36:06,757 - paramiko.transport - DEBUG - Rejecting "hostkeys-00@openssh.com" global request from server.
2026-03-16 07:36:07,006 - paramiko.transport - DEBUG - [chan 0] Max packet in: 32768 bytes
2026-03-16 07:36:07,006 - paramiko.transport - DEBUG - [chan 0] Max packet in: 32768 bytes
2026-03-16 07:36:07,016 - paramiko.transport - DEBUG - [chan 0] Max packet out: 32768 bytes
2026-03-16 07:36:07,016 - paramiko.transport - DEBUG - [chan 0] Max packet out: 32768 bytes
2026-03-16 07:36:07,016 - paramiko.transport - DEBUG - Secsh channel 0 opened.
2026-03-16 07:36:07,016 - paramiko.transport - DEBUG - Secsh channel 0 opened.
2026-03-16 07:36:07,020 - paramiko.transport - DEBUG - [chan 0] Sesch channel 0 request ok
2026-03-16 07:36:07,020 - paramiko.transport - DEBUG - [chan 0] Sesch channel 0 request ok
2026-03-16 07:36:07,638 - paramiko.transport - DEBUG - starting thread (client mode): 0xa7d9a650
2026-03-16 07:36:07,638 - paramiko.transport - DEBUG - starting thread (client mode): 0xa7d9a650
2026-03-16 07:36:07,638 - paramiko.transport - DEBUG - Local version/idstring: SSH-2.0-paramiko_3.4.0
2026-03-16 07:36:07,638 - paramiko.transport - DEBUG - Local version/idstring: SSH-2.0-paramiko_3.4.0
2026-03-16 07:36:07,772 - paramiko.transport - DEBUG - Remote version/idstring: SSH-2.0-OpenSSH_9.2p1 Debian-2+deb12u2
2026-03-16 07:36:07,772 - paramiko.transport - DEBUG - Remote version/idstring: SSH-2.0-OpenSSH_9.2p1 Debian-2+deb12u2
2026-03-16 07:36:07,773 - paramiko.transport - INFO - Connected (version 2.0, client OpenSSH_9.2p1)
2026-03-16 07:36:07,773 - paramiko.transport - INFO - Connected (version 2.0, client OpenSSH_9.2p1)
2026-03-16 07:36:07,779 - paramiko.transport - DEBUG - === Key exchange possibilities ===
2026-03-16 07:36:07,779 - paramiko.transport - DEBUG - === Key exchange possibilities ===
2026-03-16 07:36:07,779 - paramiko.transport - DEBUG - kex algos: sntrup761x25519-sha512@openssh.com, curve25519-sha256, curve25519-sha256@libssh.org, ecdh-sha2-nistp256, ecdh-sha2-nistp384, ecdh-sha2-nistp521, diffie-hellman-group-exchange-sha256, diffie-hellman-group16-sha512, diffie-hellman-group18-sha512, diffie-hellman-group14-sha256, kex-strict-s-v00@openssh.com
2026-03-16 07:36:07,779 - paramiko.transport - DEBUG - kex algos: sntrup761x25519-sha512@openssh.com, curve25519-sha256, curve25519-sha256@libssh.org, ecdh-sha2-nistp256, ecdh-sha2-nistp384, ecdh-sha2-nistp521, diffie-hellman-group-exchange-sha256, diffie-hellman-group16-sha512, diffie-hellman-group18-sha512, diffie-hellman-group14-sha256, kex-strict-s-v00@openssh.com
2026-03-16 07:36:07,779 - paramiko.transport - DEBUG - server key: rsa-sha2-512, rsa-sha2-256, ssh-rsa, ecdsa-sha2-nistp256, ssh-ed25519
2026-03-16 07:36:07,779 - paramiko.transport - DEBUG - server key: rsa-sha2-512, rsa-sha2-256, ssh-rsa, ecdsa-sha2-nistp256, ssh-ed25519
2026-03-16 07:36:07,780 - paramiko.transport - DEBUG - client encrypt: chacha20-poly1305@openssh.com, aes128-ctr, aes192-ctr, aes256-ctr, aes128-gcm@openssh.com, aes256-gcm@openssh.com
2026-03-16 07:36:07,780 - paramiko.transport - DEBUG - client encrypt: chacha20-poly1305@openssh.com, aes128-ctr, aes192-ctr, aes256-ctr, aes128-gcm@openssh.com, aes256-gcm@openssh.com
2026-03-16 07:36:07,780 - paramiko.transport - DEBUG - server encrypt: chacha20-poly1305@openssh.com, aes128-ctr, aes192-ctr, aes256-ctr, aes128-gcm@openssh.com, aes256-gcm@openssh.com
2026-03-16 07:36:07,780 - paramiko.transport - DEBUG - server encrypt: chacha20-poly1305@openssh.com, aes128-ctr, aes192-ctr, aes256-ctr, aes128-gcm@openssh.com, aes256-gcm@openssh.com
2026-03-16 07:36:07,780 - paramiko.transport - DEBUG - client mac: umac-64-etm@openssh.com, umac-128-etm@openssh.com, hmac-sha2-256-etm@openssh.com, hmac-sha2-512-etm@openssh.com, hmac-sha1-etm@openssh.com, umac-64@openssh.com, umac-128@openssh.com, hmac-sha2-256, hmac-sha2-512, hmac-sha1
2026-03-16 07:36:07,780 - paramiko.transport - DEBUG - client mac: umac-64-etm@openssh.com, umac-128-etm@openssh.com, hmac-sha2-256-etm@openssh.com, hmac-sha2-512-etm@openssh.com, hmac-sha1-etm@openssh.com, umac-64@openssh.com, umac-128@openssh.com, hmac-sha2-256, hmac-sha2-512, hmac-sha1
2026-03-16 07:36:07,780 - paramiko.transport - DEBUG - server mac: umac-64-etm@openssh.com, umac-128-etm@openssh.com, hmac-sha2-256-etm@openssh.com, hmac-sha2-512-etm@openssh.com, hmac-sha1-etm@openssh.com, umac-64@openssh.com, umac-128@openssh.com, hmac-sha2-256, hmac-sha2-512, hmac-sha1
2026-03-16 07:36:07,780 - paramiko.transport - DEBUG - server mac: umac-64-etm@openssh.com, umac-128-etm@openssh.com, hmac-sha2-256-etm@openssh.com, hmac-sha2-512-etm@openssh.com, hmac-sha1-etm@openssh.com, umac-64@openssh.com, umac-128@openssh.com, hmac-sha2-256, hmac-sha2-512, hmac-sha1
2026-03-16 07:36:07,780 - paramiko.transport - DEBUG - client compress: none, zlib@openssh.com
2026-03-16 07:36:07,780 - paramiko.transport - DEBUG - client compress: none, zlib@openssh.com
2026-03-16 07:36:07,781 - paramiko.transport - DEBUG - server compress: none, zlib@openssh.com
2026-03-16 07:36:07,781 - paramiko.transport - DEBUG - server compress: none, zlib@openssh.com
2026-03-16 07:36:07,781 - paramiko.transport - DEBUG - client lang: <none>
2026-03-16 07:36:07,781 - paramiko.transport - DEBUG - client lang: <none>
2026-03-16 07:36:07,781 - paramiko.transport - DEBUG - server lang: <none>
2026-03-16 07:36:07,781 - paramiko.transport - DEBUG - server lang: <none>
2026-03-16 07:36:07,781 - paramiko.transport - DEBUG - kex follows: False
2026-03-16 07:36:07,781 - paramiko.transport - DEBUG - kex follows: False
2026-03-16 07:36:07,781 - paramiko.transport - DEBUG - === Key exchange agreements ===
2026-03-16 07:36:07,781 - paramiko.transport - DEBUG - === Key exchange agreements ===
2026-03-16 07:36:07,781 - paramiko.transport - DEBUG - Strict kex mode: True
2026-03-16 07:36:07,781 - paramiko.transport - DEBUG - Strict kex mode: True
2026-03-16 07:36:07,781 - paramiko.transport - DEBUG - Kex: curve25519-sha256@libssh.org
2026-03-16 07:36:07,781 - paramiko.transport - DEBUG - Kex: curve25519-sha256@libssh.org
2026-03-16 07:36:07,781 - paramiko.transport - DEBUG - HostKey: ssh-ed25519
2026-03-16 07:36:07,781 - paramiko.transport - DEBUG - HostKey: ssh-ed25519
2026-03-16 07:36:07,781 - paramiko.transport - DEBUG - Cipher: aes128-ctr
2026-03-16 07:36:07,781 - paramiko.transport - DEBUG - Cipher: aes128-ctr
2026-03-16 07:36:07,781 - paramiko.transport - DEBUG - MAC: hmac-sha2-256
2026-03-16 07:36:07,781 - paramiko.transport - DEBUG - MAC: hmac-sha2-256
2026-03-16 07:36:07,782 - paramiko.transport - DEBUG - Compression: none
2026-03-16 07:36:07,782 - paramiko.transport - DEBUG - Compression: none
2026-03-16 07:36:07,782 - paramiko.transport - DEBUG - === End of kex handshake ===
2026-03-16 07:36:07,782 - paramiko.transport - DEBUG - === End of kex handshake ===
2026-03-16 07:36:07,866 - paramiko.transport - DEBUG - Resetting outbound seqno after NEWKEYS due to strict mode
2026-03-16 07:36:07,866 - paramiko.transport - DEBUG - Resetting outbound seqno after NEWKEYS due to strict mode
2026-03-16 07:36:07,866 - paramiko.transport - DEBUG - kex engine KexCurve25519 specified hash_algo <built-in function openssl_sha256>
2026-03-16 07:36:07,866 - paramiko.transport - DEBUG - kex engine KexCurve25519 specified hash_algo <built-in function openssl_sha256>
2026-03-16 07:36:07,867 - paramiko.transport - DEBUG - Switch to new keys ...
2026-03-16 07:36:07,867 - paramiko.transport - DEBUG - Switch to new keys ...
2026-03-16 07:36:07,867 - paramiko.transport - DEBUG - Resetting inbound seqno after NEWKEYS due to strict mode
2026-03-16 07:36:07,867 - paramiko.transport - DEBUG - Resetting inbound seqno after NEWKEYS due to strict mode
2026-03-16 07:36:07,867 - paramiko.transport - DEBUG - Got EXT_INFO: {'server-sig-algs': b'ssh-ed25519,sk-ssh-ed25519@openssh.com,ecdsa-sha2-nistp256,ecdsa-sha2-nistp384,ecdsa-sha2-nistp521,sk-ecdsa-sha2-nistp256@openssh.com,webauthn-sk-ecdsa-sha2-nistp256@openssh.com,ssh-dss,ssh-rsa,rsa-sha2-256,rsa-sha2-512', 'publickey-hostbound@openssh.com': b'0'}
2026-03-16 07:36:07,867 - paramiko.transport - DEBUG - Got EXT_INFO: {'server-sig-algs': b'ssh-ed25519,sk-ssh-ed25519@openssh.com,ecdsa-sha2-nistp256,ecdsa-sha2-nistp384,ecdsa-sha2-nistp521,sk-ecdsa-sha2-nistp256@openssh.com,webauthn-sk-ecdsa-sha2-nistp256@openssh.com,ssh-dss,ssh-rsa,rsa-sha2-256,rsa-sha2-512', 'publickey-hostbound@openssh.com': b'0'}
2026-03-16 07:36:07,867 - paramiko.transport - DEBUG - Adding ssh-ed25519 host key for 192.168.0.200: b'f78ffc02bff46de65db4b9c040b23df5'
2026-03-16 07:36:07,867 - paramiko.transport - DEBUG - Adding ssh-ed25519 host key for 192.168.0.200: b'f78ffc02bff46de65db4b9c040b23df5'
2026-03-16 07:36:07,876 - paramiko.transport - DEBUG - userauth is OK
2026-03-16 07:36:07,876 - paramiko.transport - DEBUG - userauth is OK
2026-03-16 07:36:09,401 - paramiko.transport - INFO - Authentication (password) successful!
2026-03-16 07:36:09,401 - paramiko.transport - INFO - Authentication (password) successful!
2026-03-16 07:36:09,443 - paramiko.transport - DEBUG - Received global request "hostkeys-00@openssh.com"
2026-03-16 07:36:09,443 - paramiko.transport - DEBUG - Received global request "hostkeys-00@openssh.com"
2026-03-16 07:36:09,443 - paramiko.transport - DEBUG - Rejecting "hostkeys-00@openssh.com" global request from server.
2026-03-16 07:36:09,443 - paramiko.transport - DEBUG - Rejecting "hostkeys-00@openssh.com" global request from server.
2026-03-16 07:36:09,702 - paramiko.transport - DEBUG - [chan 0] Max packet in: 32768 bytes
2026-03-16 07:36:09,702 - paramiko.transport - DEBUG - [chan 0] Max packet in: 32768 bytes
2026-03-16 07:36:09,705 - paramiko.transport - DEBUG - [chan 0] Max packet out: 32768 bytes
2026-03-16 07:36:09,705 - paramiko.transport - DEBUG - [chan 0] Max packet out: 32768 bytes
2026-03-16 07:36:09,707 - paramiko.transport - DEBUG - Secsh channel 0 opened.
2026-03-16 07:36:09,707 - paramiko.transport - DEBUG - Secsh channel 0 opened.
2026-03-16 07:36:09,711 - paramiko.transport - DEBUG - [chan 0] Sesch channel 0 request ok
2026-03-16 07:36:09,711 - paramiko.transport - DEBUG - [chan 0] Sesch channel 0 request ok
2026-03-16 07:36:10,331 - paramiko.transport - DEBUG - starting thread (client mode): 0xa7d98650
2026-03-16 07:36:10,331 - paramiko.transport - DEBUG - starting thread (client mode): 0xa7d98650
2026-03-16 07:36:10,332 - paramiko.transport - DEBUG - Local version/idstring: SSH-2.0-paramiko_3.4.0
2026-03-16 07:36:10,332 - paramiko.transport - DEBUG - Local version/idstring: SSH-2.0-paramiko_3.4.0
2026-03-16 07:36:10,444 - paramiko.transport - DEBUG - Remote version/idstring: SSH-2.0-OpenSSH_9.2p1 Debian-2+deb12u2
2026-03-16 07:36:10,444 - paramiko.transport - DEBUG - Remote version/idstring: SSH-2.0-OpenSSH_9.2p1 Debian-2+deb12u2
2026-03-16 07:36:10,445 - paramiko.transport - INFO - Connected (version 2.0, client OpenSSH_9.2p1)
2026-03-16 07:36:10,445 - paramiko.transport - INFO - Connected (version 2.0, client OpenSSH_9.2p1)
2026-03-16 07:36:10,455 - paramiko.transport - DEBUG - === Key exchange possibilities ===
2026-03-16 07:36:10,455 - paramiko.transport - DEBUG - === Key exchange possibilities ===
2026-03-16 07:36:10,455 - paramiko.transport - DEBUG - kex algos: sntrup761x25519-sha512@openssh.com, curve25519-sha256, curve25519-sha256@libssh.org, ecdh-sha2-nistp256, ecdh-sha2-nistp384, ecdh-sha2-nistp521, diffie-hellman-group-exchange-sha256, diffie-hellman-group16-sha512, diffie-hellman-group18-sha512, diffie-hellman-group14-sha256, kex-strict-s-v00@openssh.com
2026-03-16 07:36:10,455 - paramiko.transport - DEBUG - kex algos: sntrup761x25519-sha512@openssh.com, curve25519-sha256, curve25519-sha256@libssh.org, ecdh-sha2-nistp256, ecdh-sha2-nistp384, ecdh-sha2-nistp521, diffie-hellman-group-exchange-sha256, diffie-hellman-group16-sha512, diffie-hellman-group18-sha512, diffie-hellman-group14-sha256, kex-strict-s-v00@openssh.com
2026-03-16 07:36:10,455 - paramiko.transport - DEBUG - server key: rsa-sha2-512, rsa-sha2-256, ssh-rsa, ecdsa-sha2-nistp256, ssh-ed25519
2026-03-16 07:36:10,455 - paramiko.transport - DEBUG - server key: rsa-sha2-512, rsa-sha2-256, ssh-rsa, ecdsa-sha2-nistp256, ssh-ed25519
2026-03-16 07:36:10,457 - paramiko.transport - DEBUG - client encrypt: chacha20-poly1305@openssh.com, aes128-ctr, aes192-ctr, aes256-ctr, aes128-gcm@openssh.com, aes256-gcm@openssh.com
2026-03-16 07:36:10,457 - paramiko.transport - DEBUG - client encrypt: chacha20-poly1305@openssh.com, aes128-ctr, aes192-ctr, aes256-ctr, aes128-gcm@openssh.com, aes256-gcm@openssh.com
2026-03-16 07:36:10,457 - paramiko.transport - DEBUG - server encrypt: chacha20-poly1305@openssh.com, aes128-ctr, aes192-ctr, aes256-ctr, aes128-gcm@openssh.com, aes256-gcm@openssh.com
2026-03-16 07:36:10,457 - paramiko.transport - DEBUG - server encrypt: chacha20-poly1305@openssh.com, aes128-ctr, aes192-ctr, aes256-ctr, aes128-gcm@openssh.com, aes256-gcm@openssh.com
2026-03-16 07:36:10,457 - paramiko.transport - DEBUG - client mac: umac-64-etm@openssh.com, umac-128-etm@openssh.com, hmac-sha2-256-etm@openssh.com, hmac-sha2-512-etm@openssh.com, hmac-sha1-etm@openssh.com, umac-64@openssh.com, umac-128@openssh.com, hmac-sha2-256, hmac-sha2-512, hmac-sha1
2026-03-16 07:36:10,457 - paramiko.transport - DEBUG - client mac: umac-64-etm@openssh.com, umac-128-etm@openssh.com, hmac-sha2-256-etm@openssh.com, hmac-sha2-512-etm@openssh.com, hmac-sha1-etm@openssh.com, umac-64@openssh.com, umac-128@openssh.com, hmac-sha2-256, hmac-sha2-512, hmac-sha1
2026-03-16 07:36:10,457 - paramiko.transport - DEBUG - server mac: umac-64-etm@openssh.com, umac-128-etm@openssh.com, hmac-sha2-256-etm@openssh.com, hmac-sha2-512-etm@openssh.com, hmac-sha1-etm@openssh.com, umac-64@openssh.com, umac-128@openssh.com, hmac-sha2-256, hmac-sha2-512, hmac-sha1
2026-03-16 07:36:10,457 - paramiko.transport - DEBUG - server mac: umac-64-etm@openssh.com, umac-128-etm@openssh.com, hmac-sha2-256-etm@openssh.com, hmac-sha2-512-etm@openssh.com, hmac-sha1-etm@openssh.com, umac-64@openssh.com, umac-128@openssh.com, hmac-sha2-256, hmac-sha2-512, hmac-sha1
2026-03-16 07:36:10,457 - paramiko.transport - DEBUG - client compress: none, zlib@openssh.com
2026-03-16 07:36:10,457 - paramiko.transport - DEBUG - client compress: none, zlib@openssh.com
2026-03-16 07:36:10,458 - paramiko.transport - DEBUG - server compress: none, zlib@openssh.com
2026-03-16 07:36:10,458 - paramiko.transport - DEBUG - server compress: none, zlib@openssh.com
2026-03-16 07:36:10,458 - paramiko.transport - DEBUG - client lang: <none>
2026-03-16 07:36:10,458 - paramiko.transport - DEBUG - client lang: <none>
2026-03-16 07:36:10,458 - paramiko.transport - DEBUG - server lang: <none>
2026-03-16 07:36:10,458 - paramiko.transport - DEBUG - server lang: <none>
2026-03-16 07:36:10,458 - paramiko.transport - DEBUG - kex follows: False
2026-03-16 07:36:10,458 - paramiko.transport - DEBUG - kex follows: False
2026-03-16 07:36:10,458 - paramiko.transport - DEBUG - === Key exchange agreements ===
2026-03-16 07:36:10,458 - paramiko.transport - DEBUG - === Key exchange agreements ===
2026-03-16 07:36:10,458 - paramiko.transport - DEBUG - Strict kex mode: True
2026-03-16 07:36:10,458 - paramiko.transport - DEBUG - Strict kex mode: True
2026-03-16 07:36:10,459 - paramiko.transport - DEBUG - Kex: curve25519-sha256@libssh.org
2026-03-16 07:36:10,459 - paramiko.transport - DEBUG - Kex: curve25519-sha256@libssh.org
2026-03-16 07:36:10,459 - paramiko.transport - DEBUG - HostKey: ssh-ed25519
2026-03-16 07:36:10,459 - paramiko.transport - DEBUG - HostKey: ssh-ed25519
2026-03-16 07:36:10,459 - paramiko.transport - DEBUG - Cipher: aes128-ctr
2026-03-16 07:36:10,459 - paramiko.transport - DEBUG - Cipher: aes128-ctr
2026-03-16 07:36:10,459 - paramiko.transport - DEBUG - MAC: hmac-sha2-256
2026-03-16 07:36:10,459 - paramiko.transport - DEBUG - MAC: hmac-sha2-256
2026-03-16 07:36:10,460 - paramiko.transport - DEBUG - Compression: none
2026-03-16 07:36:10,460 - paramiko.transport - DEBUG - Compression: none
2026-03-16 07:36:10,460 - paramiko.transport - DEBUG - === End of kex handshake ===
2026-03-16 07:36:10,460 - paramiko.transport - DEBUG - === End of kex handshake ===
2026-03-16 07:36:10,526 - paramiko.transport - DEBUG - Resetting outbound seqno after NEWKEYS due to strict mode
2026-03-16 07:36:10,526 - paramiko.transport - DEBUG - Resetting outbound seqno after NEWKEYS due to strict mode
2026-03-16 07:36:10,527 - paramiko.transport - DEBUG - kex engine KexCurve25519 specified hash_algo <built-in function openssl_sha256>
2026-03-16 07:36:10,527 - paramiko.transport - DEBUG - kex engine KexCurve25519 specified hash_algo <built-in function openssl_sha256>
2026-03-16 07:36:10,527 - paramiko.transport - DEBUG - Switch to new keys ...
2026-03-16 07:36:10,527 - paramiko.transport - DEBUG - Switch to new keys ...
2026-03-16 07:36:10,527 - paramiko.transport - DEBUG - Resetting inbound seqno after NEWKEYS due to strict mode
2026-03-16 07:36:10,527 - paramiko.transport - DEBUG - Resetting inbound seqno after NEWKEYS due to strict mode
2026-03-16 07:36:10,528 - paramiko.transport - DEBUG - Got EXT_INFO: {'server-sig-algs': b'ssh-ed25519,sk-ssh-ed25519@openssh.com,ecdsa-sha2-nistp256,ecdsa-sha2-nistp384,ecdsa-sha2-nistp521,sk-ecdsa-sha2-nistp256@openssh.com,webauthn-sk-ecdsa-sha2-nistp256@openssh.com,ssh-dss,ssh-rsa,rsa-sha2-256,rsa-sha2-512', 'publickey-hostbound@openssh.com': b'0'}
2026-03-16 07:36:10,528 - paramiko.transport - DEBUG - Got EXT_INFO: {'server-sig-algs': b'ssh-ed25519,sk-ssh-ed25519@openssh.com,ecdsa-sha2-nistp256,ecdsa-sha2-nistp384,ecdsa-sha2-nistp521,sk-ecdsa-sha2-nistp256@openssh.com,webauthn-sk-ecdsa-sha2-nistp256@openssh.com,ssh-dss,ssh-rsa,rsa-sha2-256,rsa-sha2-512', 'publickey-hostbound@openssh.com': b'0'}
2026-03-16 07:36:10,528 - paramiko.transport - DEBUG - Adding ssh-ed25519 host key for 192.168.0.200: b'f78ffc02bff46de65db4b9c040b23df5'
2026-03-16 07:36:10,528 - paramiko.transport - DEBUG - Adding ssh-ed25519 host key for 192.168.0.200: b'f78ffc02bff46de65db4b9c040b23df5'
2026-03-16 07:36:10,535 - paramiko.transport - DEBUG - userauth is OK
2026-03-16 07:36:10,535 - paramiko.transport - DEBUG - userauth is OK
2026-03-16 07:36:12,048 - paramiko.transport - INFO - Authentication (password) successful!
2026-03-16 07:36:12,048 - paramiko.transport - INFO - Authentication (password) successful!
2026-03-16 07:36:12,097 - paramiko.transport - DEBUG - Received global request "hostkeys-00@openssh.com"
2026-03-16 07:36:12,097 - paramiko.transport - DEBUG - Received global request "hostkeys-00@openssh.com"
2026-03-16 07:36:12,097 - paramiko.transport - DEBUG - Rejecting "hostkeys-00@openssh.com" global request from server.
2026-03-16 07:36:12,097 - paramiko.transport - DEBUG - Rejecting "hostkeys-00@openssh.com" global request from server.
2026-03-16 07:36:12,255 - paramiko.transport - DEBUG - starting thread (client mode): 0xa7db6050
2026-03-16 07:36:12,255 - paramiko.transport - DEBUG - starting thread (client mode): 0xa7db6050
2026-03-16 07:36:12,257 - paramiko.transport - DEBUG - Local version/idstring: SSH-2.0-paramiko_3.4.0
2026-03-16 07:36:12,257 - paramiko.transport - DEBUG - Local version/idstring: SSH-2.0-paramiko_3.4.0
2026-03-16 07:36:12,423 - paramiko.transport - DEBUG - Remote version/idstring: SSH-2.0-OpenSSH_9.2p1 Debian-2+deb12u2
2026-03-16 07:36:12,423 - paramiko.transport - DEBUG - Remote version/idstring: SSH-2.0-OpenSSH_9.2p1 Debian-2+deb12u2
2026-03-16 07:36:12,424 - paramiko.transport - INFO - Connected (version 2.0, client OpenSSH_9.2p1)
2026-03-16 07:36:12,424 - paramiko.transport - INFO - Connected (version 2.0, client OpenSSH_9.2p1)
2026-03-16 07:36:12,432 - paramiko.transport - DEBUG - === Key exchange possibilities ===
2026-03-16 07:36:12,432 - paramiko.transport - DEBUG - === Key exchange possibilities ===
2026-03-16 07:36:12,433 - paramiko.transport - DEBUG - kex algos: sntrup761x25519-sha512@openssh.com, curve25519-sha256, curve25519-sha256@libssh.org, ecdh-sha2-nistp256, ecdh-sha2-nistp384, ecdh-sha2-nistp521, diffie-hellman-group-exchange-sha256, diffie-hellman-group16-sha512, diffie-hellman-group18-sha512, diffie-hellman-group14-sha256, kex-strict-s-v00@openssh.com
2026-03-16 07:36:12,433 - paramiko.transport - DEBUG - kex algos: sntrup761x25519-sha512@openssh.com, curve25519-sha256, curve25519-sha256@libssh.org, ecdh-sha2-nistp256, ecdh-sha2-nistp384, ecdh-sha2-nistp521, diffie-hellman-group-exchange-sha256, diffie-hellman-group16-sha512, diffie-hellman-group18-sha512, diffie-hellman-group14-sha256, kex-strict-s-v00@openssh.com
2026-03-16 07:36:12,433 - paramiko.transport - DEBUG - server key: rsa-sha2-512, rsa-sha2-256, ssh-rsa, ecdsa-sha2-nistp256, ssh-ed25519
2026-03-16 07:36:12,433 - paramiko.transport - DEBUG - server key: rsa-sha2-512, rsa-sha2-256, ssh-rsa, ecdsa-sha2-nistp256, ssh-ed25519
2026-03-16 07:36:12,433 - paramiko.transport - DEBUG - client encrypt: chacha20-poly1305@openssh.com, aes128-ctr, aes192-ctr, aes256-ctr, aes128-gcm@openssh.com, aes256-gcm@openssh.com
2026-03-16 07:36:12,433 - paramiko.transport - DEBUG - client encrypt: chacha20-poly1305@openssh.com, aes128-ctr, aes192-ctr, aes256-ctr, aes128-gcm@openssh.com, aes256-gcm@openssh.com
2026-03-16 07:36:12,433 - paramiko.transport - DEBUG - server encrypt: chacha20-poly1305@openssh.com, aes128-ctr, aes192-ctr, aes256-ctr, aes128-gcm@openssh.com, aes256-gcm@openssh.com
2026-03-16 07:36:12,433 - paramiko.transport - DEBUG - server encrypt: chacha20-poly1305@openssh.com, aes128-ctr, aes192-ctr, aes256-ctr, aes128-gcm@openssh.com, aes256-gcm@openssh.com
2026-03-16 07:36:12,433 - paramiko.transport - DEBUG - client mac: umac-64-etm@openssh.com, umac-128-etm@openssh.com, hmac-sha2-256-etm@openssh.com, hmac-sha2-512-etm@openssh.com, hmac-sha1-etm@openssh.com, umac-64@openssh.com, umac-128@openssh.com, hmac-sha2-256, hmac-sha2-512, hmac-sha1
2026-03-16 07:36:12,433 - paramiko.transport - DEBUG - client mac: umac-64-etm@openssh.com, umac-128-etm@openssh.com, hmac-sha2-256-etm@openssh.com, hmac-sha2-512-etm@openssh.com, hmac-sha1-etm@openssh.com, umac-64@openssh.com, umac-128@openssh.com, hmac-sha2-256, hmac-sha2-512, hmac-sha1
2026-03-16 07:36:12,434 - paramiko.transport - DEBUG - server mac: umac-64-etm@openssh.com, umac-128-etm@openssh.com, hmac-sha2-256-etm@openssh.com, hmac-sha2-512-etm@openssh.com, hmac-sha1-etm@openssh.com, umac-64@openssh.com, umac-128@openssh.com, hmac-sha2-256, hmac-sha2-512, hmac-sha1
2026-03-16 07:36:12,434 - paramiko.transport - DEBUG - server mac: umac-64-etm@openssh.com, umac-128-etm@openssh.com, hmac-sha2-256-etm@openssh.com, hmac-sha2-512-etm@openssh.com, hmac-sha1-etm@openssh.com, umac-64@openssh.com, umac-128@openssh.com, hmac-sha2-256, hmac-sha2-512, hmac-sha1
2026-03-16 07:36:12,434 - paramiko.transport - DEBUG - client compress: none, zlib@openssh.com
2026-03-16 07:36:12,434 - paramiko.transport - DEBUG - client compress: none, zlib@openssh.com
2026-03-16 07:36:12,434 - paramiko.transport - DEBUG - server compress: none, zlib@openssh.com
2026-03-16 07:36:12,434 - paramiko.transport - DEBUG - server compress: none, zlib@openssh.com
2026-03-16 07:36:12,434 - paramiko.transport - DEBUG - client lang: <none>
2026-03-16 07:36:12,434 - paramiko.transport - DEBUG - client lang: <none>
2026-03-16 07:36:12,434 - paramiko.transport - DEBUG - server lang: <none>
2026-03-16 07:36:12,434 - paramiko.transport - DEBUG - server lang: <none>
2026-03-16 07:36:12,435 - paramiko.transport - DEBUG - kex follows: False
2026-03-16 07:36:12,435 - paramiko.transport - DEBUG - kex follows: False
2026-03-16 07:36:12,435 - paramiko.transport - DEBUG - === Key exchange agreements ===
2026-03-16 07:36:12,435 - paramiko.transport - DEBUG - === Key exchange agreements ===
2026-03-16 07:36:12,435 - paramiko.transport - DEBUG - Strict kex mode: True
2026-03-16 07:36:12,435 - paramiko.transport - DEBUG - Strict kex mode: True
2026-03-16 07:36:12,435 - paramiko.transport - DEBUG - Kex: curve25519-sha256@libssh.org
2026-03-16 07:36:12,435 - paramiko.transport - DEBUG - Kex: curve25519-sha256@libssh.org
2026-03-16 07:36:12,435 - paramiko.transport - DEBUG - HostKey: ssh-ed25519
2026-03-16 07:36:12,435 - paramiko.transport - DEBUG - HostKey: ssh-ed25519
2026-03-16 07:36:12,435 - paramiko.transport - DEBUG - Cipher: aes128-ctr
2026-03-16 07:36:12,435 - paramiko.transport - DEBUG - Cipher: aes128-ctr
2026-03-16 07:36:12,435 - paramiko.transport - DEBUG - MAC: hmac-sha2-256
2026-03-16 07:36:12,435 - paramiko.transport - DEBUG - MAC: hmac-sha2-256
2026-03-16 07:36:12,437 - paramiko.transport - DEBUG - Compression: none
2026-03-16 07:36:12,437 - paramiko.transport - DEBUG - Compression: none
2026-03-16 07:36:12,437 - paramiko.transport - DEBUG - === End of kex handshake ===
2026-03-16 07:36:12,437 - paramiko.transport - DEBUG - === End of kex handshake ===
2026-03-16 07:36:12,494 - paramiko.transport - DEBUG - Resetting outbound seqno after NEWKEYS due to strict mode
2026-03-16 07:36:12,494 - paramiko.transport - DEBUG - Resetting outbound seqno after NEWKEYS due to strict mode
2026-03-16 07:36:12,495 - paramiko.transport - DEBUG - kex engine KexCurve25519 specified hash_algo <built-in function openssl_sha256>
2026-03-16 07:36:12,495 - paramiko.transport - DEBUG - kex engine KexCurve25519 specified hash_algo <built-in function openssl_sha256>
2026-03-16 07:36:12,496 - paramiko.transport - DEBUG - Switch to new keys ...
2026-03-16 07:36:12,496 - paramiko.transport - DEBUG - Switch to new keys ...
2026-03-16 07:36:12,496 - paramiko.transport - DEBUG - Resetting inbound seqno after NEWKEYS due to strict mode
2026-03-16 07:36:12,496 - paramiko.transport - DEBUG - Resetting inbound seqno after NEWKEYS due to strict mode
2026-03-16 07:36:12,497 - paramiko.transport - DEBUG - Adding ssh-ed25519 host key for 192.168.0.200: b'f78ffc02bff46de65db4b9c040b23df5'
2026-03-16 07:36:12,497 - paramiko.transport - DEBUG - Adding ssh-ed25519 host key for 192.168.0.200: b'f78ffc02bff46de65db4b9c040b23df5'
2026-03-16 07:36:12,497 - paramiko.transport - DEBUG - Got EXT_INFO: {'server-sig-algs': b'ssh-ed25519,sk-ssh-ed25519@openssh.com,ecdsa-sha2-nistp256,ecdsa-sha2-nistp384,ecdsa-sha2-nistp521,sk-ecdsa-sha2-nistp256@openssh.com,webauthn-sk-ecdsa-sha2-nistp256@openssh.com,ssh-dss,ssh-rsa,rsa-sha2-256,rsa-sha2-512', 'publickey-hostbound@openssh.com': b'0'}
2026-03-16 07:36:12,497 - paramiko.transport - DEBUG - Got EXT_INFO: {'server-sig-algs': b'ssh-ed25519,sk-ssh-ed25519@openssh.com,ecdsa-sha2-nistp256,ecdsa-sha2-nistp384,ecdsa-sha2-nistp521,sk-ecdsa-sha2-nistp256@openssh.com,webauthn-sk-ecdsa-sha2-nistp256@openssh.com,ssh-dss,ssh-rsa,rsa-sha2-256,rsa-sha2-512', 'publickey-hostbound@openssh.com': b'0'}
2026-03-16 07:36:12,507 - paramiko.transport - DEBUG - userauth is OK
2026-03-16 07:36:12,507 - paramiko.transport - DEBUG - userauth is OK
2026-03-16 07:36:14,024 - paramiko.transport - INFO - Authentication (password) successful!
2026-03-16 07:36:14,024 - paramiko.transport - INFO - Authentication (password) successful!
2026-03-16 07:36:14,025 - paramiko.transport - DEBUG - [chan 0] Max packet in: 32768 bytes
2026-03-16 07:36:14,025 - paramiko.transport - DEBUG - [chan 0] Max packet in: 32768 bytes
2026-03-16 07:36:14,067 - paramiko.transport - DEBUG - Received global request "hostkeys-00@openssh.com"
2026-03-16 07:36:14,067 - paramiko.transport - DEBUG - Received global request "hostkeys-00@openssh.com"
2026-03-16 07:36:14,068 - paramiko.transport - DEBUG - Rejecting "hostkeys-00@openssh.com" global request from server.
2026-03-16 07:36:14,068 - paramiko.transport - DEBUG - Rejecting "hostkeys-00@openssh.com" global request from server.
2026-03-16 07:36:14,110 - paramiko.transport - DEBUG - [chan 0] Max packet out: 32768 bytes
2026-03-16 07:36:14,110 - paramiko.transport - DEBUG - [chan 0] Max packet out: 32768 bytes
2026-03-16 07:36:14,110 - paramiko.transport - DEBUG - Secsh channel 0 opened.
2026-03-16 07:36:14,110 - paramiko.transport - DEBUG - Secsh channel 0 opened.
2026-03-16 07:36:14,113 - paramiko.transport - DEBUG - [chan 0] Sesch channel 0 request ok
2026-03-16 07:36:14,113 - paramiko.transport - DEBUG - [chan 0] Sesch channel 0 request ok
2026-03-16 07:36:14,200 - paramiko.transport - DEBUG - [chan 0] EOF received (0)
2026-03-16 07:36:14,200 - paramiko.transport - DEBUG - [chan 0] EOF sent (0)
2026-03-16 07:36:14,200 - paramiko.transport - DEBUG - [chan 0] EOF received (0)
2026-03-16 07:36:14,200 - paramiko.transport - DEBUG - [chan 0] EOF sent (0)
2026-03-16 07:36:14,201 - paramiko.transport - DEBUG - Dropping user packet because connection is dead.
2026-03-16 07:36:14,201 - paramiko.transport - DEBUG - Dropping user packet because connection is dead.
2026-03-16 07:36:17,333 - paramiko.transport - DEBUG - starting thread (client mode): 0xa7c92710
2026-03-16 07:36:17,333 - paramiko.transport - DEBUG - starting thread (client mode): 0xa7c92710
2026-03-16 07:36:17,334 - paramiko.transport - DEBUG - Local version/idstring: SSH-2.0-paramiko_3.4.0
2026-03-16 07:36:17,334 - paramiko.transport - DEBUG - Local version/idstring: SSH-2.0-paramiko_3.4.0
2026-03-16 07:36:17,477 - paramiko.transport - DEBUG - Remote version/idstring: SSH-2.0-OpenSSH_9.2p1 Debian-2+deb12u2
2026-03-16 07:36:17,477 - paramiko.transport - DEBUG - Remote version/idstring: SSH-2.0-OpenSSH_9.2p1 Debian-2+deb12u2
2026-03-16 07:36:17,481 - paramiko.transport - INFO - Connected (version 2.0, client OpenSSH_9.2p1)
2026-03-16 07:36:17,481 - paramiko.transport - INFO - Connected (version 2.0, client OpenSSH_9.2p1)
2026-03-16 07:36:17,485 - paramiko.transport - DEBUG - === Key exchange possibilities ===
2026-03-16 07:36:17,485 - paramiko.transport - DEBUG - === Key exchange possibilities ===
2026-03-16 07:36:17,485 - paramiko.transport - DEBUG - kex algos: sntrup761x25519-sha512@openssh.com, curve25519-sha256, curve25519-sha256@libssh.org, ecdh-sha2-nistp256, ecdh-sha2-nistp384, ecdh-sha2-nistp521, diffie-hellman-group-exchange-sha256, diffie-hellman-group16-sha512, diffie-hellman-group18-sha512, diffie-hellman-group14-sha256, kex-strict-s-v00@openssh.com
2026-03-16 07:36:17,485 - paramiko.transport - DEBUG - kex algos: sntrup761x25519-sha512@openssh.com, curve25519-sha256, curve25519-sha256@libssh.org, ecdh-sha2-nistp256, ecdh-sha2-nistp384, ecdh-sha2-nistp521, diffie-hellman-group-exchange-sha256, diffie-hellman-group16-sha512, diffie-hellman-group18-sha512, diffie-hellman-group14-sha256, kex-strict-s-v00@openssh.com
2026-03-16 07:36:17,485 - paramiko.transport - DEBUG - server key: rsa-sha2-512, rsa-sha2-256, ssh-rsa, ecdsa-sha2-nistp256, ssh-ed25519
2026-03-16 07:36:17,485 - paramiko.transport - DEBUG - server key: rsa-sha2-512, rsa-sha2-256, ssh-rsa, ecdsa-sha2-nistp256, ssh-ed25519
2026-03-16 07:36:17,486 - paramiko.transport - DEBUG - client encrypt: chacha20-poly1305@openssh.com, aes128-ctr, aes192-ctr, aes256-ctr, aes128-gcm@openssh.com, aes256-gcm@openssh.com
2026-03-16 07:36:17,486 - paramiko.transport - DEBUG - client encrypt: chacha20-poly1305@openssh.com, aes128-ctr, aes192-ctr, aes256-ctr, aes128-gcm@openssh.com, aes256-gcm@openssh.com
2026-03-16 07:36:17,486 - paramiko.transport - DEBUG - server encrypt: chacha20-poly1305@openssh.com, aes128-ctr, aes192-ctr, aes256-ctr, aes128-gcm@openssh.com, aes256-gcm@openssh.com
2026-03-16 07:36:17,486 - paramiko.transport - DEBUG - server encrypt: chacha20-poly1305@openssh.com, aes128-ctr, aes192-ctr, aes256-ctr, aes128-gcm@openssh.com, aes256-gcm@openssh.com
2026-03-16 07:36:17,486 - paramiko.transport - DEBUG - client mac: umac-64-etm@openssh.com, umac-128-etm@openssh.com, hmac-sha2-256-etm@openssh.com, hmac-sha2-512-etm@openssh.com, hmac-sha1-etm@openssh.com, umac-64@openssh.com, umac-128@openssh.com, hmac-sha2-256, hmac-sha2-512, hmac-sha1
2026-03-16 07:36:17,486 - paramiko.transport - DEBUG - client mac: umac-64-etm@openssh.com, umac-128-etm@openssh.com, hmac-sha2-256-etm@openssh.com, hmac-sha2-512-etm@openssh.com, hmac-sha1-etm@openssh.com, umac-64@openssh.com, umac-128@openssh.com, hmac-sha2-256, hmac-sha2-512, hmac-sha1
2026-03-16 07:36:17,486 - paramiko.transport - DEBUG - server mac: umac-64-etm@openssh.com, umac-128-etm@openssh.com, hmac-sha2-256-etm@openssh.com, hmac-sha2-512-etm@openssh.com, hmac-sha1-etm@openssh.com, umac-64@openssh.com, umac-128@openssh.com, hmac-sha2-256, hmac-sha2-512, hmac-sha1
2026-03-16 07:36:17,486 - paramiko.transport - DEBUG - server mac: umac-64-etm@openssh.com, umac-128-etm@openssh.com, hmac-sha2-256-etm@openssh.com, hmac-sha2-512-etm@openssh.com, hmac-sha1-etm@openssh.com, umac-64@openssh.com, umac-128@openssh.com, hmac-sha2-256, hmac-sha2-512, hmac-sha1
2026-03-16 07:36:17,487 - paramiko.transport - DEBUG - client compress: none, zlib@openssh.com
2026-03-16 07:36:17,487 - paramiko.transport - DEBUG - client compress: none, zlib@openssh.com
2026-03-16 07:36:17,487 - paramiko.transport - DEBUG - server compress: none, zlib@openssh.com
2026-03-16 07:36:17,487 - paramiko.transport - DEBUG - server compress: none, zlib@openssh.com
2026-03-16 07:36:17,487 - paramiko.transport - DEBUG - client lang: <none>
2026-03-16 07:36:17,487 - paramiko.transport - DEBUG - client lang: <none>
2026-03-16 07:36:17,487 - paramiko.transport - DEBUG - server lang: <none>
2026-03-16 07:36:17,487 - paramiko.transport - DEBUG - server lang: <none>
2026-03-16 07:36:17,487 - paramiko.transport - DEBUG - kex follows: False
2026-03-16 07:36:17,487 - paramiko.transport - DEBUG - kex follows: False
2026-03-16 07:36:17,488 - paramiko.transport - DEBUG - === Key exchange agreements ===
2026-03-16 07:36:17,488 - paramiko.transport - DEBUG - === Key exchange agreements ===
2026-03-16 07:36:17,488 - paramiko.transport - DEBUG - Strict kex mode: True
2026-03-16 07:36:17,488 - paramiko.transport - DEBUG - Strict kex mode: True
2026-03-16 07:36:17,488 - paramiko.transport - DEBUG - Kex: curve25519-sha256@libssh.org
2026-03-16 07:36:17,488 - paramiko.transport - DEBUG - Kex: curve25519-sha256@libssh.org
2026-03-16 07:36:17,488 - paramiko.transport - DEBUG - HostKey: ssh-ed25519
2026-03-16 07:36:17,488 - paramiko.transport - DEBUG - HostKey: ssh-ed25519
2026-03-16 07:36:17,488 - paramiko.transport - DEBUG - Cipher: aes128-ctr
2026-03-16 07:36:17,488 - paramiko.transport - DEBUG - Cipher: aes128-ctr
2026-03-16 07:36:17,489 - paramiko.transport - DEBUG - MAC: hmac-sha2-256
2026-03-16 07:36:17,489 - paramiko.transport - DEBUG - MAC: hmac-sha2-256
2026-03-16 07:36:17,489 - paramiko.transport - DEBUG - Compression: none
2026-03-16 07:36:17,489 - paramiko.transport - DEBUG - Compression: none
2026-03-16 07:36:17,489 - paramiko.transport - DEBUG - === End of kex handshake ===
2026-03-16 07:36:17,489 - paramiko.transport - DEBUG - === End of kex handshake ===
2026-03-16 07:36:17,554 - paramiko.transport - DEBUG - Resetting outbound seqno after NEWKEYS due to strict mode
2026-03-16 07:36:17,554 - paramiko.transport - DEBUG - Resetting outbound seqno after NEWKEYS due to strict mode
2026-03-16 07:36:17,555 - paramiko.transport - DEBUG - kex engine KexCurve25519 specified hash_algo <built-in function openssl_sha256>
2026-03-16 07:36:17,555 - paramiko.transport - DEBUG - kex engine KexCurve25519 specified hash_algo <built-in function openssl_sha256>
2026-03-16 07:36:17,555 - paramiko.transport - DEBUG - Switch to new keys ...
2026-03-16 07:36:17,555 - paramiko.transport - DEBUG - Switch to new keys ...
2026-03-16 07:36:17,556 - paramiko.transport - DEBUG - Resetting inbound seqno after NEWKEYS due to strict mode
2026-03-16 07:36:17,556 - paramiko.transport - DEBUG - Resetting inbound seqno after NEWKEYS due to strict mode
2026-03-16 07:36:17,556 - paramiko.transport - DEBUG - Got EXT_INFO: {'server-sig-algs': b'ssh-ed25519,sk-ssh-ed25519@openssh.com,ecdsa-sha2-nistp256,ecdsa-sha2-nistp384,ecdsa-sha2-nistp521,sk-ecdsa-sha2-nistp256@openssh.com,webauthn-sk-ecdsa-sha2-nistp256@openssh.com,ssh-dss,ssh-rsa,rsa-sha2-256,rsa-sha2-512', 'publickey-hostbound@openssh.com': b'0'}
2026-03-16 07:36:17,556 - paramiko.transport - DEBUG - Got EXT_INFO: {'server-sig-algs': b'ssh-ed25519,sk-ssh-ed25519@openssh.com,ecdsa-sha2-nistp256,ecdsa-sha2-nistp384,ecdsa-sha2-nistp521,sk-ecdsa-sha2-nistp256@openssh.com,webauthn-sk-ecdsa-sha2-nistp256@openssh.com,ssh-dss,ssh-rsa,rsa-sha2-256,rsa-sha2-512', 'publickey-hostbound@openssh.com': b'0'}
2026-03-16 07:36:17,557 - paramiko.transport - DEBUG - Adding ssh-ed25519 host key for 192.168.0.200: b'f78ffc02bff46de65db4b9c040b23df5'
2026-03-16 07:36:17,557 - paramiko.transport - DEBUG - Adding ssh-ed25519 host key for 192.168.0.200: b'f78ffc02bff46de65db4b9c040b23df5'
2026-03-16 07:36:17,562 - paramiko.transport - DEBUG - userauth is OK
2026-03-16 07:36:17,562 - paramiko.transport - DEBUG - userauth is OK
2026-03-16 07:36:19,077 - paramiko.transport - INFO - Authentication (password) successful!
2026-03-16 07:36:19,077 - paramiko.transport - INFO - Authentication (password) successful!
2026-03-16 07:36:19,078 - paramiko.transport - DEBUG - [chan 0] Max packet in: 32768 bytes
2026-03-16 07:36:19,078 - paramiko.transport - DEBUG - [chan 0] Max packet in: 32768 bytes
2026-03-16 07:36:19,111 - paramiko.transport - DEBUG - Received global request "hostkeys-00@openssh.com"
2026-03-16 07:36:19,111 - paramiko.transport - DEBUG - Received global request "hostkeys-00@openssh.com"
2026-03-16 07:36:19,111 - paramiko.transport - DEBUG - Rejecting "hostkeys-00@openssh.com" global request from server.
2026-03-16 07:36:19,111 - paramiko.transport - DEBUG - Rejecting "hostkeys-00@openssh.com" global request from server.
2026-03-16 07:36:19,155 - paramiko.transport - DEBUG - [chan 0] Max packet out: 32768 bytes
2026-03-16 07:36:19,155 - paramiko.transport - DEBUG - [chan 0] Max packet out: 32768 bytes
2026-03-16 07:36:19,155 - paramiko.transport - DEBUG - Secsh channel 0 opened.
2026-03-16 07:36:19,155 - paramiko.transport - DEBUG - Secsh channel 0 opened.
2026-03-16 07:36:19,161 - paramiko.transport - DEBUG - [chan 0] Sesch channel 0 request ok
2026-03-16 07:36:19,161 - paramiko.transport - DEBUG - [chan 0] Sesch channel 0 request ok
2026-03-16 07:36:19,230 - paramiko.transport - DEBUG - [chan 0] EOF received (0)
2026-03-16 07:36:19,230 - paramiko.transport - DEBUG - [chan 0] EOF received (0)
2026-03-16 07:36:19,231 - paramiko.transport - DEBUG - [chan 0] EOF sent (0)
2026-03-16 07:36:19,231 - paramiko.transport - DEBUG - [chan 0] EOF sent (0)
2026-03-16 07:36:19,231 - paramiko.transport - DEBUG - Dropping user packet because connection is dead.
2026-03-16 07:36:19,231 - paramiko.transport - DEBUG - Dropping user packet because connection is dead.
2026-03-16 07:36:34,397 - paramiko.transport - DEBUG - [chan 0] Unhandled channel request "keepalive@openssh.com"
2026-03-16 07:36:34,397 - paramiko.transport - DEBUG - [chan 0] Unhandled channel request "keepalive@openssh.com"
2026-03-16 07:36:42,122 - paramiko.transport - DEBUG - Received global request "keepalive@openssh.com"
2026-03-16 07:36:42,122 - paramiko.transport - DEBUG - Received global request "keepalive@openssh.com"
2026-03-16 07:36:42,123 - paramiko.transport - DEBUG - Rejecting "keepalive@openssh.com" global request from server.
2026-03-16 07:36:42,123 - paramiko.transport - DEBUG - Rejecting "keepalive@openssh.com" global request from server.
2026-03-16 07:36:52,524 - paramiko.transport - DEBUG - [chan 0] Unhandled channel request "keepalive@openssh.com"
2026-03-16 07:36:52,524 - paramiko.transport - DEBUG - [chan 0] Unhandled channel request "keepalive@openssh.com"
2026-03-16 07:37:04,425 - paramiko.transport - DEBUG - [chan 0] Unhandled channel request "keepalive@openssh.com"
2026-03-16 07:37:04,425 - paramiko.transport - DEBUG - [chan 0] Unhandled channel request "keepalive@openssh.com"
2026-03-16 07:37:12,152 - paramiko.transport - DEBUG - Received global request "keepalive@openssh.com"
2026-03-16 07:37:12,152 - paramiko.transport - DEBUG - Received global request "keepalive@openssh.com"
2026-03-16 07:37:12,154 - paramiko.transport - DEBUG - Rejecting "keepalive@openssh.com" global request from server.
2026-03-16 07:37:12,154 - paramiko.transport - DEBUG - Rejecting "keepalive@openssh.com" global request from server.
2026-03-16 07:37:22,558 - paramiko.transport - DEBUG - [chan 0] Unhandled channel request "keepalive@openssh.com"
2026-03-16 07:37:22,558 - paramiko.transport - DEBUG - [chan 0] Unhandled channel request "keepalive@openssh.com"
2026-03-16 07:37:34,457 - paramiko.transport - DEBUG - [chan 0] Unhandled channel request "keepalive@openssh.com"
2026-03-16 07:37:34,457 - paramiko.transport - DEBUG - [chan 0] Unhandled channel request "keepalive@openssh.com"
2026-03-16 07:37:42,187 - paramiko.transport - DEBUG - Received global request "keepalive@openssh.com"
2026-03-16 07:37:42,187 - paramiko.transport - DEBUG - Received global request "keepalive@openssh.com"
2026-03-16 07:37:42,187 - paramiko.transport - DEBUG - Rejecting "keepalive@openssh.com" global request from server.
2026-03-16 07:37:42,187 - paramiko.transport - DEBUG - Rejecting "keepalive@openssh.com" global request from server.
2026-03-16 07:37:52,590 - paramiko.transport - DEBUG - [chan 0] Unhandled channel request "keepalive@openssh.com"
2026-03-16 07:37:52,590 - paramiko.transport - DEBUG - [chan 0] Unhandled channel request "keepalive@openssh.com"
