Ptr.pUmem_Sta_ProgPos[9]  Ptr.pUmem_Sta_ProgPos[10]  Ptr.pUmem_Sta_Velocity[11]
-31355.00000000000000000 44779.00000000000000000 0.00000000000000000
-31355.00000000000000000 44779.00000000000000000 0.00000000000000000
-31281.00000000000000000 44673.00000000000000000 0.00000000000000000
-31206.00000000000000000 44566.00000000000000000 0.00000000000000000
-31132.00000000000000000 44460.00000000000000000 0.00000000000000000
-31063.00000000000000000 44361.00000000000000000 0.00000000000000000
-31063.00000000000000000 44361.00000000000000000 0.00000000000000000
-30988.00000000000000000 44255.00000000000000000 0.00000000000000000
-30920.00000000000000000 44156.00000000000000000 0.00000000000000000
-30845.00000000000000000 44050.00000000000000000 13.00000000000000000
-30776.00000000000000000 43952.00000000000000000 13.00000000000000000
-30776.00000000000000000 43952.00000000000000000 13.00000000000000000
-30702.00000000000000000 43845.00000000000000000 13.00000000000000000
-30633.00000000000000000 43747.00000000000000000 13.00000000000000000
-30558.00000000000000000 43640.00000000000000000 13.00000000000000000
-30558.00000000000000000 43640.00000000000000000 13.00000000000000000
-30489.00000000000000000 43542.00000000000000000 13.00000000000000000
-30415.00000000000000000 43436.00000000000000000 13.00000000000000000
-30340.00000000000000000 43329.00000000000000000 13.00000000000000000
-30271.00000000000000000 43231.00000000000000000 13.00000000000000000
-30271.00000000000000000 43231.00000000000000000 13.00000000000000000
-30197.00000000000000000 43124.00000000000000000 13.00000000000000000
-30122.00000000000000000 43018.00000000000000000 13.00000000000000000
-30053.00000000000000000 42920.00000000000000000 13.00000000000000000
-29979.00000000000000000 42813.00000000000000000 13.00000000000000000
-29979.00000000000000000 42813.00000000000000000 13.00000000000000000
-29910.00000000000000000 42715.00000000000000000 27.00000000000000000
-29836.00000000000000000 42608.00000000000000000 27.00000000000000000
-29761.00000000000000000 42502.00000000000000000 27.00000000000000000
-29692.00000000000000000 42404.00000000000000000 27.00000000000000000
-29692.00000000000000000 42404.00000000000000000 27.00000000000000000
-29623.00000000000000000 42305.00000000000000000 27.00000000000000000
-29549.00000000000000000 42199.00000000000000000 27.00000000000000000
-29474.00000000000000000 42092.00000000000000000 27.00000000000000000
-29400.00000000000000000 41986.00000000000000000 27.00000000000000000
-29400.00000000000000000 41986.00000000000000000 27.00000000000000000
-29331.00000000000000000 41887.00000000000000000 27.00000000000000000
-29256.00000000000000000 41781.00000000000000000 27.00000000000000000
-29187.00000000000000000 41683.00000000000000000 27.00000000000000000
-29113.00000000000000000 41576.00000000000000000 27.00000000000000000
-29113.00000000000000000 41576.00000000000000000 27.00000000000000000
-29038.00000000000000000 41470.00000000000000000 27.00000000000000000
-28969.00000000000000000 41371.00000000000000000 13.00000000000000000
-28895.00000000000000000 41265.00000000000000000 13.00000000000000000
-28895.00000000000000000 41265.00000000000000000 13.00000000000000000
-28826.00000000000000000 41167.00000000000000000 13.00000000000000000
-28751.00000000000000000 41060.00000000000000000 13.00000000000000000
-28677.00000000000000000 40954.00000000000000000 13.00000000000000000
-28608.00000000000000000 40855.00000000000000000 13.00000000000000000
-28608.00000000000000000 40855.00000000000000000 13.00000000000000000
-28534.00000000000000000 40749.00000000000000000 13.00000000000000000
-28465.00000000000000000 40651.00000000000000000 13.00000000000000000
-28390.00000000000000000 40544.00000000000000000 13.00000000000000000
-28316.00000000000000000 40438.00000000000000000 13.00000000000000000
-28316.00000000000000000 40438.00000000000000000 13.00000000000000000
-28247.00000000000000000 40339.00000000000000000 13.00000000000000000
-28172.00000000000000000 40233.00000000000000000 13.00000000000000000
-28103.00000000000000000 40135.00000000000000000 13.00000000000000000
-28029.00000000000000000 40028.00000000000000000 54.00000000000000000
-28029.00000000000000000 40028.00000000000000000 54.00000000000000000
-27954.00000000000000000 39922.00000000000000000 54.00000000000000000
-27885.00000000000000000 39823.00000000000000000 54.00000000000000000
-27811.00000000000000000 39717.00000000000000000 54.00000000000000000
-27742.00000000000000000 39618.00000000000000000 54.00000000000000000
-27742.00000000000000000 39618.00000000000000000 54.00000000000000000
-27667.00000000000000000 39512.00000000000000000 54.00000000000000000
-27593.00000000000000000 39405.00000000000000000 54.00000000000000000
-27524.00000000000000000 39307.00000000000000000 54.00000000000000000
-27449.00000000000000000 39201.00000000000000000 54.00000000000000000
-27449.00000000000000000 39201.00000000000000000 54.00000000000000000
-27375.00000000000000000 39094.00000000000000000 54.00000000000000000
-27306.00000000000000000 38996.00000000000000000 54.00000000000000000
-27232.00000000000000000 38889.00000000000000000 54.00000000000000000
-27232.00000000000000000 38889.00000000000000000 54.00000000000000000
-27157.00000000000000000 38783.00000000000000000 54.00000000000000000
-27088.00000000000000000 38685.00000000000000000 80.00000000000000000
-27014.00000000000000000 38578.00000000000000000 80.00000000000000000
-26945.00000000000000000 38480.00000000000000000 80.00000000000000000
-26945.00000000000000000 38480.00000000000000000 80.00000000000000000
-26870.00000000000000000 38373.00000000000000000 80.00000000000000000
-26801.00000000000000000 38275.00000000000000000 80.00000000000000000
-26727.00000000000000000 38169.00000000000000000 80.00000000000000000
-26652.00000000000000000 38062.00000000000000000 80.00000000000000000
-26652.00000000000000000 38062.00000000000000000 80.00000000000000000
-26583.00000000000000000 37964.00000000000000000 80.00000000000000000
-26509.00000000000000000 37857.00000000000000000 80.00000000000000000
-26440.00000000000000000 37759.00000000000000000 80.00000000000000000
-26365.00000000000000000 37653.00000000000000000 80.00000000000000000
-26365.00000000000000000 37653.00000000000000000 80.00000000000000000
-26291.00000000000000000 37546.00000000000000000 80.00000000000000000
-26222.00000000000000000 37448.00000000000000000 80.00000000000000000
-26147.00000000000000000 37341.00000000000000000 -27.00000000000000000
-26079.00000000000000000 37243.00000000000000000 -27.00000000000000000
-26079.00000000000000000 37243.00000000000000000 -27.00000000000000000
-26004.00000000000000000 37136.00000000000000000 -27.00000000000000000
-25935.00000000000000000 37038.00000000000000000 -27.00000000000000000
-25861.00000000000000000 36932.00000000000000000 -27.00000000000000000
-25792.00000000000000000 36825.00000000000000000 -27.00000000000000000
-25792.00000000000000000 36825.00000000000000000 -27.00000000000000000
-25717.00000000000000000 36727.00000000000000000 -27.00000000000000000
-25643.00000000000000000 36620.00000000000000000 -27.00000000000000000
-25574.00000000000000000 36522.00000000000000000 -27.00000000000000000
-25499.00000000000000000 36416.00000000000000000 -27.00000000000000000
-25499.00000000000000000 36416.00000000000000000 -27.00000000000000000
-25425.00000000000000000 36309.00000000000000000 -27.00000000000000000
-25356.00000000000000000 36211.00000000000000000 -27.00000000000000000
-25281.00000000000000000 36104.00000000000000000 -27.00000000000000000
-25213.00000000000000000 36006.00000000000000000 -40.00000000000000000
-25213.00000000000000000 36006.00000000000000000 -40.00000000000000000
-25138.00000000000000000 35900.00000000000000000 -40.00000000000000000
-25069.00000000000000000 35801.00000000000000000 -40.00000000000000000
-24995.00000000000000000 35695.00000000000000000 -40.00000000000000000
-24995.00000000000000000 35695.00000000000000000 -40.00000000000000000
-24926.00000000000000000 35596.00000000000000000 -40.00000000000000000
-24851.00000000000000000 35490.00000000000000000 -40.00000000000000000
-24777.00000000000000000 35384.00000000000000000 -40.00000000000000000
-24708.00000000000000000 35285.00000000000000000 -40.00000000000000000
-24708.00000000000000000 35285.00000000000000000 -40.00000000000000000
-24633.00000000000000000 35179.00000000000000000 -40.00000000000000000
-24564.00000000000000000 35080.00000000000000000 -40.00000000000000000
-24490.00000000000000000 34974.00000000000000000 -40.00000000000000000
-24415.00000000000000000 34867.00000000000000000 -40.00000000000000000
-24415.00000000000000000 34867.00000000000000000 -40.00000000000000000
-24346.00000000000000000 34769.00000000000000000 -40.00000000000000000
-24272.00000000000000000 34663.00000000000000000 27.00000000000000000
-24203.00000000000000000 34564.00000000000000000 27.00000000000000000
-24129.00000000000000000 34458.00000000000000000 27.00000000000000000
-24129.00000000000000000 34458.00000000000000000 27.00000000000000000
-24060.00000000000000000 34360.00000000000000000 27.00000000000000000
-23985.00000000000000000 34253.00000000000000000 27.00000000000000000
-23911.00000000000000000 34147.00000000000000000 27.00000000000000000
-23842.00000000000000000 34048.00000000000000000 27.00000000000000000
-23842.00000000000000000 34048.00000000000000000 27.00000000000000000
-23767.00000000000000000 33942.00000000000000000 27.00000000000000000
-23698.00000000000000000 33844.00000000000000000 27.00000000000000000
-23624.00000000000000000 33737.00000000000000000 27.00000000000000000
-23555.00000000000000000 33639.00000000000000000 27.00000000000000000
-23555.00000000000000000 33639.00000000000000000 27.00000000000000000
-23480.00000000000000000 33532.00000000000000000 27.00000000000000000
-23406.00000000000000000 33426.00000000000000000 27.00000000000000000
-23337.00000000000000000 33327.00000000000000000 -13.00000000000000000
-23262.00000000000000000 33221.00000000000000000 -13.00000000000000000
-23262.00000000000000000 33221.00000000000000000 -13.00000000000000000
-23194.00000000000000000 33123.00000000000000000 -13.00000000000000000
-23119.00000000000000000 33016.00000000000000000 -13.00000000000000000
-23050.00000000000000000 32918.00000000000000000 -13.00000000000000000
-22976.00000000000000000 32811.00000000000000000 -13.00000000000000000
-22976.00000000000000000 32811.00000000000000000 -13.00000000000000000
-22907.00000000000000000 32713.00000000000000000 -13.00000000000000000
-22832.00000000000000000 32607.00000000000000000 -13.00000000000000000
-22758.00000000000000000 32500.00000000000000000 -13.00000000000000000
-22689.00000000000000000 32402.00000000000000000 -13.00000000000000000
-22689.00000000000000000 32402.00000000000000000 -13.00000000000000000
-22614.00000000000000000 32295.00000000000000000 -13.00000000000000000
-22545.00000000000000000 32197.00000000000000000 -13.00000000000000000
-22471.00000000000000000 32091.00000000000000000 -13.00000000000000000
-22402.00000000000000000 31992.00000000000000000 0.00000000000000000
-22402.00000000000000000 31992.00000000000000000 0.00000000000000000
-22328.00000000000000000 31886.00000000000000000 0.00000000000000000
-22259.00000000000000000 31787.00000000000000000 0.00000000000000000
-22184.00000000000000000 31681.00000000000000000 0.00000000000000000
-22184.00000000000000000 31681.00000000000000000 0.00000000000000000
-22115.00000000000000000 31583.00000000000000000 0.00000000000000000
-22041.00000000000000000 31476.00000000000000000 0.00000000000000000
-21972.00000000000000000 31378.00000000000000000 0.00000000000000000
-21897.00000000000000000 31271.00000000000000000 0.00000000000000000
-21897.00000000000000000 31271.00000000000000000 0.00000000000000000
-21823.00000000000000000 31165.00000000000000000 0.00000000000000000
-21754.00000000000000000 31067.00000000000000000 0.00000000000000000
-21679.00000000000000000 30960.00000000000000000 0.00000000000000000
-21605.00000000000000000 30854.00000000000000000 0.00000000000000000
-21605.00000000000000000 30854.00000000000000000 0.00000000000000000
-21536.00000000000000000 30755.00000000000000000 0.00000000000000000
-21461.00000000000000000 30649.00000000000000000 13.00000000000000000
-21393.00000000000000000 30551.00000000000000000 13.00000000000000000
-21318.00000000000000000 30444.00000000000000000 13.00000000000000000
-21318.00000000000000000 30444.00000000000000000 13.00000000000000000
-21243.00000000000000000 30338.00000000000000000 13.00000000000000000
-21175.00000000000000000 30239.00000000000000000 13.00000000000000000
-21100.00000000000000000 30133.00000000000000000 13.00000000000000000
-21031.00000000000000000 30035.00000000000000000 13.00000000000000000
-21031.00000000000000000 30035.00000000000000000 13.00000000000000000
-20957.00000000000000000 29928.00000000000000000 13.00000000000000000
-20888.00000000000000000 29830.00000000000000000 13.00000000000000000
-20813.00000000000000000 29723.00000000000000000 13.00000000000000000
-20739.00000000000000000 29617.00000000000000000 13.00000000000000000
-20739.00000000000000000 29617.00000000000000000 13.00000000000000000
-20670.00000000000000000 29518.00000000000000000 13.00000000000000000
-20595.00000000000000000 29412.00000000000000000 13.00000000000000000
-20527.00000000000000000 29314.00000000000000000 13.00000000000000000
-20452.00000000000000000 29207.00000000000000000 13.00000000000000000
-20452.00000000000000000 29207.00000000000000000 13.00000000000000000
-20377.00000000000000000 29101.00000000000000000 13.00000000000000000
-20309.00000000000000000 29002.00000000000000000 13.00000000000000000
-20234.00000000000000000 28896.00000000000000000 13.00000000000000000
-20165.00000000000000000 28798.00000000000000000 13.00000000000000000
-20165.00000000000000000 28798.00000000000000000 13.00000000000000000
-20091.00000000000000000 28691.00000000000000000 13.00000000000000000
-20022.00000000000000000 28593.00000000000000000 13.00000000000000000
-19947.00000000000000000 28486.00000000000000000 13.00000000000000000
-19947.00000000000000000 28486.00000000000000000 13.00000000000000000
-19873.00000000000000000 28380.00000000000000000 13.00000000000000000
-19804.00000000000000000 28282.00000000000000000 13.00000000000000000
-19729.00000000000000000 28175.00000000000000000 13.00000000000000000
-19660.00000000000000000 28077.00000000000000000 13.00000000000000000
-19660.00000000000000000 28077.00000000000000000 13.00000000000000000
-19586.00000000000000000 27970.00000000000000000 27.00000000000000000
-19517.00000000000000000 27872.00000000000000000 27.00000000000000000
-19442.00000000000000000 27766.00000000000000000 27.00000000000000000
-19368.00000000000000000 27659.00000000000000000 27.00000000000000000
-19368.00000000000000000 27659.00000000000000000 27.00000000000000000
-19299.00000000000000000 27561.00000000000000000 27.00000000000000000
-19225.00000000000000000 27454.00000000000000000 27.00000000000000000
-19156.00000000000000000 27356.00000000000000000 27.00000000000000000
-19081.00000000000000000 27249.00000000000000000 27.00000000000000000
-19081.00000000000000000 27249.00000000000000000 27.00000000000000000
-19012.00000000000000000 27151.00000000000000000 27.00000000000000000
-18938.00000000000000000 27045.00000000000000000 27.00000000000000000
-18863.00000000000000000 26938.00000000000000000 27.00000000000000000
-18794.00000000000000000 26840.00000000000000000 27.00000000000000000
-18794.00000000000000000 26840.00000000000000000 27.00000000000000000
-18726.00000000000000000 26742.00000000000000000 27.00000000000000000
-18651.00000000000000000 26635.00000000000000000 0.00000000000000000
-18576.00000000000000000 26529.00000000000000000 0.00000000000000000
-18508.00000000000000000 26430.00000000000000000 0.00000000000000000
-18508.00000000000000000 26430.00000000000000000 0.00000000000000000
-18433.00000000000000000 26324.00000000000000000 0.00000000000000000
-18364.00000000000000000 26226.00000000000000000 0.00000000000000000
-18290.00000000000000000 26119.00000000000000000 0.00000000000000000
-18215.00000000000000000 26013.00000000000000000 0.00000000000000000
-18215.00000000000000000 26013.00000000000000000 0.00000000000000000
-18146.00000000000000000 25914.00000000000000000 0.00000000000000000
-18072.00000000000000000 25808.00000000000000000 0.00000000000000000
-18003.00000000000000000 25710.00000000000000000 0.00000000000000000
-17929.00000000000000000 25604.00000000000000000 0.00000000000000000
-17929.00000000000000000 25604.00000000000000000 0.00000000000000000
-17854.00000000000000000 25498.00000000000000000 0.00000000000000000
-17786.00000000000000000 25400.00000000000000000 0.00000000000000000
-17712.00000000000000000 25294.00000000000000000 -13.00000000000000000
-17644.00000000000000000 25196.00000000000000000 -13.00000000000000000
-17644.00000000000000000 25196.00000000000000000 -13.00000000000000000
-17570.00000000000000000 25091.00000000000000000 -13.00000000000000000
-17502.00000000000000000 24994.00000000000000000 -13.00000000000000000
-17428.00000000000000000 24889.00000000000000000 -13.00000000000000000
-17360.00000000000000000 24792.00000000000000000 -13.00000000000000000
-17360.00000000000000000 24792.00000000000000000 -13.00000000000000000
-17287.00000000000000000 24687.00000000000000000 -13.00000000000000000
-17214.00000000000000000 24583.00000000000000000 -13.00000000000000000
-17147.00000000000000000 24487.00000000000000000 -13.00000000000000000
-17147.00000000000000000 24487.00000000000000000 -13.00000000000000000
-17074.00000000000000000 24383.00000000000000000 -13.00000000000000000
-17002.00000000000000000 24280.00000000000000000 -13.00000000000000000
-16935.00000000000000000 24184.00000000000000000 -13.00000000000000000
-16863.00000000000000000 24082.00000000000000000 -13.00000000000000000
-16863.00000000000000000 24082.00000000000000000 -13.00000000000000000
-16797.00000000000000000 23987.00000000000000000 27.00000000000000000
-16725.00000000000000000 23885.00000000000000000 27.00000000000000000
-16660.00000000000000000 23791.00000000000000000 27.00000000000000000
-16589.00000000000000000 23690.00000000000000000 27.00000000000000000
-16589.00000000000000000 23690.00000000000000000 27.00000000000000000
-16518.00000000000000000 23589.00000000000000000 27.00000000000000000
-16453.00000000000000000 23496.00000000000000000 27.00000000000000000
-16383.00000000000000000 23396.00000000000000000 27.00000000000000000
-16319.00000000000000000 23305.00000000000000000 27.00000000000000000
-16319.00000000000000000 23305.00000000000000000 27.00000000000000000
-16250.00000000000000000 23206.00000000000000000 27.00000000000000000
-16181.00000000000000000 23107.00000000000000000 27.00000000000000000
-16117.00000000000000000 23017.00000000000000000 27.00000000000000000
-16049.00000000000000000 22919.00000000000000000 27.00000000000000000
-16049.00000000000000000 22919.00000000000000000 27.00000000000000000
-15987.00000000000000000 22830.00000000000000000 27.00000000000000000
-15919.00000000000000000 22734.00000000000000000 27.00000000000000000
-15858.00000000000000000 22638.00000000000000000 27.00000000000000000
-15791.00000000000000000 22551.00000000000000000 27.00000000000000000
-15791.00000000000000000 22551.00000000000000000 27.00000000000000000
-15725.00000000000000000 22456.00000000000000000 27.00000000000000000
-15664.00000000000000000 22370.00000000000000000 27.00000000000000000
-15599.00000000000000000 22277.00000000000000000 27.00000000000000000
-15599.00000000000000000 22277.00000000000000000 27.00000000000000000
-15534.00000000000000000 22184.00000000000000000 27.00000000000000000
-15475.00000000000000000 22100.00000000000000000 27.00000000000000000
-15412.00000000000000000 22009.00000000000000000 27.00000000000000000
-15348.00000000000000000 21919.00000000000000000 27.00000000000000000
-15348.00000000000000000 21919.00000000000000000 27.00000000000000000
-15291.00000000000000000 21836.00000000000000000 27.00000000000000000
-15228.00000000000000000 21747.00000000000000000 27.00000000000000000
-15172.00000000000000000 21666.00000000000000000 27.00000000000000000
-15111.00000000000000000 21579.00000000000000000 13.00000000000000000
-15111.00000000000000000 21579.00000000000000000 13.00000000000000000
-15050.00000000000000000 21493.00000000000000000 13.00000000000000000
-14995.00000000000000000 21414.00000000000000000 13.00000000000000000
-14936.00000000000000000 21329.00000000000000000 13.00000000000000000
-14882.00000000000000000 21252.00000000000000000 13.00000000000000000
-14882.00000000000000000 21252.00000000000000000 13.00000000000000000
-14824.00000000000000000 21169.00000000000000000 13.00000000000000000
-14771.00000000000000000 21093.00000000000000000 13.00000000000000000
-14714.00000000000000000 21012.00000000000000000 13.00000000000000000
-14658.00000000000000000 20932.00000000000000000 13.00000000000000000
-14658.00000000000000000 20932.00000000000000000 13.00000000000000000
-14607.00000000000000000 20859.00000000000000000 13.00000000000000000
-14552.00000000000000000 20781.00000000000000000 13.00000000000000000
-14502.00000000000000000 20710.00000000000000000 13.00000000000000000
-14449.00000000000000000 20634.00000000000000000 13.00000000000000000
-14449.00000000000000000 20634.00000000000000000 13.00000000000000000
-14396.00000000000000000 20558.00000000000000000 13.00000000000000000
-14348.00000000000000000 20490.00000000000000000 13.00000000000000000
-14297.00000000000000000 20417.00000000000000000 13.00000000000000000
-14250.00000000000000000 20350.00000000000000000 13.00000000000000000
-14250.00000000000000000 20350.00000000000000000 13.00000000000000000
-14201.00000000000000000 20279.00000000000000000 13.00000000000000000
-14156.00000000000000000 20215.00000000000000000 13.00000000000000000
-14107.00000000000000000 20146.00000000000000000 13.00000000000000000
-14107.00000000000000000 20146.00000000000000000 13.00000000000000000
-14064.00000000000000000 20084.00000000000000000 13.00000000000000000
-14017.00000000000000000 20017.00000000000000000 13.00000000000000000
-13971.00000000000000000 19952.00000000000000000 13.00000000000000000
-13930.00000000000000000 19893.00000000000000000 13.00000000000000000
-13930.00000000000000000 19893.00000000000000000 13.00000000000000000
-13886.00000000000000000 19830.00000000000000000 13.00000000000000000
-13846.00000000000000000 19773.00000000000000000 13.00000000000000000
-13804.00000000000000000 19713.00000000000000000 13.00000000000000000
-13762.00000000000000000 19654.00000000000000000 13.00000000000000000
-13762.00000000000000000 19654.00000000000000000 13.00000000000000000
-13725.00000000000000000 19600.00000000000000000 13.00000000000000000
-13685.00000000000000000 19544.00000000000000000 13.00000000000000000
-13650.00000000000000000 19493.00000000000000000 13.00000000000000000
-13612.00000000000000000 19439.00000000000000000 13.00000000000000000
-13612.00000000000000000 19439.00000000000000000 13.00000000000000000
-13578.00000000000000000 19390.00000000000000000 13.00000000000000000
-13542.00000000000000000 19339.00000000000000000 13.00000000000000000
-13507.00000000000000000 19289.00000000000000000 13.00000000000000000
-13475.00000000000000000 19244.00000000000000000 13.00000000000000000
-13475.00000000000000000 19244.00000000000000000 13.00000000000000000
-13442.00000000000000000 19196.00000000000000000 13.00000000000000000
-13412.00000000000000000 19154.00000000000000000 13.00000000000000000
-13381.00000000000000000 19109.00000000000000000 13.00000000000000000
-13350.00000000000000000 19065.00000000000000000 -27.00000000000000000
-13350.00000000000000000 19065.00000000000000000 -27.00000000000000000
-13323.00000000000000000 19026.00000000000000000 -27.00000000000000000
-13294.00000000000000000 18984.00000000000000000 -27.00000000000000000
-13268.00000000000000000 18947.00000000000000000 -27.00000000000000000
-13241.00000000000000000 18908.00000000000000000 -27.00000000000000000
-13241.00000000000000000 18908.00000000000000000 -27.00000000000000000
-13216.00000000000000000 18873.00000000000000000 -27.00000000000000000
-13190.00000000000000000 18837.00000000000000000 -27.00000000000000000
-13165.00000000000000000 18801.00000000000000000 -27.00000000000000000
-13143.00000000000000000 18769.00000000000000000 -27.00000000000000000
-13143.00000000000000000 18769.00000000000000000 -27.00000000000000000
-13120.00000000000000000 18736.00000000000000000 -27.00000000000000000
-13099.00000000000000000 18706.00000000000000000 -27.00000000000000000
-13077.00000000000000000 18674.00000000000000000 -27.00000000000000000
-13077.00000000000000000 18674.00000000000000000 -27.00000000000000000
-13056.00000000000000000 18644.00000000000000000 -27.00000000000000000
-13037.00000000000000000 18617.00000000000000000 0.00000000000000000
-13017.00000000000000000 18589.00000000000000000 0.00000000000000000
-12999.00000000000000000 18563.00000000000000000 0.00000000000000000
-12999.00000000000000000 18563.00000000000000000 0.00000000000000000
-12980.00000000000000000 18537.00000000000000000 0.00000000000000000
-12964.00000000000000000 18513.00000000000000000 0.00000000000000000
-12947.00000000000000000 18489.00000000000000000 0.00000000000000000
-12930.00000000000000000 18465.00000000000000000 0.00000000000000000
-12930.00000000000000000 18465.00000000000000000 0.00000000000000000
-12915.00000000000000000 18444.00000000000000000 0.00000000000000000
-12900.00000000000000000 18422.00000000000000000 0.00000000000000000
-12886.00000000000000000 18402.00000000000000000 0.00000000000000000
-12872.00000000000000000 18382.00000000000000000 0.00000000000000000
-12872.00000000000000000 18382.00000000000000000 0.00000000000000000
-12859.00000000000000000 18363.00000000000000000 0.00000000000000000
-12847.00000000000000000 18346.00000000000000000 0.00000000000000000
-12834.00000000000000000 18328.00000000000000000 40.00000000000000000
-12823.00000000000000000 18312.00000000000000000 40.00000000000000000
-12823.00000000000000000 18312.00000000000000000 40.00000000000000000
-12812.00000000000000000 18296.00000000000000000 40.00000000000000000
-12801.00000000000000000 18281.00000000000000000 40.00000000000000000
-12791.00000000000000000 18266.00000000000000000 40.00000000000000000
-12781.00000000000000000 18252.00000000000000000 40.00000000000000000
-12781.00000000000000000 18252.00000000000000000 40.00000000000000000
-12772.00000000000000000 18240.00000000000000000 40.00000000000000000
-12763.00000000000000000 18227.00000000000000000 40.00000000000000000
-12756.00000000000000000 18216.00000000000000000 40.00000000000000000
-12747.00000000000000000 18204.00000000000000000 40.00000000000000000
-12747.00000000000000000 18204.00000000000000000 40.00000000000000000
-12740.00000000000000000 18193.00000000000000000 40.00000000000000000
-12733.00000000000000000 18184.00000000000000000 40.00000000000000000
-12726.00000000000000000 18174.00000000000000000 40.00000000000000000
-12726.00000000000000000 18174.00000000000000000 -27.00000000000000000
-12720.00000000000000000 18165.00000000000000000 -27.00000000000000000
-12714.00000000000000000 18157.00000000000000000 -27.00000000000000000
-12709.00000000000000000 18149.00000000000000000 -27.00000000000000000
-12704.00000000000000000 18142.00000000000000000 -27.00000000000000000
-12704.00000000000000000 18142.00000000000000000 -27.00000000000000000
-12699.00000000000000000 18135.00000000000000000 -27.00000000000000000
-12694.00000000000000000 18128.00000000000000000 -27.00000000000000000
-12690.00000000000000000 18122.00000000000000000 -27.00000000000000000
-12686.00000000000000000 18117.00000000000000000 -27.00000000000000000
-12686.00000000000000000 18117.00000000000000000 -27.00000000000000000
-12683.00000000000000000 18112.00000000000000000 -27.00000000000000000
-12679.00000000000000000 18107.00000000000000000 -27.00000000000000000
-12677.00000000000000000 18103.00000000000000000 -27.00000000000000000
-12674.00000000000000000 18099.00000000000000000 -27.00000000000000000
-12674.00000000000000000 18099.00000000000000000 -27.00000000000000000
-12671.00000000000000000 18095.00000000000000000 -27.00000000000000000
-12669.00000000000000000 18092.00000000000000000 -13.00000000000000000
-12667.00000000000000000 18089.00000000000000000 -13.00000000000000000
-12665.00000000000000000 18086.00000000000000000 -13.00000000000000000
-12665.00000000000000000 18086.00000000000000000 -13.00000000000000000
-12663.00000000000000000 18084.00000000000000000 -13.00000000000000000
-12662.00000000000000000 18082.00000000000000000 -13.00000000000000000
-12661.00000000000000000 18080.00000000000000000 -13.00000000000000000
-12659.00000000000000000 18078.00000000000000000 -13.00000000000000000
-12659.00000000000000000 18078.00000000000000000 -13.00000000000000000
-12658.00000000000000000 18077.00000000000000000 -13.00000000000000000
-12658.00000000000000000 18076.00000000000000000 -13.00000000000000000
-12657.00000000000000000 18075.00000000000000000 -13.00000000000000000
-12656.00000000000000000 18074.00000000000000000 -13.00000000000000000
-12656.00000000000000000 18074.00000000000000000 -13.00000000000000000
-12656.00000000000000000 18073.00000000000000000 -13.00000000000000000
-12656.00000000000000000 18073.00000000000000000 -13.00000000000000000
-12655.00000000000000000 18072.00000000000000000 -13.00000000000000000
-12655.00000000000000000 18072.00000000000000000 -13.00000000000000000
-12655.00000000000000000 18072.00000000000000000 -13.00000000000000000
-12655.00000000000000000 18072.00000000000000000 -13.00000000000000000
-12655.00000000000000000 18072.00000000000000000 -13.00000000000000000
-12655.00000000000000000 18072.00000000000000000 -13.00000000000000000
-12655.00000000000000000 18072.00000000000000000 -13.00000000000000000
-12655.00000000000000000 18072.00000000000000000 -13.00000000000000000
-12655.00000000000000000 18072.00000000000000000 -13.00000000000000000
-12655.00000000000000000 18072.00000000000000000 -13.00000000000000000
-12655.00000000000000000 18072.00000000000000000 -13.00000000000000000
-12655.00000000000000000 18072.00000000000000000 -13.00000000000000000
-12655.00000000000000000 18072.00000000000000000 -13.00000000000000000
-12655.00000000000000000 18072.00000000000000000 -13.00000000000000000
-12655.00000000000000000 18072.00000000000000000 -13.00000000000000000
-12655.00000000000000000 18072.00000000000000000 -13.00000000000000000
-12655.00000000000000000 18072.00000000000000000 -13.00000000000000000
-12655.00000000000000000 18072.00000000000000000 -40.00000000000000000
-12655.00000000000000000 18072.00000000000000000 -40.00000000000000000
-12655.00000000000000000 18072.00000000000000000 -40.00000000000000000
-12655.00000000000000000 18072.00000000000000000 -40.00000000000000000
-12655.00000000000000000 18072.00000000000000000 -40.00000000000000000
-12655.00000000000000000 18072.00000000000000000 -40.00000000000000000
-12655.00000000000000000 18072.00000000000000000 -40.00000000000000000
-12655.00000000000000000 18072.00000000000000000 -40.00000000000000000
-12655.00000000000000000 18072.00000000000000000 -40.00000000000000000
-12655.00000000000000000 18072.00000000000000000 -40.00000000000000000
-12655.00000000000000000 18072.00000000000000000 -40.00000000000000000
-12655.00000000000000000 18072.00000000000000000 -40.00000000000000000
-12655.00000000000000000 18072.00000000000000000 -40.00000000000000000
-12655.00000000000000000 18072.00000000000000000 -40.00000000000000000
-12655.00000000000000000 18072.00000000000000000 -40.00000000000000000
-12655.00000000000000000 18072.00000000000000000 -40.00000000000000000
-12655.00000000000000000 18072.00000000000000000 13.00000000000000000
-12655.00000000000000000 18072.00000000000000000 13.00000000000000000
-12655.00000000000000000 18072.00000000000000000 13.00000000000000000
-12655.00000000000000000 18072.00000000000000000 13.00000000000000000
-12655.00000000000000000 18072.00000000000000000 13.00000000000000000
-12655.00000000000000000 18072.00000000000000000 13.00000000000000000
-12655.00000000000000000 18072.00000000000000000 13.00000000000000000
-12655.00000000000000000 18072.00000000000000000 13.00000000000000000
-12655.00000000000000000 18072.00000000000000000 13.00000000000000000
-12655.00000000000000000 18072.00000000000000000 13.00000000000000000
-12655.00000000000000000 18072.00000000000000000 13.00000000000000000
-12655.00000000000000000 18072.00000000000000000 13.00000000000000000
-12655.00000000000000000 18072.00000000000000000 13.00000000000000000
-12655.00000000000000000 18072.00000000000000000 13.00000000000000000
-12655.00000000000000000 18072.00000000000000000 13.00000000000000000
-12655.00000000000000000 18072.00000000000000000 13.00000000000000000
-12655.00000000000000000 18072.00000000000000000 -27.00000000000000000
-12655.00000000000000000 18072.00000000000000000 -27.00000000000000000
-12655.00000000000000000 18072.00000000000000000 -27.00000000000000000
-12655.00000000000000000 18072.00000000000000000 -27.00000000000000000
-12655.00000000000000000 18072.00000000000000000 -27.00000000000000000
-12655.00000000000000000 18072.00000000000000000 -27.00000000000000000
-12655.00000000000000000 18072.00000000000000000 -27.00000000000000000
-12655.00000000000000000 18072.00000000000000000 -27.00000000000000000
-12655.00000000000000000 18072.00000000000000000 -27.00000000000000000
-12655.00000000000000000 18072.00000000000000000 -27.00000000000000000
-12655.00000000000000000 18072.00000000000000000 -27.00000000000000000
-12655.00000000000000000 18072.00000000000000000 -27.00000000000000000
-12655.00000000000000000 18072.00000000000000000 -27.00000000000000000
-12655.00000000000000000 18072.00000000000000000 -27.00000000000000000
-12655.00000000000000000 18072.00000000000000000 -27.00000000000000000
-12655.00000000000000000 18072.00000000000000000 -27.00000000000000000
-12655.00000000000000000 18072.00000000000000000 -27.00000000000000000
-12655.00000000000000000 18072.00000000000000000 -13.00000000000000000
-12655.00000000000000000 18072.00000000000000000 -13.00000000000000000
-12655.00000000000000000 18072.00000000000000000 -13.00000000000000000
-12655.00000000000000000 18072.00000000000000000 -13.00000000000000000
-12655.00000000000000000 18072.00000000000000000 -13.00000000000000000
-12655.00000000000000000 18072.00000000000000000 -13.00000000000000000
-12655.00000000000000000 18072.00000000000000000 -13.00000000000000000
-12655.00000000000000000 18072.00000000000000000 -13.00000000000000000
-12655.00000000000000000 18072.00000000000000000 -13.00000000000000000
-12655.00000000000000000 18072.00000000000000000 -13.00000000000000000
-12655.00000000000000000 18072.00000000000000000 -13.00000000000000000
-12655.00000000000000000 18072.00000000000000000 -13.00000000000000000
-12655.00000000000000000 18072.00000000000000000 -13.00000000000000000
-12655.00000000000000000 18072.00000000000000000 -13.00000000000000000
-12655.00000000000000000 18072.00000000000000000 -13.00000000000000000
-12655.00000000000000000 18072.00000000000000000 -13.00000000000000000
-12655.00000000000000000 18072.00000000000000000 27.00000000000000000
-12655.00000000000000000 18072.00000000000000000 27.00000000000000000
-12655.00000000000000000 18072.00000000000000000 27.00000000000000000
-12655.00000000000000000 18072.00000000000000000 27.00000000000000000
-12655.00000000000000000 18072.00000000000000000 27.00000000000000000
-12655.00000000000000000 18072.00000000000000000 27.00000000000000000
-12655.00000000000000000 18072.00000000000000000 27.00000000000000000
-12655.00000000000000000 18072.00000000000000000 27.00000000000000000
-12655.00000000000000000 18072.00000000000000000 27.00000000000000000
-12655.00000000000000000 18072.00000000000000000 27.00000000000000000
-12655.00000000000000000 18072.00000000000000000 27.00000000000000000
-12655.00000000000000000 18072.00000000000000000 27.00000000000000000
-12655.00000000000000000 18072.00000000000000000 27.00000000000000000
-12655.00000000000000000 18072.00000000000000000 27.00000000000000000
-12655.00000000000000000 18072.00000000000000000 27.00000000000000000
-12655.00000000000000000 18072.00000000000000000 27.00000000000000000
-12655.00000000000000000 18072.00000000000000000 0.00000000000000000
-12655.00000000000000000 18072.00000000000000000 0.00000000000000000
-12655.00000000000000000 18072.00000000000000000 0.00000000000000000
-12655.00000000000000000 18072.00000000000000000 0.00000000000000000
-12655.00000000000000000 18072.00000000000000000 0.00000000000000000
-12655.00000000000000000 18072.00000000000000000 0.00000000000000000
-12655.00000000000000000 18072.00000000000000000 0.00000000000000000
-12655.00000000000000000 18072.00000000000000000 0.00000000000000000
-12655.00000000000000000 18072.00000000000000000 0.00000000000000000
-12655.00000000000000000 18072.00000000000000000 0.00000000000000000
-12655.00000000000000000 18072.00000000000000000 0.00000000000000000
-12655.00000000000000000 18072.00000000000000000 0.00000000000000000
-12655.00000000000000000 18072.00000000000000000 0.00000000000000000
-12655.00000000000000000 18072.00000000000000000 0.00000000000000000
-12655.00000000000000000 18072.00000000000000000 0.00000000000000000
-12655.00000000000000000 18072.00000000000000000 0.00000000000000000
-12655.00000000000000000 18072.00000000000000000 0.00000000000000000
-12655.00000000000000000 18072.00000000000000000 0.00000000000000000
-12655.00000000000000000 18072.00000000000000000 0.00000000000000000
-12655.00000000000000000 18072.00000000000000000 0.00000000000000000
-12655.00000000000000000 18072.00000000000000000 0.00000000000000000
-12655.00000000000000000 18072.00000000000000000 0.00000000000000000
-12655.00000000000000000 18072.00000000000000000 0.00000000000000000
-12655.00000000000000000 18072.00000000000000000 0.00000000000000000
-12655.00000000000000000 18072.00000000000000000 0.00000000000000000
-12655.00000000000000000 18072.00000000000000000 0.00000000000000000
-12655.00000000000000000 18072.00000000000000000 0.00000000000000000
-12655.00000000000000000 18072.00000000000000000 0.00000000000000000
-12655.00000000000000000 18072.00000000000000000 0.00000000000000000
-12655.00000000000000000 18072.00000000000000000 0.00000000000000000
-12655.00000000000000000 18072.00000000000000000 0.00000000000000000
-12655.00000000000000000 18072.00000000000000000 0.00000000000000000
-12655.00000000000000000 18072.00000000000000000 0.00000000000000000
-12655.00000000000000000 18072.00000000000000000 -13.00000000000000000
-12655.00000000000000000 18072.00000000000000000 -13.00000000000000000
-12655.00000000000000000 18072.00000000000000000 -13.00000000000000000
-12655.00000000000000000 18072.00000000000000000 -13.00000000000000000
-12655.00000000000000000 18072.00000000000000000 -13.00000000000000000
-12655.00000000000000000 18072.00000000000000000 -13.00000000000000000
-12655.00000000000000000 18072.00000000000000000 -13.00000000000000000
-12655.00000000000000000 18072.00000000000000000 -13.00000000000000000
-12655.00000000000000000 18072.00000000000000000 -13.00000000000000000
-12655.00000000000000000 18072.00000000000000000 -13.00000000000000000
-12655.00000000000000000 18072.00000000000000000 -13.00000000000000000
-12655.00000000000000000 18072.00000000000000000 -13.00000000000000000
-12655.00000000000000000 18072.00000000000000000 -13.00000000000000000
-12655.00000000000000000 18072.00000000000000000 -13.00000000000000000
-12655.00000000000000000 18072.00000000000000000 -13.00000000000000000
-12655.00000000000000000 18072.00000000000000000 -13.00000000000000000
-12655.00000000000000000 18072.00000000000000000 0.00000000000000000
-12655.00000000000000000 18072.00000000000000000 0.00000000000000000
-12655.00000000000000000 18072.00000000000000000 0.00000000000000000
-12655.00000000000000000 18072.00000000000000000 0.00000000000000000
-12655.00000000000000000 18072.00000000000000000 0.00000000000000000
-12655.00000000000000000 18072.00000000000000000 0.00000000000000000
-12655.00000000000000000 18072.00000000000000000 0.00000000000000000
-12655.00000000000000000 18072.00000000000000000 0.00000000000000000
-12655.00000000000000000 18072.00000000000000000 0.00000000000000000
-12655.00000000000000000 18072.00000000000000000 0.00000000000000000
-12655.00000000000000000 18072.00000000000000000 0.00000000000000000
-12655.00000000000000000 18072.00000000000000000 0.00000000000000000
-12655.00000000000000000 18072.00000000000000000 0.00000000000000000
-12655.00000000000000000 18072.00000000000000000 0.00000000000000000
-12655.00000000000000000 18072.00000000000000000 0.00000000000000000
-12655.00000000000000000 18072.00000000000000000 0.00000000000000000
-12655.00000000000000000 18072.00000000000000000 0.00000000000000000
-12655.00000000000000000 18072.00000000000000000 -40.00000000000000000
-12655.00000000000000000 18072.00000000000000000 -40.00000000000000000
-12655.00000000000000000 18072.00000000000000000 -40.00000000000000000
-12655.00000000000000000 18072.00000000000000000 -40.00000000000000000
-12655.00000000000000000 18072.00000000000000000 -40.00000000000000000
-12655.00000000000000000 18072.00000000000000000 -40.00000000000000000
-12655.00000000000000000 18072.00000000000000000 -40.00000000000000000
-12655.00000000000000000 18072.00000000000000000 -40.00000000000000000
-12655.00000000000000000 18072.00000000000000000 -40.00000000000000000
-12655.00000000000000000 18072.00000000000000000 -40.00000000000000000
-12655.00000000000000000 18072.00000000000000000 -40.00000000000000000
-12655.00000000000000000 18072.00000000000000000 -40.00000000000000000
-12655.00000000000000000 18072.00000000000000000 -40.00000000000000000
-12655.00000000000000000 18072.00000000000000000 -40.00000000000000000
-12655.00000000000000000 18072.00000000000000000 -40.00000000000000000
-12655.00000000000000000 18072.00000000000000000 -40.00000000000000000
-12655.00000000000000000 18072.00000000000000000 -27.00000000000000000
-12655.00000000000000000 18072.00000000000000000 -27.00000000000000000
-12655.00000000000000000 18072.00000000000000000 -27.00000000000000000
-12655.00000000000000000 18072.00000000000000000 -27.00000000000000000
-12655.00000000000000000 18072.00000000000000000 -27.00000000000000000
-12655.00000000000000000 18072.00000000000000000 -27.00000000000000000
-12655.00000000000000000 18072.00000000000000000 -27.00000000000000000
-12655.00000000000000000 18072.00000000000000000 -27.00000000000000000
-12655.00000000000000000 18072.00000000000000000 -27.00000000000000000
-12655.00000000000000000 18072.00000000000000000 -27.00000000000000000
-12655.00000000000000000 18072.00000000000000000 -27.00000000000000000
-12655.00000000000000000 18072.00000000000000000 -27.00000000000000000
-12655.00000000000000000 18072.00000000000000000 -27.00000000000000000
-12655.00000000000000000 18072.00000000000000000 -27.00000000000000000
-12655.00000000000000000 18072.00000000000000000 -27.00000000000000000
-12655.00000000000000000 18072.00000000000000000 -27.00000000000000000
-12655.00000000000000000 18072.00000000000000000 0.00000000000000000
-12655.00000000000000000 18072.00000000000000000 0.00000000000000000
-12655.00000000000000000 18072.00000000000000000 0.00000000000000000
-12655.00000000000000000 18072.00000000000000000 0.00000000000000000
-12655.00000000000000000 18072.00000000000000000 0.00000000000000000
-12655.00000000000000000 18072.00000000000000000 0.00000000000000000
-12655.00000000000000000 18072.00000000000000000 0.00000000000000000
-12655.00000000000000000 18072.00000000000000000 0.00000000000000000
-12655.00000000000000000 18072.00000000000000000 0.00000000000000000
-12655.00000000000000000 18072.00000000000000000 0.00000000000000000
-12655.00000000000000000 18072.00000000000000000 0.00000000000000000
-12655.00000000000000000 18072.00000000000000000 0.00000000000000000
-12655.00000000000000000 18072.00000000000000000 0.00000000000000000
-12655.00000000000000000 18072.00000000000000000 0.00000000000000000
-12655.00000000000000000 18072.00000000000000000 0.00000000000000000
-12655.00000000000000000 18072.00000000000000000 0.00000000000000000
-12655.00000000000000000 18072.00000000000000000 0.00000000000000000
-12655.00000000000000000 18072.00000000000000000 -27.00000000000000000
-12655.00000000000000000 18072.00000000000000000 -27.00000000000000000
-12655.00000000000000000 18072.00000000000000000 -27.00000000000000000
-12655.00000000000000000 18072.00000000000000000 -27.00000000000000000
-12655.00000000000000000 18072.00000000000000000 -27.00000000000000000
-12655.00000000000000000 18072.00000000000000000 -27.00000000000000000
-12655.00000000000000000 18072.00000000000000000 -27.00000000000000000
-12655.00000000000000000 18072.00000000000000000 -27.00000000000000000
-12655.00000000000000000 18072.00000000000000000 -27.00000000000000000
-12655.00000000000000000 18072.00000000000000000 -27.00000000000000000
-12655.00000000000000000 18072.00000000000000000 -27.00000000000000000
-12655.00000000000000000 18072.00000000000000000 -27.00000000000000000
-12655.00000000000000000 18072.00000000000000000 -27.00000000000000000
-12655.00000000000000000 18072.00000000000000000 -27.00000000000000000
-12655.00000000000000000 18072.00000000000000000 -27.00000000000000000
-12655.00000000000000000 18072.00000000000000000 -27.00000000000000000
-12655.00000000000000000 18072.00000000000000000 -13.00000000000000000
-12655.00000000000000000 18072.00000000000000000 -13.00000000000000000
-12655.00000000000000000 18072.00000000000000000 -13.00000000000000000
-12655.00000000000000000 18072.00000000000000000 -13.00000000000000000
-12655.00000000000000000 18072.00000000000000000 -13.00000000000000000
-12655.00000000000000000 18072.00000000000000000 -13.00000000000000000
-12655.00000000000000000 18072.00000000000000000 -13.00000000000000000
-12655.00000000000000000 18072.00000000000000000 -13.00000000000000000
-12655.00000000000000000 18072.00000000000000000 -13.00000000000000000
-12655.00000000000000000 18072.00000000000000000 -13.00000000000000000
-12655.00000000000000000 18072.00000000000000000 -13.00000000000000000
-12655.00000000000000000 18072.00000000000000000 -13.00000000000000000
-12655.00000000000000000 18072.00000000000000000 -13.00000000000000000
-12655.00000000000000000 18072.00000000000000000 -13.00000000000000000
-12655.00000000000000000 18072.00000000000000000 -13.00000000000000000
-12655.00000000000000000 18072.00000000000000000 -13.00000000000000000
-12655.00000000000000000 18072.00000000000000000 0.00000000000000000
-12655.00000000000000000 18072.00000000000000000 0.00000000000000000
-12655.00000000000000000 18072.00000000000000000 0.00000000000000000
-12655.00000000000000000 18072.00000000000000000 0.00000000000000000
-12655.00000000000000000 18072.00000000000000000 0.00000000000000000
-12655.00000000000000000 18072.00000000000000000 0.00000000000000000
-12655.00000000000000000 18072.00000000000000000 0.00000000000000000
-12655.00000000000000000 18072.00000000000000000 0.00000000000000000
-12655.00000000000000000 18072.00000000000000000 0.00000000000000000
-12655.00000000000000000 18072.00000000000000000 0.00000000000000000
-12655.00000000000000000 18072.00000000000000000 0.00000000000000000
-12655.00000000000000000 18072.00000000000000000 0.00000000000000000
-12655.00000000000000000 18072.00000000000000000 0.00000000000000000
-12655.00000000000000000 18072.00000000000000000 0.00000000000000000
-12655.00000000000000000 18072.00000000000000000 0.00000000000000000
-12655.00000000000000000 18072.00000000000000000 0.00000000000000000
-12655.00000000000000000 18072.00000000000000000 0.00000000000000000
-12655.00000000000000000 18072.00000000000000000 -13.00000000000000000
-12655.00000000000000000 18072.00000000000000000 -13.00000000000000000
-12655.00000000000000000 18072.00000000000000000 -13.00000000000000000
-12655.00000000000000000 18072.00000000000000000 -13.00000000000000000
-12655.00000000000000000 18072.00000000000000000 -13.00000000000000000
-12655.00000000000000000 18072.00000000000000000 -13.00000000000000000
-12655.00000000000000000 18072.00000000000000000 -13.00000000000000000
-12655.00000000000000000 18072.00000000000000000 -13.00000000000000000
-12655.00000000000000000 18072.00000000000000000 -13.00000000000000000
-12655.00000000000000000 18072.00000000000000000 -13.00000000000000000
-12655.00000000000000000 18072.00000000000000000 -13.00000000000000000
-12655.00000000000000000 18072.00000000000000000 -13.00000000000000000
-12655.00000000000000000 18072.00000000000000000 -13.00000000000000000
-12655.00000000000000000 18072.00000000000000000 -13.00000000000000000
-12655.00000000000000000 18072.00000000000000000 -13.00000000000000000
-12655.00000000000000000 18072.00000000000000000 -13.00000000000000000
-12655.00000000000000000 18072.00000000000000000 13.00000000000000000
-12655.00000000000000000 18072.00000000000000000 13.00000000000000000
-12655.00000000000000000 18072.00000000000000000 13.00000000000000000
-12655.00000000000000000 18072.00000000000000000 13.00000000000000000
-12655.00000000000000000 18072.00000000000000000 13.00000000000000000
-12655.00000000000000000 18072.00000000000000000 13.00000000000000000
-12655.00000000000000000 18072.00000000000000000 13.00000000000000000
-12655.00000000000000000 18072.00000000000000000 13.00000000000000000
-12655.00000000000000000 18072.00000000000000000 13.00000000000000000
-12655.00000000000000000 18072.00000000000000000 13.00000000000000000
-12655.00000000000000000 18072.00000000000000000 13.00000000000000000
-12655.00000000000000000 18072.00000000000000000 13.00000000000000000
-12655.00000000000000000 18072.00000000000000000 13.00000000000000000
-12655.00000000000000000 18072.00000000000000000 13.00000000000000000
-12655.00000000000000000 18072.00000000000000000 13.00000000000000000
-12655.00000000000000000 18072.00000000000000000 13.00000000000000000
-12655.00000000000000000 18072.00000000000000000 -13.00000000000000000
-12655.00000000000000000 18072.00000000000000000 -13.00000000000000000
-12655.00000000000000000 18072.00000000000000000 -13.00000000000000000
-12655.00000000000000000 18072.00000000000000000 -13.00000000000000000
-12655.00000000000000000 18072.00000000000000000 -13.00000000000000000
-12655.00000000000000000 18072.00000000000000000 -13.00000000000000000
-12655.00000000000000000 18072.00000000000000000 -13.00000000000000000
-12655.00000000000000000 18072.00000000000000000 -13.00000000000000000
-12655.00000000000000000 18072.00000000000000000 -13.00000000000000000
-12655.00000000000000000 18072.00000000000000000 -13.00000000000000000
-12655.00000000000000000 18072.00000000000000000 -13.00000000000000000
-12655.00000000000000000 18072.00000000000000000 -13.00000000000000000
-12655.00000000000000000 18072.00000000000000000 -13.00000000000000000
-12655.00000000000000000 18072.00000000000000000 -13.00000000000000000
-12655.00000000000000000 18072.00000000000000000 -13.00000000000000000
-12655.00000000000000000 18072.00000000000000000 -13.00000000000000000
-12655.00000000000000000 18072.00000000000000000 -13.00000000000000000
-12655.00000000000000000 18072.00000000000000000 13.00000000000000000
-12655.00000000000000000 18072.00000000000000000 13.00000000000000000
-12655.00000000000000000 18072.00000000000000000 13.00000000000000000
-12655.00000000000000000 18072.00000000000000000 13.00000000000000000
-12655.00000000000000000 18072.00000000000000000 13.00000000000000000
-12655.00000000000000000 18072.00000000000000000 13.00000000000000000
-12655.00000000000000000 18072.00000000000000000 13.00000000000000000
-12655.00000000000000000 18072.00000000000000000 13.00000000000000000
-12655.00000000000000000 18072.00000000000000000 13.00000000000000000
-12655.00000000000000000 18072.00000000000000000 13.00000000000000000
-12655.00000000000000000 18072.00000000000000000 13.00000000000000000
-12655.00000000000000000 18072.00000000000000000 13.00000000000000000
-12655.00000000000000000 18072.00000000000000000 13.00000000000000000
-12655.00000000000000000 18072.00000000000000000 13.00000000000000000
-12655.00000000000000000 18072.00000000000000000 13.00000000000000000
-12655.00000000000000000 18072.00000000000000000 13.00000000000000000
-12655.00000000000000000 18072.00000000000000000 13.00000000000000000
-12655.00000000000000000 18072.00000000000000000 13.00000000000000000
-12655.00000000000000000 18072.00000000000000000 13.00000000000000000
-12655.00000000000000000 18072.00000000000000000 13.00000000000000000
-12655.00000000000000000 18072.00000000000000000 13.00000000000000000
-12655.00000000000000000 18072.00000000000000000 13.00000000000000000
-12655.00000000000000000 18072.00000000000000000 13.00000000000000000
-12655.00000000000000000 18072.00000000000000000 13.00000000000000000
-12655.00000000000000000 18072.00000000000000000 13.00000000000000000
-12655.00000000000000000 18072.00000000000000000 13.00000000000000000
-12655.00000000000000000 18072.00000000000000000 13.00000000000000000
-12655.00000000000000000 18072.00000000000000000 13.00000000000000000
-12655.00000000000000000 18072.00000000000000000 13.00000000000000000
-12655.00000000000000000 18072.00000000000000000 13.00000000000000000
-12655.00000000000000000 18072.00000000000000000 13.00000000000000000
-12655.00000000000000000 18072.00000000000000000 13.00000000000000000
-12655.00000000000000000 18072.00000000000000000 13.00000000000000000
-12655.00000000000000000 18072.00000000000000000 13.00000000000000000
-12655.00000000000000000 18072.00000000000000000 13.00000000000000000
-12655.00000000000000000 18072.00000000000000000 13.00000000000000000
-12655.00000000000000000 18072.00000000000000000 13.00000000000000000
-12655.00000000000000000 18072.00000000000000000 13.00000000000000000
-12655.00000000000000000 18072.00000000000000000 13.00000000000000000
-12655.00000000000000000 18072.00000000000000000 13.00000000000000000
-12655.00000000000000000 18072.00000000000000000 13.00000000000000000
-12655.00000000000000000 18072.00000000000000000 13.00000000000000000
-12655.00000000000000000 18072.00000000000000000 13.00000000000000000
-12655.00000000000000000 18072.00000000000000000 13.00000000000000000
-12655.00000000000000000 18072.00000000000000000 13.00000000000000000
-12655.00000000000000000 18072.00000000000000000 13.00000000000000000
-12655.00000000000000000 18072.00000000000000000 13.00000000000000000
-12655.00000000000000000 18072.00000000000000000 13.00000000000000000
-12655.00000000000000000 18072.00000000000000000 13.00000000000000000
-12655.00000000000000000 18072.00000000000000000 -40.00000000000000000
-12655.00000000000000000 18072.00000000000000000 -40.00000000000000000
-12655.00000000000000000 18072.00000000000000000 -40.00000000000000000
-12655.00000000000000000 18072.00000000000000000 -40.00000000000000000
-12655.00000000000000000 18072.00000000000000000 -40.00000000000000000
-12655.00000000000000000 18072.00000000000000000 -40.00000000000000000
-12655.00000000000000000 18072.00000000000000000 -40.00000000000000000
-12655.00000000000000000 18072.00000000000000000 -40.00000000000000000
-12655.00000000000000000 18072.00000000000000000 -40.00000000000000000
-12655.00000000000000000 18072.00000000000000000 -40.00000000000000000
-12655.00000000000000000 18072.00000000000000000 -40.00000000000000000
-12655.00000000000000000 18072.00000000000000000 -40.00000000000000000
-12655.00000000000000000 18072.00000000000000000 -40.00000000000000000
-12655.00000000000000000 18072.00000000000000000 -40.00000000000000000
-12655.00000000000000000 18072.00000000000000000 -40.00000000000000000
-12655.00000000000000000 18072.00000000000000000 -40.00000000000000000
-12655.00000000000000000 18072.00000000000000000 -13.00000000000000000
-12655.00000000000000000 18072.00000000000000000 -13.00000000000000000
-12655.00000000000000000 18072.00000000000000000 -13.00000000000000000
-12655.00000000000000000 18072.00000000000000000 -13.00000000000000000
-12655.00000000000000000 18072.00000000000000000 -13.00000000000000000
-12655.00000000000000000 18072.00000000000000000 -13.00000000000000000
-12655.00000000000000000 18072.00000000000000000 -13.00000000000000000
-12655.00000000000000000 18072.00000000000000000 -13.00000000000000000
-12655.00000000000000000 18072.00000000000000000 -13.00000000000000000
-12655.00000000000000000 18072.00000000000000000 -13.00000000000000000
-12655.00000000000000000 18072.00000000000000000 -13.00000000000000000
-12655.00000000000000000 18072.00000000000000000 -13.00000000000000000
-12655.00000000000000000 18072.00000000000000000 -13.00000000000000000
-12655.00000000000000000 18072.00000000000000000 -13.00000000000000000
-12655.00000000000000000 18072.00000000000000000 -13.00000000000000000
-12655.00000000000000000 18072.00000000000000000 -13.00000000000000000
-12655.00000000000000000 18072.00000000000000000 -13.00000000000000000
-12655.00000000000000000 18072.00000000000000000 13.00000000000000000
-12655.00000000000000000 18072.00000000000000000 13.00000000000000000
-12655.00000000000000000 18072.00000000000000000 13.00000000000000000
-12655.00000000000000000 18072.00000000000000000 13.00000000000000000
-12655.00000000000000000 18072.00000000000000000 13.00000000000000000
-12655.00000000000000000 18072.00000000000000000 13.00000000000000000
-12655.00000000000000000 18072.00000000000000000 13.00000000000000000
-12655.00000000000000000 18072.00000000000000000 13.00000000000000000
-12655.00000000000000000 18072.00000000000000000 13.00000000000000000
-12655.00000000000000000 18072.00000000000000000 13.00000000000000000
-12655.00000000000000000 18072.00000000000000000 13.00000000000000000
-12655.00000000000000000 18072.00000000000000000 13.00000000000000000
-12655.00000000000000000 18072.00000000000000000 13.00000000000000000
-12655.00000000000000000 18072.00000000000000000 13.00000000000000000
-12655.00000000000000000 18072.00000000000000000 13.00000000000000000
-12655.00000000000000000 18072.00000000000000000 13.00000000000000000
-12655.00000000000000000 18072.00000000000000000 27.00000000000000000
-12655.00000000000000000 18072.00000000000000000 27.00000000000000000
-12655.00000000000000000 18072.00000000000000000 27.00000000000000000
-12655.00000000000000000 18072.00000000000000000 27.00000000000000000
-12655.00000000000000000 18072.00000000000000000 27.00000000000000000
-12655.00000000000000000 18072.00000000000000000 27.00000000000000000
-12655.00000000000000000 18072.00000000000000000 27.00000000000000000
-12655.00000000000000000 18072.00000000000000000 27.00000000000000000
-12655.00000000000000000 18072.00000000000000000 27.00000000000000000
-12655.00000000000000000 18072.00000000000000000 27.00000000000000000
-12655.00000000000000000 18072.00000000000000000 27.00000000000000000
-12655.00000000000000000 18072.00000000000000000 27.00000000000000000
-12655.00000000000000000 18072.00000000000000000 27.00000000000000000
-12655.00000000000000000 18072.00000000000000000 27.00000000000000000
-12655.00000000000000000 18072.00000000000000000 27.00000000000000000
-12655.00000000000000000 18072.00000000000000000 27.00000000000000000
-12655.00000000000000000 18072.00000000000000000 0.00000000000000000
-12655.00000000000000000 18072.00000000000000000 0.00000000000000000
-12655.00000000000000000 18072.00000000000000000 0.00000000000000000
-12655.00000000000000000 18072.00000000000000000 0.00000000000000000
-12655.00000000000000000 18072.00000000000000000 0.00000000000000000
-12655.00000000000000000 18072.00000000000000000 0.00000000000000000
-12655.00000000000000000 18072.00000000000000000 0.00000000000000000
-12655.00000000000000000 18072.00000000000000000 0.00000000000000000
-12655.00000000000000000 18072.00000000000000000 0.00000000000000000
-12655.00000000000000000 18072.00000000000000000 0.00000000000000000
-12655.00000000000000000 18072.00000000000000000 0.00000000000000000
-12655.00000000000000000 18072.00000000000000000 0.00000000000000000
-12655.00000000000000000 18072.00000000000000000 0.00000000000000000
-12655.00000000000000000 18072.00000000000000000 0.00000000000000000
-12655.00000000000000000 18072.00000000000000000 0.00000000000000000
-12655.00000000000000000 18072.00000000000000000 0.00000000000000000
-12655.00000000000000000 18072.00000000000000000 0.00000000000000000
-12655.00000000000000000 18072.00000000000000000 0.00000000000000000
-12655.00000000000000000 18072.00000000000000000 0.00000000000000000
-12655.00000000000000000 18072.00000000000000000 0.00000000000000000
-12655.00000000000000000 18072.00000000000000000 0.00000000000000000
-12655.00000000000000000 18072.00000000000000000 0.00000000000000000
-12655.00000000000000000 18072.00000000000000000 0.00000000000000000
-12655.00000000000000000 18072.00000000000000000 0.00000000000000000
-12655.00000000000000000 18072.00000000000000000 0.00000000000000000
-12655.00000000000000000 18072.00000000000000000 0.00000000000000000
-12655.00000000000000000 18072.00000000000000000 0.00000000000000000
-12655.00000000000000000 18072.00000000000000000 0.00000000000000000
-12655.00000000000000000 18072.00000000000000000 0.00000000000000000
-12655.00000000000000000 18072.00000000000000000 0.00000000000000000
-12655.00000000000000000 18072.00000000000000000 0.00000000000000000
-12655.00000000000000000 18072.00000000000000000 0.00000000000000000
-12655.00000000000000000 18072.00000000000000000 0.00000000000000000
-12655.00000000000000000 18072.00000000000000000 27.00000000000000000
-12655.00000000000000000 18072.00000000000000000 27.00000000000000000
-12655.00000000000000000 18072.00000000000000000 27.00000000000000000
-12655.00000000000000000 18072.00000000000000000 27.00000000000000000
-12655.00000000000000000 18072.00000000000000000 27.00000000000000000
-12655.00000000000000000 18072.00000000000000000 27.00000000000000000
-12655.00000000000000000 18072.00000000000000000 27.00000000000000000
-12655.00000000000000000 18072.00000000000000000 27.00000000000000000
-12655.00000000000000000 18072.00000000000000000 27.00000000000000000
-12655.00000000000000000 18072.00000000000000000 27.00000000000000000
-12655.00000000000000000 18072.00000000000000000 27.00000000000000000
-12655.00000000000000000 18072.00000000000000000 27.00000000000000000
-12655.00000000000000000 18072.00000000000000000 27.00000000000000000
-12655.00000000000000000 18072.00000000000000000 27.00000000000000000
-12655.00000000000000000 18072.00000000000000000 27.00000000000000000
-12655.00000000000000000 18072.00000000000000000 27.00000000000000000
-12655.00000000000000000 18072.00000000000000000 27.00000000000000000
-12655.00000000000000000 18072.00000000000000000 27.00000000000000000
-12655.00000000000000000 18072.00000000000000000 27.00000000000000000
-12655.00000000000000000 18072.00000000000000000 27.00000000000000000
-12655.00000000000000000 18072.00000000000000000 27.00000000000000000
-12655.00000000000000000 18072.00000000000000000 27.00000000000000000
-12655.00000000000000000 18072.00000000000000000 27.00000000000000000
-12655.00000000000000000 18072.00000000000000000 27.00000000000000000
-12655.00000000000000000 18072.00000000000000000 27.00000000000000000
-12655.00000000000000000 18072.00000000000000000 27.00000000000000000
-12655.00000000000000000 18072.00000000000000000 27.00000000000000000
-12655.00000000000000000 18072.00000000000000000 27.00000000000000000
-12655.00000000000000000 18072.00000000000000000 27.00000000000000000
-12655.00000000000000000 18072.00000000000000000 27.00000000000000000
-12655.00000000000000000 18072.00000000000000000 27.00000000000000000
-12655.00000000000000000 18072.00000000000000000 27.00000000000000000
-12655.00000000000000000 18072.00000000000000000 -80.00000000000000000
-12655.00000000000000000 18072.00000000000000000 -80.00000000000000000
-12655.00000000000000000 18072.00000000000000000 -80.00000000000000000
-12655.00000000000000000 18072.00000000000000000 -80.00000000000000000
-12655.00000000000000000 18072.00000000000000000 -80.00000000000000000
-12655.00000000000000000 18072.00000000000000000 -80.00000000000000000
-12655.00000000000000000 18072.00000000000000000 -80.00000000000000000
-12655.00000000000000000 18072.00000000000000000 -80.00000000000000000
-12655.00000000000000000 18072.00000000000000000 -80.00000000000000000
-12655.00000000000000000 18072.00000000000000000 -80.00000000000000000
-12655.00000000000000000 18072.00000000000000000 -80.00000000000000000
-12655.00000000000000000 18072.00000000000000000 -80.00000000000000000
-12655.00000000000000000 18072.00000000000000000 -80.00000000000000000
-12655.00000000000000000 18072.00000000000000000 -80.00000000000000000
-12655.00000000000000000 18072.00000000000000000 -80.00000000000000000
-12655.00000000000000000 18072.00000000000000000 -80.00000000000000000
-12655.00000000000000000 18072.00000000000000000 -80.00000000000000000
-12655.00000000000000000 18072.00000000000000000 13.00000000000000000
-12655.00000000000000000 18072.00000000000000000 13.00000000000000000
-12655.00000000000000000 18072.00000000000000000 13.00000000000000000
-12655.00000000000000000 18072.00000000000000000 13.00000000000000000
-12655.00000000000000000 18072.00000000000000000 13.00000000000000000
-12655.00000000000000000 18072.00000000000000000 13.00000000000000000
-12655.00000000000000000 18072.00000000000000000 13.00000000000000000
-12655.00000000000000000 18072.00000000000000000 13.00000000000000000
-12655.00000000000000000 18072.00000000000000000 13.00000000000000000
-12655.00000000000000000 18072.00000000000000000 13.00000000000000000
-12655.00000000000000000 18072.00000000000000000 13.00000000000000000
-12655.00000000000000000 18072.00000000000000000 13.00000000000000000
-12655.00000000000000000 18072.00000000000000000 13.00000000000000000
-12655.00000000000000000 18072.00000000000000000 13.00000000000000000
-12655.00000000000000000 18072.00000000000000000 13.00000000000000000
-12655.00000000000000000 18072.00000000000000000 13.00000000000000000
-12655.00000000000000000 18072.00000000000000000 -13.00000000000000000
-12655.00000000000000000 18072.00000000000000000 -13.00000000000000000
-12655.00000000000000000 18072.00000000000000000 -13.00000000000000000
-12655.00000000000000000 18072.00000000000000000 -13.00000000000000000
-12655.00000000000000000 18072.00000000000000000 -13.00000000000000000
-12655.00000000000000000 18072.00000000000000000 -13.00000000000000000
-12655.00000000000000000 18072.00000000000000000 -13.00000000000000000
-12655.00000000000000000 18072.00000000000000000 -13.00000000000000000
-12655.00000000000000000 18072.00000000000000000 -13.00000000000000000
-12655.00000000000000000 18072.00000000000000000 -13.00000000000000000
-12655.00000000000000000 18072.00000000000000000 -13.00000000000000000
-12655.00000000000000000 18072.00000000000000000 -13.00000000000000000
-12655.00000000000000000 18072.00000000000000000 -13.00000000000000000
-12655.00000000000000000 18072.00000000000000000 -13.00000000000000000
-12655.00000000000000000 18072.00000000000000000 -13.00000000000000000
-12655.00000000000000000 18072.00000000000000000 -13.00000000000000000
-12655.00000000000000000 18072.00000000000000000 -13.00000000000000000
-12655.00000000000000000 18072.00000000000000000 -13.00000000000000000
-12655.00000000000000000 18072.00000000000000000 -13.00000000000000000
-12655.00000000000000000 18072.00000000000000000 -13.00000000000000000
-12655.00000000000000000 18072.00000000000000000 -13.00000000000000000
-12655.00000000000000000 18072.00000000000000000 -13.00000000000000000
-12655.00000000000000000 18072.00000000000000000 -13.00000000000000000
-12655.00000000000000000 18072.00000000000000000 -13.00000000000000000
-12655.00000000000000000 18072.00000000000000000 -13.00000000000000000
-12655.00000000000000000 18072.00000000000000000 -13.00000000000000000
-12655.00000000000000000 18072.00000000000000000 -13.00000000000000000
-12655.00000000000000000 18072.00000000000000000 -13.00000000000000000
-12655.00000000000000000 18072.00000000000000000 -13.00000000000000000
-12655.00000000000000000 18072.00000000000000000 -13.00000000000000000
-12655.00000000000000000 18072.00000000000000000 -13.00000000000000000
-12655.00000000000000000 18072.00000000000000000 -13.00000000000000000
-12655.00000000000000000 18072.00000000000000000 -13.00000000000000000
-12655.00000000000000000 18072.00000000000000000 0.00000000000000000
-12655.00000000000000000 18072.00000000000000000 0.00000000000000000
-12655.00000000000000000 18072.00000000000000000 0.00000000000000000
-12655.00000000000000000 18072.00000000000000000 0.00000000000000000
-12655.00000000000000000 18072.00000000000000000 0.00000000000000000
-12655.00000000000000000 18072.00000000000000000 0.00000000000000000
-12655.00000000000000000 18072.00000000000000000 0.00000000000000000
-12655.00000000000000000 18072.00000000000000000 0.00000000000000000
-12655.00000000000000000 18072.00000000000000000 0.00000000000000000
-12655.00000000000000000 18072.00000000000000000 0.00000000000000000
-12655.00000000000000000 18072.00000000000000000 0.00000000000000000
-12655.00000000000000000 18072.00000000000000000 0.00000000000000000
-12655.00000000000000000 18072.00000000000000000 0.00000000000000000
-12655.00000000000000000 18072.00000000000000000 0.00000000000000000
-12655.00000000000000000 18072.00000000000000000 0.00000000000000000
-12655.00000000000000000 18072.00000000000000000 0.00000000000000000
-12655.00000000000000000 18072.00000000000000000 -27.00000000000000000
-12655.00000000000000000 18072.00000000000000000 -27.00000000000000000
-12655.00000000000000000 18072.00000000000000000 -27.00000000000000000
-12655.00000000000000000 18072.00000000000000000 -27.00000000000000000
-12655.00000000000000000 18072.00000000000000000 -27.00000000000000000
-12655.00000000000000000 18072.00000000000000000 -27.00000000000000000
-12655.00000000000000000 18072.00000000000000000 -27.00000000000000000
-12655.00000000000000000 18072.00000000000000000 -27.00000000000000000
-12655.00000000000000000 18072.00000000000000000 -27.00000000000000000
-12655.00000000000000000 18072.00000000000000000 -27.00000000000000000
-12655.00000000000000000 18072.00000000000000000 -27.00000000000000000
-12655.00000000000000000 18072.00000000000000000 -27.00000000000000000
-12655.00000000000000000 18072.00000000000000000 -27.00000000000000000
-12655.00000000000000000 18072.00000000000000000 -27.00000000000000000
-12655.00000000000000000 18072.00000000000000000 -27.00000000000000000
-12655.00000000000000000 18072.00000000000000000 -27.00000000000000000
-12655.00000000000000000 18072.00000000000000000 -27.00000000000000000
-12655.00000000000000000 18072.00000000000000000 -13.00000000000000000
-12655.00000000000000000 18072.00000000000000000 -13.00000000000000000
-12655.00000000000000000 18072.00000000000000000 -13.00000000000000000
-12655.00000000000000000 18072.00000000000000000 -13.00000000000000000
-12655.00000000000000000 18072.00000000000000000 -13.00000000000000000
-12655.00000000000000000 18072.00000000000000000 -13.00000000000000000
-12655.00000000000000000 18072.00000000000000000 -13.00000000000000000
-12655.00000000000000000 18072.00000000000000000 -13.00000000000000000
-12655.00000000000000000 18072.00000000000000000 -13.00000000000000000
-12655.00000000000000000 18072.00000000000000000 -13.00000000000000000
-12655.00000000000000000 18072.00000000000000000 -13.00000000000000000
-12655.00000000000000000 18072.00000000000000000 -13.00000000000000000
-12655.00000000000000000 18072.00000000000000000 -13.00000000000000000
-12655.00000000000000000 18072.00000000000000000 -13.00000000000000000
-12655.00000000000000000 18072.00000000000000000 -13.00000000000000000
-12655.00000000000000000 18072.00000000000000000 -13.00000000000000000
-12655.00000000000000000 18072.00000000000000000 0.00000000000000000
-12655.00000000000000000 18072.00000000000000000 0.00000000000000000
-12655.00000000000000000 18072.00000000000000000 0.00000000000000000
-12655.00000000000000000 18072.00000000000000000 0.00000000000000000
-12655.00000000000000000 18072.00000000000000000 0.00000000000000000
-12655.00000000000000000 18072.00000000000000000 0.00000000000000000
-12655.00000000000000000 18072.00000000000000000 0.00000000000000000
-12655.00000000000000000 18072.00000000000000000 0.00000000000000000
-12655.00000000000000000 18072.00000000000000000 0.00000000000000000
-12655.00000000000000000 18072.00000000000000000 0.00000000000000000
-12655.00000000000000000 18072.00000000000000000 0.00000000000000000
-12655.00000000000000000 18072.00000000000000000 0.00000000000000000
-12655.00000000000000000 18072.00000000000000000 0.00000000000000000
-12655.00000000000000000 18072.00000000000000000 0.00000000000000000
-12655.00000000000000000 18072.00000000000000000 0.00000000000000000
-12655.00000000000000000 18072.00000000000000000 0.00000000000000000
-12655.00000000000000000 18072.00000000000000000 0.00000000000000000
-12655.00000000000000000 18072.00000000000000000 0.00000000000000000
-12655.00000000000000000 18072.00000000000000000 0.00000000000000000
-12655.00000000000000000 18072.00000000000000000 0.00000000000000000
-12655.00000000000000000 18072.00000000000000000 0.00000000000000000
-12655.00000000000000000 18072.00000000000000000 0.00000000000000000
-12655.00000000000000000 18072.00000000000000000 0.00000000000000000
-12655.00000000000000000 18072.00000000000000000 0.00000000000000000
-12655.00000000000000000 18072.00000000000000000 0.00000000000000000
-12655.00000000000000000 18072.00000000000000000 0.00000000000000000
-12655.00000000000000000 18072.00000000000000000 0.00000000000000000
-12655.00000000000000000 18072.00000000000000000 0.00000000000000000
-12655.00000000000000000 18072.00000000000000000 0.00000000000000000
-12655.00000000000000000 18072.00000000000000000 0.00000000000000000
-12655.00000000000000000 18072.00000000000000000 0.00000000000000000
-12655.00000000000000000 18072.00000000000000000 0.00000000000000000
-12655.00000000000000000 18072.00000000000000000 0.00000000000000000
-12655.00000000000000000 18072.00000000000000000 13.00000000000000000
-12655.00000000000000000 18072.00000000000000000 13.00000000000000000
-12655.00000000000000000 18072.00000000000000000 13.00000000000000000
-12655.00000000000000000 18072.00000000000000000 13.00000000000000000
-12655.00000000000000000 18072.00000000000000000 13.00000000000000000
-12655.00000000000000000 18072.00000000000000000 13.00000000000000000
-12655.00000000000000000 18072.00000000000000000 13.00000000000000000
-12655.00000000000000000 18072.00000000000000000 13.00000000000000000
-12655.00000000000000000 18072.00000000000000000 13.00000000000000000
-12655.00000000000000000 18072.00000000000000000 13.00000000000000000
-12655.00000000000000000 18072.00000000000000000 13.00000000000000000
-12655.00000000000000000 18072.00000000000000000 13.00000000000000000
-12655.00000000000000000 18072.00000000000000000 13.00000000000000000
-12655.00000000000000000 18072.00000000000000000 13.00000000000000000
-12655.00000000000000000 18072.00000000000000000 13.00000000000000000
-12655.00000000000000000 18072.00000000000000000 13.00000000000000000
-12655.00000000000000000 18072.00000000000000000 0.00000000000000000
-12655.00000000000000000 18072.00000000000000000 0.00000000000000000
-12655.00000000000000000 18072.00000000000000000 0.00000000000000000
-12655.00000000000000000 18072.00000000000000000 0.00000000000000000
-12655.00000000000000000 18072.00000000000000000 0.00000000000000000
-12655.00000000000000000 18072.00000000000000000 0.00000000000000000
-12655.00000000000000000 18072.00000000000000000 0.00000000000000000
-12655.00000000000000000 18072.00000000000000000 0.00000000000000000
-12655.00000000000000000 18072.00000000000000000 0.00000000000000000
-12655.00000000000000000 18072.00000000000000000 0.00000000000000000
-12655.00000000000000000 18072.00000000000000000 0.00000000000000000
-12655.00000000000000000 18072.00000000000000000 0.00000000000000000
-12655.00000000000000000 18072.00000000000000000 0.00000000000000000
-12655.00000000000000000 18072.00000000000000000 0.00000000000000000
-12655.00000000000000000 18072.00000000000000000 0.00000000000000000
-12655.00000000000000000 18072.00000000000000000 0.00000000000000000
-12655.00000000000000000 18072.00000000000000000 -27.00000000000000000
-12655.00000000000000000 18072.00000000000000000 -27.00000000000000000
-12655.00000000000000000 18072.00000000000000000 -27.00000000000000000
-12655.00000000000000000 18072.00000000000000000 -27.00000000000000000
-12655.00000000000000000 18072.00000000000000000 -27.00000000000000000
-12655.00000000000000000 18072.00000000000000000 -27.00000000000000000
-12655.00000000000000000 18072.00000000000000000 -27.00000000000000000
-12655.00000000000000000 18072.00000000000000000 -27.00000000000000000
-12655.00000000000000000 18072.00000000000000000 -27.00000000000000000
-12655.00000000000000000 18072.00000000000000000 -27.00000000000000000
-12655.00000000000000000 18072.00000000000000000 -27.00000000000000000
-12655.00000000000000000 18072.00000000000000000 -27.00000000000000000
-12655.00000000000000000 18072.00000000000000000 -27.00000000000000000
-12655.00000000000000000 18072.00000000000000000 -27.00000000000000000
-12655.00000000000000000 18072.00000000000000000 -27.00000000000000000
-12655.00000000000000000 18072.00000000000000000 -27.00000000000000000
-12655.00000000000000000 18072.00000000000000000 -27.00000000000000000
-12655.00000000000000000 18072.00000000000000000 13.00000000000000000
-12655.00000000000000000 18072.00000000000000000 13.00000000000000000
-12655.00000000000000000 18072.00000000000000000 13.00000000000000000
-12655.00000000000000000 18072.00000000000000000 13.00000000000000000
-12655.00000000000000000 18072.00000000000000000 13.00000000000000000
-12655.00000000000000000 18072.00000000000000000 13.00000000000000000
-12655.00000000000000000 18072.00000000000000000 13.00000000000000000
-12655.00000000000000000 18072.00000000000000000 13.00000000000000000
-12655.00000000000000000 18072.00000000000000000 13.00000000000000000
-12655.00000000000000000 18072.00000000000000000 13.00000000000000000
-12655.00000000000000000 18072.00000000000000000 13.00000000000000000
-12655.00000000000000000 18072.00000000000000000 13.00000000000000000
-12655.00000000000000000 18072.00000000000000000 13.00000000000000000
-12655.00000000000000000 18072.00000000000000000 13.00000000000000000
-12655.00000000000000000 18072.00000000000000000 13.00000000000000000
-12655.00000000000000000 18072.00000000000000000 13.00000000000000000
-12655.00000000000000000 18072.00000000000000000 0.00000000000000000
-12655.00000000000000000 18072.00000000000000000 0.00000000000000000
-12655.00000000000000000 18072.00000000000000000 0.00000000000000000
-12655.00000000000000000 18072.00000000000000000 0.00000000000000000
-12655.00000000000000000 18072.00000000000000000 0.00000000000000000
-12655.00000000000000000 18072.00000000000000000 0.00000000000000000
-12655.00000000000000000 18072.00000000000000000 0.00000000000000000
-12655.00000000000000000 18072.00000000000000000 0.00000000000000000
-12655.00000000000000000 18072.00000000000000000 0.00000000000000000
-12655.00000000000000000 18072.00000000000000000 0.00000000000000000
-12655.00000000000000000 18072.00000000000000000 0.00000000000000000
-12655.00000000000000000 18072.00000000000000000 0.00000000000000000
-12655.00000000000000000 18072.00000000000000000 0.00000000000000000
-12655.00000000000000000 18072.00000000000000000 0.00000000000000000
-12655.00000000000000000 18072.00000000000000000 0.00000000000000000
-12655.00000000000000000 18072.00000000000000000 0.00000000000000000
-12655.00000000000000000 18072.00000000000000000 0.00000000000000000
-12655.00000000000000000 18072.00000000000000000 0.00000000000000000
-12655.00000000000000000 18072.00000000000000000 0.00000000000000000
-12655.00000000000000000 18072.00000000000000000 0.00000000000000000
-12655.00000000000000000 18072.00000000000000000 0.00000000000000000
-12655.00000000000000000 18072.00000000000000000 0.00000000000000000
-12655.00000000000000000 18072.00000000000000000 0.00000000000000000
-12655.00000000000000000 18072.00000000000000000 0.00000000000000000
-12655.00000000000000000 18072.00000000000000000 0.00000000000000000
-12655.00000000000000000 18072.00000000000000000 0.00000000000000000
-12655.00000000000000000 18072.00000000000000000 0.00000000000000000
-12655.00000000000000000 18072.00000000000000000 0.00000000000000000
-12655.00000000000000000 18072.00000000000000000 0.00000000000000000
-12655.00000000000000000 18072.00000000000000000 0.00000000000000000
-12655.00000000000000000 18072.00000000000000000 0.00000000000000000
-12655.00000000000000000 18072.00000000000000000 0.00000000000000000
-12655.00000000000000000 18072.00000000000000000 0.00000000000000000
-12655.00000000000000000 18072.00000000000000000 0.00000000000000000
-12655.00000000000000000 18072.00000000000000000 0.00000000000000000
-12655.00000000000000000 18072.00000000000000000 0.00000000000000000
-12655.00000000000000000 18072.00000000000000000 0.00000000000000000
-12655.00000000000000000 18072.00000000000000000 0.00000000000000000
-12655.00000000000000000 18072.00000000000000000 0.00000000000000000
-12655.00000000000000000 18072.00000000000000000 0.00000000000000000
-12655.00000000000000000 18072.00000000000000000 0.00000000000000000
-12655.00000000000000000 18072.00000000000000000 0.00000000000000000
-12655.00000000000000000 18072.00000000000000000 0.00000000000000000
-12655.00000000000000000 18072.00000000000000000 0.00000000000000000
-12655.00000000000000000 18072.00000000000000000 0.00000000000000000
-12655.00000000000000000 18072.00000000000000000 0.00000000000000000
-12655.00000000000000000 18072.00000000000000000 0.00000000000000000
-12655.00000000000000000 18072.00000000000000000 0.00000000000000000
-12655.00000000000000000 18072.00000000000000000 0.00000000000000000
-12655.00000000000000000 18072.00000000000000000 -13.00000000000000000
-12655.00000000000000000 18072.00000000000000000 -13.00000000000000000
-12655.00000000000000000 18072.00000000000000000 -13.00000000000000000
-12655.00000000000000000 18072.00000000000000000 -13.00000000000000000
-12655.00000000000000000 18072.00000000000000000 -13.00000000000000000
-12655.00000000000000000 18072.00000000000000000 -13.00000000000000000
-12655.00000000000000000 18072.00000000000000000 -13.00000000000000000
-12655.00000000000000000 18072.00000000000000000 -13.00000000000000000
-12655.00000000000000000 18072.00000000000000000 -13.00000000000000000
-12655.00000000000000000 18072.00000000000000000 -13.00000000000000000
-12655.00000000000000000 18072.00000000000000000 -13.00000000000000000
-12655.00000000000000000 18072.00000000000000000 -13.00000000000000000
-12655.00000000000000000 18072.00000000000000000 -13.00000000000000000
-12655.00000000000000000 18072.00000000000000000 -13.00000000000000000
-12655.00000000000000000 18072.00000000000000000 -13.00000000000000000
-12655.00000000000000000 18072.00000000000000000 -13.00000000000000000
-12655.00000000000000000 18072.00000000000000000 -13.00000000000000000
-12655.00000000000000000 18072.00000000000000000 13.00000000000000000
-12655.00000000000000000 18072.00000000000000000 13.00000000000000000
-12655.00000000000000000 18072.00000000000000000 13.00000000000000000
-12655.00000000000000000 18072.00000000000000000 13.00000000000000000
-12655.00000000000000000 18072.00000000000000000 13.00000000000000000
-12655.00000000000000000 18072.00000000000000000 13.00000000000000000
-12655.00000000000000000 18072.00000000000000000 13.00000000000000000
-12655.00000000000000000 18072.00000000000000000 13.00000000000000000
-12655.00000000000000000 18072.00000000000000000 13.00000000000000000
-12655.00000000000000000 18072.00000000000000000 13.00000000000000000
-12655.00000000000000000 18072.00000000000000000 13.00000000000000000
-12655.00000000000000000 18072.00000000000000000 13.00000000000000000
-12655.00000000000000000 18072.00000000000000000 13.00000000000000000
-12655.00000000000000000 18072.00000000000000000 13.00000000000000000
-12655.00000000000000000 18072.00000000000000000 13.00000000000000000
-12655.00000000000000000 18072.00000000000000000 13.00000000000000000
-12655.00000000000000000 18072.00000000000000000 13.00000000000000000
-12655.00000000000000000 18072.00000000000000000 13.00000000000000000
-12655.00000000000000000 18072.00000000000000000 13.00000000000000000
-12655.00000000000000000 18072.00000000000000000 13.00000000000000000
-12655.00000000000000000 18072.00000000000000000 13.00000000000000000
-12655.00000000000000000 18072.00000000000000000 13.00000000000000000
-12655.00000000000000000 18072.00000000000000000 13.00000000000000000
-12655.00000000000000000 18072.00000000000000000 13.00000000000000000
-12655.00000000000000000 18072.00000000000000000 13.00000000000000000
-12655.00000000000000000 18072.00000000000000000 13.00000000000000000
-12655.00000000000000000 18072.00000000000000000 13.00000000000000000
-12655.00000000000000000 18072.00000000000000000 13.00000000000000000
-12655.00000000000000000 18072.00000000000000000 13.00000000000000000
-12655.00000000000000000 18072.00000000000000000 13.00000000000000000
-12655.00000000000000000 18072.00000000000000000 13.00000000000000000
-12655.00000000000000000 18072.00000000000000000 13.00000000000000000
-12655.00000000000000000 18072.00000000000000000 0.00000000000000000
-12655.00000000000000000 18072.00000000000000000 0.00000000000000000
-12655.00000000000000000 18072.00000000000000000 0.00000000000000000
-12655.00000000000000000 18072.00000000000000000 0.00000000000000000
-12655.00000000000000000 18072.00000000000000000 0.00000000000000000
-12655.00000000000000000 18072.00000000000000000 0.00000000000000000
-12655.00000000000000000 18072.00000000000000000 0.00000000000000000
-12655.00000000000000000 18072.00000000000000000 0.00000000000000000
-12655.00000000000000000 18072.00000000000000000 0.00000000000000000
-12655.00000000000000000 18072.00000000000000000 0.00000000000000000
-12655.00000000000000000 18072.00000000000000000 0.00000000000000000
-12655.00000000000000000 18072.00000000000000000 0.00000000000000000
-12655.00000000000000000 18072.00000000000000000 0.00000000000000000
-12655.00000000000000000 18072.00000000000000000 0.00000000000000000
-12655.00000000000000000 18072.00000000000000000 0.00000000000000000
-12655.00000000000000000 18072.00000000000000000 0.00000000000000000
-12655.00000000000000000 18072.00000000000000000 0.00000000000000000
-12655.00000000000000000 18072.00000000000000000 -13.00000000000000000
-12655.00000000000000000 18072.00000000000000000 -13.00000000000000000
-12655.00000000000000000 18072.00000000000000000 -13.00000000000000000
-12655.00000000000000000 18072.00000000000000000 -13.00000000000000000
-12655.00000000000000000 18072.00000000000000000 -13.00000000000000000
-12655.00000000000000000 18072.00000000000000000 -13.00000000000000000
-12655.00000000000000000 18071.00000000000000000 -13.00000000000000000
-12655.00000000000000000 18071.00000000000000000 -13.00000000000000000
-12655.00000000000000000 18071.00000000000000000 -13.00000000000000000
-12655.00000000000000000 18071.00000000000000000 -13.00000000000000000
-12655.00000000000000000 18070.00000000000000000 -13.00000000000000000
-12655.00000000000000000 18069.00000000000000000 -13.00000000000000000
-12655.00000000000000000 18068.00000000000000000 -13.00000000000000000
-12655.00000000000000000 18068.00000000000000000 -13.00000000000000000
-12656.00000000000000000 18067.00000000000000000 -13.00000000000000000
-12656.00000000000000000 18066.00000000000000000 -13.00000000000000000
-12656.00000000000000000 18064.00000000000000000 402.00000000000000000
-12657.00000000000000000 18062.00000000000000000 402.00000000000000000
-12657.00000000000000000 18062.00000000000000000 402.00000000000000000
-12657.00000000000000000 18059.00000000000000000 402.00000000000000000
-12658.00000000000000000 18056.00000000000000000 402.00000000000000000
-12659.00000000000000000 18053.00000000000000000 402.00000000000000000
-12659.00000000000000000 18049.00000000000000000 402.00000000000000000
-12659.00000000000000000 18049.00000000000000000 402.00000000000000000
-12660.00000000000000000 18045.00000000000000000 402.00000000000000000
-12661.00000000000000000 18040.00000000000000000 402.00000000000000000
-12662.00000000000000000 18035.00000000000000000 402.00000000000000000
-12664.00000000000000000 18029.00000000000000000 402.00000000000000000
-12664.00000000000000000 18029.00000000000000000 402.00000000000000000
-12665.00000000000000000 18023.00000000000000000 402.00000000000000000
-12666.00000000000000000 18015.00000000000000000 402.00000000000000000
-12668.00000000000000000 18007.00000000000000000 402.00000000000000000
-12669.00000000000000000 17999.00000000000000000 4976.00000000000000000
-12669.00000000000000000 17999.00000000000000000 4976.00000000000000000
-12671.00000000000000000 17990.00000000000000000 4976.00000000000000000
-12673.00000000000000000 17981.00000000000000000 4976.00000000000000000
-12675.00000000000000000 17970.00000000000000000 4976.00000000000000000
-12678.00000000000000000 17959.00000000000000000 4976.00000000000000000
-12678.00000000000000000 17959.00000000000000000 4976.00000000000000000
-12680.00000000000000000 17946.00000000000000000 4976.00000000000000000
-12683.00000000000000000 17934.00000000000000000 4976.00000000000000000
-12685.00000000000000000 17920.00000000000000000 4976.00000000000000000
-12688.00000000000000000 17904.00000000000000000 4976.00000000000000000
-12688.00000000000000000 17904.00000000000000000 4976.00000000000000000
-12691.00000000000000000 17889.00000000000000000 4976.00000000000000000
-12695.00000000000000000 17872.00000000000000000 4976.00000000000000000
-12698.00000000000000000 17855.00000000000000000 4976.00000000000000000
-12702.00000000000000000 17836.00000000000000000 4976.00000000000000000
-12702.00000000000000000 17836.00000000000000000 4976.00000000000000000
-12706.00000000000000000 17815.00000000000000000 17180.00000000000000000
-12710.00000000000000000 17796.00000000000000000 17180.00000000000000000
-12714.00000000000000000 17773.00000000000000000 17180.00000000000000000
-12718.00000000000000000 17751.00000000000000000 17180.00000000000000000
-12718.00000000000000000 17751.00000000000000000 17180.00000000000000000
-12723.00000000000000000 17726.00000000000000000 17180.00000000000000000
-12727.00000000000000000 17702.00000000000000000 17180.00000000000000000
-12732.00000000000000000 17674.00000000000000000 17180.00000000000000000
-12732.00000000000000000 17674.00000000000000000 17180.00000000000000000
-12738.00000000000000000 17646.00000000000000000 17180.00000000000000000
-12743.00000000000000000 17618.00000000000000000 17180.00000000000000000
-12749.00000000000000000 17587.00000000000000000 17180.00000000000000000
-12754.00000000000000000 17556.00000000000000000 17180.00000000000000000
-12754.00000000000000000 17556.00000000000000000 17180.00000000000000000
-12760.00000000000000000 17522.00000000000000000 17180.00000000000000000
-12766.00000000000000000 17487.00000000000000000 17180.00000000000000000
-12772.00000000000000000 17453.00000000000000000 48066.00000000000000000
-12779.00000000000000000 17414.00000000000000000 48066.00000000000000000
-12779.00000000000000000 17414.00000000000000000 48066.00000000000000000
-12785.00000000000000000 17377.00000000000000000 48066.00000000000000000
-12792.00000000000000000 17336.00000000000000000 48066.00000000000000000
-12799.00000000000000000 17296.00000000000000000 48066.00000000000000000
-12806.00000000000000000 17252.00000000000000000 48066.00000000000000000
-12806.00000000000000000 17252.00000000000000000 48066.00000000000000000
-12813.00000000000000000 17209.00000000000000000 48066.00000000000000000
-12821.00000000000000000 17161.00000000000000000 48066.00000000000000000
-12829.00000000000000000 17112.00000000000000000 48066.00000000000000000
-12836.00000000000000000 17064.00000000000000000 48066.00000000000000000
-12836.00000000000000000 17064.00000000000000000 48066.00000000000000000
-12844.00000000000000000 17012.00000000000000000 48066.00000000000000000
-12852.00000000000000000 16961.00000000000000000 48066.00000000000000000
-12860.00000000000000000 16905.00000000000000000 48066.00000000000000000
-12868.00000000000000000 16846.00000000000000000 60834.00000000000000000
-12868.00000000000000000 16846.00000000000000000 60834.00000000000000000
-12876.00000000000000000 16791.00000000000000000 60834.00000000000000000
-12885.00000000000000000 16729.00000000000000000 60834.00000000000000000
-12893.00000000000000000 16670.00000000000000000 60834.00000000000000000
-12901.00000000000000000 16605.00000000000000000 60834.00000000000000000
-12901.00000000000000000 16605.00000000000000000 60834.00000000000000000
-12909.00000000000000000 16542.00000000000000000 60834.00000000000000000
-12918.00000000000000000 16473.00000000000000000 60834.00000000000000000
-12927.00000000000000000 16401.00000000000000000 60834.00000000000000000
-12935.00000000000000000 16333.00000000000000000 60834.00000000000000000
-12935.00000000000000000 16333.00000000000000000 60834.00000000000000000
-12943.00000000000000000 16258.00000000000000000 60834.00000000000000000
-12951.00000000000000000 16186.00000000000000000 60834.00000000000000000
-12960.00000000000000000 16107.00000000000000000 60834.00000000000000000
-12960.00000000000000000 16107.00000000000000000 60834.00000000000000000
-12968.00000000000000000 16025.00000000000000000 60834.00000000000000000
-12976.00000000000000000 15948.00000000000000000 93423.00000000000000000
-12984.00000000000000000 15862.00000000000000000 93423.00000000000000000
-12991.00000000000000000 15780.00000000000000000 93423.00000000000000000
-12991.00000000000000000 15780.00000000000000000 93423.00000000000000000
-12999.00000000000000000 15690.00000000000000000 93423.00000000000000000
-13006.00000000000000000 15605.00000000000000000 93423.00000000000000000
-13013.00000000000000000 15511.00000000000000000 93423.00000000000000000
-13020.00000000000000000 15414.00000000000000000 93423.00000000000000000
-13020.00000000000000000 15414.00000000000000000 93423.00000000000000000
-13026.00000000000000000 15323.00000000000000000 93423.00000000000000000
-13032.00000000000000000 15222.00000000000000000 93423.00000000000000000
-13037.00000000000000000 15127.00000000000000000 93423.00000000000000000
-13042.00000000000000000 15023.00000000000000000 93423.00000000000000000
-13042.00000000000000000 15023.00000000000000000 93423.00000000000000000
-13047.00000000000000000 14916.00000000000000000 93423.00000000000000000
-13051.00000000000000000 14816.00000000000000000 93423.00000000000000000
-13055.00000000000000000 14706.00000000000000000 133241.00000000000000000
-13057.00000000000000000 14603.00000000000000000 133241.00000000000000000
-13057.00000000000000000 14603.00000000000000000 133241.00000000000000000
-13060.00000000000000000 14489.00000000000000000 133241.00000000000000000
-13062.00000000000000000 14383.00000000000000000 133241.00000000000000000
-13063.00000000000000000 14266.00000000000000000 133241.00000000000000000
-13063.00000000000000000 14157.00000000000000000 133241.00000000000000000
-13063.00000000000000000 14157.00000000000000000 133241.00000000000000000
-13063.00000000000000000 14037.00000000000000000 133241.00000000000000000
-13062.00000000000000000 13915.00000000000000000 133241.00000000000000000
-13060.00000000000000000 13801.00000000000000000 133241.00000000000000000
-13057.00000000000000000 13677.00000000000000000 133241.00000000000000000
-13057.00000000000000000 13677.00000000000000000 133241.00000000000000000
-13054.00000000000000000 13551.00000000000000000 133241.00000000000000000
-13050.00000000000000000 13434.00000000000000000 133241.00000000000000000
-13044.00000000000000000 13305.00000000000000000 133241.00000000000000000
-13038.00000000000000000 13185.00000000000000000 169559.00000000000000000
-13038.00000000000000000 13185.00000000000000000 169559.00000000000000000
-13031.00000000000000000 13054.00000000000000000 169559.00000000000000000
-13023.00000000000000000 12932.00000000000000000 169559.00000000000000000
-13014.00000000000000000 12799.00000000000000000 169559.00000000000000000
-13014.00000000000000000 12799.00000000000000000 169559.00000000000000000
-13004.00000000000000000 12675.00000000000000000 169559.00000000000000000
-12993.00000000000000000 12540.00000000000000000 169559.00000000000000000
-12980.00000000000000000 12404.00000000000000000 169559.00000000000000000
-12967.00000000000000000 12277.00000000000000000 169559.00000000000000000
-12967.00000000000000000 12277.00000000000000000 169559.00000000000000000
-12952.00000000000000000 12139.00000000000000000 169559.00000000000000000
-12936.00000000000000000 12000.00000000000000000 169559.00000000000000000
-12920.00000000000000000 11871.00000000000000000 169559.00000000000000000
-12901.00000000000000000 11730.00000000000000000 169559.00000000000000000
-12901.00000000000000000 11730.00000000000000000 169559.00000000000000000
-12883.00000000000000000 11600.00000000000000000 169559.00000000000000000
-12862.00000000000000000 11458.00000000000000000 201571.00000000000000000
-12841.00000000000000000 11327.00000000000000000 201571.00000000000000000
-12817.00000000000000000 11184.00000000000000000 201571.00000000000000000
-12817.00000000000000000 11184.00000000000000000 201571.00000000000000000
-12794.00000000000000000 11051.00000000000000000 201571.00000000000000000
-12768.00000000000000000 10907.00000000000000000 201571.00000000000000000
-12742.00000000000000000 10774.00000000000000000 201571.00000000000000000
-12713.00000000000000000 10629.00000000000000000 201571.00000000000000000
-12713.00000000000000000 10629.00000000000000000 201571.00000000000000000
-12683.00000000000000000 10484.00000000000000000 201571.00000000000000000
-12653.00000000000000000 10350.00000000000000000 201571.00000000000000000
-12620.00000000000000000 10205.00000000000000000 201571.00000000000000000
-12586.00000000000000000 10059.00000000000000000 201571.00000000000000000
-12586.00000000000000000 10059.00000000000000000 201571.00000000000000000
-12552.00000000000000000 9924.00000000000000000 201571.00000000000000000
-12515.00000000000000000 9778.00000000000000000 201571.00000000000000000
-12479.00000000000000000 9644.00000000000000000 226288.00000000000000000
-12439.00000000000000000 9498.00000000000000000 226288.00000000000000000
-12439.00000000000000000 9498.00000000000000000 226288.00000000000000000
-12400.00000000000000000 9363.00000000000000000 226288.00000000000000000
-12357.00000000000000000 9217.00000000000000000 226288.00000000000000000
-12316.00000000000000000 9083.00000000000000000 226288.00000000000000000
-12269.00000000000000000 8937.00000000000000000 226288.00000000000000000
-12269.00000000000000000 8937.00000000000000000 226288.00000000000000000
-12222.00000000000000000 8792.00000000000000000 226288.00000000000000000
-12177.00000000000000000 8658.00000000000000000 226288.00000000000000000
-12126.00000000000000000 8513.00000000000000000 226288.00000000000000000
-12126.00000000000000000 8513.00000000000000000 226288.00000000000000000
-12078.00000000000000000 8380.00000000000000000 226288.00000000000000000
-12025.00000000000000000 8236.00000000000000000 226288.00000000000000000
-11970.00000000000000000 8093.00000000000000000 226288.00000000000000000
-11918.00000000000000000 7961.00000000000000000 226288.00000000000000000
-11918.00000000000000000 7961.00000000000000000 226288.00000000000000000
-11861.00000000000000000 7818.00000000000000000 324164.00000000000000000
-11802.00000000000000000 7676.00000000000000000 324164.00000000000000000
-11746.00000000000000000 7546.00000000000000000 324164.00000000000000000
-11684.00000000000000000 7405.00000000000000000 324164.00000000000000000
-11684.00000000000000000 7405.00000000000000000 324164.00000000000000000
-11626.00000000000000000 7276.00000000000000000 324164.00000000000000000
-11561.00000000000000000 7137.00000000000000000 324164.00000000000000000
-11500.00000000000000000 7009.00000000000000000 324164.00000000000000000
-11433.00000000000000000 6872.00000000000000000 324164.00000000000000000
-11433.00000000000000000 6872.00000000000000000 324164.00000000000000000
-11364.00000000000000000 6735.00000000000000000 324164.00000000000000000
-11300.00000000000000000 6610.00000000000000000 324164.00000000000000000
-11228.00000000000000000 6475.00000000000000000 324164.00000000000000000
-11156.00000000000000000 6341.00000000000000000 324164.00000000000000000
-11156.00000000000000000 6341.00000000000000000 324164.00000000000000000
-11088.00000000000000000 6218.00000000000000000 324164.00000000000000000
-11012.00000000000000000 6086.00000000000000000 253822.00000000000000000
-10942.00000000000000000 5965.00000000000000000 253822.00000000000000000
-10865.00000000000000000 5835.00000000000000000 253822.00000000000000000
-10865.00000000000000000 5835.00000000000000000 253822.00000000000000000
-10786.00000000000000000 5707.00000000000000000 253822.00000000000000000
-10712.00000000000000000 5589.00000000000000000 253822.00000000000000000
-10631.00000000000000000 5463.00000000000000000 253822.00000000000000000
-10555.00000000000000000 5347.00000000000000000 253822.00000000000000000
-10555.00000000000000000 5347.00000000000000000 253822.00000000000000000
-10472.00000000000000000 5223.00000000000000000 253822.00000000000000000
-10388.00000000000000000 5100.00000000000000000 253822.00000000000000000
-10309.00000000000000000 4988.00000000000000000 253822.00000000000000000
-10309.00000000000000000 4988.00000000000000000 253822.00000000000000000
-10223.00000000000000000 4868.00000000000000000 253822.00000000000000000
-10142.00000000000000000 4758.00000000000000000 253822.00000000000000000
-10053.00000000000000000 4641.00000000000000000 253822.00000000000000000
-9963.00000000000000000 4525.00000000000000000 257845.00000000000000000
-9963.00000000000000000 4525.00000000000000000 257845.00000000000000000
-9880.00000000000000000 4419.00000000000000000 257845.00000000000000000
-9788.00000000000000000 4305.00000000000000000 257845.00000000000000000
-9702.00000000000000000 4201.00000000000000000 257845.00000000000000000
-9608.00000000000000000 4091.00000000000000000 257845.00000000000000000
-9608.00000000000000000 4091.00000000000000000 257845.00000000000000000
-9520.00000000000000000 3990.00000000000000000 257845.00000000000000000
-9425.00000000000000000 3882.00000000000000000 257845.00000000000000000
-9328.00000000000000000 3775.00000000000000000 257845.00000000000000000
-9237.00000000000000000 3678.00000000000000000 257845.00000000000000000
-9237.00000000000000000 3678.00000000000000000 257845.00000000000000000
-9139.00000000000000000 3574.00000000000000000 257845.00000000000000000
-9046.00000000000000000 3480.00000000000000000 257845.00000000000000000
-8946.00000000000000000 3379.00000000000000000 257845.00000000000000000
-8852.00000000000000000 3288.00000000000000000 257845.00000000000000000
-8852.00000000000000000 3288.00000000000000000 257845.00000000000000000
-8750.00000000000000000 3190.00000000000000000 253822.00000000000000000
-8647.00000000000000000 3094.00000000000000000 253822.00000000000000000
-8551.00000000000000000 3006.00000000000000000 253822.00000000000000000
-8446.00000000000000000 2913.00000000000000000 253822.00000000000000000
-8446.00000000000000000 2913.00000000000000000 253822.00000000000000000
-8349.00000000000000000 2829.00000000000000000 253822.00000000000000000
-8243.00000000000000000 2739.00000000000000000 253822.00000000000000000
-8145.00000000000000000 2657.00000000000000000 253822.00000000000000000
-8038.00000000000000000 2570.00000000000000000 253822.00000000000000000
-8038.00000000000000000 2570.00000000000000000 253822.00000000000000000
-7931.00000000000000000 2485.00000000000000000 253822.00000000000000000
-7831.00000000000000000 2408.00000000000000000 253822.00000000000000000
-7722.00000000000000000 2326.00000000000000000 253822.00000000000000000
-7722.00000000000000000 2326.00000000000000000 253822.00000000000000000
-7622.00000000000000000 2252.00000000000000000 253822.00000000000000000
-7512.00000000000000000 2173.00000000000000000 253822.00000000000000000
-7403.00000000000000000 2096.00000000000000000 324794.00000000000000000
-7301.00000000000000000 2027.00000000000000000 324794.00000000000000000
-7301.00000000000000000 2027.00000000000000000 324794.00000000000000000
-7191.00000000000000000 1953.00000000000000000 324794.00000000000000000
-7089.00000000000000000 1886.00000000000000000 324794.00000000000000000
-6978.00000000000000000 1816.00000000000000000 324794.00000000000000000
-6876.00000000000000000 1752.00000000000000000 324794.00000000000000000
-6876.00000000000000000 1752.00000000000000000 324794.00000000000000000
-6765.00000000000000000 1685.00000000000000000 324794.00000000000000000
-6654.00000000000000000 1619.00000000000000000 324794.00000000000000000
-6551.00000000000000000 1560.00000000000000000 324794.00000000000000000
-6440.00000000000000000 1497.00000000000000000 324794.00000000000000000
-6440.00000000000000000 1497.00000000000000000 324794.00000000000000000
-6337.00000000000000000 1441.00000000000000000 324794.00000000000000000
-6226.00000000000000000 1381.00000000000000000 324794.00000000000000000
-6115.00000000000000000 1324.00000000000000000 324794.00000000000000000
-6013.00000000000000000 1272.00000000000000000 226570.00000000000000000
-6013.00000000000000000 1272.00000000000000000 226570.00000000000000000
-5903.00000000000000000 1217.00000000000000000 226570.00000000000000000
-5801.00000000000000000 1168.00000000000000000 226570.00000000000000000
-5690.00000000000000000 1116.00000000000000000 226570.00000000000000000
-5589.00000000000000000 1070.00000000000000000 226570.00000000000000000
-5589.00000000000000000 1070.00000000000000000 226570.00000000000000000
-5479.00000000000000000 1021.00000000000000000 226570.00000000000000000
-5379.00000000000000000 977.00000000000000000 226570.00000000000000000
-5270.00000000000000000 932.00000000000000000 226570.00000000000000000
-5161.00000000000000000 887.00000000000000000 226570.00000000000000000
-5161.00000000000000000 887.00000000000000000 226570.00000000000000000
-5062.00000000000000000 848.00000000000000000 226570.00000000000000000
-4954.00000000000000000 806.00000000000000000 226570.00000000000000000
-4848.00000000000000000 766.00000000000000000 226570.00000000000000000
-4749.00000000000000000 730.00000000000000000 226570.00000000000000000
-4749.00000000000000000 730.00000000000000000 226570.00000000000000000
-4644.00000000000000000 693.00000000000000000 202685.00000000000000000
-4547.00000000000000000 660.00000000000000000 202685.00000000000000000
-4442.00000000000000000 625.00000000000000000 202685.00000000000000000
-4347.00000000000000000 594.00000000000000000 202685.00000000000000000
-4347.00000000000000000 594.00000000000000000 202685.00000000000000000
-4244.00000000000000000 562.00000000000000000 202685.00000000000000000
-4149.00000000000000000 533.00000000000000000 202685.00000000000000000
-4048.00000000000000000 504.00000000000000000 202685.00000000000000000
-4048.00000000000000000 504.00000000000000000 202685.00000000000000000
-3955.00000000000000000 477.00000000000000000 202685.00000000000000000
-3855.00000000000000000 450.00000000000000000 202685.00000000000000000
-3757.00000000000000000 424.00000000000000000 202685.00000000000000000
-3666.00000000000000000 400.00000000000000000 202685.00000000000000000
-3666.00000000000000000 400.00000000000000000 202685.00000000000000000
-3569.00000000000000000 376.00000000000000000 202685.00000000000000000
-3481.00000000000000000 355.00000000000000000 202685.00000000000000000
-3386.00000000000000000 333.00000000000000000 229319.00000000000000000
-3299.00000000000000000 314.00000000000000000 229319.00000000000000000
-3299.00000000000000000 314.00000000000000000 229319.00000000000000000
-3206.00000000000000000 294.00000000000000000 229319.00000000000000000
-3122.00000000000000000 276.00000000000000000 229319.00000000000000000
-3031.00000000000000000 258.00000000000000000 229319.00000000000000000
-2948.00000000000000000 241.00000000000000000 229319.00000000000000000
-2948.00000000000000000 241.00000000000000000 229319.00000000000000000
-2860.00000000000000000 226.00000000000000000 229319.00000000000000000
-2773.00000000000000000 211.00000000000000000 229319.00000000000000000
-2694.00000000000000000 197.00000000000000000 229319.00000000000000000
-2609.00000000000000000 183.00000000000000000 229319.00000000000000000
-2609.00000000000000000 183.00000000000000000 229319.00000000000000000
-2533.00000000000000000 171.00000000000000000 229319.00000000000000000
-2451.00000000000000000 159.00000000000000000 229319.00000000000000000
-2370.00000000000000000 147.00000000000000000 229319.00000000000000000
-2297.00000000000000000 137.00000000000000000 134421.00000000000000000
-2297.00000000000000000 137.00000000000000000 134421.00000000000000000
-2219.00000000000000000 127.00000000000000000 134421.00000000000000000
-2149.00000000000000000 118.00000000000000000 134421.00000000000000000
-2074.00000000000000000 109.00000000000000000 134421.00000000000000000
-2006.00000000000000000 101.00000000000000000 134421.00000000000000000
-2006.00000000000000000 101.00000000000000000 134421.00000000000000000
-1934.00000000000000000 93.00000000000000000 134421.00000000000000000
-1869.00000000000000000 86.00000000000000000 134421.00000000000000000
-1800.00000000000000000 79.00000000000000000 134421.00000000000000000
-1733.00000000000000000 72.00000000000000000 134421.00000000000000000
-1733.00000000000000000 72.00000000000000000 134421.00000000000000000
-1672.00000000000000000 67.00000000000000000 134421.00000000000000000
-1608.00000000000000000 61.00000000000000000 134421.00000000000000000
-1550.00000000000000000 56.00000000000000000 134421.00000000000000000
-1489.00000000000000000 51.00000000000000000 134421.00000000000000000
-1489.00000000000000000 51.00000000000000000 134421.00000000000000000
-1434.00000000000000000 47.00000000000000000 95864.00000000000000000
-1376.00000000000000000 43.00000000000000000 95864.00000000000000000
-1320.00000000000000000 39.00000000000000000 95864.00000000000000000
-1269.00000000000000000 35.00000000000000000 95864.00000000000000000
-1269.00000000000000000 35.00000000000000000 95864.00000000000000000
-1216.00000000000000000 32.00000000000000000 95864.00000000000000000
-1168.00000000000000000 29.00000000000000000 95864.00000000000000000
-1118.00000000000000000 26.00000000000000000 95864.00000000000000000
-1118.00000000000000000 26.00000000000000000 95864.00000000000000000
-1069.00000000000000000 24.00000000000000000 95864.00000000000000000
-1025.00000000000000000 21.00000000000000000 95864.00000000000000000
-978.00000000000000000 19.00000000000000000 95864.00000000000000000
-937.00000000000000000 17.00000000000000000 95864.00000000000000000
-937.00000000000000000 17.00000000000000000 95864.00000000000000000
-894.00000000000000000 15.00000000000000000 95864.00000000000000000
-851.00000000000000000 14.00000000000000000 95864.00000000000000000
-814.00000000000000000 12.00000000000000000 84142.00000000000000000
-774.00000000000000000 11.00000000000000000 84142.00000000000000000
-774.00000000000000000 11.00000000000000000 84142.00000000000000000
-739.00000000000000000 10.00000000000000000 84142.00000000000000000
-701.00000000000000000 8.00000000000000000 84142.00000000000000000
-668.00000000000000000 8.00000000000000000 84142.00000000000000000
-634.00000000000000000 7.00000000000000000 84142.00000000000000000
-634.00000000000000000 7.00000000000000000 84142.00000000000000000
-603.00000000000000000 6.00000000000000000 84142.00000000000000000
-570.00000000000000000 5.00000000000000000 84142.00000000000000000
-539.00000000000000000 4.00000000000000000 84142.00000000000000000
-511.00000000000000000 4.00000000000000000 84142.00000000000000000
-511.00000000000000000 4.00000000000000000 84142.00000000000000000
-482.00000000000000000 3.00000000000000000 84142.00000000000000000
-457.00000000000000000 3.00000000000000000 84142.00000000000000000
-430.00000000000000000 2.00000000000000000 84142.00000000000000000
-404.00000000000000000 2.00000000000000000 37391.00000000000000000
-404.00000000000000000 2.00000000000000000 37391.00000000000000000
-381.00000000000000000 2.00000000000000000 37391.00000000000000000
-357.00000000000000000 1.00000000000000000 37391.00000000000000000
-336.00000000000000000 1.00000000000000000 37391.00000000000000000
-314.00000000000000000 1.00000000000000000 37391.00000000000000000
-314.00000000000000000 1.00000000000000000 37391.00000000000000000
-295.00000000000000000 1.00000000000000000 37391.00000000000000000
-275.00000000000000000 0.00000000000000000 37391.00000000000000000
-256.00000000000000000 0.00000000000000000 37391.00000000000000000
-239.00000000000000000 0.00000000000000000 37391.00000000000000000
-239.00000000000000000 0.00000000000000000 37391.00000000000000000
-222.00000000000000000 0.00000000000000000 37391.00000000000000000
-207.00000000000000000 0.00000000000000000 37391.00000000000000000
-191.00000000000000000 0.00000000000000000 37391.00000000000000000
-191.00000000000000000 0.00000000000000000 37391.00000000000000000
-177.00000000000000000 0.00000000000000000 37391.00000000000000000
-163.00000000000000000 0.00000000000000000 18078.00000000000000000
-150.00000000000000000 0.00000000000000000 18078.00000000000000000
-138.00000000000000000 0.00000000000000000 18078.00000000000000000
-138.00000000000000000 0.00000000000000000 18078.00000000000000000
-126.00000000000000000 0.00000000000000000 18078.00000000000000000
-116.00000000000000000 0.00000000000000000 18078.00000000000000000
-105.00000000000000000 0.00000000000000000 18078.00000000000000000
-96.00000000000000000 0.00000000000000000 18078.00000000000000000
-96.00000000000000000 0.00000000000000000 18078.00000000000000000
-86.00000000000000000 0.00000000000000000 18078.00000000000000000
-78.00000000000000000 0.00000000000000000 18078.00000000000000000
-70.00000000000000000 0.00000000000000000 18078.00000000000000000
-63.00000000000000000 0.00000000000000000 18078.00000000000000000
-63.00000000000000000 0.00000000000000000 18078.00000000000000000
-56.00000000000000000 0.00000000000000000 18078.00000000000000000
-50.00000000000000000 0.00000000000000000 18078.00000000000000000
-44.00000000000000000 0.00000000000000000 5767.00000000000000000
-39.00000000000000000 0.00000000000000000 5767.00000000000000000
-39.00000000000000000 0.00000000000000000 5767.00000000000000000
-34.00000000000000000 0.00000000000000000 5767.00000000000000000
-30.00000000000000000 0.00000000000000000 5767.00000000000000000
-25.00000000000000000 0.00000000000000000 5767.00000000000000000
-22.00000000000000000 0.00000000000000000 5767.00000000000000000
-22.00000000000000000 0.00000000000000000 5767.00000000000000000
-19.00000000000000000 0.00000000000000000 5767.00000000000000000
-16.00000000000000000 0.00000000000000000 5767.00000000000000000
-13.00000000000000000 0.00000000000000000 5767.00000000000000000
-11.00000000000000000 0.00000000000000000 5767.00000000000000000
-11.00000000000000000 0.00000000000000000 5767.00000000000000000
-9.00000000000000000 0.00000000000000000 5767.00000000000000000
-7.00000000000000000 0.00000000000000000 5767.00000000000000000
-6.00000000000000000 0.00000000000000000 5767.00000000000000000
-4.00000000000000000 0.00000000000000000 644.00000000000000000
-4.00000000000000000 0.00000000000000000 644.00000000000000000
-3.00000000000000000 0.00000000000000000 644.00000000000000000
-3.00000000000000000 0.00000000000000000 644.00000000000000000
-2.00000000000000000 0.00000000000000000 644.00000000000000000
-2.00000000000000000 0.00000000000000000 644.00000000000000000
-1.00000000000000000 0.00000000000000000 644.00000000000000000
-1.00000000000000000 0.00000000000000000 644.00000000000000000
-1.00000000000000000 0.00000000000000000 644.00000000000000000
-1.00000000000000000 0.00000000000000000 644.00000000000000000
-1.00000000000000000 0.00000000000000000 644.00000000000000000
-1.00000000000000000 0.00000000000000000 644.00000000000000000
-1.00000000000000000 0.00000000000000000 644.00000000000000000
-1.00000000000000000 0.00000000000000000 644.00000000000000000
0.00000000000000000 0.00000000000000000 644.00000000000000000
0.00000000000000000 0.00000000000000000 644.00000000000000000
0.00000000000000000 0.00000000000000000 644.00000000000000000
0.00000000000000000 0.00000000000000000 67.00000000000000000
0.00000000000000000 0.00000000000000000 67.00000000000000000
0.00000000000000000 0.00000000000000000 67.00000000000000000
0.00000000000000000 0.00000000000000000 67.00000000000000000
0.00000000000000000 0.00000000000000000 67.00000000000000000
0.00000000000000000 0.00000000000000000 67.00000000000000000
0.00000000000000000 0.00000000000000000 67.00000000000000000
0.00000000000000000 0.00000000000000000 67.00000000000000000
0.00000000000000000 0.00000000000000000 67.00000000000000000
0.00000000000000000 0.00000000000000000 67.00000000000000000
0.00000000000000000 0.00000000000000000 67.00000000000000000
0.00000000000000000 0.00000000000000000 67.00000000000000000
0.00000000000000000 0.00000000000000000 67.00000000000000000
0.00000000000000000 0.00000000000000000 67.00000000000000000
0.00000000000000000 0.00000000000000000 67.00000000000000000
0.00000000000000000 0.00000000000000000 67.00000000000000000
0.00000000000000000 0.00000000000000000 40.00000000000000000
0.00000000000000000 0.00000000000000000 40.00000000000000000
0.00000000000000000 0.00000000000000000 40.00000000000000000
0.00000000000000000 0.00000000000000000 40.00000000000000000
0.00000000000000000 0.00000000000000000 40.00000000000000000
0.00000000000000000 0.00000000000000000 40.00000000000000000
0.00000000000000000 0.00000000000000000 40.00000000000000000
0.00000000000000000 0.00000000000000000 40.00000000000000000
0.00000000000000000 0.00000000000000000 40.00000000000000000
0.00000000000000000 0.00000000000000000 40.00000000000000000
0.00000000000000000 0.00000000000000000 40.00000000000000000
0.00000000000000000 0.00000000000000000 40.00000000000000000
0.00000000000000000 0.00000000000000000 40.00000000000000000
0.00000000000000000 0.00000000000000000 40.00000000000000000
0.00000000000000000 0.00000000000000000 40.00000000000000000
0.00000000000000000 0.00000000000000000 40.00000000000000000
0.00000000000000000 0.00000000000000000 40.00000000000000000
0.00000000000000000 0.00000000000000000 13.00000000000000000
0.00000000000000000 0.00000000000000000 13.00000000000000000
0.00000000000000000 0.00000000000000000 13.00000000000000000
0.00000000000000000 0.00000000000000000 13.00000000000000000
0.00000000000000000 0.00000000000000000 13.00000000000000000
0.00000000000000000 0.00000000000000000 13.00000000000000000
0.00000000000000000 0.00000000000000000 13.00000000000000000
0.00000000000000000 0.00000000000000000 13.00000000000000000
0.00000000000000000 0.00000000000000000 13.00000000000000000
0.00000000000000000 0.00000000000000000 13.00000000000000000
0.00000000000000000 0.00000000000000000 13.00000000000000000
0.00000000000000000 0.00000000000000000 13.00000000000000000
0.00000000000000000 0.00000000000000000 13.00000000000000000
0.00000000000000000 0.00000000000000000 13.00000000000000000
0.00000000000000000 0.00000000000000000 13.00000000000000000
0.00000000000000000 0.00000000000000000 13.00000000000000000
0.00000000000000000 0.00000000000000000 0.00000000000000000
0.00000000000000000 0.00000000000000000 0.00000000000000000
0.00000000000000000 0.00000000000000000 0.00000000000000000
0.00000000000000000 0.00000000000000000 0.00000000000000000
0.00000000000000000 0.00000000000000000 0.00000000000000000
0.00000000000000000 0.00000000000000000 0.00000000000000000
0.00000000000000000 0.00000000000000000 0.00000000000000000
0.00000000000000000 0.00000000000000000 0.00000000000000000
0.00000000000000000 0.00000000000000000 0.00000000000000000
0.00000000000000000 0.00000000000000000 0.00000000000000000
0.00000000000000000 0.00000000000000000 0.00000000000000000
0.00000000000000000 0.00000000000000000 0.00000000000000000
0.00000000000000000 0.00000000000000000 0.00000000000000000
0.00000000000000000 0.00000000000000000 0.00000000000000000
0.00000000000000000 0.00000000000000000 0.00000000000000000
0.00000000000000000 0.00000000000000000 0.00000000000000000
0.00000000000000000 0.00000000000000000 13.00000000000000000
0.00000000000000000 0.00000000000000000 13.00000000000000000
0.00000000000000000 0.00000000000000000 13.00000000000000000
0.00000000000000000 0.00000000000000000 13.00000000000000000
0.00000000000000000 0.00000000000000000 13.00000000000000000
0.00000000000000000 0.00000000000000000 13.00000000000000000
0.00000000000000000 0.00000000000000000 13.00000000000000000
0.00000000000000000 0.00000000000000000 13.00000000000000000
0.00000000000000000 0.00000000000000000 13.00000000000000000
0.00000000000000000 0.00000000000000000 13.00000000000000000
0.00000000000000000 0.00000000000000000 13.00000000000000000
0.00000000000000000 0.00000000000000000 13.00000000000000000
0.00000000000000000 0.00000000000000000 13.00000000000000000
0.00000000000000000 0.00000000000000000 13.00000000000000000
0.00000000000000000 0.00000000000000000 13.00000000000000000
0.00000000000000000 0.00000000000000000 13.00000000000000000
0.00000000000000000 0.00000000000000000 13.00000000000000000
0.00000000000000000 0.00000000000000000 0.00000000000000000
0.00000000000000000 0.00000000000000000 0.00000000000000000
0.00000000000000000 0.00000000000000000 0.00000000000000000
0.00000000000000000 0.00000000000000000 0.00000000000000000
0.00000000000000000 0.00000000000000000 0.00000000000000000
0.00000000000000000 0.00000000000000000 0.00000000000000000
0.00000000000000000 0.00000000000000000 0.00000000000000000
0.00000000000000000 0.00000000000000000 0.00000000000000000
0.00000000000000000 0.00000000000000000 0.00000000000000000
0.00000000000000000 0.00000000000000000 0.00000000000000000
0.00000000000000000 0.00000000000000000 0.00000000000000000
0.00000000000000000 0.00000000000000000 0.00000000000000000
0.00000000000000000 0.00000000000000000 0.00000000000000000
0.00000000000000000 0.00000000000000000 0.00000000000000000
0.00000000000000000 0.00000000000000000 0.00000000000000000
0.00000000000000000 0.00000000000000000 0.00000000000000000
0.00000000000000000 0.00000000000000000 13.00000000000000000
0.00000000000000000 0.00000000000000000 13.00000000000000000
0.00000000000000000 0.00000000000000000 13.00000000000000000
0.00000000000000000 0.00000000000000000 13.00000000000000000
0.00000000000000000 0.00000000000000000 13.00000000000000000
0.00000000000000000 0.00000000000000000 13.00000000000000000
0.00000000000000000 0.00000000000000000 13.00000000000000000
0.00000000000000000 0.00000000000000000 13.00000000000000000
0.00000000000000000 0.00000000000000000 13.00000000000000000
0.00000000000000000 0.00000000000000000 13.00000000000000000
0.00000000000000000 0.00000000000000000 13.00000000000000000
0.00000000000000000 0.00000000000000000 13.00000000000000000
0.00000000000000000 0.00000000000000000 13.00000000000000000
0.00000000000000000 0.00000000000000000 13.00000000000000000
0.00000000000000000 0.00000000000000000 13.00000000000000000
0.00000000000000000 0.00000000000000000 13.00000000000000000
0.00000000000000000 0.00000000000000000 0.00000000000000000
0.00000000000000000 0.00000000000000000 0.00000000000000000
0.00000000000000000 0.00000000000000000 0.00000000000000000
0.00000000000000000 0.00000000000000000 0.00000000000000000
0.00000000000000000 0.00000000000000000 0.00000000000000000
0.00000000000000000 0.00000000000000000 0.00000000000000000
0.00000000000000000 0.00000000000000000 0.00000000000000000
0.00000000000000000 0.00000000000000000 0.00000000000000000
0.00000000000000000 0.00000000000000000 0.00000000000000000
0.00000000000000000 0.00000000000000000 0.00000000000000000
0.00000000000000000 0.00000000000000000 0.00000000000000000
0.00000000000000000 0.00000000000000000 0.00000000000000000
0.00000000000000000 0.00000000000000000 0.00000000000000000
0.00000000000000000 0.00000000000000000 0.00000000000000000
0.00000000000000000 0.00000000000000000 0.00000000000000000
0.00000000000000000 0.00000000000000000 0.00000000000000000
0.00000000000000000 0.00000000000000000 0.00000000000000000
0.00000000000000000 0.00000000000000000 -13.00000000000000000
0.00000000000000000 0.00000000000000000 -13.00000000000000000
0.00000000000000000 0.00000000000000000 -13.00000000000000000
0.00000000000000000 0.00000000000000000 -13.00000000000000000
0.00000000000000000 0.00000000000000000 -13.00000000000000000
0.00000000000000000 0.00000000000000000 -13.00000000000000000
0.00000000000000000 0.00000000000000000 -13.00000000000000000
0.00000000000000000 0.00000000000000000 -13.00000000000000000
0.00000000000000000 0.00000000000000000 -13.00000000000000000
0.00000000000000000 0.00000000000000000 -13.00000000000000000
0.00000000000000000 0.00000000000000000 -13.00000000000000000
0.00000000000000000 0.00000000000000000 -13.00000000000000000
0.00000000000000000 0.00000000000000000 -13.00000000000000000
0.00000000000000000 0.00000000000000000 -13.00000000000000000
0.00000000000000000 0.00000000000000000 -13.00000000000000000
0.00000000000000000 0.00000000000000000 -13.00000000000000000
0.00000000000000000 0.00000000000000000 -13.00000000000000000
0.00000000000000000 0.00000000000000000 -13.00000000000000000
0.00000000000000000 0.00000000000000000 -13.00000000000000000
0.00000000000000000 0.00000000000000000 -13.00000000000000000
0.00000000000000000 0.00000000000000000 -13.00000000000000000
0.00000000000000000 0.00000000000000000 -13.00000000000000000
0.00000000000000000 0.00000000000000000 -13.00000000000000000
0.00000000000000000 0.00000000000000000 -13.00000000000000000
0.00000000000000000 0.00000000000000000 -13.00000000000000000
0.00000000000000000 0.00000000000000000 -13.00000000000000000
0.00000000000000000 0.00000000000000000 -13.00000000000000000
0.00000000000000000 0.00000000000000000 -13.00000000000000000
0.00000000000000000 0.00000000000000000 -13.00000000000000000
0.00000000000000000 0.00000000000000000 -13.00000000000000000
0.00000000000000000 0.00000000000000000 -13.00000000000000000
0.00000000000000000 0.00000000000000000 -13.00000000000000000
0.00000000000000000 0.00000000000000000 -13.00000000000000000
0.00000000000000000 0.00000000000000000 -13.00000000000000000
0.00000000000000000 0.00000000000000000 -13.00000000000000000
0.00000000000000000 0.00000000000000000 -13.00000000000000000
0.00000000000000000 0.00000000000000000 -13.00000000000000000
0.00000000000000000 0.00000000000000000 -13.00000000000000000
0.00000000000000000 0.00000000000000000 -13.00000000000000000
0.00000000000000000 0.00000000000000000 -13.00000000000000000
0.00000000000000000 0.00000000000000000 -13.00000000000000000
0.00000000000000000 0.00000000000000000 -13.00000000000000000
0.00000000000000000 0.00000000000000000 -13.00000000000000000
0.00000000000000000 0.00000000000000000 -13.00000000000000000
0.00000000000000000 0.00000000000000000 -13.00000000000000000
0.00000000000000000 0.00000000000000000 -13.00000000000000000
0.00000000000000000 0.00000000000000000 -13.00000000000000000
0.00000000000000000 0.00000000000000000 -13.00000000000000000
0.00000000000000000 0.00000000000000000 -13.00000000000000000
0.00000000000000000 0.00000000000000000 -13.00000000000000000
0.00000000000000000 0.00000000000000000 -13.00000000000000000
0.00000000000000000 0.00000000000000000 -13.00000000000000000
0.00000000000000000 0.00000000000000000 -13.00000000000000000
0.00000000000000000 0.00000000000000000 -13.00000000000000000
0.00000000000000000 0.00000000000000000 -13.00000000000000000
0.00000000000000000 0.00000000000000000 -13.00000000000000000
0.00000000000000000 0.00000000000000000 -13.00000000000000000
0.00000000000000000 0.00000000000000000 -13.00000000000000000
0.00000000000000000 0.00000000000000000 -13.00000000000000000
0.00000000000000000 0.00000000000000000 -13.00000000000000000
0.00000000000000000 0.00000000000000000 -13.00000000000000000
0.00000000000000000 0.00000000000000000 -13.00000000000000000
0.00000000000000000 0.00000000000000000 -13.00000000000000000
0.00000000000000000 0.00000000000000000 -13.00000000000000000
0.00000000000000000 0.00000000000000000 -13.00000000000000000
0.00000000000000000 0.00000000000000000 -13.00000000000000000
0.00000000000000000 0.00000000000000000 -13.00000000000000000
0.00000000000000000 0.00000000000000000 -13.00000000000000000
0.00000000000000000 0.00000000000000000 -13.00000000000000000
0.00000000000000000 0.00000000000000000 -13.00000000000000000
0.00000000000000000 0.00000000000000000 -13.00000000000000000
0.00000000000000000 0.00000000000000000 -13.00000000000000000
0.00000000000000000 0.00000000000000000 -13.00000000000000000
0.00000000000000000 0.00000000000000000 -13.00000000000000000
0.00000000000000000 0.00000000000000000 -13.00000000000000000
0.00000000000000000 0.00000000000000000 -13.00000000000000000
0.00000000000000000 0.00000000000000000 -13.00000000000000000
0.00000000000000000 0.00000000000000000 -13.00000000000000000
0.00000000000000000 0.00000000000000000 -13.00000000000000000
0.00000000000000000 0.00000000000000000 -13.00000000000000000
0.00000000000000000 0.00000000000000000 -13.00000000000000000
0.00000000000000000 0.00000000000000000 -13.00000000000000000
0.00000000000000000 0.00000000000000000 -13.00000000000000000
0.00000000000000000 0.00000000000000000 -13.00000000000000000
0.00000000000000000 0.00000000000000000 -13.00000000000000000
0.00000000000000000 0.00000000000000000 -13.00000000000000000
0.00000000000000000 0.00000000000000000 -13.00000000000000000
0.00000000000000000 0.00000000000000000 -13.00000000000000000
0.00000000000000000 0.00000000000000000 -13.00000000000000000
0.00000000000000000 0.00000000000000000 -13.00000000000000000
0.00000000000000000 0.00000000000000000 -13.00000000000000000
0.00000000000000000 0.00000000000000000 -13.00000000000000000
0.00000000000000000 0.00000000000000000 -13.00000000000000000
0.00000000000000000 0.00000000000000000 -13.00000000000000000
0.00000000000000000 0.00000000000000000 -13.00000000000000000
0.00000000000000000 0.00000000000000000 -13.00000000000000000
0.00000000000000000 0.00000000000000000 -13.00000000000000000
0.00000000000000000 0.00000000000000000 -13.00000000000000000
0.00000000000000000 0.00000000000000000 27.00000000000000000
0.00000000000000000 0.00000000000000000 27.00000000000000000
0.00000000000000000 0.00000000000000000 27.00000000000000000
0.00000000000000000 0.00000000000000000 27.00000000000000000
0.00000000000000000 0.00000000000000000 27.00000000000000000
0.00000000000000000 0.00000000000000000 27.00000000000000000
0.00000000000000000 0.00000000000000000 27.00000000000000000
0.00000000000000000 0.00000000000000000 27.00000000000000000
0.00000000000000000 0.00000000000000000 27.00000000000000000
0.00000000000000000 0.00000000000000000 27.00000000000000000
0.00000000000000000 0.00000000000000000 27.00000000000000000
0.00000000000000000 0.00000000000000000 27.00000000000000000
0.00000000000000000 0.00000000000000000 27.00000000000000000
0.00000000000000000 0.00000000000000000 27.00000000000000000
0.00000000000000000 0.00000000000000000 27.00000000000000000
0.00000000000000000 0.00000000000000000 27.00000000000000000
0.00000000000000000 0.00000000000000000 27.00000000000000000
0.00000000000000000 0.00000000000000000 27.00000000000000000
0.00000000000000000 0.00000000000000000 27.00000000000000000
0.00000000000000000 0.00000000000000000 27.00000000000000000
0.00000000000000000 0.00000000000000000 27.00000000000000000
0.00000000000000000 0.00000000000000000 27.00000000000000000
0.00000000000000000 0.00000000000000000 27.00000000000000000
0.00000000000000000 0.00000000000000000 27.00000000000000000
0.00000000000000000 0.00000000000000000 27.00000000000000000
0.00000000000000000 0.00000000000000000 27.00000000000000000
0.00000000000000000 0.00000000000000000 27.00000000000000000
0.00000000000000000 0.00000000000000000 27.00000000000000000
0.00000000000000000 0.00000000000000000 27.00000000000000000
0.00000000000000000 0.00000000000000000 27.00000000000000000
0.00000000000000000 0.00000000000000000 27.00000000000000000
0.00000000000000000 0.00000000000000000 27.00000000000000000
0.00000000000000000 0.00000000000000000 -13.00000000000000000
0.00000000000000000 0.00000000000000000 -13.00000000000000000
0.00000000000000000 0.00000000000000000 -13.00000000000000000
0.00000000000000000 0.00000000000000000 -13.00000000000000000
-1.00000000000000000 0.00000000000000000 -13.00000000000000000
-2.00000000000000000 2.00000000000000000 -13.00000000000000000
-8.00000000000000000 10.00000000000000000 -13.00000000000000000
-8.00000000000000000 10.00000000000000000 -13.00000000000000000
-22.00000000000000000 28.00000000000000000 -13.00000000000000000
-44.00000000000000000 58.00000000000000000 -13.00000000000000000
-78.00000000000000000 103.00000000000000000 -13.00000000000000000
-78.00000000000000000 103.00000000000000000 -13.00000000000000000
-119.00000000000000000 158.00000000000000000 -13.00000000000000000
-161.00000000000000000 213.00000000000000000 -13.00000000000000000
-208.00000000000000000 275.00000000000000000 -13.00000000000000000
-251.00000000000000000 332.00000000000000000 -13.00000000000000000
-251.00000000000000000 332.00000000000000000 -13.00000000000000000
-297.00000000000000000 395.00000000000000000 -1180.00000000000000000
-341.00000000000000000 452.00000000000000000 -1180.00000000000000000
-387.00000000000000000 514.00000000000000000 -1180.00000000000000000
-434.00000000000000000 577.00000000000000000 -1180.00000000000000000
-434.00000000000000000 577.00000000000000000 -1180.00000000000000000
-477.00000000000000000 634.00000000000000000 -1180.00000000000000000
-524.00000000000000000 696.00000000000000000 -1180.00000000000000000
-567.00000000000000000 754.00000000000000000 -1180.00000000000000000
-614.00000000000000000 816.00000000000000000 -1180.00000000000000000
-614.00000000000000000 816.00000000000000000 -1180.00000000000000000
-657.00000000000000000 874.00000000000000000 -1180.00000000000000000
-704.00000000000000000 936.00000000000000000 -1180.00000000000000000
-751.00000000000000000 998.00000000000000000 -1180.00000000000000000
-794.00000000000000000 1056.00000000000000000 -1180.00000000000000000
-794.00000000000000000 1056.00000000000000000 -1180.00000000000000000
-841.00000000000000000 1118.00000000000000000 -1180.00000000000000000
-884.00000000000000000 1175.00000000000000000 -3648.00000000000000000
-931.00000000000000000 1238.00000000000000000 -3648.00000000000000000
-974.00000000000000000 1295.00000000000000000 -3648.00000000000000000
-974.00000000000000000 1295.00000000000000000 -3648.00000000000000000
-1021.00000000000000000 1358.00000000000000000 -3648.00000000000000000
-1067.00000000000000000 1420.00000000000000000 -3648.00000000000000000
-1110.00000000000000000 1477.00000000000000000 -3648.00000000000000000
-1157.00000000000000000 1540.00000000000000000 -3648.00000000000000000
-1157.00000000000000000 1540.00000000000000000 -3648.00000000000000000
-1200.00000000000000000 1597.00000000000000000 -3648.00000000000000000
-1247.00000000000000000 1659.00000000000000000 -3648.00000000000000000
-1294.00000000000000000 1722.00000000000000000 -3648.00000000000000000
-1337.00000000000000000 1779.00000000000000000 -3648.00000000000000000
-1337.00000000000000000 1779.00000000000000000 -3648.00000000000000000
-1384.00000000000000000 1841.00000000000000000 -3648.00000000000000000
-1427.00000000000000000 1899.00000000000000000 -3648.00000000000000000
-1474.00000000000000000 1961.00000000000000000 -2991.00000000000000000
-1517.00000000000000000 2019.00000000000000000 -2991.00000000000000000
-1517.00000000000000000 2019.00000000000000000 -2991.00000000000000000
-1564.00000000000000000 2081.00000000000000000 -2991.00000000000000000
-1611.00000000000000000 2143.00000000000000000 -2991.00000000000000000
-1654.00000000000000000 2201.00000000000000000 -2991.00000000000000000
-1654.00000000000000000 2201.00000000000000000 -2991.00000000000000000
-1701.00000000000000000 2263.00000000000000000 -2991.00000000000000000
-1744.00000000000000000 2320.00000000000000000 -2991.00000000000000000
-1791.00000000000000000 2383.00000000000000000 -2991.00000000000000000
-1834.00000000000000000 2440.00000000000000000 -2991.00000000000000000
-1834.00000000000000000 2440.00000000000000000 -2991.00000000000000000
-1880.00000000000000000 2502.00000000000000000 -2991.00000000000000000
-1927.00000000000000000 2565.00000000000000000 -2991.00000000000000000
-1970.00000000000000000 2622.00000000000000000 -2991.00000000000000000
-2017.00000000000000000 2684.00000000000000000 -2991.00000000000000000
-2017.00000000000000000 2684.00000000000000000 -2991.00000000000000000
-2060.00000000000000000 2742.00000000000000000 -4251.00000000000000000
-2107.00000000000000000 2804.00000000000000000 -4251.00000000000000000
-2150.00000000000000000 2862.00000000000000000 -4251.00000000000000000
-2197.00000000000000000 2924.00000000000000000 -4251.00000000000000000
-2197.00000000000000000 2924.00000000000000000 -4251.00000000000000000
-2240.00000000000000000 2981.00000000000000000 -4251.00000000000000000
-2287.00000000000000000 3044.00000000000000000 -4251.00000000000000000
-2334.00000000000000000 3106.00000000000000000 -4251.00000000000000000
-2377.00000000000000000 3163.00000000000000000 -4251.00000000000000000
-2377.00000000000000000 3163.00000000000000000 -4251.00000000000000000
-2424.00000000000000000 3226.00000000000000000 -4251.00000000000000000
-2471.00000000000000000 3288.00000000000000000 -4251.00000000000000000
-2514.00000000000000000 3345.00000000000000000 -4251.00000000000000000
-2560.00000000000000000 3408.00000000000000000 -4251.00000000000000000
-2560.00000000000000000 3408.00000000000000000 -4251.00000000000000000
-2604.00000000000000000 3465.00000000000000000 -4251.00000000000000000
-2650.00000000000000000 3528.00000000000000000 -3098.00000000000000000
-2694.00000000000000000 3585.00000000000000000 -3098.00000000000000000
-2740.00000000000000000 3647.00000000000000000 -3098.00000000000000000
-2740.00000000000000000 3647.00000000000000000 -3098.00000000000000000
-2784.00000000000000000 3705.00000000000000000 -3098.00000000000000000
-2830.00000000000000000 3767.00000000000000000 -3098.00000000000000000
-2874.00000000000000000 3825.00000000000000000 -3098.00000000000000000
-2920.00000000000000000 3887.00000000000000000 -3098.00000000000000000
-2920.00000000000000000 3887.00000000000000000 -3098.00000000000000000
-2967.00000000000000000 3949.00000000000000000 -3098.00000000000000000
-3010.00000000000000000 4007.00000000000000000 -3098.00000000000000000
-3057.00000000000000000 4069.00000000000000000 -3098.00000000000000000
-3057.00000000000000000 4069.00000000000000000 -3098.00000000000000000
-3100.00000000000000000 4131.00000000000000000 -3098.00000000000000000
-3147.00000000000000000 4189.00000000000000000 -3098.00000000000000000
-3194.00000000000000000 4251.00000000000000000 -3098.00000000000000000
-3237.00000000000000000 4308.00000000000000000 -3071.00000000000000000
-3237.00000000000000000 4308.00000000000000000 -3071.00000000000000000
-3284.00000000000000000 4371.00000000000000000 -3071.00000000000000000
-3327.00000000000000000 4428.00000000000000000 -3071.00000000000000000
-3374.00000000000000000 4490.00000000000000000 -3071.00000000000000000
-3417.00000000000000000 4548.00000000000000000 -3071.00000000000000000
-3417.00000000000000000 4548.00000000000000000 -3071.00000000000000000
-3464.00000000000000000 4610.00000000000000000 -3071.00000000000000000
-3510.00000000000000000 4672.00000000000000000 -3071.00000000000000000
-3554.00000000000000000 4730.00000000000000000 -3071.00000000000000000
-3600.00000000000000000 4792.00000000000000000 -3071.00000000000000000
-3600.00000000000000000 4792.00000000000000000 -3071.00000000000000000
-3643.00000000000000000 4850.00000000000000000 -3071.00000000000000000
-3690.00000000000000000 4912.00000000000000000 -3071.00000000000000000
-3737.00000000000000000 4974.00000000000000000 -3071.00000000000000000
-3780.00000000000000000 5032.00000000000000000 -3071.00000000000000000
-3780.00000000000000000 5032.00000000000000000 -3071.00000000000000000
-3827.00000000000000000 5094.00000000000000000 -3058.00000000000000000
-3870.00000000000000000 5151.00000000000000000 -3058.00000000000000000
-3917.00000000000000000 5214.00000000000000000 -3058.00000000000000000
-3960.00000000000000000 5271.00000000000000000 -3058.00000000000000000
-3960.00000000000000000 5271.00000000000000000 -3058.00000000000000000
-4007.00000000000000000 5333.00000000000000000 -3058.00000000000000000
-4050.00000000000000000 5391.00000000000000000 -3058.00000000000000000
-4097.00000000000000000 5453.00000000000000000 -3058.00000000000000000
-4144.00000000000000000 5515.00000000000000000 -3058.00000000000000000
-4144.00000000000000000 5515.00000000000000000 -3058.00000000000000000
-4187.00000000000000000 5573.00000000000000000 -3058.00000000000000000
-4234.00000000000000000 5635.00000000000000000 -3058.00000000000000000
-4280.00000000000000000 5698.00000000000000000 -3058.00000000000000000
-4324.00000000000000000 5755.00000000000000000 -3058.00000000000000000
-4324.00000000000000000 5755.00000000000000000 -3058.00000000000000000
-4370.00000000000000000 5817.00000000000000000 -3058.00000000000000000
-4413.00000000000000000 5875.00000000000000000 -3232.00000000000000000
-4460.00000000000000000 5937.00000000000000000 -3232.00000000000000000
-4503.00000000000000000 5995.00000000000000000 -3232.00000000000000000
-4503.00000000000000000 5995.00000000000000000 -3232.00000000000000000
-4550.00000000000000000 6057.00000000000000000 -3232.00000000000000000
-4593.00000000000000000 6114.00000000000000000 -3232.00000000000000000
-4640.00000000000000000 6177.00000000000000000 -3232.00000000000000000
-4640.00000000000000000 6177.00000000000000000 -3232.00000000000000000
-4683.00000000000000000 6234.00000000000000000 -3232.00000000000000000
-4730.00000000000000000 6296.00000000000000000 -3232.00000000000000000
-4777.00000000000000000 6359.00000000000000000 -3232.00000000000000000
-4820.00000000000000000 6416.00000000000000000 -3232.00000000000000000
-4820.00000000000000000 6416.00000000000000000 -3232.00000000000000000
-4867.00000000000000000 6478.00000000000000000 -3232.00000000000000000
-4914.00000000000000000 6541.00000000000000000 -3232.00000000000000000
-4957.00000000000000000 6598.00000000000000000 -3232.00000000000000000
-5004.00000000000000000 6660.00000000000000000 -3152.00000000000000000
-5004.00000000000000000 6660.00000000000000000 -3152.00000000000000000
-5047.00000000000000000 6718.00000000000000000 -3152.00000000000000000
-5093.00000000000000000 6780.00000000000000000 -3152.00000000000000000
-5137.00000000000000000 6838.00000000000000000 -3152.00000000000000000
-5183.00000000000000000 6900.00000000000000000 -3152.00000000000000000
-5183.00000000000000000 6900.00000000000000000 -3152.00000000000000000
-5227.00000000000000000 6957.00000000000000000 -3152.00000000000000000
-5273.00000000000000000 7020.00000000000000000 -3152.00000000000000000
-5320.00000000000000000 7082.00000000000000000 -3152.00000000000000000
-5363.00000000000000000 7139.00000000000000000 -3152.00000000000000000
-5363.00000000000000000 7139.00000000000000000 -3152.00000000000000000
-5410.00000000000000000 7202.00000000000000000 -3152.00000000000000000
-5457.00000000000000000 7264.00000000000000000 -3152.00000000000000000
-5500.00000000000000000 7321.00000000000000000 -3152.00000000000000000
-5547.00000000000000000 7384.00000000000000000 -3152.00000000000000000
-5547.00000000000000000 7384.00000000000000000 -3152.00000000000000000
-5590.00000000000000000 7441.00000000000000000 -3044.00000000000000000
-5637.00000000000000000 7503.00000000000000000 -3044.00000000000000000
-5680.00000000000000000 7561.00000000000000000 -3044.00000000000000000
-5727.00000000000000000 7623.00000000000000000 -3044.00000000000000000
-5727.00000000000000000 7623.00000000000000000 -3044.00000000000000000
-5770.00000000000000000 7685.00000000000000000 -3044.00000000000000000
-5817.00000000000000000 7743.00000000000000000 -3044.00000000000000000
-5860.00000000000000000 7800.00000000000000000 -3044.00000000000000000
-5907.00000000000000000 7863.00000000000000000 -3044.00000000000000000
-5907.00000000000000000 7863.00000000000000000 -3044.00000000000000000
-5953.00000000000000000 7925.00000000000000000 -3044.00000000000000000
-6000.00000000000000000 7987.00000000000000000 -3044.00000000000000000
-6043.00000000000000000 8045.00000000000000000 -3044.00000000000000000
-6043.00000000000000000 8045.00000000000000000 -3044.00000000000000000
-6090.00000000000000000 8107.00000000000000000 -3044.00000000000000000
-6133.00000000000000000 8164.00000000000000000 -3044.00000000000000000
-6180.00000000000000000 8227.00000000000000000 -4251.00000000000000000
-6223.00000000000000000 8284.00000000000000000 -4251.00000000000000000
-6223.00000000000000000 8284.00000000000000000 -4251.00000000000000000
-6270.00000000000000000 8347.00000000000000000 -4251.00000000000000000
-6313.00000000000000000 8404.00000000000000000 -4251.00000000000000000
-6360.00000000000000000 8466.00000000000000000 -4251.00000000000000000
-6403.00000000000000000 8524.00000000000000000 -4251.00000000000000000
-6403.00000000000000000 8524.00000000000000000 -4251.00000000000000000
-6450.00000000000000000 8586.00000000000000000 -4251.00000000000000000
-6497.00000000000000000 8648.00000000000000000 -4251.00000000000000000
-6540.00000000000000000 8706.00000000000000000 -4251.00000000000000000
-6587.00000000000000000 8768.00000000000000000 -4251.00000000000000000
-6587.00000000000000000 8768.00000000000000000 -4251.00000000000000000
-6633.00000000000000000 8830.00000000000000000 -4251.00000000000000000
-6677.00000000000000000 8888.00000000000000000 -4251.00000000000000000
-6723.00000000000000000 8950.00000000000000000 -4251.00000000000000000
-6767.00000000000000000 9008.00000000000000000 -3044.00000000000000000
-6767.00000000000000000 9008.00000000000000000 -3044.00000000000000000
-6813.00000000000000000 9070.00000000000000000 -3044.00000000000000000
-6856.00000000000000000 9127.00000000000000000 -3044.00000000000000000
-6903.00000000000000000 9190.00000000000000000 -3044.00000000000000000
-6946.00000000000000000 9247.00000000000000000 -3044.00000000000000000
-6946.00000000000000000 9247.00000000000000000 -3044.00000000000000000
-6993.00000000000000000 9309.00000000000000000 -3044.00000000000000000
-7036.00000000000000000 9367.00000000000000000 -3044.00000000000000000
-7083.00000000000000000 9429.00000000000000000 -3044.00000000000000000
-7130.00000000000000000 9491.00000000000000000 -3044.00000000000000000
-7130.00000000000000000 9491.00000000000000000 -3044.00000000000000000
-7173.00000000000000000 9549.00000000000000000 -3044.00000000000000000
-7220.00000000000000000 9611.00000000000000000 -3044.00000000000000000
-7263.00000000000000000 9669.00000000000000000 -3044.00000000000000000
-7310.00000000000000000 9731.00000000000000000 -3044.00000000000000000
-7310.00000000000000000 9731.00000000000000000 -3044.00000000000000000
-7357.00000000000000000 9793.00000000000000000 -3165.00000000000000000
-7400.00000000000000000 9851.00000000000000000 -3165.00000000000000000
-7447.00000000000000000 9913.00000000000000000 -3165.00000000000000000
-7490.00000000000000000 9970.00000000000000000 -3165.00000000000000000
-7490.00000000000000000 9970.00000000000000000 -3165.00000000000000000
-7537.00000000000000000 10033.00000000000000000 -3165.00000000000000000
-7580.00000000000000000 10090.00000000000000000 -3165.00000000000000000
-7626.00000000000000000 10152.00000000000000000 -3165.00000000000000000
-7626.00000000000000000 10152.00000000000000000 -3165.00000000000000000
-7670.00000000000000000 10210.00000000000000000 -3165.00000000000000000
-7716.00000000000000000 10272.00000000000000000 -3165.00000000000000000
-7763.00000000000000000 10334.00000000000000000 -3165.00000000000000000
-7806.00000000000000000 10392.00000000000000000 -3165.00000000000000000
-7806.00000000000000000 10392.00000000000000000 -3165.00000000000000000
-7853.00000000000000000 10454.00000000000000000 -3165.00000000000000000
-7896.00000000000000000 10512.00000000000000000 -3165.00000000000000000
-7943.00000000000000000 10574.00000000000000000 -4251.00000000000000000
-7990.00000000000000000 10636.00000000000000000 -4251.00000000000000000
-7990.00000000000000000 10636.00000000000000000 -4251.00000000000000000
-8033.00000000000000000 10694.00000000000000000 -4251.00000000000000000
-8080.00000000000000000 10756.00000000000000000 -4251.00000000000000000
-8123.00000000000000000 10814.00000000000000000 -4251.00000000000000000
-8170.00000000000000000 10876.00000000000000000 -4251.00000000000000000
-8170.00000000000000000 10876.00000000000000000 -4251.00000000000000000
-8213.00000000000000000 10933.00000000000000000 -4251.00000000000000000
-8260.00000000000000000 10996.00000000000000000 -4251.00000000000000000
-8306.00000000000000000 11058.00000000000000000 -4251.00000000000000000
-8350.00000000000000000 11115.00000000000000000 -4251.00000000000000000
-8350.00000000000000000 11115.00000000000000000 -4251.00000000000000000
-8396.00000000000000000 11178.00000000000000000 -4251.00000000000000000
-8440.00000000000000000 11235.00000000000000000 -4251.00000000000000000
-8486.00000000000000000 11297.00000000000000000 -4251.00000000000000000
-8530.00000000000000000 11355.00000000000000000 -3125.00000000000000000
-8530.00000000000000000 11355.00000000000000000 -3125.00000000000000000
-8576.00000000000000000 11417.00000000000000000 -3125.00000000000000000
-8620.00000000000000000 11475.00000000000000000 -3125.00000000000000000
-8666.00000000000000000 11537.00000000000000000 -3125.00000000000000000
-8709.00000000000000000 11594.00000000000000000 -3125.00000000000000000
-8709.00000000000000000 11594.00000000000000000 -3125.00000000000000000
-8756.00000000000000000 11657.00000000000000000 -3125.00000000000000000
-8803.00000000000000000 11719.00000000000000000 -3125.00000000000000000
-8846.00000000000000000 11776.00000000000000000 -3125.00000000000000000
-8893.00000000000000000 11839.00000000000000000 -3125.00000000000000000
-8893.00000000000000000 11839.00000000000000000 -3125.00000000000000000
-8936.00000000000000000 11896.00000000000000000 -3125.00000000000000000
-8983.00000000000000000 11958.00000000000000000 -3125.00000000000000000
-9030.00000000000000000 12021.00000000000000000 -3125.00000000000000000
-9073.00000000000000000 12078.00000000000000000 -3125.00000000000000000
-9073.00000000000000000 12078.00000000000000000 -3125.00000000000000000
-9120.00000000000000000 12140.00000000000000000 -3138.00000000000000000
-9163.00000000000000000 12198.00000000000000000 -3138.00000000000000000
-9210.00000000000000000 12260.00000000000000000 -3138.00000000000000000
-9253.00000000000000000 12318.00000000000000000 -3138.00000000000000000
-9253.00000000000000000 12318.00000000000000000 -3138.00000000000000000
-9300.00000000000000000 12380.00000000000000000 -3138.00000000000000000
-9343.00000000000000000 12437.00000000000000000 -3138.00000000000000000
-9389.00000000000000000 12500.00000000000000000 -3138.00000000000000000
-9433.00000000000000000 12557.00000000000000000 -3138.00000000000000000
-9433.00000000000000000 12557.00000000000000000 -3138.00000000000000000
-9479.00000000000000000 12619.00000000000000000 -3138.00000000000000000
-9526.00000000000000000 12682.00000000000000000 -3138.00000000000000000
-9569.00000000000000000 12739.00000000000000000 -3138.00000000000000000
-9569.00000000000000000 12739.00000000000000000 -3138.00000000000000000
-9616.00000000000000000 12801.00000000000000000 -3138.00000000000000000
-9659.00000000000000000 12859.00000000000000000 -3138.00000000000000000
-9706.00000000000000000 12921.00000000000000000 -3930.00000000000000000
-9749.00000000000000000 12979.00000000000000000 -3930.00000000000000000
-9749.00000000000000000 12979.00000000000000000 -3930.00000000000000000
-9796.00000000000000000 13041.00000000000000000 -3930.00000000000000000
-9839.00000000000000000 13098.00000000000000000 -3930.00000000000000000
-9886.00000000000000000 13161.00000000000000000 -3930.00000000000000000
-9933.00000000000000000 13223.00000000000000000 -3930.00000000000000000
-9933.00000000000000000 13223.00000000000000000 -3930.00000000000000000
-9976.00000000000000000 13281.00000000000000000 -3930.00000000000000000
-10023.00000000000000000 13343.00000000000000000 -3930.00000000000000000
-10066.00000000000000000 13400.00000000000000000 -3930.00000000000000000
-10113.00000000000000000 13463.00000000000000000 -3930.00000000000000000
-10113.00000000000000000 13463.00000000000000000 -3930.00000000000000000
-10159.00000000000000000 13525.00000000000000000 -3930.00000000000000000
-10203.00000000000000000 13582.00000000000000000 -3930.00000000000000000
-10249.00000000000000000 13645.00000000000000000 -3930.00000000000000000
-10293.00000000000000000 13702.00000000000000000 -3165.00000000000000000
-10293.00000000000000000 13702.00000000000000000 -3165.00000000000000000
-10339.00000000000000000 13764.00000000000000000 -3165.00000000000000000
-10383.00000000000000000 13822.00000000000000000 -3165.00000000000000000
-10429.00000000000000000 13884.00000000000000000 -3165.00000000000000000
-10476.00000000000000000 13946.00000000000000000 -3165.00000000000000000
-10476.00000000000000000 13946.00000000000000000 -3165.00000000000000000
-10519.00000000000000000 14004.00000000000000000 -3165.00000000000000000
-10566.00000000000000000 14066.00000000000000000 -3165.00000000000000000
-10613.00000000000000000 14128.00000000000000000 -3165.00000000000000000
-10656.00000000000000000 14186.00000000000000000 -3165.00000000000000000
-10656.00000000000000000 14186.00000000000000000 -3165.00000000000000000
-10703.00000000000000000 14248.00000000000000000 -3165.00000000000000000
-10750.00000000000000000 14310.00000000000000000 -3165.00000000000000000
-10793.00000000000000000 14368.00000000000000000 -3165.00000000000000000
-10793.00000000000000000 14368.00000000000000000 -3165.00000000000000000
-10839.00000000000000000 14430.00000000000000000 -3165.00000000000000000
-10883.00000000000000000 14488.00000000000000000 -3138.00000000000000000
-10929.00000000000000000 14550.00000000000000000 -3138.00000000000000000
-10973.00000000000000000 14607.00000000000000000 -3138.00000000000000000
-10973.00000000000000000 14607.00000000000000000 -3138.00000000000000000
-11019.00000000000000000 14670.00000000000000000 -3138.00000000000000000
-11066.00000000000000000 14732.00000000000000000 -3138.00000000000000000
-11109.00000000000000000 14789.00000000000000000 -3138.00000000000000000
-11156.00000000000000000 14852.00000000000000000 -3138.00000000000000000
-11156.00000000000000000 14852.00000000000000000 -3138.00000000000000000
-11199.00000000000000000 14909.00000000000000000 -3138.00000000000000000
-11246.00000000000000000 14971.00000000000000000 -3138.00000000000000000
-11293.00000000000000000 15034.00000000000000000 -3138.00000000000000000
-11336.00000000000000000 15091.00000000000000000 -3138.00000000000000000
-11336.00000000000000000 15091.00000000000000000 -3138.00000000000000000
-11383.00000000000000000 15154.00000000000000000 -3138.00000000000000000
-11426.00000000000000000 15211.00000000000000000 -3138.00000000000000000
-11473.00000000000000000 15273.00000000000000000 -3031.00000000000000000
-11519.00000000000000000 15336.00000000000000000 -3031.00000000000000000
-11519.00000000000000000 15336.00000000000000000 -3031.00000000000000000
-11563.00000000000000000 15393.00000000000000000 -3031.00000000000000000
-11609.00000000000000000 15455.00000000000000000 -3031.00000000000000000
-11653.00000000000000000 15513.00000000000000000 -3031.00000000000000000
-11699.00000000000000000 15575.00000000000000000 -3031.00000000000000000
-11699.00000000000000000 15575.00000000000000000 -3031.00000000000000000
-11743.00000000000000000 15633.00000000000000000 -3031.00000000000000000
-11789.00000000000000000 15695.00000000000000000 -3031.00000000000000000
-11836.00000000000000000 15757.00000000000000000 -3031.00000000000000000
-11879.00000000000000000 15815.00000000000000000 -3031.00000000000000000
-11879.00000000000000000 15815.00000000000000000 -3031.00000000000000000
-11926.00000000000000000 15877.00000000000000000 -3031.00000000000000000
-11973.00000000000000000 15939.00000000000000000 -3031.00000000000000000
-12016.00000000000000000 15997.00000000000000000 -3031.00000000000000000
-12016.00000000000000000 15997.00000000000000000 -3031.00000000000000000
-12063.00000000000000000 16059.00000000000000000 -4144.00000000000000000
-12106.00000000000000000 16116.00000000000000000 -4144.00000000000000000
-12153.00000000000000000 16179.00000000000000000 -4144.00000000000000000
-12196.00000000000000000 16236.00000000000000000 -4144.00000000000000000
-12196.00000000000000000 16236.00000000000000000 -4144.00000000000000000
-12243.00000000000000000 16298.00000000000000000 -4144.00000000000000000
-12289.00000000000000000 16361.00000000000000000 -4144.00000000000000000
-12333.00000000000000000 16418.00000000000000000 -4144.00000000000000000
-12379.00000000000000000 16480.00000000000000000 -4144.00000000000000000
-12379.00000000000000000 16480.00000000000000000 -4144.00000000000000000
-12426.00000000000000000 16543.00000000000000000 -4144.00000000000000000
-12469.00000000000000000 16600.00000000000000000 -4144.00000000000000000
-12516.00000000000000000 16662.00000000000000000 -4144.00000000000000000
-12559.00000000000000000 16720.00000000000000000 -4144.00000000000000000
-12559.00000000000000000 16720.00000000000000000 -4144.00000000000000000
-12606.00000000000000000 16782.00000000000000000 -4144.00000000000000000
-12649.00000000000000000 16840.00000000000000000 -3098.00000000000000000
-12696.00000000000000000 16902.00000000000000000 -3098.00000000000000000
-12743.00000000000000000 16964.00000000000000000 -3098.00000000000000000
-12743.00000000000000000 16964.00000000000000000 -3098.00000000000000000
-12786.00000000000000000 17022.00000000000000000 -3098.00000000000000000
-12833.00000000000000000 17084.00000000000000000 -3098.00000000000000000
-12876.00000000000000000 17141.00000000000000000 -3098.00000000000000000
-12923.00000000000000000 17204.00000000000000000 -3098.00000000000000000
-12923.00000000000000000 17204.00000000000000000 -3098.00000000000000000
-12969.00000000000000000 17266.00000000000000000 -3098.00000000000000000
-13016.00000000000000000 17328.00000000000000000 -3098.00000000000000000
-13059.00000000000000000 17386.00000000000000000 -3098.00000000000000000
-13059.00000000000000000 17386.00000000000000000 -3098.00000000000000000
-13106.00000000000000000 17448.00000000000000000 -3098.00000000000000000
-13149.00000000000000000 17506.00000000000000000 -3098.00000000000000000
-13196.00000000000000000 17568.00000000000000000 -3098.00000000000000000
-13239.00000000000000000 17625.00000000000000000 -2937.00000000000000000
-13239.00000000000000000 17625.00000000000000000 -2937.00000000000000000
-13286.00000000000000000 17688.00000000000000000 -2937.00000000000000000
-13333.00000000000000000 17750.00000000000000000 -2937.00000000000000000
-13376.00000000000000000 17807.00000000000000000 -2937.00000000000000000
-13423.00000000000000000 17870.00000000000000000 -2937.00000000000000000
-13423.00000000000000000 17870.00000000000000000 -2937.00000000000000000
-13466.00000000000000000 17927.00000000000000000 -2937.00000000000000000
-13513.00000000000000000 17989.00000000000000000 -2937.00000000000000000
-13560.00000000000000000 18052.00000000000000000 -2937.00000000000000000
-13603.00000000000000000 18109.00000000000000000 -2937.00000000000000000
-13603.00000000000000000 18109.00000000000000000 -2937.00000000000000000
-13649.00000000000000000 18171.00000000000000000 -2937.00000000000000000
-13693.00000000000000000 18229.00000000000000000 -2937.00000000000000000
-13739.00000000000000000 18291.00000000000000000 -2937.00000000000000000
-13786.00000000000000000 18353.00000000000000000 -2937.00000000000000000
-13786.00000000000000000 18353.00000000000000000 -2937.00000000000000000
-13829.00000000000000000 18411.00000000000000000 -3098.00000000000000000
-13876.00000000000000000 18473.00000000000000000 -3098.00000000000000000
-13919.00000000000000000 18531.00000000000000000 -3098.00000000000000000
-13966.00000000000000000 18593.00000000000000000 -3098.00000000000000000
-13966.00000000000000000 18593.00000000000000000 -3098.00000000000000000
-14009.00000000000000000 18650.00000000000000000 -3098.00000000000000000
-14056.00000000000000000 18713.00000000000000000 -3098.00000000000000000
-14099.00000000000000000 18770.00000000000000000 -3098.00000000000000000
-14146.00000000000000000 18832.00000000000000000 -3098.00000000000000000
-14146.00000000000000000 18832.00000000000000000 -3098.00000000000000000
-14193.00000000000000000 18895.00000000000000000 -3098.00000000000000000
-14236.00000000000000000 18952.00000000000000000 -3098.00000000000000000
-14283.00000000000000000 19014.00000000000000000 -3098.00000000000000000
-14283.00000000000000000 19014.00000000000000000 -3098.00000000000000000
-14330.00000000000000000 19077.00000000000000000 -3098.00000000000000000
-14373.00000000000000000 19134.00000000000000000 -3098.00000000000000000
-14419.00000000000000000 19196.00000000000000000 -3943.00000000000000000
-14463.00000000000000000 19254.00000000000000000 -3943.00000000000000000
-14463.00000000000000000 19254.00000000000000000 -3943.00000000000000000
-14509.00000000000000000 19316.00000000000000000 -3943.00000000000000000
-14553.00000000000000000 19374.00000000000000000 -3943.00000000000000000
-14599.00000000000000000 19436.00000000000000000 -3943.00000000000000000
-14643.00000000000000000 19498.00000000000000000 -3943.00000000000000000
-14643.00000000000000000 19498.00000000000000000 -3943.00000000000000000
-14689.00000000000000000 19556.00000000000000000 -3943.00000000000000000
-14736.00000000000000000 19618.00000000000000000 -3943.00000000000000000
-14779.00000000000000000 19676.00000000000000000 -3943.00000000000000000
-14826.00000000000000000 19738.00000000000000000 -3943.00000000000000000
-14826.00000000000000000 19738.00000000000000000 -3943.00000000000000000
-14873.00000000000000000 19800.00000000000000000 -3943.00000000000000000
-14916.00000000000000000 19858.00000000000000000 -3943.00000000000000000
-14963.00000000000000000 19920.00000000000000000 -3943.00000000000000000
-15006.00000000000000000 19977.00000000000000000 -3071.00000000000000000
-15006.00000000000000000 19977.00000000000000000 -3071.00000000000000000
-15053.00000000000000000 20040.00000000000000000 -3071.00000000000000000
-15096.00000000000000000 20097.00000000000000000 -3071.00000000000000000
-15143.00000000000000000 20159.00000000000000000 -3071.00000000000000000
-15186.00000000000000000 20217.00000000000000000 -3071.00000000000000000
-15186.00000000000000000 20217.00000000000000000 -3071.00000000000000000
-15233.00000000000000000 20279.00000000000000000 -3071.00000000000000000
-15279.00000000000000000 20341.00000000000000000 -3071.00000000000000000
-15323.00000000000000000 20399.00000000000000000 -3071.00000000000000000
-15369.00000000000000000 20461.00000000000000000 -3071.00000000000000000
-15369.00000000000000000 20461.00000000000000000 -3071.00000000000000000
-15413.00000000000000000 20519.00000000000000000 -3071.00000000000000000
-15459.00000000000000000 20581.00000000000000000 -3071.00000000000000000
-15506.00000000000000000 20643.00000000000000000 -3071.00000000000000000
-15549.00000000000000000 20701.00000000000000000 -3071.00000000000000000
-15549.00000000000000000 20701.00000000000000000 -3071.00000000000000000
-15596.00000000000000000 20763.00000000000000000 -3165.00000000000000000
-15639.00000000000000000 20820.00000000000000000 -3165.00000000000000000
-15686.00000000000000000 20883.00000000000000000 -3165.00000000000000000
-15729.00000000000000000 20940.00000000000000000 -3165.00000000000000000
-15729.00000000000000000 20940.00000000000000000 -3165.00000000000000000
-15776.00000000000000000 21002.00000000000000000 -3165.00000000000000000
-15819.00000000000000000 21060.00000000000000000 -3165.00000000000000000
-15866.00000000000000000 21122.00000000000000000 -3165.00000000000000000
-15866.00000000000000000 21122.00000000000000000 -3165.00000000000000000
-15913.00000000000000000 21184.00000000000000000 -3165.00000000000000000
-15956.00000000000000000 21242.00000000000000000 -3165.00000000000000000
-16003.00000000000000000 21304.00000000000000000 -3165.00000000000000000
-16049.00000000000000000 21366.00000000000000000 -3165.00000000000000000
-16049.00000000000000000 21366.00000000000000000 -3165.00000000000000000
-16093.00000000000000000 21424.00000000000000000 -3165.00000000000000000
-16139.00000000000000000 21486.00000000000000000 -3165.00000000000000000
-16182.00000000000000000 21544.00000000000000000 -3903.00000000000000000
-16229.00000000000000000 21606.00000000000000000 -3903.00000000000000000
-16229.00000000000000000 21606.00000000000000000 -3903.00000000000000000
-16272.00000000000000000 21663.00000000000000000 -3903.00000000000000000
-16319.00000000000000000 21726.00000000000000000 -3903.00000000000000000
-16362.00000000000000000 21783.00000000000000000 -3903.00000000000000000
-16409.00000000000000000 21846.00000000000000000 -3903.00000000000000000
-16409.00000000000000000 21846.00000000000000000 -3903.00000000000000000
-16456.00000000000000000 21908.00000000000000000 -3903.00000000000000000
-16499.00000000000000000 21965.00000000000000000 -3903.00000000000000000
-16546.00000000000000000 22028.00000000000000000 -3903.00000000000000000
-16589.00000000000000000 22085.00000000000000000 -3903.00000000000000000
-16589.00000000000000000 22085.00000000000000000 -3903.00000000000000000
-16636.00000000000000000 22147.00000000000000000 -3903.00000000000000000
-16683.00000000000000000 22210.00000000000000000 -3903.00000000000000000
-16726.00000000000000000 22267.00000000000000000 -3903.00000000000000000
-16773.00000000000000000 22329.00000000000000000 -3165.00000000000000000
-16773.00000000000000000 22329.00000000000000000 -3165.00000000000000000
-16816.00000000000000000 22387.00000000000000000 -3165.00000000000000000
-16862.00000000000000000 22449.00000000000000000 -3165.00000000000000000
-16906.00000000000000000 22507.00000000000000000 -3165.00000000000000000
-16952.00000000000000000 22569.00000000000000000 -3165.00000000000000000
-16952.00000000000000000 22569.00000000000000000 -3165.00000000000000000
-16996.00000000000000000 22626.00000000000000000 -3165.00000000000000000
-17042.00000000000000000 22689.00000000000000000 -3165.00000000000000000
-17089.00000000000000000 22751.00000000000000000 -3165.00000000000000000
-17132.00000000000000000 22808.00000000000000000 -3165.00000000000000000
-17132.00000000000000000 22808.00000000000000000 -3165.00000000000000000
-17179.00000000000000000 22871.00000000000000000 -3165.00000000000000000
-17222.00000000000000000 22928.00000000000000000 -3165.00000000000000000
-17269.00000000000000000 22990.00000000000000000 -3165.00000000000000000
-17269.00000000000000000 22990.00000000000000000 -3165.00000000000000000
-17316.00000000000000000 23053.00000000000000000 -3165.00000000000000000
-17359.00000000000000000 23110.00000000000000000 -3085.00000000000000000
-17406.00000000000000000 23172.00000000000000000 -3085.00000000000000000
-17449.00000000000000000 23230.00000000000000000 -3085.00000000000000000
-17449.00000000000000000 23230.00000000000000000 -3085.00000000000000000
-17496.00000000000000000 23292.00000000000000000 -3085.00000000000000000
-17539.00000000000000000 23350.00000000000000000 -3085.00000000000000000
-17586.00000000000000000 23412.00000000000000000 -3085.00000000000000000
-17629.00000000000000000 23469.00000000000000000 -3085.00000000000000000
-17629.00000000000000000 23469.00000000000000000 -3085.00000000000000000
-17676.00000000000000000 23532.00000000000000000 -3085.00000000000000000
-17722.00000000000000000 23594.00000000000000000 -3085.00000000000000000
-17766.00000000000000000 23651.00000000000000000 -3085.00000000000000000
-17812.00000000000000000 23714.00000000000000000 -3085.00000000000000000
-17812.00000000000000000 23714.00000000000000000 -3085.00000000000000000
-17856.00000000000000000 23771.00000000000000000 -3085.00000000000000000
-17902.00000000000000000 23833.00000000000000000 -3085.00000000000000000
-17945.00000000000000000 23891.00000000000000000 -3849.00000000000000000
-17992.00000000000000000 23953.00000000000000000 -3849.00000000000000000
-17992.00000000000000000 23953.00000000000000000 -3849.00000000000000000
-18039.00000000000000000 24016.00000000000000000 -3849.00000000000000000
-18082.00000000000000000 24073.00000000000000000 -3849.00000000000000000
-18129.00000000000000000 24135.00000000000000000 -3849.00000000000000000
-18172.00000000000000000 24193.00000000000000000 -3849.00000000000000000
-18172.00000000000000000 24193.00000000000000000 -3849.00000000000000000
-18219.00000000000000000 24255.00000000000000000 -3849.00000000000000000
-18262.00000000000000000 24312.00000000000000000 -3849.00000000000000000
-18309.00000000000000000 24375.00000000000000000 -3849.00000000000000000
-18356.00000000000000000 24437.00000000000000000 -3849.00000000000000000
-18356.00000000000000000 24437.00000000000000000 -3849.00000000000000000
-18398.00000000000000000 24494.00000000000000000 -3849.00000000000000000
-18441.00000000000000000 24551.00000000000000000 -3849.00000000000000000
-18476.00000000000000000 24598.00000000000000000 -3849.00000000000000000
-18506.00000000000000000 24637.00000000000000000 -3286.00000000000000000
-18506.00000000000000000 24637.00000000000000000 -3286.00000000000000000
-18525.00000000000000000 24662.00000000000000000 -3286.00000000000000000
-18537.00000000000000000 24679.00000000000000000 -3286.00000000000000000
-18544.00000000000000000 24688.00000000000000000 -3286.00000000000000000
-18547.00000000000000000 24692.00000000000000000 -3286.00000000000000000
-18547.00000000000000000 24692.00000000000000000 -3286.00000000000000000
-18549.00000000000000000 24695.00000000000000000 -3286.00000000000000000
-18550.00000000000000000 24696.00000000000000000 -3286.00000000000000000
-18550.00000000000000000 24696.00000000000000000 -3286.00000000000000000
-18550.00000000000000000 24696.00000000000000000 -3286.00000000000000000
-18550.00000000000000000 24697.00000000000000000 -3286.00000000000000000
-18550.00000000000000000 24697.00000000000000000 -3286.00000000000000000
-18550.00000000000000000 24697.00000000000000000 -3286.00000000000000000
-18550.00000000000000000 24697.00000000000000000 -3286.00000000000000000
-18550.00000000000000000 24697.00000000000000000 -3286.00000000000000000
-18550.00000000000000000 24697.00000000000000000 -3286.00000000000000000
-18550.00000000000000000 24697.00000000000000000 -778.00000000000000000
-18550.00000000000000000 24697.00000000000000000 -778.00000000000000000
-18550.00000000000000000 24697.00000000000000000 -778.00000000000000000
-18550.00000000000000000 24697.00000000000000000 -778.00000000000000000
-18550.00000000000000000 24697.00000000000000000 -778.00000000000000000
-18550.00000000000000000 24697.00000000000000000 -778.00000000000000000
-18550.00000000000000000 24697.00000000000000000 -778.00000000000000000
-18550.00000000000000000 24697.00000000000000000 -778.00000000000000000
-18550.00000000000000000 24697.00000000000000000 -778.00000000000000000
-18550.00000000000000000 24697.00000000000000000 -778.00000000000000000
-18550.00000000000000000 24697.00000000000000000 -778.00000000000000000
-18550.00000000000000000 24697.00000000000000000 -778.00000000000000000
-18550.00000000000000000 24697.00000000000000000 -778.00000000000000000
-18550.00000000000000000 24697.00000000000000000 -778.00000000000000000
-18550.00000000000000000 24697.00000000000000000 -778.00000000000000000
-18550.00000000000000000 24697.00000000000000000 -778.00000000000000000
-18550.00000000000000000 24697.00000000000000000 0.00000000000000000
-18550.00000000000000000 24697.00000000000000000 0.00000000000000000
-18550.00000000000000000 24697.00000000000000000 0.00000000000000000
-18550.00000000000000000 24697.00000000000000000 0.00000000000000000
-18550.00000000000000000 24697.00000000000000000 0.00000000000000000
-18550.00000000000000000 24697.00000000000000000 0.00000000000000000
-18550.00000000000000000 24697.00000000000000000 0.00000000000000000
-18550.00000000000000000 24697.00000000000000000 0.00000000000000000
-18550.00000000000000000 24697.00000000000000000 0.00000000000000000
-18550.00000000000000000 24697.00000000000000000 0.00000000000000000
-18550.00000000000000000 24697.00000000000000000 0.00000000000000000
-18550.00000000000000000 24697.00000000000000000 0.00000000000000000
-18550.00000000000000000 24697.00000000000000000 0.00000000000000000
-18550.00000000000000000 24697.00000000000000000 0.00000000000000000
-18550.00000000000000000 24697.00000000000000000 0.00000000000000000
-18550.00000000000000000 24697.00000000000000000 0.00000000000000000
-18550.00000000000000000 24697.00000000000000000 0.00000000000000000
-18550.00000000000000000 24697.00000000000000000 134.00000000000000000
-18550.00000000000000000 24697.00000000000000000 134.00000000000000000
-18550.00000000000000000 24697.00000000000000000 134.00000000000000000
-18550.00000000000000000 24697.00000000000000000 134.00000000000000000
-18550.00000000000000000 24697.00000000000000000 134.00000000000000000
-18550.00000000000000000 24697.00000000000000000 134.00000000000000000
-18550.00000000000000000 24697.00000000000000000 134.00000000000000000
-18550.00000000000000000 24697.00000000000000000 134.00000000000000000
-18550.00000000000000000 24697.00000000000000000 134.00000000000000000
-18550.00000000000000000 24697.00000000000000000 134.00000000000000000
-18550.00000000000000000 24697.00000000000000000 134.00000000000000000
-18550.00000000000000000 24697.00000000000000000 134.00000000000000000
-18550.00000000000000000 24697.00000000000000000 134.00000000000000000
-18550.00000000000000000 24697.00000000000000000 134.00000000000000000
-18550.00000000000000000 24697.00000000000000000 134.00000000000000000
-18550.00000000000000000 24697.00000000000000000 134.00000000000000000
-18550.00000000000000000 24697.00000000000000000 27.00000000000000000
-18550.00000000000000000 24697.00000000000000000 27.00000000000000000
-18550.00000000000000000 24697.00000000000000000 27.00000000000000000
-18550.00000000000000000 24697.00000000000000000 27.00000000000000000
-18550.00000000000000000 24697.00000000000000000 27.00000000000000000
-18550.00000000000000000 24697.00000000000000000 27.00000000000000000
-18550.00000000000000000 24697.00000000000000000 27.00000000000000000
-18550.00000000000000000 24697.00000000000000000 27.00000000000000000
-18550.00000000000000000 24697.00000000000000000 27.00000000000000000
-18550.00000000000000000 24697.00000000000000000 27.00000000000000000
-18550.00000000000000000 24697.00000000000000000 27.00000000000000000
-18550.00000000000000000 24697.00000000000000000 27.00000000000000000
-18550.00000000000000000 24697.00000000000000000 27.00000000000000000
-18550.00000000000000000 24697.00000000000000000 27.00000000000000000
-18550.00000000000000000 24697.00000000000000000 27.00000000000000000
-18550.00000000000000000 24697.00000000000000000 27.00000000000000000
-18550.00000000000000000 24697.00000000000000000 0.00000000000000000
-18550.00000000000000000 24697.00000000000000000 0.00000000000000000
-18550.00000000000000000 24697.00000000000000000 0.00000000000000000
-18550.00000000000000000 24697.00000000000000000 0.00000000000000000
-18550.00000000000000000 24697.00000000000000000 0.00000000000000000
-18550.00000000000000000 24697.00000000000000000 0.00000000000000000
-18550.00000000000000000 24697.00000000000000000 0.00000000000000000
-18550.00000000000000000 24697.00000000000000000 0.00000000000000000
-18550.00000000000000000 24697.00000000000000000 0.00000000000000000
-18550.00000000000000000 24697.00000000000000000 0.00000000000000000
-18550.00000000000000000 24697.00000000000000000 0.00000000000000000
-18550.00000000000000000 24697.00000000000000000 0.00000000000000000
-18550.00000000000000000 24697.00000000000000000 0.00000000000000000
-18550.00000000000000000 24697.00000000000000000 0.00000000000000000
-18550.00000000000000000 24697.00000000000000000 0.00000000000000000
-18550.00000000000000000 24697.00000000000000000 0.00000000000000000
-18550.00000000000000000 24697.00000000000000000 0.00000000000000000
-18550.00000000000000000 24697.00000000000000000 0.00000000000000000
-18550.00000000000000000 24697.00000000000000000 0.00000000000000000
-18550.00000000000000000 24697.00000000000000000 0.00000000000000000
-18550.00000000000000000 24697.00000000000000000 0.00000000000000000
-18550.00000000000000000 24697.00000000000000000 0.00000000000000000
-18550.00000000000000000 24697.00000000000000000 0.00000000000000000
-18550.00000000000000000 24697.00000000000000000 0.00000000000000000
-18550.00000000000000000 24697.00000000000000000 0.00000000000000000
-18550.00000000000000000 24697.00000000000000000 0.00000000000000000
-18550.00000000000000000 24697.00000000000000000 0.00000000000000000
-18550.00000000000000000 24697.00000000000000000 0.00000000000000000
-18550.00000000000000000 24697.00000000000000000 0.00000000000000000
-18550.00000000000000000 24697.00000000000000000 0.00000000000000000
-18550.00000000000000000 24697.00000000000000000 0.00000000000000000
-18550.00000000000000000 24697.00000000000000000 0.00000000000000000
-18550.00000000000000000 24697.00000000000000000 0.00000000000000000
-18550.00000000000000000 24697.00000000000000000 13.00000000000000000
-18550.00000000000000000 24697.00000000000000000 13.00000000000000000
-18550.00000000000000000 24697.00000000000000000 13.00000000000000000
-18550.00000000000000000 24697.00000000000000000 13.00000000000000000
-18550.00000000000000000 24697.00000000000000000 13.00000000000000000
-18550.00000000000000000 24697.00000000000000000 13.00000000000000000
-18550.00000000000000000 24697.00000000000000000 13.00000000000000000
-18550.00000000000000000 24697.00000000000000000 13.00000000000000000
-18550.00000000000000000 24697.00000000000000000 13.00000000000000000
-18550.00000000000000000 24697.00000000000000000 13.00000000000000000
-18550.00000000000000000 24697.00000000000000000 13.00000000000000000
-18550.00000000000000000 24697.00000000000000000 13.00000000000000000
-18550.00000000000000000 24697.00000000000000000 13.00000000000000000
-18550.00000000000000000 24697.00000000000000000 13.00000000000000000
-18550.00000000000000000 24697.00000000000000000 13.00000000000000000
-18550.00000000000000000 24697.00000000000000000 13.00000000000000000
-18550.00000000000000000 24697.00000000000000000 0.00000000000000000
-18550.00000000000000000 24697.00000000000000000 0.00000000000000000
-18550.00000000000000000 24697.00000000000000000 0.00000000000000000
-18550.00000000000000000 24697.00000000000000000 0.00000000000000000
-18550.00000000000000000 24697.00000000000000000 0.00000000000000000
-18550.00000000000000000 24697.00000000000000000 0.00000000000000000
-18550.00000000000000000 24697.00000000000000000 0.00000000000000000
-18550.00000000000000000 24697.00000000000000000 0.00000000000000000
-18550.00000000000000000 24697.00000000000000000 0.00000000000000000
-18550.00000000000000000 24697.00000000000000000 0.00000000000000000
-18550.00000000000000000 24697.00000000000000000 0.00000000000000000
-18550.00000000000000000 24697.00000000000000000 0.00000000000000000
-18550.00000000000000000 24697.00000000000000000 0.00000000000000000
-18550.00000000000000000 24697.00000000000000000 0.00000000000000000
-18550.00000000000000000 24697.00000000000000000 0.00000000000000000
-18550.00000000000000000 24697.00000000000000000 0.00000000000000000
-18550.00000000000000000 24697.00000000000000000 13.00000000000000000
-18550.00000000000000000 24697.00000000000000000 13.00000000000000000
-18550.00000000000000000 24697.00000000000000000 13.00000000000000000
-18550.00000000000000000 24697.00000000000000000 13.00000000000000000
-18550.00000000000000000 24697.00000000000000000 13.00000000000000000
-18550.00000000000000000 24697.00000000000000000 13.00000000000000000
-18550.00000000000000000 24697.00000000000000000 13.00000000000000000
-18550.00000000000000000 24697.00000000000000000 13.00000000000000000
-18550.00000000000000000 24697.00000000000000000 13.00000000000000000
-18550.00000000000000000 24697.00000000000000000 13.00000000000000000
-18550.00000000000000000 24697.00000000000000000 13.00000000000000000
-18550.00000000000000000 24697.00000000000000000 13.00000000000000000
-18550.00000000000000000 24697.00000000000000000 13.00000000000000000
-18550.00000000000000000 24697.00000000000000000 13.00000000000000000
-18550.00000000000000000 24697.00000000000000000 13.00000000000000000
-18550.00000000000000000 24697.00000000000000000 13.00000000000000000
-18550.00000000000000000 24697.00000000000000000 13.00000000000000000
-18550.00000000000000000 24697.00000000000000000 0.00000000000000000
-18550.00000000000000000 24697.00000000000000000 0.00000000000000000
-18550.00000000000000000 24697.00000000000000000 0.00000000000000000
-18550.00000000000000000 24697.00000000000000000 0.00000000000000000
-18550.00000000000000000 24697.00000000000000000 0.00000000000000000
-18550.00000000000000000 24697.00000000000000000 0.00000000000000000
-18550.00000000000000000 24697.00000000000000000 0.00000000000000000
-18550.00000000000000000 24697.00000000000000000 0.00000000000000000
-18550.00000000000000000 24697.00000000000000000 0.00000000000000000
-18550.00000000000000000 24697.00000000000000000 0.00000000000000000
-18550.00000000000000000 24697.00000000000000000 0.00000000000000000
-18550.00000000000000000 24697.00000000000000000 0.00000000000000000
-18550.00000000000000000 24697.00000000000000000 0.00000000000000000
-18550.00000000000000000 24697.00000000000000000 0.00000000000000000
-18550.00000000000000000 24697.00000000000000000 0.00000000000000000
-18550.00000000000000000 24697.00000000000000000 0.00000000000000000
-18550.00000000000000000 24697.00000000000000000 13.00000000000000000
-18550.00000000000000000 24697.00000000000000000 13.00000000000000000
-18550.00000000000000000 24697.00000000000000000 13.00000000000000000
-18550.00000000000000000 24697.00000000000000000 13.00000000000000000
-18550.00000000000000000 24697.00000000000000000 13.00000000000000000
-18550.00000000000000000 24697.00000000000000000 13.00000000000000000
-18550.00000000000000000 24697.00000000000000000 13.00000000000000000
-18550.00000000000000000 24697.00000000000000000 13.00000000000000000
-18550.00000000000000000 24697.00000000000000000 13.00000000000000000
-18550.00000000000000000 24697.00000000000000000 13.00000000000000000
-18550.00000000000000000 24697.00000000000000000 13.00000000000000000
-18550.00000000000000000 24697.00000000000000000 13.00000000000000000
-18550.00000000000000000 24697.00000000000000000 13.00000000000000000
-18550.00000000000000000 24697.00000000000000000 13.00000000000000000
-18550.00000000000000000 24697.00000000000000000 13.00000000000000000
-18550.00000000000000000 24697.00000000000000000 13.00000000000000000
-18550.00000000000000000 24697.00000000000000000 13.00000000000000000
-18550.00000000000000000 24697.00000000000000000 0.00000000000000000
-18550.00000000000000000 24697.00000000000000000 0.00000000000000000
-18550.00000000000000000 24697.00000000000000000 0.00000000000000000
-18550.00000000000000000 24697.00000000000000000 0.00000000000000000
-18550.00000000000000000 24697.00000000000000000 0.00000000000000000
-18550.00000000000000000 24697.00000000000000000 0.00000000000000000
-18550.00000000000000000 24697.00000000000000000 0.00000000000000000
-18550.00000000000000000 24697.00000000000000000 0.00000000000000000
-18550.00000000000000000 24697.00000000000000000 0.00000000000000000
-18550.00000000000000000 24697.00000000000000000 0.00000000000000000
-18550.00000000000000000 24697.00000000000000000 0.00000000000000000
-18550.00000000000000000 24697.00000000000000000 0.00000000000000000
-18550.00000000000000000 24697.00000000000000000 0.00000000000000000
-18550.00000000000000000 24697.00000000000000000 0.00000000000000000
-18550.00000000000000000 24697.00000000000000000 0.00000000000000000
-18550.00000000000000000 24697.00000000000000000 0.00000000000000000
-18550.00000000000000000 24697.00000000000000000 13.00000000000000000
-18550.00000000000000000 24697.00000000000000000 13.00000000000000000
-18550.00000000000000000 24697.00000000000000000 13.00000000000000000
-18550.00000000000000000 24698.00000000000000000 13.00000000000000000
-18550.00000000000000000 24699.00000000000000000 13.00000000000000000
-18550.00000000000000000 24701.00000000000000000 13.00000000000000000
-18550.00000000000000000 24701.00000000000000000 13.00000000000000000
-18550.00000000000000000 24704.00000000000000000 13.00000000000000000
-18550.00000000000000000 24708.00000000000000000 13.00000000000000000
-18550.00000000000000000 24714.00000000000000000 13.00000000000000000
-18550.00000000000000000 24714.00000000000000000 13.00000000000000000
-18549.00000000000000000 24721.00000000000000000 13.00000000000000000
-18549.00000000000000000 24729.00000000000000000 13.00000000000000000
-18548.00000000000000000 24738.00000000000000000 13.00000000000000000
-18548.00000000000000000 24747.00000000000000000 13.00000000000000000
-18548.00000000000000000 24747.00000000000000000 13.00000000000000000
-18547.00000000000000000 24757.00000000000000000 13.00000000000000000
-18547.00000000000000000 24766.00000000000000000 -31677.00000000000000000
-18546.00000000000000000 24775.00000000000000000 -31677.00000000000000000
-18545.00000000000000000 24784.00000000000000000 -31677.00000000000000000
-18545.00000000000000000 24784.00000000000000000 -31677.00000000000000000
-18544.00000000000000000 24793.00000000000000000 -31677.00000000000000000
-18544.00000000000000000 24801.00000000000000000 -31677.00000000000000000
-18543.00000000000000000 24808.00000000000000000 -31677.00000000000000000
-18543.00000000000000000 24815.00000000000000000 -31677.00000000000000000
-18543.00000000000000000 24815.00000000000000000 -31677.00000000000000000
-18542.00000000000000000 24822.00000000000000000 -31677.00000000000000000
-18541.00000000000000000 24829.00000000000000000 -31677.00000000000000000
-18540.00000000000000000 24836.00000000000000000 -31677.00000000000000000
-18540.00000000000000000 24843.00000000000000000 -31677.00000000000000000
-18540.00000000000000000 24843.00000000000000000 -31677.00000000000000000
-18539.00000000000000000 24851.00000000000000000 -31677.00000000000000000
-18538.00000000000000000 24859.00000000000000000 -31677.00000000000000000
-18537.00000000000000000 24867.00000000000000000 -224786.00000000000000000
-18536.00000000000000000 24876.00000000000000000 -224786.00000000000000000
-18536.00000000000000000 24876.00000000000000000 -224786.00000000000000000
-18535.00000000000000000 24884.00000000000000000 -224786.00000000000000000
-18533.00000000000000000 24892.00000000000000000 -224786.00000000000000000
-18532.00000000000000000 24901.00000000000000000 -224786.00000000000000000
-18531.00000000000000000 24909.00000000000000000 -224786.00000000000000000
-18531.00000000000000000 24909.00000000000000000 -224786.00000000000000000
-18529.00000000000000000 24918.00000000000000000 -224786.00000000000000000
-18528.00000000000000000 24926.00000000000000000 -224786.00000000000000000
-18526.00000000000000000 24935.00000000000000000 -224786.00000000000000000
-18525.00000000000000000 24943.00000000000000000 -224786.00000000000000000
-18525.00000000000000000 24943.00000000000000000 -224786.00000000000000000
-18523.00000000000000000 24952.00000000000000000 -224786.00000000000000000
-18521.00000000000000000 24960.00000000000000000 -224786.00000000000000000
-18520.00000000000000000 24968.00000000000000000 -224786.00000000000000000
-18520.00000000000000000 24968.00000000000000000 -270733.00000000000000000
-18518.00000000000000000 24976.00000000000000000 -270733.00000000000000000
-18516.00000000000000000 24985.00000000000000000 -270733.00000000000000000
-18514.00000000000000000 24994.00000000000000000 -270733.00000000000000000
-18512.00000000000000000 25002.00000000000000000 -270733.00000000000000000
-18512.00000000000000000 25002.00000000000000000 -270733.00000000000000000
-18510.00000000000000000 25010.00000000000000000 -270733.00000000000000000
-18508.00000000000000000 25018.00000000000000000 -270733.00000000000000000
-18505.00000000000000000 25026.00000000000000000 -270733.00000000000000000
-18503.00000000000000000 25034.00000000000000000 -270733.00000000000000000
-18503.00000000000000000 25034.00000000000000000 -270733.00000000000000000
-18501.00000000000000000 25043.00000000000000000 -270733.00000000000000000
-18498.00000000000000000 25051.00000000000000000 -270733.00000000000000000
-18496.00000000000000000 25059.00000000000000000 -270733.00000000000000000
-18494.00000000000000000 25067.00000000000000000 -270733.00000000000000000
-18494.00000000000000000 25067.00000000000000000 -270733.00000000000000000
-18491.00000000000000000 25075.00000000000000000 -270733.00000000000000000
-18489.00000000000000000 25084.00000000000000000 -280363.00000000000000000
-18486.00000000000000000 25092.00000000000000000 -280363.00000000000000000
-18483.00000000000000000 25100.00000000000000000 -280363.00000000000000000
-18483.00000000000000000 25100.00000000000000000 -280363.00000000000000000
-18481.00000000000000000 25108.00000000000000000 -280363.00000000000000000
-18478.00000000000000000 25116.00000000000000000 -280363.00000000000000000
-18475.00000000000000000 25125.00000000000000000 -280363.00000000000000000
-18473.00000000000000000 25132.00000000000000000 -280363.00000000000000000
-18473.00000000000000000 25132.00000000000000000 -280363.00000000000000000
-18470.00000000000000000 25141.00000000000000000 -280363.00000000000000000
-18466.00000000000000000 25149.00000000000000000 -280363.00000000000000000
-18464.00000000000000000 25157.00000000000000000 -280363.00000000000000000
-18460.00000000000000000 25165.00000000000000000 -280363.00000000000000000
-18460.00000000000000000 25165.00000000000000000 -280363.00000000000000000
-18457.00000000000000000 25173.00000000000000000 -280363.00000000000000000
-18454.00000000000000000 25181.00000000000000000 -280363.00000000000000000
-18451.00000000000000000 25188.00000000000000000 -374858.00000000000000000
-18447.00000000000000000 25196.00000000000000000 -374858.00000000000000000
-18447.00000000000000000 25196.00000000000000000 -374858.00000000000000000
-18444.00000000000000000 25205.00000000000000000 -374858.00000000000000000
-18441.00000000000000000 25212.00000000000000000 -374858.00000000000000000
-18437.00000000000000000 25220.00000000000000000 -374858.00000000000000000
-18434.00000000000000000 25228.00000000000000000 -374858.00000000000000000
-18434.00000000000000000 25228.00000000000000000 -374858.00000000000000000
-18430.00000000000000000 25236.00000000000000000 -374858.00000000000000000
-18427.00000000000000000 25243.00000000000000000 -374858.00000000000000000
-18423.00000000000000000 25251.00000000000000000 -374858.00000000000000000
-18423.00000000000000000 25251.00000000000000000 -374858.00000000000000000
-18419.00000000000000000 25259.00000000000000000 -374858.00000000000000000
-18415.00000000000000000 25266.00000000000000000 -374858.00000000000000000
-18412.00000000000000000 25274.00000000000000000 -374858.00000000000000000
-18408.00000000000000000 25281.00000000000000000 -374858.00000000000000000
-18408.00000000000000000 25281.00000000000000000 -374858.00000000000000000
-18404.00000000000000000 25289.00000000000000000 -281127.00000000000000000
-18400.00000000000000000 25296.00000000000000000 -281127.00000000000000000
-18396.00000000000000000 25304.00000000000000000 -281127.00000000000000000
-18392.00000000000000000 25311.00000000000000000 -281127.00000000000000000
-18392.00000000000000000 25311.00000000000000000 -281127.00000000000000000
-18388.00000000000000000 25319.00000000000000000 -281127.00000000000000000
-18384.00000000000000000 25326.00000000000000000 -281127.00000000000000000
-18380.00000000000000000 25334.00000000000000000 -281127.00000000000000000
-18376.00000000000000000 25341.00000000000000000 -281127.00000000000000000
-18376.00000000000000000 25341.00000000000000000 -281127.00000000000000000
-18372.00000000000000000 25349.00000000000000000 -281127.00000000000000000
-18367.00000000000000000 25356.00000000000000000 -281127.00000000000000000
-18362.00000000000000000 25364.00000000000000000 -281127.00000000000000000
-18358.00000000000000000 25371.00000000000000000 -281127.00000000000000000
-18358.00000000000000000 25371.00000000000000000 -281127.00000000000000000
-18353.00000000000000000 25379.00000000000000000 -281127.00000000000000000
-18349.00000000000000000 25386.00000000000000000 -281114.00000000000000000
-18344.00000000000000000 25393.00000000000000000 -281114.00000000000000000
-18340.00000000000000000 25400.00000000000000000 -281114.00000000000000000
-18340.00000000000000000 25400.00000000000000000 -281114.00000000000000000
-18335.00000000000000000 25408.00000000000000000 -281114.00000000000000000
-18330.00000000000000000 25414.00000000000000000 -281114.00000000000000000
-18325.00000000000000000 25422.00000000000000000 -281114.00000000000000000
-18320.00000000000000000 25429.00000000000000000 -281114.00000000000000000
-18320.00000000000000000 25429.00000000000000000 -281114.00000000000000000
-18316.00000000000000000 25436.00000000000000000 -281114.00000000000000000
-18311.00000000000000000 25443.00000000000000000 -281114.00000000000000000
-18306.00000000000000000 25449.00000000000000000 -281114.00000000000000000
-18301.00000000000000000 25456.00000000000000000 -281114.00000000000000000
-18301.00000000000000000 25456.00000000000000000 -281114.00000000000000000
-18296.00000000000000000 25464.00000000000000000 -281114.00000000000000000
-18291.00000000000000000 25470.00000000000000000 -281114.00000000000000000
-18285.00000000000000000 25477.00000000000000000 -280913.00000000000000000
-18281.00000000000000000 25484.00000000000000000 -280913.00000000000000000
-18281.00000000000000000 25484.00000000000000000 -280913.00000000000000000
-18275.00000000000000000 25491.00000000000000000 -280913.00000000000000000
-18270.00000000000000000 25498.00000000000000000 -280913.00000000000000000
-18265.00000000000000000 25504.00000000000000000 -280913.00000000000000000
-18265.00000000000000000 25504.00000000000000000 -280913.00000000000000000
-18259.00000000000000000 25511.00000000000000000 -280913.00000000000000000
-18254.00000000000000000 25518.00000000000000000 -280913.00000000000000000
-18249.00000000000000000 25525.00000000000000000 -280913.00000000000000000
-18243.00000000000000000 25531.00000000000000000 -280913.00000000000000000
-18243.00000000000000000 25531.00000000000000000 -280913.00000000000000000
-18238.00000000000000000 25538.00000000000000000 -280913.00000000000000000
-18232.00000000000000000 25544.00000000000000000 -280913.00000000000000000
-18226.00000000000000000 25550.00000000000000000 -280913.00000000000000000
-18221.00000000000000000 25557.00000000000000000 -280913.00000000000000000
-18221.00000000000000000 25557.00000000000000000 -280913.00000000000000000
-18215.00000000000000000 25564.00000000000000000 -374724.00000000000000000
-18209.00000000000000000 25570.00000000000000000 -374724.00000000000000000
-18203.00000000000000000 25576.00000000000000000 -374724.00000000000000000
-18198.00000000000000000 25582.00000000000000000 -374724.00000000000000000
-18198.00000000000000000 25582.00000000000000000 -374724.00000000000000000
-18192.00000000000000000 25588.00000000000000000 -374724.00000000000000000
-18186.00000000000000000 25594.00000000000000000 -374724.00000000000000000
-18180.00000000000000000 25601.00000000000000000 -374724.00000000000000000
-18174.00000000000000000 25607.00000000000000000 -374724.00000000000000000
-18174.00000000000000000 25607.00000000000000000 -374724.00000000000000000
-18168.00000000000000000 25613.00000000000000000 -374724.00000000000000000
-18162.00000000000000000 25619.00000000000000000 -374724.00000000000000000
-18156.00000000000000000 25625.00000000000000000 -374724.00000000000000000
-18150.00000000000000000 25631.00000000000000000 -374724.00000000000000000
-18150.00000000000000000 25631.00000000000000000 -374724.00000000000000000
-18144.00000000000000000 25636.00000000000000000 -374724.00000000000000000
-18137.00000000000000000 25642.00000000000000000 -281248.00000000000000000
-18131.00000000000000000 25648.00000000000000000 -281248.00000000000000000
-18125.00000000000000000 25654.00000000000000000 -281248.00000000000000000
-18125.00000000000000000 25654.00000000000000000 -281248.00000000000000000
-18118.00000000000000000 25660.00000000000000000 -281248.00000000000000000
-18112.00000000000000000 25666.00000000000000000 -281248.00000000000000000
-18105.00000000000000000 25671.00000000000000000 -281248.00000000000000000
-18099.00000000000000000 25677.00000000000000000 -281248.00000000000000000
-18099.00000000000000000 25677.00000000000000000 -281248.00000000000000000
-18093.00000000000000000 25683.00000000000000000 -281248.00000000000000000
-18086.00000000000000000 25689.00000000000000000 -281248.00000000000000000
-18079.00000000000000000 25694.00000000000000000 -281248.00000000000000000
-18079.00000000000000000 25694.00000000000000000 -281248.00000000000000000
-18073.00000000000000000 25699.00000000000000000 -281248.00000000000000000
-18066.00000000000000000 25705.00000000000000000 -281248.00000000000000000
-18059.00000000000000000 25710.00000000000000000 -281248.00000000000000000
-18053.00000000000000000 25715.00000000000000000 -281328.00000000000000000
-18053.00000000000000000 25715.00000000000000000 -281328.00000000000000000
-18046.00000000000000000 25721.00000000000000000 -281328.00000000000000000
-18039.00000000000000000 25726.00000000000000000 -281328.00000000000000000
-18032.00000000000000000 25731.00000000000000000 -281328.00000000000000000
-18025.00000000000000000 25736.00000000000000000 -281328.00000000000000000
-18025.00000000000000000 25736.00000000000000000 -281328.00000000000000000
-18019.00000000000000000 25741.00000000000000000 -281328.00000000000000000
-18011.00000000000000000 25746.00000000000000000 -281328.00000000000000000
-18005.00000000000000000 25751.00000000000000000 -281328.00000000000000000
-17997.00000000000000000 25756.00000000000000000 -281328.00000000000000000
-17997.00000000000000000 25756.00000000000000000 -281328.00000000000000000
-17991.00000000000000000 25761.00000000000000000 -281328.00000000000000000
-17983.00000000000000000 25766.00000000000000000 -281328.00000000000000000
-17976.00000000000000000 25771.00000000000000000 -281328.00000000000000000
-17969.00000000000000000 25775.00000000000000000 -281328.00000000000000000
-17969.00000000000000000 25775.00000000000000000 -281328.00000000000000000
-17962.00000000000000000 25780.00000000000000000 -375435.00000000000000000
-17955.00000000000000000 25785.00000000000000000 -375435.00000000000000000
-17948.00000000000000000 25789.00000000000000000 -375435.00000000000000000
-17941.00000000000000000 25794.00000000000000000 -375435.00000000000000000
-17941.00000000000000000 25794.00000000000000000 -375435.00000000000000000
-17933.00000000000000000 25798.00000000000000000 -375435.00000000000000000
-17926.00000000000000000 25803.00000000000000000 -375435.00000000000000000
-17919.00000000000000000 25807.00000000000000000 -375435.00000000000000000
-17912.00000000000000000 25812.00000000000000000 -375435.00000000000000000
-17912.00000000000000000 25812.00000000000000000 -375435.00000000000000000
-17904.00000000000000000 25816.00000000000000000 -375435.00000000000000000
-17897.00000000000000000 25820.00000000000000000 -375435.00000000000000000
-17889.00000000000000000 25825.00000000000000000 -375435.00000000000000000
-17882.00000000000000000 25829.00000000000000000 -375435.00000000000000000
-17882.00000000000000000 25829.00000000000000000 -375435.00000000000000000
-17874.00000000000000000 25833.00000000000000000 -375435.00000000000000000
-17867.00000000000000000 25837.00000000000000000 -281154.00000000000000000
-17859.00000000000000000 25841.00000000000000000 -281154.00000000000000000
-17852.00000000000000000 25845.00000000000000000 -281154.00000000000000000
-17852.00000000000000000 25845.00000000000000000 -281154.00000000000000000
-17844.00000000000000000 25849.00000000000000000 -281154.00000000000000000
-17837.00000000000000000 25853.00000000000000000 -281154.00000000000000000
-17829.00000000000000000 25857.00000000000000000 -281154.00000000000000000
-17821.00000000000000000 25860.00000000000000000 -281154.00000000000000000
-17821.00000000000000000 25860.00000000000000000 -281154.00000000000000000
-17814.00000000000000000 25864.00000000000000000 -281154.00000000000000000
-17806.00000000000000000 25868.00000000000000000 -281154.00000000000000000
-17798.00000000000000000 25871.00000000000000000 -281154.00000000000000000
-17791.00000000000000000 25875.00000000000000000 -281154.00000000000000000
-17791.00000000000000000 25875.00000000000000000 -281154.00000000000000000
-17783.00000000000000000 25879.00000000000000000 -281154.00000000000000000
-17775.00000000000000000 25882.00000000000000000 -281154.00000000000000000
-17767.00000000000000000 25885.00000000000000000 -281395.00000000000000000
-17759.00000000000000000 25889.00000000000000000 -281395.00000000000000000
-17759.00000000000000000 25889.00000000000000000 -281395.00000000000000000
-17751.00000000000000000 25892.00000000000000000 -281395.00000000000000000
-17744.00000000000000000 25895.00000000000000000 -281395.00000000000000000
-17736.00000000000000000 25898.00000000000000000 -281395.00000000000000000
-17728.00000000000000000 25901.00000000000000000 -281395.00000000000000000
-17728.00000000000000000 25901.00000000000000000 -281395.00000000000000000
-17720.00000000000000000 25905.00000000000000000 -281395.00000000000000000
-17713.00000000000000000 25908.00000000000000000 -281395.00000000000000000
-17706.00000000000000000 25910.00000000000000000 -281395.00000000000000000
-17706.00000000000000000 25910.00000000000000000 -281395.00000000000000000
-17699.00000000000000000 25913.00000000000000000 -281395.00000000000000000
-17693.00000000000000000 25915.00000000000000000 -281395.00000000000000000
-17686.00000000000000000 25918.00000000000000000 -281395.00000000000000000
-17681.00000000000000000 25920.00000000000000000 -281395.00000000000000000
-17681.00000000000000000 25920.00000000000000000 -281395.00000000000000000
-17675.00000000000000000 25922.00000000000000000 -270170.00000000000000000
-17670.00000000000000000 25924.00000000000000000 -270170.00000000000000000
-17664.00000000000000000 25926.00000000000000000 -270170.00000000000000000
-17657.00000000000000000 25929.00000000000000000 -270170.00000000000000000
-17657.00000000000000000 25929.00000000000000000 -270170.00000000000000000
-17651.00000000000000000 25931.00000000000000000 -270170.00000000000000000
-17644.00000000000000000 25934.00000000000000000 -270170.00000000000000000
-17636.00000000000000000 25937.00000000000000000 -270170.00000000000000000
-17626.00000000000000000 25940.00000000000000000 -270170.00000000000000000
-17626.00000000000000000 25940.00000000000000000 -270170.00000000000000000
-17615.00000000000000000 25944.00000000000000000 -270170.00000000000000000
-17604.00000000000000000 25948.00000000000000000 -270170.00000000000000000
-17589.00000000000000000 25953.00000000000000000 -270170.00000000000000000
-17574.00000000000000000 25958.00000000000000000 -270170.00000000000000000
-17574.00000000000000000 25958.00000000000000000 -270170.00000000000000000
-17555.00000000000000000 25965.00000000000000000 -270170.00000000000000000
-17536.00000000000000000 25971.00000000000000000 -145687.00000000000000000
-17512.00000000000000000 25979.00000000000000000 -145687.00000000000000000
-17487.00000000000000000 25988.00000000000000000 -145687.00000000000000000
-17487.00000000000000000 25988.00000000000000000 -145687.00000000000000000
-17457.00000000000000000 25998.00000000000000000 -145687.00000000000000000
-17423.00000000000000000 26009.00000000000000000 -145687.00000000000000000
-17389.00000000000000000 26021.00000000000000000 -145687.00000000000000000
-17348.00000000000000000 26034.00000000000000000 -145687.00000000000000000
-17348.00000000000000000 26034.00000000000000000 -145687.00000000000000000
-17306.00000000000000000 26048.00000000000000000 -145687.00000000000000000
-17257.00000000000000000 26065.00000000000000000 -145687.00000000000000000
-17203.00000000000000000 26083.00000000000000000 -145687.00000000000000000
-17150.00000000000000000 26101.00000000000000000 -145687.00000000000000000
-17150.00000000000000000 26101.00000000000000000 -145687.00000000000000000
-17088.00000000000000000 26122.00000000000000000 -145687.00000000000000000
-17028.00000000000000000 26142.00000000000000000 -145687.00000000000000000
-16959.00000000000000000 26165.00000000000000000 -22477.00000000000000000
-16959.00000000000000000 26165.00000000000000000 -22477.00000000000000000
-16894.00000000000000000 26187.00000000000000000 -22477.00000000000000000
-16822.00000000000000000 26211.00000000000000000 -22477.00000000000000000
-16748.00000000000000000 26236.00000000000000000 -22477.00000000000000000
-16680.00000000000000000 26259.00000000000000000 -22477.00000000000000000
-16680.00000000000000000 26259.00000000000000000 -22477.00000000000000000
-16606.00000000000000000 26284.00000000000000000 -22477.00000000000000000
-16538.00000000000000000 26307.00000000000000000 -22477.00000000000000000
-16464.00000000000000000 26331.00000000000000000 -22477.00000000000000000
-16390.00000000000000000 26356.00000000000000000 -22477.00000000000000000
-16390.00000000000000000 26356.00000000000000000 -22477.00000000000000000
-16321.00000000000000000 26379.00000000000000000 -22477.00000000000000000
-16247.00000000000000000 26404.00000000000000000 -22477.00000000000000000
-16179.00000000000000000 26427.00000000000000000 -22477.00000000000000000
-16105.00000000000000000 26451.00000000000000000 -22477.00000000000000000
-16105.00000000000000000 26451.00000000000000000 -22477.00000000000000000
-16037.00000000000000000 26474.00000000000000000 -1207.00000000000000000
-15963.00000000000000000 26499.00000000000000000 -1207.00000000000000000
-15889.00000000000000000 26524.00000000000000000 -1207.00000000000000000
-15821.00000000000000000 26547.00000000000000000 -1207.00000000000000000
-15821.00000000000000000 26547.00000000000000000 -1207.00000000000000000
-15747.00000000000000000 26572.00000000000000000 -1207.00000000000000000
-15679.00000000000000000 26594.00000000000000000 -1207.00000000000000000
-15605.00000000000000000 26619.00000000000000000 -1207.00000000000000000
-15536.00000000000000000 26642.00000000000000000 -1207.00000000000000000
-15536.00000000000000000 26642.00000000000000000 -1207.00000000000000000
-15462.00000000000000000 26667.00000000000000000 -1207.00000000000000000
-15388.00000000000000000 26692.00000000000000000 -1207.00000000000000000
-15320.00000000000000000 26715.00000000000000000 -1207.00000000000000000
-15246.00000000000000000 26739.00000000000000000 -1207.00000000000000000
-15246.00000000000000000 26739.00000000000000000 -1207.00000000000000000
-15178.00000000000000000 26762.00000000000000000 -1207.00000000000000000
-15104.00000000000000000 26787.00000000000000000 -161.00000000000000000
-15036.00000000000000000 26810.00000000000000000 -161.00000000000000000
-14962.00000000000000000 26835.00000000000000000 -161.00000000000000000
-14962.00000000000000000 26835.00000000000000000 -161.00000000000000000
-14894.00000000000000000 26858.00000000000000000 -161.00000000000000000
-14820.00000000000000000 26883.00000000000000000 -161.00000000000000000
-14751.00000000000000000 26906.00000000000000000 -161.00000000000000000
-14677.00000000000000000 26930.00000000000000000 -161.00000000000000000
-14677.00000000000000000 26930.00000000000000000 -161.00000000000000000
-14604.00000000000000000 26955.00000000000000000 -161.00000000000000000
-14535.00000000000000000 26978.00000000000000000 -161.00000000000000000
-14461.00000000000000000 27003.00000000000000000 -161.00000000000000000
-14461.00000000000000000 27003.00000000000000000 -161.00000000000000000
-14387.00000000000000000 27028.00000000000000000 -161.00000000000000000
-14319.00000000000000000 27051.00000000000000000 -161.00000000000000000
-14245.00000000000000000 27076.00000000000000000 -161.00000000000000000
-14177.00000000000000000 27098.00000000000000000 13.00000000000000000
-14177.00000000000000000 27098.00000000000000000 13.00000000000000000
-14103.00000000000000000 27123.00000000000000000 13.00000000000000000
-14035.00000000000000000 27146.00000000000000000 13.00000000000000000
-13961.00000000000000000 27171.00000000000000000 13.00000000000000000
-13887.00000000000000000 27196.00000000000000000 13.00000000000000000
-13887.00000000000000000 27196.00000000000000000 13.00000000000000000
-13818.00000000000000000 27218.00000000000000000 13.00000000000000000
-13745.00000000000000000 27243.00000000000000000 13.00000000000000000
-13676.00000000000000000 27266.00000000000000000 13.00000000000000000
-13602.00000000000000000 27291.00000000000000000 13.00000000000000000
-13602.00000000000000000 27291.00000000000000000 13.00000000000000000
-13534.00000000000000000 27316.00000000000000000 13.00000000000000000
-13460.00000000000000000 27339.00000000000000000 13.00000000000000000
-13386.00000000000000000 27364.00000000000000000 13.00000000000000000
-13318.00000000000000000 27386.00000000000000000 13.00000000000000000
-13318.00000000000000000 27386.00000000000000000 13.00000000000000000
-13244.00000000000000000 27411.00000000000000000 27.00000000000000000
-13176.00000000000000000 27434.00000000000000000 27.00000000000000000
-13102.00000000000000000 27459.00000000000000000 27.00000000000000000
-13034.00000000000000000 27482.00000000000000000 27.00000000000000000
-13034.00000000000000000 27482.00000000000000000 27.00000000000000000
-12960.00000000000000000 27507.00000000000000000 27.00000000000000000
-12886.00000000000000000 27532.00000000000000000 27.00000000000000000
-12817.00000000000000000 27555.00000000000000000 27.00000000000000000
-12743.00000000000000000 27579.00000000000000000 27.00000000000000000
-12743.00000000000000000 27579.00000000000000000 27.00000000000000000
-12675.00000000000000000 27602.00000000000000000 27.00000000000000000
-12601.00000000000000000 27627.00000000000000000 27.00000000000000000
-12527.00000000000000000 27652.00000000000000000 27.00000000000000000
-12459.00000000000000000 27675.00000000000000000 27.00000000000000000
-12459.00000000000000000 27675.00000000000000000 27.00000000000000000
-12385.00000000000000000 27700.00000000000000000 27.00000000000000000
-12317.00000000000000000 27723.00000000000000000 -40.00000000000000000
-12243.00000000000000000 27747.00000000000000000 -40.00000000000000000
-12175.00000000000000000 27770.00000000000000000 -40.00000000000000000
-12175.00000000000000000 27770.00000000000000000 -40.00000000000000000
-12101.00000000000000000 27795.00000000000000000 -40.00000000000000000
-12032.00000000000000000 27818.00000000000000000 -40.00000000000000000
-11958.00000000000000000 27843.00000000000000000 -40.00000000000000000
-11958.00000000000000000 27843.00000000000000000 -40.00000000000000000
-11885.00000000000000000 27867.00000000000000000 -40.00000000000000000
-11816.00000000000000000 27890.00000000000000000 -40.00000000000000000
-11742.00000000000000000 27915.00000000000000000 -40.00000000000000000
-11674.00000000000000000 27938.00000000000000000 -40.00000000000000000
-11674.00000000000000000 27938.00000000000000000 -40.00000000000000000
-11600.00000000000000000 27963.00000000000000000 -40.00000000000000000
-11526.00000000000000000 27988.00000000000000000 -40.00000000000000000
-11458.00000000000000000 28011.00000000000000000 -40.00000000000000000
-11384.00000000000000000 28035.00000000000000000 0.00000000000000000
-11384.00000000000000000 28035.00000000000000000 0.00000000000000000
-11316.00000000000000000 28058.00000000000000000 0.00000000000000000
-11242.00000000000000000 28083.00000000000000000 0.00000000000000000
-11175.00000000000000000 28106.00000000000000000 0.00000000000000000
-11104.00000000000000000 28130.00000000000000000 0.00000000000000000
-11104.00000000000000000 28130.00000000000000000 0.00000000000000000
-11041.00000000000000000 28151.00000000000000000 0.00000000000000000
-10976.00000000000000000 28173.00000000000000000 0.00000000000000000
-10915.00000000000000000 28193.00000000000000000 0.00000000000000000
-10862.00000000000000000 28211.00000000000000000 0.00000000000000000
-10862.00000000000000000 28211.00000000000000000 0.00000000000000000
-10809.00000000000000000 28228.00000000000000000 0.00000000000000000
-10764.00000000000000000 28244.00000000000000000 0.00000000000000000
-10719.00000000000000000 28259.00000000000000000 0.00000000000000000
-10678.00000000000000000 28272.00000000000000000 0.00000000000000000
-10678.00000000000000000 28272.00000000000000000 0.00000000000000000
-10644.00000000000000000 28283.00000000000000000 -2575.00000000000000000
-10611.00000000000000000 28294.00000000000000000 -2575.00000000000000000
-10583.00000000000000000 28303.00000000000000000 -2575.00000000000000000
-10558.00000000000000000 28311.00000000000000000 -2575.00000000000000000
-10558.00000000000000000 28311.00000000000000000 -2575.00000000000000000
-10535.00000000000000000 28318.00000000000000000 -2575.00000000000000000
-10518.00000000000000000 28324.00000000000000000 -2575.00000000000000000
-10501.00000000000000000 28328.00000000000000000 -2575.00000000000000000
-10489.00000000000000000 28332.00000000000000000 -2575.00000000000000000
-10489.00000000000000000 28332.00000000000000000 -2575.00000000000000000
-10477.00000000000000000 28335.00000000000000000 -2575.00000000000000000
-10467.00000000000000000 28337.00000000000000000 -2575.00000000000000000
-10458.00000000000000000 28340.00000000000000000 -2575.00000000000000000
-10458.00000000000000000 28340.00000000000000000 -2575.00000000000000000
-10450.00000000000000000 28342.00000000000000000 -2575.00000000000000000
-10442.00000000000000000 28344.00000000000000000 -2575.00000000000000000
-10433.00000000000000000 28346.00000000000000000 -88984.00000000000000000
-10425.00000000000000000 28348.00000000000000000 -88984.00000000000000000
-10425.00000000000000000 28348.00000000000000000 -88984.00000000000000000
-10415.00000000000000000 28351.00000000000000000 -88984.00000000000000000
-10405.00000000000000000 28354.00000000000000000 -88984.00000000000000000
-10395.00000000000000000 28356.00000000000000000 -88984.00000000000000000
-10384.00000000000000000 28359.00000000000000000 -88984.00000000000000000
-10384.00000000000000000 28359.00000000000000000 -88984.00000000000000000
-10372.00000000000000000 28362.00000000000000000 -88984.00000000000000000
-10360.00000000000000000 28365.00000000000000000 -88984.00000000000000000
-10348.00000000000000000 28368.00000000000000000 -88984.00000000000000000
-10335.00000000000000000 28371.00000000000000000 -88984.00000000000000000
-10335.00000000000000000 28371.00000000000000000 -88984.00000000000000000
-10323.00000000000000000 28374.00000000000000000 -88984.00000000000000000
-10310.00000000000000000 28376.00000000000000000 -88984.00000000000000000
-10296.00000000000000000 28379.00000000000000000 -88984.00000000000000000
-10284.00000000000000000 28382.00000000000000000 -233691.00000000000000000
-10284.00000000000000000 28382.00000000000000000 -233691.00000000000000000
-10271.00000000000000000 28384.00000000000000000 -233691.00000000000000000
-10258.00000000000000000 28387.00000000000000000 -233691.00000000000000000
-10245.00000000000000000 28389.00000000000000000 -233691.00000000000000000
-10233.00000000000000000 28391.00000000000000000 -233691.00000000000000000
-10233.00000000000000000 28391.00000000000000000 -233691.00000000000000000
-10219.00000000000000000 28393.00000000000000000 -233691.00000000000000000
-10207.00000000000000000 28395.00000000000000000 -233691.00000000000000000
-10193.00000000000000000 28397.00000000000000000 -233691.00000000000000000
-10180.00000000000000000 28399.00000000000000000 -233691.00000000000000000
-10180.00000000000000000 28399.00000000000000000 -233691.00000000000000000
-10167.00000000000000000 28400.00000000000000000 -233691.00000000000000000
-10154.00000000000000000 28402.00000000000000000 -233691.00000000000000000
-10140.00000000000000000 28404.00000000000000000 -233691.00000000000000000
-10128.00000000000000000 28405.00000000000000000 -233691.00000000000000000
-10128.00000000000000000 28405.00000000000000000 -233691.00000000000000000
-10114.00000000000000000 28407.00000000000000000 -278297.00000000000000000
-10102.00000000000000000 28408.00000000000000000 -278297.00000000000000000
-10088.00000000000000000 28409.00000000000000000 -278297.00000000000000000
-10076.00000000000000000 28410.00000000000000000 -278297.00000000000000000
-10076.00000000000000000 28410.00000000000000000 -278297.00000000000000000
-10062.00000000000000000 28412.00000000000000000 -278297.00000000000000000
-10050.00000000000000000 28412.00000000000000000 -278297.00000000000000000
-10037.00000000000000000 28413.00000000000000000 -278297.00000000000000000
-10037.00000000000000000 28413.00000000000000000 -278297.00000000000000000
-10024.00000000000000000 28414.00000000000000000 -278297.00000000000000000
-10012.00000000000000000 28415.00000000000000000 -278297.00000000000000000
-10000.00000000000000000 28416.00000000000000000 -278297.00000000000000000
-9989.00000000000000000 28416.00000000000000000 -278297.00000000000000000
-9989.00000000000000000 28416.00000000000000000 -278297.00000000000000000
-9978.00000000000000000 28417.00000000000000000 -278297.00000000000000000
-9968.00000000000000000 28417.00000000000000000 -278297.00000000000000000
-9958.00000000000000000 28418.00000000000000000 -271659.00000000000000000
-9949.00000000000000000 28418.00000000000000000 -271659.00000000000000000
-9949.00000000000000000 28418.00000000000000000 -271659.00000000000000000
-9940.00000000000000000 28418.00000000000000000 -271659.00000000000000000
-9931.00000000000000000 28419.00000000000000000 -271659.00000000000000000
-9923.00000000000000000 28419.00000000000000000 -271659.00000000000000000
-9915.00000000000000000 28419.00000000000000000 -271659.00000000000000000
-9915.00000000000000000 28419.00000000000000000 -271659.00000000000000000
-9907.00000000000000000 28419.00000000000000000 -271659.00000000000000000
-9897.00000000000000000 28420.00000000000000000 -271659.00000000000000000
-9887.00000000000000000 28420.00000000000000000 -271659.00000000000000000
-9876.00000000000000000 28420.00000000000000000 -271659.00000000000000000
-9876.00000000000000000 28420.00000000000000000 -271659.00000000000000000
-9862.00000000000000000 28420.00000000000000000 -271659.00000000000000000
-9848.00000000000000000 28420.00000000000000000 -271659.00000000000000000
-9830.00000000000000000 28420.00000000000000000 -271659.00000000000000000
-9811.00000000000000000 28420.00000000000000000 -154310.00000000000000000
-9811.00000000000000000 28420.00000000000000000 -154310.00000000000000000
-9788.00000000000000000 28421.00000000000000000 -154310.00000000000000000
-9761.00000000000000000 28421.00000000000000000 -154310.00000000000000000
-9733.00000000000000000 28421.00000000000000000 -154310.00000000000000000
-9699.00000000000000000 28421.00000000000000000 -154310.00000000000000000
-9699.00000000000000000 28421.00000000000000000 -154310.00000000000000000
-9664.00000000000000000 28421.00000000000000000 -154310.00000000000000000
-9622.00000000000000000 28421.00000000000000000 -154310.00000000000000000
-9578.00000000000000000 28421.00000000000000000 -154310.00000000000000000
-9526.00000000000000000 28421.00000000000000000 -154310.00000000000000000
-9526.00000000000000000 28421.00000000000000000 -154310.00000000000000000
-9469.00000000000000000 28421.00000000000000000 -154310.00000000000000000
-9412.00000000000000000 28421.00000000000000000 -154310.00000000000000000
-9346.00000000000000000 28421.00000000000000000 -154310.00000000000000000
-9346.00000000000000000 28421.00000000000000000 -154310.00000000000000000
-9281.00000000000000000 28421.00000000000000000 -154310.00000000000000000
-9208.00000000000000000 28421.00000000000000000 -31315.00000000000000000
-9133.00000000000000000 28421.00000000000000000 -31315.00000000000000000
-9061.00000000000000000 28421.00000000000000000 -31315.00000000000000000
-9061.00000000000000000 28421.00000000000000000 -31315.00000000000000000
-8984.00000000000000000 28421.00000000000000000 -31315.00000000000000000
-8912.00000000000000000 28421.00000000000000000 -31315.00000000000000000
-8834.00000000000000000 28421.00000000000000000 -31315.00000000000000000
-8762.00000000000000000 28421.00000000000000000 -31315.00000000000000000
-8762.00000000000000000 28421.00000000000000000 -31315.00000000000000000
-8684.00000000000000000 28420.00000000000000000 -31315.00000000000000000
-8606.00000000000000000 28420.00000000000000000 -31315.00000000000000000
-8534.00000000000000000 28420.00000000000000000 -31315.00000000000000000
-8456.00000000000000000 28420.00000000000000000 -31315.00000000000000000
-8456.00000000000000000 28420.00000000000000000 -31315.00000000000000000
-8384.00000000000000000 28420.00000000000000000 -31315.00000000000000000
-8306.00000000000000000 28421.00000000000000000 -31315.00000000000000000
-8234.00000000000000000 28421.00000000000000000 -2132.00000000000000000
-8156.00000000000000000 28421.00000000000000000 -2132.00000000000000000
-8156.00000000000000000 28421.00000000000000000 -2132.00000000000000000
-8084.00000000000000000 28421.00000000000000000 -2132.00000000000000000
-8006.00000000000000000 28421.00000000000000000 -2132.00000000000000000
-7928.00000000000000000 28420.00000000000000000 -2132.00000000000000000
-7856.00000000000000000 28421.00000000000000000 -2132.00000000000000000
-7856.00000000000000000 28421.00000000000000000 -2132.00000000000000000
-7784.00000000000000000 28420.00000000000000000 -2132.00000000000000000
-7706.00000000000000000 28421.00000000000000000 -2132.00000000000000000
-7628.00000000000000000 28421.00000000000000000 -2132.00000000000000000
-7556.00000000000000000 28421.00000000000000000 -2132.00000000000000000
-7556.00000000000000000 28421.00000000000000000 -2132.00000000000000000
-7478.00000000000000000 28420.00000000000000000 -2132.00000000000000000
-7406.00000000000000000 28421.00000000000000000 -2132.00000000000000000
-7328.00000000000000000 28420.00000000000000000 -2132.00000000000000000
-7256.00000000000000000 28421.00000000000000000 -268.00000000000000000
-7256.00000000000000000 28421.00000000000000000 -268.00000000000000000
-7178.00000000000000000 28421.00000000000000000 -268.00000000000000000
-7106.00000000000000000 28421.00000000000000000 -268.00000000000000000
-7031.00000000000000000 28421.00000000000000000 -268.00000000000000000
-6965.00000000000000000 28421.00000000000000000 -268.00000000000000000
-6965.00000000000000000 28421.00000000000000000 -268.00000000000000000
-6899.00000000000000000 28421.00000000000000000 -268.00000000000000000
-6846.00000000000000000 28421.00000000000000000 -268.00000000000000000
-6796.00000000000000000 28421.00000000000000000 -268.00000000000000000
-6753.00000000000000000 28421.00000000000000000 -268.00000000000000000
-6753.00000000000000000 28421.00000000000000000 -268.00000000000000000
-6718.00000000000000000 28420.00000000000000000 -268.00000000000000000
-6685.00000000000000000 28420.00000000000000000 -268.00000000000000000
-6657.00000000000000000 28420.00000000000000000 -268.00000000000000000
-6634.00000000000000000 28420.00000000000000000 -268.00000000000000000
-6634.00000000000000000 28420.00000000000000000 -268.00000000000000000
-6612.00000000000000000 28420.00000000000000000 -5002.00000000000000000
-6594.00000000000000000 28419.00000000000000000 -5002.00000000000000000
-6576.00000000000000000 28419.00000000000000000 -5002.00000000000000000
-6561.00000000000000000 28419.00000000000000000 -5002.00000000000000000
-6561.00000000000000000 28419.00000000000000000 -5002.00000000000000000
-6546.00000000000000000 28418.00000000000000000 -5002.00000000000000000
-6533.00000000000000000 28418.00000000000000000 -5002.00000000000000000
-6519.00000000000000000 28417.00000000000000000 -5002.00000000000000000
-6507.00000000000000000 28416.00000000000000000 -5002.00000000000000000
-6507.00000000000000000 28416.00000000000000000 -5002.00000000000000000
-6495.00000000000000000 28416.00000000000000000 -5002.00000000000000000
-6483.00000000000000000 28415.00000000000000000 -5002.00000000000000000
-6471.00000000000000000 28414.00000000000000000 -5002.00000000000000000
-6471.00000000000000000 28414.00000000000000000 -5002.00000000000000000
-6459.00000000000000000 28414.00000000000000000 -5002.00000000000000000
-6447.00000000000000000 28413.00000000000000000 -5002.00000000000000000
-6433.00000000000000000 28413.00000000000000000 -101000.00000000000000000
-6421.00000000000000000 28412.00000000000000000 -101000.00000000000000000
-6421.00000000000000000 28412.00000000000000000 -101000.00000000000000000
-6407.00000000000000000 28411.00000000000000000 -101000.00000000000000000
-6394.00000000000000000 28410.00000000000000000 -101000.00000000000000000
-6379.00000000000000000 28409.00000000000000000 -101000.00000000000000000
-6364.00000000000000000 28408.00000000000000000 -101000.00000000000000000
-6364.00000000000000000 28408.00000000000000000 -101000.00000000000000000
-6349.00000000000000000 28406.00000000000000000 -101000.00000000000000000
-6334.00000000000000000 28405.00000000000000000 -101000.00000000000000000
-6317.00000000000000000 28403.00000000000000000 -101000.00000000000000000
-6300.00000000000000000 28401.00000000000000000 -101000.00000000000000000
-6300.00000000000000000 28401.00000000000000000 -101000.00000000000000000
-6284.00000000000000000 28399.00000000000000000 -101000.00000000000000000
-6268.00000000000000000 28398.00000000000000000 -101000.00000000000000000
-6251.00000000000000000 28395.00000000000000000 -101000.00000000000000000
-6236.00000000000000000 28393.00000000000000000 -242543.00000000000000000
-6236.00000000000000000 28393.00000000000000000 -242543.00000000000000000
-6219.00000000000000000 28391.00000000000000000 -242543.00000000000000000
-6203.00000000000000000 28389.00000000000000000 -242543.00000000000000000
-6186.00000000000000000 28386.00000000000000000 -242543.00000000000000000
-6169.00000000000000000 28383.00000000000000000 -242543.00000000000000000
-6169.00000000000000000 28383.00000000000000000 -242543.00000000000000000
-6154.00000000000000000 28381.00000000000000000 -242543.00000000000000000
-6137.00000000000000000 28378.00000000000000000 -242543.00000000000000000
-6122.00000000000000000 28375.00000000000000000 -242543.00000000000000000
-6105.00000000000000000 28372.00000000000000000 -242543.00000000000000000
-6105.00000000000000000 28372.00000000000000000 -242543.00000000000000000
-6090.00000000000000000 28369.00000000000000000 -242543.00000000000000000
-6073.00000000000000000 28365.00000000000000000 -242543.00000000000000000
-6056.00000000000000000 28362.00000000000000000 -242543.00000000000000000
-6041.00000000000000000 28359.00000000000000000 -242543.00000000000000000
-6041.00000000000000000 28359.00000000000000000 -242543.00000000000000000
-6024.00000000000000000 28355.00000000000000000 -279008.00000000000000000
-6008.00000000000000000 28351.00000000000000000 -279008.00000000000000000
-5993.00000000000000000 28348.00000000000000000 -279008.00000000000000000
-5993.00000000000000000 28348.00000000000000000 -279008.00000000000000000
-5976.00000000000000000 28344.00000000000000000 -279008.00000000000000000
-5961.00000000000000000 28340.00000000000000000 -279008.00000000000000000
-5945.00000000000000000 28336.00000000000000000 -279008.00000000000000000
-5929.00000000000000000 28332.00000000000000000 -279008.00000000000000000
-5929.00000000000000000 28332.00000000000000000 -279008.00000000000000000
-5913.00000000000000000 28327.00000000000000000 -279008.00000000000000000
-5897.00000000000000000 28323.00000000000000000 -279008.00000000000000000
-5881.00000000000000000 28318.00000000000000000 -279008.00000000000000000
-5865.00000000000000000 28313.00000000000000000 -279008.00000000000000000
-5865.00000000000000000 28313.00000000000000000 -279008.00000000000000000
-5850.00000000000000000 28309.00000000000000000 -279008.00000000000000000
-5834.00000000000000000 28304.00000000000000000 -279008.00000000000000000
-5819.00000000000000000 28299.00000000000000000 -374577.00000000000000000
-5803.00000000000000000 28294.00000000000000000 -374577.00000000000000000
-5803.00000000000000000 28294.00000000000000000 -374577.00000000000000000
-5786.00000000000000000 28288.00000000000000000 -374577.00000000000000000
-5771.00000000000000000 28283.00000000000000000 -374577.00000000000000000
-5755.00000000000000000 28278.00000000000000000 -374577.00000000000000000
-5741.00000000000000000 28272.00000000000000000 -374577.00000000000000000
-5741.00000000000000000 28272.00000000000000000 -374577.00000000000000000
-5725.00000000000000000 28267.00000000000000000 -374577.00000000000000000
-5709.00000000000000000 28261.00000000000000000 -374577.00000000000000000
-5694.00000000000000000 28255.00000000000000000 -374577.00000000000000000
-5678.00000000000000000 28249.00000000000000000 -374577.00000000000000000
-5678.00000000000000000 28249.00000000000000000 -374577.00000000000000000
-5664.00000000000000000 28244.00000000000000000 -374577.00000000000000000
-5648.00000000000000000 28237.00000000000000000 -374577.00000000000000000
-5633.00000000000000000 28231.00000000000000000 -374577.00000000000000000
-5617.00000000000000000 28225.00000000000000000 -281047.00000000000000000
-5617.00000000000000000 28225.00000000000000000 -281047.00000000000000000
-5603.00000000000000000 28219.00000000000000000 -281047.00000000000000000
-5587.00000000000000000 28212.00000000000000000 -281047.00000000000000000
-5572.00000000000000000 28205.00000000000000000 -281047.00000000000000000
-5557.00000000000000000 28199.00000000000000000 -281047.00000000000000000
-5557.00000000000000000 28199.00000000000000000 -281047.00000000000000000
-5542.00000000000000000 28192.00000000000000000 -281047.00000000000000000
-5528.00000000000000000 28186.00000000000000000 -281047.00000000000000000
-5512.00000000000000000 28179.00000000000000000 -281047.00000000000000000
-5512.00000000000000000 28179.00000000000000000 -281047.00000000000000000
-5498.00000000000000000 28172.00000000000000000 -281047.00000000000000000
-5483.00000000000000000 28164.00000000000000000 -281047.00000000000000000
-5467.00000000000000000 28157.00000000000000000 -281047.00000000000000000
-5453.00000000000000000 28150.00000000000000000 -281047.00000000000000000
-5453.00000000000000000 28150.00000000000000000 -281047.00000000000000000
-5438.00000000000000000 28142.00000000000000000 -281047.00000000000000000
-5424.00000000000000000 28135.00000000000000000 -281073.00000000000000000
-5409.00000000000000000 28127.00000000000000000 -281073.00000000000000000
-5395.00000000000000000 28119.00000000000000000 -281073.00000000000000000
-5395.00000000000000000 28119.00000000000000000 -281073.00000000000000000
-5380.00000000000000000 28111.00000000000000000 -281073.00000000000000000
-5365.00000000000000000 28103.00000000000000000 -281073.00000000000000000
-5352.00000000000000000 28095.00000000000000000 -281073.00000000000000000
-5337.00000000000000000 28087.00000000000000000 -281073.00000000000000000
-5337.00000000000000000 28087.00000000000000000 -281073.00000000000000000
-5323.00000000000000000 28079.00000000000000000 -281073.00000000000000000
-5308.00000000000000000 28070.00000000000000000 -281073.00000000000000000
-5294.00000000000000000 28062.00000000000000000 -281073.00000000000000000
-5280.00000000000000000 28054.00000000000000000 -281073.00000000000000000
-5280.00000000000000000 28054.00000000000000000 -281073.00000000000000000
-5266.00000000000000000 28045.00000000000000000 -281073.00000000000000000
-5253.00000000000000000 28037.00000000000000000 -281073.00000000000000000
-5238.00000000000000000 28028.00000000000000000 -375368.00000000000000000
-5225.00000000000000000 28019.00000000000000000 -375368.00000000000000000
-5225.00000000000000000 28019.00000000000000000 -375368.00000000000000000
-5211.00000000000000000 28010.00000000000000000 -375368.00000000000000000
-5197.00000000000000000 28000.00000000000000000 -375368.00000000000000000
-5184.00000000000000000 27992.00000000000000000 -375368.00000000000000000
-5170.00000000000000000 27982.00000000000000000 -375368.00000000000000000
-5170.00000000000000000 27982.00000000000000000 -375368.00000000000000000
-5157.00000000000000000 27973.00000000000000000 -375368.00000000000000000
-5143.00000000000000000 27963.00000000000000000 -375368.00000000000000000
-5129.00000000000000000 27953.00000000000000000 -375368.00000000000000000
-5116.00000000000000000 27944.00000000000000000 -375368.00000000000000000
-5116.00000000000000000 27944.00000000000000000 -375368.00000000000000000
-5103.00000000000000000 27934.00000000000000000 -375368.00000000000000000
-5089.00000000000000000 27924.00000000000000000 -375368.00000000000000000
-5076.00000000000000000 27915.00000000000000000 -375368.00000000000000000
-5076.00000000000000000 27915.00000000000000000 -375368.00000000000000000
-5063.00000000000000000 27905.00000000000000000 -281114.00000000000000000
-5050.00000000000000000 27895.00000000000000000 -281114.00000000000000000
-5037.00000000000000000 27884.00000000000000000 -281114.00000000000000000
-5023.00000000000000000 27874.00000000000000000 -281114.00000000000000000
-5023.00000000000000000 27874.00000000000000000 -281114.00000000000000000
-5011.00000000000000000 27864.00000000000000000 -281114.00000000000000000
-4998.00000000000000000 27853.00000000000000000 -281114.00000000000000000
-4986.00000000000000000 27843.00000000000000000 -281114.00000000000000000
-4973.00000000000000000 27832.00000000000000000 -281114.00000000000000000
-4973.00000000000000000 27832.00000000000000000 -281114.00000000000000000
-4960.00000000000000000 27821.00000000000000000 -281114.00000000000000000
-4948.00000000000000000 27811.00000000000000000 -281114.00000000000000000
-4935.00000000000000000 27800.00000000000000000 -281114.00000000000000000
-4923.00000000000000000 27790.00000000000000000 -281114.00000000000000000
-4923.00000000000000000 27790.00000000000000000 -281114.00000000000000000
-4910.00000000000000000 27778.00000000000000000 -281114.00000000000000000
-4898.00000000000000000 27767.00000000000000000 -280617.00000000000000000
-4886.00000000000000000 27757.00000000000000000 -280617.00000000000000000
-4874.00000000000000000 27745.00000000000000000 -280617.00000000000000000
-4874.00000000000000000 27745.00000000000000000 -280617.00000000000000000
-4862.00000000000000000 27734.00000000000000000 -280617.00000000000000000
-4850.00000000000000000 27722.00000000000000000 -280617.00000000000000000
-4838.00000000000000000 27711.00000000000000000 -280617.00000000000000000
-4826.00000000000000000 27700.00000000000000000 -280617.00000000000000000
-4826.00000000000000000 27700.00000000000000000 -280617.00000000000000000
-4814.00000000000000000 27688.00000000000000000 -280617.00000000000000000
-4803.00000000000000000 27676.00000000000000000 -280617.00000000000000000
-4791.00000000000000000 27664.00000000000000000 -280617.00000000000000000
-4791.00000000000000000 27664.00000000000000000 -280617.00000000000000000
-4779.00000000000000000 27652.00000000000000000 -280617.00000000000000000
-4768.00000000000000000 27641.00000000000000000 -280617.00000000000000000
-4756.00000000000000000 27628.00000000000000000 -280617.00000000000000000
-4746.00000000000000000 27617.00000000000000000 -280805.00000000000000000
-4746.00000000000000000 27617.00000000000000000 -280805.00000000000000000
-4734.00000000000000000 27604.00000000000000000 -280805.00000000000000000
-4723.00000000000000000 27592.00000000000000000 -280805.00000000000000000
-4712.00000000000000000 27580.00000000000000000 -280805.00000000000000000
-4701.00000000000000000 27567.00000000000000000 -280805.00000000000000000
-4701.00000000000000000 27567.00000000000000000 -280805.00000000000000000
-4691.00000000000000000 27555.00000000000000000 -280805.00000000000000000
-4680.00000000000000000 27543.00000000000000000 -280805.00000000000000000
-4669.00000000000000000 27530.00000000000000000 -280805.00000000000000000
-4659.00000000000000000 27517.00000000000000000 -280805.00000000000000000
-4659.00000000000000000 27517.00000000000000000 -280805.00000000000000000
-4648.00000000000000000 27504.00000000000000000 -280805.00000000000000000
-4637.00000000000000000 27491.00000000000000000 -280805.00000000000000000
-4627.00000000000000000 27479.00000000000000000 -280805.00000000000000000
-4617.00000000000000000 27466.00000000000000000 -280805.00000000000000000
-4617.00000000000000000 27466.00000000000000000 -280805.00000000000000000
-4607.00000000000000000 27453.00000000000000000 -375033.00000000000000000
-4597.00000000000000000 27440.00000000000000000 -375033.00000000000000000
-4587.00000000000000000 27428.00000000000000000 -375033.00000000000000000
-4577.00000000000000000 27414.00000000000000000 -375033.00000000000000000
-4577.00000000000000000 27414.00000000000000000 -375033.00000000000000000
-4568.00000000000000000 27401.00000000000000000 -375033.00000000000000000
-4558.00000000000000000 27388.00000000000000000 -375033.00000000000000000
-4548.00000000000000000 27374.00000000000000000 -375033.00000000000000000
-4539.00000000000000000 27361.00000000000000000 -375033.00000000000000000
-4539.00000000000000000 27361.00000000000000000 -375033.00000000000000000
-4529.00000000000000000 27347.00000000000000000 -375033.00000000000000000
-4519.00000000000000000 27333.00000000000000000 -375033.00000000000000000
-4510.00000000000000000 27320.00000000000000000 -375033.00000000000000000
-4510.00000000000000000 27320.00000000000000000 -375033.00000000000000000
-4500.00000000000000000 27306.00000000000000000 -375033.00000000000000000
-4492.00000000000000000 27293.00000000000000000 -375033.00000000000000000
-4482.00000000000000000 27279.00000000000000000 -281664.00000000000000000
-4473.00000000000000000 27264.00000000000000000 -281664.00000000000000000
-4473.00000000000000000 27264.00000000000000000 -281664.00000000000000000
-4465.00000000000000000 27251.00000000000000000 -281664.00000000000000000
-4456.00000000000000000 27236.00000000000000000 -281664.00000000000000000
-4448.00000000000000000 27223.00000000000000000 -281664.00000000000000000
-4439.00000000000000000 27209.00000000000000000 -281664.00000000000000000
-4439.00000000000000000 27209.00000000000000000 -281664.00000000000000000
-4431.00000000000000000 27194.00000000000000000 -281664.00000000000000000
-4422.00000000000000000 27181.00000000000000000 -281664.00000000000000000
-4413.00000000000000000 27166.00000000000000000 -281664.00000000000000000
-4405.00000000000000000 27151.00000000000000000 -281664.00000000000000000
-4405.00000000000000000 27151.00000000000000000 -281664.00000000000000000
-4397.00000000000000000 27137.00000000000000000 -281664.00000000000000000
-4389.00000000000000000 27122.00000000000000000 -281664.00000000000000000
-4381.00000000000000000 27109.00000000000000000 -281664.00000000000000000
-4373.00000000000000000 27094.00000000000000000 -281945.00000000000000000
-4373.00000000000000000 27094.00000000000000000 -281945.00000000000000000
-4366.00000000000000000 27080.00000000000000000 -281945.00000000000000000
-4358.00000000000000000 27065.00000000000000000 -281945.00000000000000000
-4351.00000000000000000 27050.00000000000000000 -281945.00000000000000000
-4344.00000000000000000 27036.00000000000000000 -281945.00000000000000000
-4344.00000000000000000 27036.00000000000000000 -281945.00000000000000000
-4337.00000000000000000 27022.00000000000000000 -281945.00000000000000000
-4329.00000000000000000 27006.00000000000000000 -281945.00000000000000000
-4322.00000000000000000 26991.00000000000000000 -281945.00000000000000000
-4322.00000000000000000 26991.00000000000000000 -281945.00000000000000000
-4315.00000000000000000 26975.00000000000000000 -281945.00000000000000000
-4308.00000000000000000 26961.00000000000000000 -281945.00000000000000000
-4301.00000000000000000 26946.00000000000000000 -281945.00000000000000000
-4294.00000000000000000 26930.00000000000000000 -281945.00000000000000000
-4294.00000000000000000 26930.00000000000000000 -281945.00000000000000000
-4288.00000000000000000 26916.00000000000000000 -281945.00000000000000000
-4281.00000000000000000 26902.00000000000000000 -281677.00000000000000000
-4276.00000000000000000 26889.00000000000000000 -281677.00000000000000000
-4270.00000000000000000 26875.00000000000000000 -281677.00000000000000000
-4270.00000000000000000 26875.00000000000000000 -281677.00000000000000000
-4265.00000000000000000 26863.00000000000000000 -281677.00000000000000000
-4260.00000000000000000 26850.00000000000000000 -281677.00000000000000000
-4255.00000000000000000 26838.00000000000000000 -281677.00000000000000000
-4251.00000000000000000 26828.00000000000000000 -281677.00000000000000000
-4251.00000000000000000 26828.00000000000000000 -281677.00000000000000000
-4247.00000000000000000 26817.00000000000000000 -281677.00000000000000000
-4243.00000000000000000 26808.00000000000000000 -281677.00000000000000000
-4240.00000000000000000 26799.00000000000000000 -281677.00000000000000000
-4236.00000000000000000 26790.00000000000000000 -281677.00000000000000000
-4236.00000000000000000 26790.00000000000000000 -281677.00000000000000000
-4234.00000000000000000 26782.00000000000000000 -281677.00000000000000000
-4231.00000000000000000 26775.00000000000000000 -281677.00000000000000000
-4229.00000000000000000 26769.00000000000000000 -287135.00000000000000000
-4226.00000000000000000 26762.00000000000000000 -287135.00000000000000000
-4226.00000000000000000 26762.00000000000000000 -287135.00000000000000000
-4224.00000000000000000 26756.00000000000000000 -287135.00000000000000000
-4222.00000000000000000 26749.00000000000000000 -287135.00000000000000000
-4220.00000000000000000 26743.00000000000000000 -287135.00000000000000000
-4217.00000000000000000 26736.00000000000000000 -287135.00000000000000000
-4217.00000000000000000 26736.00000000000000000 -287135.00000000000000000
-4215.00000000000000000 26728.00000000000000000 -287135.00000000000000000
-4213.00000000000000000 26721.00000000000000000 -287135.00000000000000000
-4210.00000000000000000 26712.00000000000000000 -287135.00000000000000000
-4208.00000000000000000 26704.00000000000000000 -287135.00000000000000000
-4208.00000000000000000 26704.00000000000000000 -287135.00000000000000000
-4205.00000000000000000 26693.00000000000000000 -287135.00000000000000000
-4202.00000000000000000 26683.00000000000000000 -287135.00000000000000000
-4199.00000000000000000 26671.00000000000000000 -287135.00000000000000000
-4199.00000000000000000 26671.00000000000000000 -71536.00000000000000000
-4195.00000000000000000 26658.00000000000000000 -71536.00000000000000000
-4192.00000000000000000 26643.00000000000000000 -71536.00000000000000000
-4188.00000000000000000 26628.00000000000000000 -71536.00000000000000000
-4183.00000000000000000 26610.00000000000000000 -71536.00000000000000000
-4183.00000000000000000 26610.00000000000000000 -71536.00000000000000000
-4178.00000000000000000 26590.00000000000000000 -71536.00000000000000000
-4174.00000000000000000 26570.00000000000000000 -71536.00000000000000000
-4168.00000000000000000 26546.00000000000000000 -71536.00000000000000000
-4163.00000000000000000 26522.00000000000000000 -71536.00000000000000000
-4163.00000000000000000 26522.00000000000000000 -71536.00000000000000000
-4157.00000000000000000 26493.00000000000000000 -71536.00000000000000000
-4151.00000000000000000 26463.00000000000000000 -71536.00000000000000000
-4144.00000000000000000 26432.00000000000000000 -71536.00000000000000000
-4137.00000000000000000 26396.00000000000000000 -71536.00000000000000000
-4137.00000000000000000 26396.00000000000000000 -71536.00000000000000000
-4130.00000000000000000 26361.00000000000000000 -71536.00000000000000000
-4122.00000000000000000 26320.00000000000000000 69229.00000000000000000
-4114.00000000000000000 26280.00000000000000000 69229.00000000000000000
-4107.00000000000000000 26234.00000000000000000 69229.00000000000000000
-4107.00000000000000000 26234.00000000000000000 69229.00000000000000000
-4101.00000000000000000 26185.00000000000000000 69229.00000000000000000
-4096.00000000000000000 26138.00000000000000000 69229.00000000000000000
-4091.00000000000000000 26084.00000000000000000 69229.00000000000000000
-4088.00000000000000000 26032.00000000000000000 69229.00000000000000000
-4088.00000000000000000 26032.00000000000000000 69229.00000000000000000
-4086.00000000000000000 25974.00000000000000000 69229.00000000000000000
-4084.00000000000000000 25912.00000000000000000 69229.00000000000000000
-4083.00000000000000000 25853.00000000000000000 69229.00000000000000000
-4083.00000000000000000 25788.00000000000000000 69229.00000000000000000
-4083.00000000000000000 25788.00000000000000000 69229.00000000000000000
-4082.00000000000000000 25727.00000000000000000 69229.00000000000000000
-4082.00000000000000000 25661.00000000000000000 69229.00000000000000000
-4082.00000000000000000 25601.00000000000000000 275910.00000000000000000
-4082.00000000000000000 25536.00000000000000000 275910.00000000000000000
-4082.00000000000000000 25536.00000000000000000 275910.00000000000000000
-4082.00000000000000000 25471.00000000000000000 275910.00000000000000000
-4082.00000000000000000 25410.00000000000000000 275910.00000000000000000
-4082.00000000000000000 25342.00000000000000000 275910.00000000000000000
-4082.00000000000000000 25279.00000000000000000 275910.00000000000000000
-4082.00000000000000000 25279.00000000000000000 275910.00000000000000000
-4082.00000000000000000 25212.00000000000000000 275910.00000000000000000
-4082.00000000000000000 25152.00000000000000000 275910.00000000000000000
-4082.00000000000000000 25088.00000000000000000 275910.00000000000000000
-4082.00000000000000000 25088.00000000000000000 275910.00000000000000000
-4082.00000000000000000 25025.00000000000000000 275910.00000000000000000
-4082.00000000000000000 24966.00000000000000000 275910.00000000000000000
-4082.00000000000000000 24900.00000000000000000 275910.00000000000000000
-4082.00000000000000000 24838.00000000000000000 275910.00000000000000000
-4082.00000000000000000 24838.00000000000000000 275910.00000000000000000
-4082.00000000000000000 24768.00000000000000000 241255.00000000000000000
-4082.00000000000000000 24703.00000000000000000 241255.00000000000000000
-4082.00000000000000000 24632.00000000000000000 241255.00000000000000000
-4082.00000000000000000 24562.00000000000000000 241255.00000000000000000
-4082.00000000000000000 24562.00000000000000000 241255.00000000000000000
-4082.00000000000000000 24496.00000000000000000 241255.00000000000000000
-4082.00000000000000000 24426.00000000000000000 241255.00000000000000000
-4082.00000000000000000 24361.00000000000000000 241255.00000000000000000
-4082.00000000000000000 24291.00000000000000000 241255.00000000000000000
-4082.00000000000000000 24291.00000000000000000 241255.00000000000000000
-4082.00000000000000000 24221.00000000000000000 241255.00000000000000000
-4082.00000000000000000 24156.00000000000000000 241255.00000000000000000
-4082.00000000000000000 24085.00000000000000000 241255.00000000000000000
-4082.00000000000000000 24019.00000000000000000 241255.00000000000000000
-4082.00000000000000000 24019.00000000000000000 241255.00000000000000000
-4082.00000000000000000 23947.00000000000000000 241255.00000000000000000
-4082.00000000000000000 23879.00000000000000000 247358.00000000000000000
-4082.00000000000000000 23804.00000000000000000 247358.00000000000000000
-4082.00000000000000000 23733.00000000000000000 247358.00000000000000000
-4082.00000000000000000 23733.00000000000000000 247358.00000000000000000
-4083.00000000000000000 23656.00000000000000000 247358.00000000000000000
-4083.00000000000000000 23584.00000000000000000 247358.00000000000000000
-4083.00000000000000000 23507.00000000000000000 247358.00000000000000000
-4082.00000000000000000 23429.00000000000000000 247358.00000000000000000
-4082.00000000000000000 23429.00000000000000000 247358.00000000000000000
-4082.00000000000000000 23357.00000000000000000 247358.00000000000000000
-4082.00000000000000000 23279.00000000000000000 247358.00000000000000000
-4082.00000000000000000 23207.00000000000000000 247358.00000000000000000
-4082.00000000000000000 23130.00000000000000000 247358.00000000000000000
-4082.00000000000000000 23130.00000000000000000 247358.00000000000000000
-4082.00000000000000000 23052.00000000000000000 247358.00000000000000000
-4082.00000000000000000 22981.00000000000000000 247358.00000000000000000
-4082.00000000000000000 22904.00000000000000000 252507.00000000000000000
-4082.00000000000000000 22834.00000000000000000 252507.00000000000000000
-4082.00000000000000000 22834.00000000000000000 252507.00000000000000000
-4082.00000000000000000 22759.00000000000000000 252507.00000000000000000
-4082.00000000000000000 22691.00000000000000000 252507.00000000000000000
-4082.00000000000000000 22619.00000000000000000 252507.00000000000000000
-4082.00000000000000000 22619.00000000000000000 252507.00000000000000000
-4082.00000000000000000 22555.00000000000000000 252507.00000000000000000
-4082.00000000000000000 22485.00000000000000000 252507.00000000000000000
-4082.00000000000000000 22417.00000000000000000 252507.00000000000000000
-4082.00000000000000000 22352.00000000000000000 252507.00000000000000000
-4082.00000000000000000 22352.00000000000000000 252507.00000000000000000
-4082.00000000000000000 22281.00000000000000000 252507.00000000000000000
-4081.00000000000000000 22208.00000000000000000 252507.00000000000000000
-4080.00000000000000000 22141.00000000000000000 252507.00000000000000000
-4078.00000000000000000 22066.00000000000000000 252507.00000000000000000
-4078.00000000000000000 22066.00000000000000000 252507.00000000000000000
-4076.00000000000000000 21997.00000000000000000 236709.00000000000000000
-4072.00000000000000000 21922.00000000000000000 236709.00000000000000000
-4067.00000000000000000 21851.00000000000000000 236709.00000000000000000
-4061.00000000000000000 21775.00000000000000000 236709.00000000000000000
-4061.00000000000000000 21775.00000000000000000 236709.00000000000000000
-4054.00000000000000000 21704.00000000000000000 236709.00000000000000000
-4045.00000000000000000 21627.00000000000000000 236709.00000000000000000
-4035.00000000000000000 21556.00000000000000000 236709.00000000000000000
-4023.00000000000000000 21479.00000000000000000 236709.00000000000000000
-4023.00000000000000000 21479.00000000000000000 236709.00000000000000000
-4010.00000000000000000 21402.00000000000000000 236709.00000000000000000
-3996.00000000000000000 21333.00000000000000000 236709.00000000000000000
-3981.00000000000000000 21259.00000000000000000 236709.00000000000000000
-3966.00000000000000000 21195.00000000000000000 236709.00000000000000000
-3966.00000000000000000 21195.00000000000000000 236709.00000000000000000
-3949.00000000000000000 21127.00000000000000000 236709.00000000000000000
-3933.00000000000000000 21066.00000000000000000 220937.00000000000000000
-3914.00000000000000000 21000.00000000000000000 220937.00000000000000000
-3896.00000000000000000 20939.00000000000000000 220937.00000000000000000
-3896.00000000000000000 20939.00000000000000000 220937.00000000000000000
-3874.00000000000000000 20871.00000000000000000 220937.00000000000000000
-3853.00000000000000000 20809.00000000000000000 220937.00000000000000000
-3829.00000000000000000 20741.00000000000000000 220937.00000000000000000
-3804.00000000000000000 20675.00000000000000000 220937.00000000000000000
-3804.00000000000000000 20675.00000000000000000 220937.00000000000000000
-3781.00000000000000000 20615.00000000000000000 220937.00000000000000000
-3755.00000000000000000 20552.00000000000000000 220937.00000000000000000
-3730.00000000000000000 20494.00000000000000000 220937.00000000000000000
-3701.00000000000000000 20431.00000000000000000 220937.00000000000000000
-3701.00000000000000000 20431.00000000000000000 220937.00000000000000000
-3674.00000000000000000 20373.00000000000000000 220937.00000000000000000
-3643.00000000000000000 20310.00000000000000000 220937.00000000000000000
-3613.00000000000000000 20252.00000000000000000 313743.00000000000000000
-3580.00000000000000000 20190.00000000000000000 313743.00000000000000000
-3580.00000000000000000 20190.00000000000000000 313743.00000000000000000
-3548.00000000000000000 20132.00000000000000000 313743.00000000000000000
-3512.00000000000000000 20070.00000000000000000 313743.00000000000000000
-3475.00000000000000000 20007.00000000000000000 313743.00000000000000000
-3439.00000000000000000 19949.00000000000000000 313743.00000000000000000
-3439.00000000000000000 19949.00000000000000000 313743.00000000000000000
-3398.00000000000000000 19886.00000000000000000 313743.00000000000000000
-3359.00000000000000000 19828.00000000000000000 313743.00000000000000000
-3316.00000000000000000 19767.00000000000000000 313743.00000000000000000
-3316.00000000000000000 19767.00000000000000000 313743.00000000000000000
-3273.00000000000000000 19708.00000000000000000 313743.00000000000000000
-3234.00000000000000000 19655.00000000000000000 313743.00000000000000000
-3190.00000000000000000 19599.00000000000000000 313743.00000000000000000
-3150.00000000000000000 19549.00000000000000000 313743.00000000000000000
-3150.00000000000000000 19549.00000000000000000 313743.00000000000000000
-3104.00000000000000000 19495.00000000000000000 257496.00000000000000000
-3062.00000000000000000 19445.00000000000000000 257496.00000000000000000
-3014.00000000000000000 19392.00000000000000000 257496.00000000000000000
-2970.00000000000000000 19344.00000000000000000 257496.00000000000000000
-2970.00000000000000000 19344.00000000000000000 257496.00000000000000000
-2921.00000000000000000 19293.00000000000000000 257496.00000000000000000
-2876.00000000000000000 19246.00000000000000000 257496.00000000000000000
-2826.00000000000000000 19197.00000000000000000 257496.00000000000000000
-2775.00000000000000000 19149.00000000000000000 257496.00000000000000000
-2775.00000000000000000 19149.00000000000000000 257496.00000000000000000
-2728.00000000000000000 19105.00000000000000000 257496.00000000000000000
-2676.00000000000000000 19059.00000000000000000 257496.00000000000000000
-2622.00000000000000000 19013.00000000000000000 257496.00000000000000000
-2572.00000000000000000 18971.00000000000000000 257496.00000000000000000
-2572.00000000000000000 18971.00000000000000000 257496.00000000000000000
-2516.00000000000000000 18926.00000000000000000 257496.00000000000000000
-2464.00000000000000000 18885.00000000000000000 265503.00000000000000000
-2405.00000000000000000 18842.00000000000000000 265503.00000000000000000
-2351.00000000000000000 18802.00000000000000000 265503.00000000000000000
-2351.00000000000000000 18802.00000000000000000 265503.00000000000000000
-2292.00000000000000000 18761.00000000000000000 265503.00000000000000000
-2232.00000000000000000 18721.00000000000000000 265503.00000000000000000
-2176.00000000000000000 18685.00000000000000000 265503.00000000000000000
-2116.00000000000000000 18647.00000000000000000 265503.00000000000000000
-2116.00000000000000000 18647.00000000000000000 265503.00000000000000000
-2060.00000000000000000 18614.00000000000000000 265503.00000000000000000
-1999.00000000000000000 18578.00000000000000000 265503.00000000000000000
-1939.00000000000000000 18545.00000000000000000 265503.00000000000000000
-1886.00000000000000000 18516.00000000000000000 265503.00000000000000000
-1886.00000000000000000 18516.00000000000000000 265503.00000000000000000
-1830.00000000000000000 18487.00000000000000000 265503.00000000000000000
-1781.00000000000000000 18462.00000000000000000 265503.00000000000000000
-1732.00000000000000000 18439.00000000000000000 280027.00000000000000000
-1691.00000000000000000 18420.00000000000000000 280027.00000000000000000
-1691.00000000000000000 18420.00000000000000000 280027.00000000000000000
-1654.00000000000000000 18402.00000000000000000 280027.00000000000000000
-1624.00000000000000000 18389.00000000000000000 280027.00000000000000000
-1595.00000000000000000 18377.00000000000000000 280027.00000000000000000
-1595.00000000000000000 18377.00000000000000000 280027.00000000000000000
-1569.00000000000000000 18365.00000000000000000 280027.00000000000000000
-1545.00000000000000000 18355.00000000000000000 280027.00000000000000000
-1519.00000000000000000 18345.00000000000000000 280027.00000000000000000
-1493.00000000000000000 18334.00000000000000000 280027.00000000000000000
-1493.00000000000000000 18334.00000000000000000 280027.00000000000000000
-1469.00000000000000000 18325.00000000000000000 280027.00000000000000000
-1443.00000000000000000 18315.00000000000000000 280027.00000000000000000
-1419.00000000000000000 18306.00000000000000000 280027.00000000000000000
-1393.00000000000000000 18296.00000000000000000 280027.00000000000000000
-1393.00000000000000000 18296.00000000000000000 280027.00000000000000000
-1369.00000000000000000 18287.00000000000000000 281060.00000000000000000
-1342.00000000000000000 18277.00000000000000000 281060.00000000000000000
-1318.00000000000000000 18269.00000000000000000 281060.00000000000000000
-1291.00000000000000000 18260.00000000000000000 281060.00000000000000000
-1291.00000000000000000 18260.00000000000000000 281060.00000000000000000
-1267.00000000000000000 18251.00000000000000000 281060.00000000000000000
-1240.00000000000000000 18243.00000000000000000 281060.00000000000000000
-1214.00000000000000000 18234.00000000000000000 281060.00000000000000000
-1189.00000000000000000 18226.00000000000000000 281060.00000000000000000
-1189.00000000000000000 18226.00000000000000000 281060.00000000000000000
-1162.00000000000000000 18218.00000000000000000 281060.00000000000000000
-1135.00000000000000000 18210.00000000000000000 281060.00000000000000000
-1111.00000000000000000 18203.00000000000000000 281060.00000000000000000
-1084.00000000000000000 18195.00000000000000000 281060.00000000000000000
-1084.00000000000000000 18195.00000000000000000 281060.00000000000000000
-1059.00000000000000000 18188.00000000000000000 281060.00000000000000000
-1032.00000000000000000 18181.00000000000000000 281033.00000000000000000
-1007.00000000000000000 18174.00000000000000000 281033.00000000000000000
-980.00000000000000000 18167.00000000000000000 281033.00000000000000000
-980.00000000000000000 18167.00000000000000000 281033.00000000000000000
-955.00000000000000000 18161.00000000000000000 281033.00000000000000000
-928.00000000000000000 18154.00000000000000000 281033.00000000000000000
-902.00000000000000000 18149.00000000000000000 281033.00000000000000000
-875.00000000000000000 18143.00000000000000000 281033.00000000000000000
-875.00000000000000000 18143.00000000000000000 281033.00000000000000000
-848.00000000000000000 18137.00000000000000000 281033.00000000000000000
-823.00000000000000000 18131.00000000000000000 281033.00000000000000000
-796.00000000000000000 18125.00000000000000000 281033.00000000000000000
-796.00000000000000000 18125.00000000000000000 281033.00000000000000000
-768.00000000000000000 18120.00000000000000000 281033.00000000000000000
-743.00000000000000000 18115.00000000000000000 281033.00000000000000000
-715.00000000000000000 18110.00000000000000000 281033.00000000000000000
-690.00000000000000000 18105.00000000000000000 280805.00000000000000000
-690.00000000000000000 18105.00000000000000000 280805.00000000000000000
-662.00000000000000000 18101.00000000000000000 280805.00000000000000000
-637.00000000000000000 18096.00000000000000000 280805.00000000000000000
-609.00000000000000000 18092.00000000000000000 280805.00000000000000000
-584.00000000000000000 18088.00000000000000000 280805.00000000000000000
-584.00000000000000000 18088.00000000000000000 280805.00000000000000000
-556.00000000000000000 18084.00000000000000000 280805.00000000000000000
-530.00000000000000000 18080.00000000000000000 280805.00000000000000000
-503.00000000000000000 18077.00000000000000000 280805.00000000000000000
-475.00000000000000000 18073.00000000000000000 280805.00000000000000000
-475.00000000000000000 18073.00000000000000000 280805.00000000000000000
-449.00000000000000000 18070.00000000000000000 280805.00000000000000000
-422.00000000000000000 18067.00000000000000000 280805.00000000000000000
-394.00000000000000000 18064.00000000000000000 280805.00000000000000000
-368.00000000000000000 18061.00000000000000000 280805.00000000000000000
-368.00000000000000000 18061.00000000000000000 280805.00000000000000000
-340.00000000000000000 18059.00000000000000000 374684.00000000000000000
-314.00000000000000000 18056.00000000000000000 374684.00000000000000000
-286.00000000000000000 18054.00000000000000000 374684.00000000000000000
-261.00000000000000000 18052.00000000000000000 374684.00000000000000000
-261.00000000000000000 18052.00000000000000000 374684.00000000000000000
-233.00000000000000000 18050.00000000000000000 374684.00000000000000000
-207.00000000000000000 18049.00000000000000000 374684.00000000000000000
-179.00000000000000000 18047.00000000000000000 374684.00000000000000000
-151.00000000000000000 18046.00000000000000000 374684.00000000000000000
-151.00000000000000000 18046.00000000000000000 374684.00000000000000000
-126.00000000000000000 18045.00000000000000000 374684.00000000000000000
-98.00000000000000000 18044.00000000000000000 374684.00000000000000000
-72.00000000000000000 18043.00000000000000000 374684.00000000000000000
-44.00000000000000000 18043.00000000000000000 374684.00000000000000000
-44.00000000000000000 18043.00000000000000000 374684.00000000000000000
-16.00000000000000000 18042.00000000000000000 374684.00000000000000000
10.00000000000000000 18042.00000000000000000 280711.00000000000000000
38.00000000000000000 18042.00000000000000000 280711.00000000000000000
64.00000000000000000 18042.00000000000000000 280711.00000000000000000
64.00000000000000000 18042.00000000000000000 280711.00000000000000000
92.00000000000000000 18042.00000000000000000 280711.00000000000000000
118.00000000000000000 18043.00000000000000000 280711.00000000000000000
146.00000000000000000 18043.00000000000000000 280711.00000000000000000
171.00000000000000000 18044.00000000000000000 280711.00000000000000000
171.00000000000000000 18044.00000000000000000 280711.00000000000000000
199.00000000000000000 18045.00000000000000000 280711.00000000000000000
227.00000000000000000 18047.00000000000000000 280711.00000000000000000
253.00000000000000000 18048.00000000000000000 280711.00000000000000000
253.00000000000000000 18048.00000000000000000 280711.00000000000000000
281.00000000000000000 18050.00000000000000000 280711.00000000000000000
309.00000000000000000 18051.00000000000000000 280711.00000000000000000
334.00000000000000000 18053.00000000000000000 280711.00000000000000000
362.00000000000000000 18056.00000000000000000 281422.00000000000000000
362.00000000000000000 18056.00000000000000000 281422.00000000000000000
388.00000000000000000 18058.00000000000000000 281422.00000000000000000
416.00000000000000000 18060.00000000000000000 281422.00000000000000000
442.00000000000000000 18063.00000000000000000 281422.00000000000000000
470.00000000000000000 18066.00000000000000000 281422.00000000000000000
470.00000000000000000 18066.00000000000000000 281422.00000000000000000
495.00000000000000000 18068.00000000000000000 281422.00000000000000000
523.00000000000000000 18072.00000000000000000 281422.00000000000000000
551.00000000000000000 18075.00000000000000000 281422.00000000000000000
576.00000000000000000 18079.00000000000000000 281422.00000000000000000
576.00000000000000000 18079.00000000000000000 281422.00000000000000000
604.00000000000000000 18082.00000000000000000 281422.00000000000000000
630.00000000000000000 18086.00000000000000000 281422.00000000000000000
657.00000000000000000 18090.00000000000000000 281422.00000000000000000
685.00000000000000000 18095.00000000000000000 281422.00000000000000000
685.00000000000000000 18095.00000000000000000 281422.00000000000000000
710.00000000000000000 18099.00000000000000000 374885.00000000000000000
738.00000000000000000 18103.00000000000000000 374885.00000000000000000
763.00000000000000000 18108.00000000000000000 374885.00000000000000000
791.00000000000000000 18113.00000000000000000 374885.00000000000000000
791.00000000000000000 18113.00000000000000000 374885.00000000000000000
816.00000000000000000 18118.00000000000000000 374885.00000000000000000
844.00000000000000000 18123.00000000000000000 374885.00000000000000000
869.00000000000000000 18129.00000000000000000 374885.00000000000000000
896.00000000000000000 18134.00000000000000000 374885.00000000000000000
896.00000000000000000 18134.00000000000000000 374885.00000000000000000
924.00000000000000000 18140.00000000000000000 374885.00000000000000000
949.00000000000000000 18146.00000000000000000 374885.00000000000000000
976.00000000000000000 18152.00000000000000000 374885.00000000000000000
976.00000000000000000 18152.00000000000000000 374885.00000000000000000
1003.00000000000000000 18159.00000000000000000 374885.00000000000000000
1028.00000000000000000 18165.00000000000000000 374885.00000000000000000
1055.00000000000000000 18172.00000000000000000 281181.00000000000000000
1080.00000000000000000 18179.00000000000000000 281181.00000000000000000
1080.00000000000000000 18179.00000000000000000 281181.00000000000000000
1107.00000000000000000 18186.00000000000000000 281181.00000000000000000
1132.00000000000000000 18193.00000000000000000 281181.00000000000000000
1159.00000000000000000 18200.00000000000000000 281181.00000000000000000
1184.00000000000000000 18207.00000000000000000 281181.00000000000000000
1184.00000000000000000 18207.00000000000000000 281181.00000000000000000
1211.00000000000000000 18215.00000000000000000 281181.00000000000000000
1238.00000000000000000 18224.00000000000000000 281181.00000000000000000
1262.00000000000000000 18231.00000000000000000 281181.00000000000000000
1289.00000000000000000 18240.00000000000000000 281181.00000000000000000
1289.00000000000000000 18240.00000000000000000 281181.00000000000000000
1316.00000000000000000 18249.00000000000000000 281181.00000000000000000
1340.00000000000000000 18257.00000000000000000 281181.00000000000000000
1367.00000000000000000 18266.00000000000000000 281181.00000000000000000
1391.00000000000000000 18274.00000000000000000 281570.00000000000000000
1391.00000000000000000 18274.00000000000000000 281570.00000000000000000
1417.00000000000000000 18283.00000000000000000 281570.00000000000000000
1442.00000000000000000 18292.00000000000000000 281570.00000000000000000
1468.00000000000000000 18302.00000000000000000 281570.00000000000000000
1492.00000000000000000 18311.00000000000000000 281570.00000000000000000
1492.00000000000000000 18311.00000000000000000 281570.00000000000000000
1518.00000000000000000 18321.00000000000000000 281570.00000000000000000
1542.00000000000000000 18331.00000000000000000 281570.00000000000000000
1568.00000000000000000 18341.00000000000000000 281570.00000000000000000
1594.00000000000000000 18351.00000000000000000 281570.00000000000000000
1594.00000000000000000 18351.00000000000000000 281570.00000000000000000
1618.00000000000000000 18361.00000000000000000 281570.00000000000000000
1644.00000000000000000 18373.00000000000000000 281570.00000000000000000
1672.00000000000000000 18385.00000000000000000 281570.00000000000000000
1699.00000000000000000 18397.00000000000000000 281570.00000000000000000
1699.00000000000000000 18397.00000000000000000 281570.00000000000000000
1731.00000000000000000 18411.00000000000000000 281918.00000000000000000
1764.00000000000000000 18427.00000000000000000 281918.00000000000000000
1805.00000000000000000 18446.00000000000000000 281918.00000000000000000
1849.00000000000000000 18468.00000000000000000 281918.00000000000000000
1849.00000000000000000 18468.00000000000000000 281918.00000000000000000
1903.00000000000000000 18496.00000000000000000 281918.00000000000000000
1957.00000000000000000 18524.00000000000000000 281918.00000000000000000
2018.00000000000000000 18557.00000000000000000 281918.00000000000000000
2018.00000000000000000 18557.00000000000000000 281918.00000000000000000
2080.00000000000000000 18592.00000000000000000 281918.00000000000000000
2137.00000000000000000 18625.00000000000000000 281918.00000000000000000
2198.00000000000000000 18663.00000000000000000 281918.00000000000000000
2255.00000000000000000 18699.00000000000000000 281918.00000000000000000
2255.00000000000000000 18699.00000000000000000 281918.00000000000000000
2315.00000000000000000 18739.00000000000000000 281918.00000000000000000
2376.00000000000000000 18780.00000000000000000 281918.00000000000000000
2431.00000000000000000 18819.00000000000000000 281637.00000000000000000
2491.00000000000000000 18863.00000000000000000 281637.00000000000000000
2491.00000000000000000 18863.00000000000000000 281637.00000000000000000
2544.00000000000000000 18903.00000000000000000 281637.00000000000000000
2601.00000000000000000 18948.00000000000000000 281637.00000000000000000
2653.00000000000000000 18991.00000000000000000 281637.00000000000000000
2709.00000000000000000 19038.00000000000000000 281637.00000000000000000
2709.00000000000000000 19038.00000000000000000 281637.00000000000000000
2759.00000000000000000 19082.00000000000000000 281637.00000000000000000
2813.00000000000000000 19131.00000000000000000 281637.00000000000000000
2866.00000000000000000 19181.00000000000000000 281637.00000000000000000
2915.00000000000000000 19228.00000000000000000 281637.00000000000000000
2915.00000000000000000 19228.00000000000000000 281637.00000000000000000
2966.00000000000000000 19279.00000000000000000 281637.00000000000000000
3012.00000000000000000 19327.00000000000000000 281637.00000000000000000
3060.00000000000000000 19379.00000000000000000 281637.00000000000000000
3104.00000000000000000 19427.00000000000000000 276058.00000000000000000
3104.00000000000000000 19427.00000000000000000 276058.00000000000000000
3149.00000000000000000 19480.00000000000000000 276058.00000000000000000
3194.00000000000000000 19533.00000000000000000 276058.00000000000000000
3235.00000000000000000 19583.00000000000000000 276058.00000000000000000
3279.00000000000000000 19639.00000000000000000 276058.00000000000000000
3279.00000000000000000 19639.00000000000000000 276058.00000000000000000
3319.00000000000000000 19693.00000000000000000 276058.00000000000000000
3363.00000000000000000 19754.00000000000000000 276058.00000000000000000
3404.00000000000000000 19810.00000000000000000 276058.00000000000000000
3446.00000000000000000 19872.00000000000000000 276058.00000000000000000
3446.00000000000000000 19872.00000000000000000 276058.00000000000000000
3486.00000000000000000 19933.00000000000000000 276058.00000000000000000
3521.00000000000000000 19988.00000000000000000 276058.00000000000000000
3557.00000000000000000 20048.00000000000000000 276058.00000000000000000
3589.00000000000000000 20103.00000000000000000 276058.00000000000000000
3589.00000000000000000 20103.00000000000000000 276058.00000000000000000
3623.00000000000000000 20162.00000000000000000 257094.00000000000000000
3655.00000000000000000 20222.00000000000000000 257094.00000000000000000
3684.00000000000000000 20278.00000000000000000 257094.00000000000000000
3684.00000000000000000 20278.00000000000000000 257094.00000000000000000
3714.00000000000000000 20338.00000000000000000 257094.00000000000000000
3742.00000000000000000 20395.00000000000000000 257094.00000000000000000
3770.00000000000000000 20457.00000000000000000 257094.00000000000000000
3796.00000000000000000 20514.00000000000000000 257094.00000000000000000
3796.00000000000000000 20514.00000000000000000 257094.00000000000000000
3822.00000000000000000 20577.00000000000000000 257094.00000000000000000
3848.00000000000000000 20640.00000000000000000 257094.00000000000000000
3871.00000000000000000 20699.00000000000000000 257094.00000000000000000
3895.00000000000000000 20764.00000000000000000 257094.00000000000000000
3895.00000000000000000 20764.00000000000000000 257094.00000000000000000
3916.00000000000000000 20826.00000000000000000 257094.00000000000000000
3939.00000000000000000 20895.00000000000000000 257094.00000000000000000
3959.00000000000000000 20961.00000000000000000 317807.00000000000000000
3981.00000000000000000 21033.00000000000000000 317807.00000000000000000
3981.00000000000000000 21033.00000000000000000 317807.00000000000000000
4001.00000000000000000 21107.00000000000000000 317807.00000000000000000
4018.00000000000000000 21175.00000000000000000 317807.00000000000000000
4036.00000000000000000 21250.00000000000000000 317807.00000000000000000
4051.00000000000000000 21319.00000000000000000 317807.00000000000000000
4051.00000000000000000 21319.00000000000000000 317807.00000000000000000
4065.00000000000000000 21395.00000000000000000 317807.00000000000000000
4079.00000000000000000 21471.00000000000000000 317807.00000000000000000
4090.00000000000000000 21542.00000000000000000 317807.00000000000000000
4101.00000000000000000 21616.00000000000000000 317807.00000000000000000
4101.00000000000000000 21616.00000000000000000 317807.00000000000000000
4109.00000000000000000 21684.00000000000000000 317807.00000000000000000
4117.00000000000000000 21755.00000000000000000 317807.00000000000000000
4123.00000000000000000 21824.00000000000000000 317807.00000000000000000
4128.00000000000000000 21886.00000000000000000 232900.00000000000000000
4128.00000000000000000 21886.00000000000000000 232900.00000000000000000
4131.00000000000000000 21954.00000000000000000 232900.00000000000000000
4134.00000000000000000 22018.00000000000000000 232900.00000000000000000
4136.00000000000000000 22088.00000000000000000 232900.00000000000000000
4137.00000000000000000 22154.00000000000000000 232900.00000000000000000
4137.00000000000000000 22154.00000000000000000 232900.00000000000000000
4138.00000000000000000 22225.00000000000000000 232900.00000000000000000
4139.00000000000000000 22290.00000000000000000 232900.00000000000000000
4139.00000000000000000 22360.00000000000000000 232900.00000000000000000
4139.00000000000000000 22360.00000000000000000 232900.00000000000000000
4139.00000000000000000 22430.00000000000000000 232900.00000000000000000
4139.00000000000000000 22494.00000000000000000 232900.00000000000000000
4139.00000000000000000 22563.00000000000000000 232900.00000000000000000
4139.00000000000000000 22627.00000000000000000 232900.00000000000000000
4139.00000000000000000 22627.00000000000000000 232900.00000000000000000
4139.00000000000000000 22698.00000000000000000 232900.00000000000000000
4139.00000000000000000 22769.00000000000000000 205970.00000000000000000
4139.00000000000000000 22836.00000000000000000 205970.00000000000000000
4139.00000000000000000 22909.00000000000000000 205970.00000000000000000
4139.00000000000000000 22909.00000000000000000 205970.00000000000000000
4139.00000000000000000 22977.00000000000000000 205970.00000000000000000
4139.00000000000000000 23052.00000000000000000 205970.00000000000000000
4139.00000000000000000 23121.00000000000000000 205970.00000000000000000
4139.00000000000000000 23195.00000000000000000 205970.00000000000000000
4139.00000000000000000 23195.00000000000000000 205970.00000000000000000
4139.00000000000000000 23264.00000000000000000 205970.00000000000000000
4139.00000000000000000 23339.00000000000000000 205970.00000000000000000
4139.00000000000000000 23416.00000000000000000 205970.00000000000000000
4139.00000000000000000 23486.00000000000000000 205970.00000000000000000
4139.00000000000000000 23486.00000000000000000 205970.00000000000000000
4139.00000000000000000 23564.00000000000000000 205970.00000000000000000
4139.00000000000000000 23636.00000000000000000 205970.00000000000000000
4139.00000000000000000 23713.00000000000000000 316318.00000000000000000
4139.00000000000000000 23785.00000000000000000 316318.00000000000000000
4139.00000000000000000 23785.00000000000000000 316318.00000000000000000
4140.00000000000000000 23863.00000000000000000 316318.00000000000000000
4140.00000000000000000 23934.00000000000000000 316318.00000000000000000
4140.00000000000000000 24012.00000000000000000 316318.00000000000000000
4139.00000000000000000 24082.00000000000000000 316318.00000000000000000
4139.00000000000000000 24082.00000000000000000 316318.00000000000000000
4139.00000000000000000 24158.00000000000000000 316318.00000000000000000
4139.00000000000000000 24226.00000000000000000 316318.00000000000000000
4139.00000000000000000 24297.00000000000000000 316318.00000000000000000
4139.00000000000000000 24366.00000000000000000 316318.00000000000000000
4139.00000000000000000 24366.00000000000000000 316318.00000000000000000
4139.00000000000000000 24428.00000000000000000 316318.00000000000000000
4139.00000000000000000 24493.00000000000000000 316318.00000000000000000
4139.00000000000000000 24554.00000000000000000 316318.00000000000000000
4139.00000000000000000 24620.00000000000000000 256719.00000000000000000
4139.00000000000000000 24620.00000000000000000 256719.00000000000000000
4139.00000000000000000 24682.00000000000000000 256719.00000000000000000
4139.00000000000000000 24749.00000000000000000 256719.00000000000000000
4139.00000000000000000 24812.00000000000000000 256719.00000000000000000
4139.00000000000000000 24882.00000000000000000 256719.00000000000000000
4139.00000000000000000 24882.00000000000000000 256719.00000000000000000
4139.00000000000000000 24946.00000000000000000 256719.00000000000000000
4139.00000000000000000 25015.00000000000000000 256719.00000000000000000
4139.00000000000000000 25082.00000000000000000 256719.00000000000000000
4139.00000000000000000 25144.00000000000000000 256719.00000000000000000
4139.00000000000000000 25144.00000000000000000 256719.00000000000000000
4139.00000000000000000 25209.00000000000000000 256719.00000000000000000
4139.00000000000000000 25270.00000000000000000 256719.00000000000000000
4140.00000000000000000 25335.00000000000000000 256719.00000000000000000
4140.00000000000000000 25335.00000000000000000 256719.00000000000000000
4141.00000000000000000 25401.00000000000000000 256719.00000000000000000
4142.00000000000000000 25462.00000000000000000 247693.00000000000000000
4144.00000000000000000 25528.00000000000000000 247693.00000000000000000
4148.00000000000000000 25589.00000000000000000 247693.00000000000000000
4148.00000000000000000 25589.00000000000000000 247693.00000000000000000
4152.00000000000000000 25654.00000000000000000 247693.00000000000000000
4158.00000000000000000 25713.00000000000000000 247693.00000000000000000
4164.00000000000000000 25776.00000000000000000 247693.00000000000000000
4172.00000000000000000 25837.00000000000000000 247693.00000000000000000
4172.00000000000000000 25837.00000000000000000 247693.00000000000000000
4179.00000000000000000 25890.00000000000000000 247693.00000000000000000
4188.00000000000000000 25945.00000000000000000 247693.00000000000000000
4197.00000000000000000 25992.00000000000000000 247693.00000000000000000
4207.00000000000000000 26041.00000000000000000 247693.00000000000000000
4207.00000000000000000 26041.00000000000000000 247693.00000000000000000
4217.00000000000000000 26087.00000000000000000 247693.00000000000000000
4225.00000000000000000 26126.00000000000000000 247693.00000000000000000
4235.00000000000000000 26165.00000000000000000 329046.00000000000000000
4244.00000000000000000 26199.00000000000000000 329046.00000000000000000
4244.00000000000000000 26199.00000000000000000 329046.00000000000000000
4253.00000000000000000 26233.00000000000000000 329046.00000000000000000
4261.00000000000000000 26263.00000000000000000 329046.00000000000000000
4270.00000000000000000 26292.00000000000000000 329046.00000000000000000
4278.00000000000000000 26318.00000000000000000 329046.00000000000000000
4278.00000000000000000 26318.00000000000000000 329046.00000000000000000
4286.00000000000000000 26344.00000000000000000 329046.00000000000000000
4293.00000000000000000 26368.00000000000000000 329046.00000000000000000
4300.00000000000000000 26388.00000000000000000 329046.00000000000000000
4306.00000000000000000 26409.00000000000000000 329046.00000000000000000
4306.00000000000000000 26409.00000000000000000 329046.00000000000000000
4312.00000000000000000 26426.00000000000000000 329046.00000000000000000
4318.00000000000000000 26444.00000000000000000 329046.00000000000000000
4324.00000000000000000 26460.00000000000000000 329046.00000000000000000
4329.00000000000000000 26474.00000000000000000 122740.00000000000000000
4329.00000000000000000 26474.00000000000000000 122740.00000000000000000
4334.00000000000000000 26487.00000000000000000 122740.00000000000000000
4339.00000000000000000 26499.00000000000000000 122740.00000000000000000
4343.00000000000000000 26511.00000000000000000 122740.00000000000000000
4347.00000000000000000 26521.00000000000000000 122740.00000000000000000
4347.00000000000000000 26521.00000000000000000 122740.00000000000000000
4351.00000000000000000 26531.00000000000000000 122740.00000000000000000
4355.00000000000000000 26540.00000000000000000 122740.00000000000000000
4359.00000000000000000 26550.00000000000000000 122740.00000000000000000
4359.00000000000000000 26550.00000000000000000 122740.00000000000000000
4362.00000000000000000 26559.00000000000000000 122740.00000000000000000
4366.00000000000000000 26567.00000000000000000 122740.00000000000000000
4369.00000000000000000 26575.00000000000000000 122740.00000000000000000
4373.00000000000000000 26583.00000000000000000 122740.00000000000000000
4373.00000000000000000 26583.00000000000000000 122740.00000000000000000
4376.00000000000000000 26592.00000000000000000 122740.00000000000000000
4380.00000000000000000 26600.00000000000000000 -21378.00000000000000000
4384.00000000000000000 26610.00000000000000000 -21378.00000000000000000
4388.00000000000000000 26619.00000000000000000 -21378.00000000000000000
4388.00000000000000000 26619.00000000000000000 -21378.00000000000000000
4393.00000000000000000 26629.00000000000000000 -21378.00000000000000000
4397.00000000000000000 26640.00000000000000000 -21378.00000000000000000
4403.00000000000000000 26652.00000000000000000 -21378.00000000000000000
4409.00000000000000000 26665.00000000000000000 -21378.00000000000000000
4409.00000000000000000 26665.00000000000000000 -21378.00000000000000000
4414.00000000000000000 26678.00000000000000000 -21378.00000000000000000
4421.00000000000000000 26692.00000000000000000 -21378.00000000000000000
4428.00000000000000000 26707.00000000000000000 -21378.00000000000000000
4435.00000000000000000 26721.00000000000000000 -21378.00000000000000000
4435.00000000000000000 26721.00000000000000000 -21378.00000000000000000
4442.00000000000000000 26737.00000000000000000 -21378.00000000000000000
4450.00000000000000000 26752.00000000000000000 -21378.00000000000000000
4458.00000000000000000 26769.00000000000000000 -222426.00000000000000000
4467.00000000000000000 26785.00000000000000000 -222426.00000000000000000
4467.00000000000000000 26785.00000000000000000 -222426.00000000000000000
4476.00000000000000000 26802.00000000000000000 -222426.00000000000000000
4485.00000000000000000 26820.00000000000000000 -222426.00000000000000000
4494.00000000000000000 26837.00000000000000000 -222426.00000000000000000
4504.00000000000000000 26855.00000000000000000 -222426.00000000000000000
4504.00000000000000000 26855.00000000000000000 -222426.00000000000000000
4513.00000000000000000 26872.00000000000000000 -222426.00000000000000000
4523.00000000000000000 26890.00000000000000000 -222426.00000000000000000
4533.00000000000000000 26907.00000000000000000 -222426.00000000000000000
4542.00000000000000000 26923.00000000000000000 -222426.00000000000000000
4542.00000000000000000 26923.00000000000000000 -222426.00000000000000000
4553.00000000000000000 26941.00000000000000000 -222426.00000000000000000
4562.00000000000000000 26957.00000000000000000 -222426.00000000000000000
4573.00000000000000000 26975.00000000000000000 -222426.00000000000000000
4573.00000000000000000 26975.00000000000000000 -270961.00000000000000000
4583.00000000000000000 26991.00000000000000000 -270961.00000000000000000
4594.00000000000000000 27008.00000000000000000 -270961.00000000000000000
4605.00000000000000000 27025.00000000000000000 -270961.00000000000000000
4615.00000000000000000 27041.00000000000000000 -270961.00000000000000000
4615.00000000000000000 27041.00000000000000000 -270961.00000000000000000
4626.00000000000000000 27058.00000000000000000 -270961.00000000000000000
4636.00000000000000000 27074.00000000000000000 -270961.00000000000000000
4647.00000000000000000 27091.00000000000000000 -270961.00000000000000000
4658.00000000000000000 27107.00000000000000000 -270961.00000000000000000
4658.00000000000000000 27107.00000000000000000 -270961.00000000000000000
4669.00000000000000000 27124.00000000000000000 -270961.00000000000000000
4681.00000000000000000 27140.00000000000000000 -270961.00000000000000000
4692.00000000000000000 27156.00000000000000000 -270961.00000000000000000
4704.00000000000000000 27173.00000000000000000 -270961.00000000000000000
4704.00000000000000000 27173.00000000000000000 -270961.00000000000000000
4715.00000000000000000 27188.00000000000000000 -270961.00000000000000000
4727.00000000000000000 27204.00000000000000000 -280738.00000000000000000
4739.00000000000000000 27221.00000000000000000 -280738.00000000000000000
4750.00000000000000000 27236.00000000000000000 -280738.00000000000000000
4750.00000000000000000 27236.00000000000000000 -280738.00000000000000000
4763.00000000000000000 27252.00000000000000000 -280738.00000000000000000
4774.00000000000000000 27267.00000000000000000 -280738.00000000000000000
4787.00000000000000000 27283.00000000000000000 -280738.00000000000000000
4799.00000000000000000 27297.00000000000000000 -280738.00000000000000000
4799.00000000000000000 27297.00000000000000000 -280738.00000000000000000
4812.00000000000000000 27313.00000000000000000 -280738.00000000000000000
4824.00000000000000000 27329.00000000000000000 -280738.00000000000000000
4836.00000000000000000 27343.00000000000000000 -280738.00000000000000000
4850.00000000000000000 27359.00000000000000000 -280738.00000000000000000
4850.00000000000000000 27359.00000000000000000 -280738.00000000000000000
4863.00000000000000000 27375.00000000000000000 -280738.00000000000000000
4875.00000000000000000 27389.00000000000000000 -280738.00000000000000000
4889.00000000000000000 27404.00000000000000000 -281315.00000000000000000
4902.00000000000000000 27418.00000000000000000 -281315.00000000000000000
4902.00000000000000000 27418.00000000000000000 -281315.00000000000000000
4915.00000000000000000 27433.00000000000000000 -281315.00000000000000000
4928.00000000000000000 27447.00000000000000000 -281315.00000000000000000
4942.00000000000000000 27462.00000000000000000 -281315.00000000000000000
4954.00000000000000000 27476.00000000000000000 -281315.00000000000000000
4954.00000000000000000 27476.00000000000000000 -281315.00000000000000000
4968.00000000000000000 27491.00000000000000000 -281315.00000000000000000
4983.00000000000000000 27506.00000000000000000 -281315.00000000000000000
4996.00000000000000000 27519.00000000000000000 -281315.00000000000000000
4996.00000000000000000 27519.00000000000000000 -281315.00000000000000000
5010.00000000000000000 27534.00000000000000000 -281315.00000000000000000
5024.00000000000000000 27547.00000000000000000 -281315.00000000000000000
5038.00000000000000000 27562.00000000000000000 -281315.00000000000000000
5052.00000000000000000 27575.00000000000000000 -281315.00000000000000000
5052.00000000000000000 27575.00000000000000000 -281315.00000000000000000
5067.00000000000000000 27589.00000000000000000 -280577.00000000000000000
5082.00000000000000000 27603.00000000000000000 -280577.00000000000000000
5095.00000000000000000 27616.00000000000000000 -280577.00000000000000000
5110.00000000000000000 27629.00000000000000000 -280577.00000000000000000
5110.00000000000000000 27629.00000000000000000 -280577.00000000000000000
5124.00000000000000000 27642.00000000000000000 -280577.00000000000000000
5139.00000000000000000 27656.00000000000000000 -280577.00000000000000000
5153.00000000000000000 27668.00000000000000000 -280577.00000000000000000
5169.00000000000000000 27681.00000000000000000 -280577.00000000000000000
5169.00000000000000000 27681.00000000000000000 -280577.00000000000000000
5184.00000000000000000 27695.00000000000000000 -280577.00000000000000000
5198.00000000000000000 27707.00000000000000000 -280577.00000000000000000
5214.00000000000000000 27720.00000000000000000 -280577.00000000000000000
5228.00000000000000000 27732.00000000000000000 -280577.00000000000000000
5228.00000000000000000 27732.00000000000000000 -280577.00000000000000000
5244.00000000000000000 27745.00000000000000000 -280577.00000000000000000
5259.00000000000000000 27757.00000000000000000 -280939.00000000000000000
5275.00000000000000000 27770.00000000000000000 -280939.00000000000000000
5291.00000000000000000 27782.00000000000000000 -280939.00000000000000000
5291.00000000000000000 27782.00000000000000000 -280939.00000000000000000
5306.00000000000000000 27794.00000000000000000 -280939.00000000000000000
5322.00000000000000000 27806.00000000000000000 -280939.00000000000000000
5337.00000000000000000 27818.00000000000000000 -280939.00000000000000000
5354.00000000000000000 27830.00000000000000000 -280939.00000000000000000
5354.00000000000000000 27830.00000000000000000 -280939.00000000000000000
5369.00000000000000000 27841.00000000000000000 -280939.00000000000000000
5386.00000000000000000 27853.00000000000000000 -280939.00000000000000000
5402.00000000000000000 27865.00000000000000000 -280939.00000000000000000
5418.00000000000000000 27876.00000000000000000 -280939.00000000000000000
5418.00000000000000000 27876.00000000000000000 -280939.00000000000000000
5434.00000000000000000 27888.00000000000000000 -280939.00000000000000000
5450.00000000000000000 27898.00000000000000000 -280939.00000000000000000
5467.00000000000000000 27910.00000000000000000 -280886.00000000000000000
5467.00000000000000000 27910.00000000000000000 -280886.00000000000000000
5482.00000000000000000 27920.00000000000000000 -280886.00000000000000000
5499.00000000000000000 27931.00000000000000000 -280886.00000000000000000
5517.00000000000000000 27942.00000000000000000 -280886.00000000000000000
5533.00000000000000000 27952.00000000000000000 -280886.00000000000000000
5533.00000000000000000 27952.00000000000000000 -280886.00000000000000000
5550.00000000000000000 27963.00000000000000000 -280886.00000000000000000
5566.00000000000000000 27973.00000000000000000 -280886.00000000000000000
5583.00000000000000000 27984.00000000000000000 -280886.00000000000000000
5601.00000000000000000 27994.00000000000000000 -280886.00000000000000000
5601.00000000000000000 27994.00000000000000000 -280886.00000000000000000
5617.00000000000000000 28004.00000000000000000 -280886.00000000000000000
5635.00000000000000000 28014.00000000000000000 -280886.00000000000000000
5651.00000000000000000 28024.00000000000000000 -280886.00000000000000000
5669.00000000000000000 28034.00000000000000000 -280886.00000000000000000
5669.00000000000000000 28034.00000000000000000 -280886.00000000000000000
5685.00000000000000000 28043.00000000000000000 -280617.00000000000000000
5703.00000000000000000 28053.00000000000000000 -280617.00000000000000000
5721.00000000000000000 28062.00000000000000000 -280617.00000000000000000
5738.00000000000000000 28071.00000000000000000 -280617.00000000000000000
5738.00000000000000000 28071.00000000000000000 -280617.00000000000000000
5756.00000000000000000 28081.00000000000000000 -280617.00000000000000000
5773.00000000000000000 28089.00000000000000000 -280617.00000000000000000
5791.00000000000000000 28099.00000000000000000 -280617.00000000000000000
5808.00000000000000000 28107.00000000000000000 -280617.00000000000000000
5808.00000000000000000 28107.00000000000000000 -280617.00000000000000000
5826.00000000000000000 28116.00000000000000000 -280617.00000000000000000
5844.00000000000000000 28125.00000000000000000 -280617.00000000000000000
5861.00000000000000000 28133.00000000000000000 -280617.00000000000000000
5880.00000000000000000 28142.00000000000000000 -280617.00000000000000000
5880.00000000000000000 28142.00000000000000000 -280617.00000000000000000
5897.00000000000000000 28150.00000000000000000 -280617.00000000000000000
5915.00000000000000000 28158.00000000000000000 -281570.00000000000000000
5933.00000000000000000 28166.00000000000000000 -281570.00000000000000000
5951.00000000000000000 28174.00000000000000000 -281570.00000000000000000
5951.00000000000000000 28174.00000000000000000 -281570.00000000000000000
5969.00000000000000000 28181.00000000000000000 -281570.00000000000000000
5987.00000000000000000 28189.00000000000000000 -281570.00000000000000000
6006.00000000000000000 28197.00000000000000000 -281570.00000000000000000
6024.00000000000000000 28204.00000000000000000 -281570.00000000000000000
6024.00000000000000000 28204.00000000000000000 -281570.00000000000000000
6042.00000000000000000 28211.00000000000000000 -281570.00000000000000000
6061.00000000000000000 28218.00000000000000000 -281570.00000000000000000
6080.00000000000000000 28226.00000000000000000 -281570.00000000000000000
6080.00000000000000000 28226.00000000000000000 -281570.00000000000000000
6099.00000000000000000 28233.00000000000000000 -281570.00000000000000000
6117.00000000000000000 28239.00000000000000000 -281570.00000000000000000
6136.00000000000000000 28246.00000000000000000 -281570.00000000000000000
6156.00000000000000000 28253.00000000000000000 -281261.00000000000000000
6156.00000000000000000 28253.00000000000000000 -281261.00000000000000000
6173.00000000000000000 28259.00000000000000000 -281261.00000000000000000
6193.00000000000000000 28265.00000000000000000 -281261.00000000000000000
6210.00000000000000000 28271.00000000000000000 -281261.00000000000000000
6230.00000000000000000 28277.00000000000000000 -281261.00000000000000000
6230.00000000000000000 28277.00000000000000000 -281261.00000000000000000
6248.00000000000000000 28283.00000000000000000 -281261.00000000000000000
6267.00000000000000000 28289.00000000000000000 -281261.00000000000000000
6285.00000000000000000 28294.00000000000000000 -281261.00000000000000000
6305.00000000000000000 28300.00000000000000000 -281261.00000000000000000
6305.00000000000000000 28300.00000000000000000 -281261.00000000000000000
6324.00000000000000000 28306.00000000000000000 -281261.00000000000000000
6342.00000000000000000 28311.00000000000000000 -281261.00000000000000000
6362.00000000000000000 28316.00000000000000000 -281261.00000000000000000
6380.00000000000000000 28321.00000000000000000 -281261.00000000000000000
6380.00000000000000000 28321.00000000000000000 -281261.00000000000000000
6400.00000000000000000 28326.00000000000000000 -375368.00000000000000000
6419.00000000000000000 28331.00000000000000000 -375368.00000000000000000
6438.00000000000000000 28336.00000000000000000 -375368.00000000000000000
6458.00000000000000000 28340.00000000000000000 -375368.00000000000000000
6458.00000000000000000 28340.00000000000000000 -375368.00000000000000000
6477.00000000000000000 28344.00000000000000000 -375368.00000000000000000
6497.00000000000000000 28349.00000000000000000 -375368.00000000000000000
6515.00000000000000000 28353.00000000000000000 -375368.00000000000000000
6535.00000000000000000 28357.00000000000000000 -375368.00000000000000000
6535.00000000000000000 28357.00000000000000000 -375368.00000000000000000
6555.00000000000000000 28361.00000000000000000 -375368.00000000000000000
6574.00000000000000000 28364.00000000000000000 -375368.00000000000000000
6594.00000000000000000 28368.00000000000000000 -375368.00000000000000000
6612.00000000000000000 28371.00000000000000000 -375368.00000000000000000
6612.00000000000000000 28371.00000000000000000 -375368.00000000000000000
6632.00000000000000000 28375.00000000000000000 -375368.00000000000000000
6651.00000000000000000 28378.00000000000000000 -281543.00000000000000000
6671.00000000000000000 28381.00000000000000000 -281543.00000000000000000
6671.00000000000000000 28381.00000000000000000 -281543.00000000000000000
6691.00000000000000000 28384.00000000000000000 -281543.00000000000000000
6710.00000000000000000 28387.00000000000000000 -281543.00000000000000000
6730.00000000000000000 28390.00000000000000000 -281543.00000000000000000
6749.00000000000000000 28392.00000000000000000 -281543.00000000000000000
6749.00000000000000000 28392.00000000000000000 -281543.00000000000000000
6769.00000000000000000 28395.00000000000000000 -281543.00000000000000000
6788.00000000000000000 28397.00000000000000000 -281543.00000000000000000
6808.00000000000000000 28399.00000000000000000 -281543.00000000000000000
6828.00000000000000000 28401.00000000000000000 -281543.00000000000000000
6828.00000000000000000 28401.00000000000000000 -281543.00000000000000000
6847.00000000000000000 28403.00000000000000000 -281543.00000000000000000
6868.00000000000000000 28405.00000000000000000 -281543.00000000000000000
6886.00000000000000000 28407.00000000000000000 -281543.00000000000000000
6907.00000000000000000 28409.00000000000000000 -281208.00000000000000000
6907.00000000000000000 28409.00000000000000000 -281208.00000000000000000
6925.00000000000000000 28410.00000000000000000 -281208.00000000000000000
6945.00000000000000000 28411.00000000000000000 -281208.00000000000000000
6964.00000000000000000 28413.00000000000000000 -281208.00000000000000000
6981.00000000000000000 28414.00000000000000000 -281208.00000000000000000
6981.00000000000000000 28414.00000000000000000 -281208.00000000000000000
6999.00000000000000000 28415.00000000000000000 -281208.00000000000000000
7014.00000000000000000 28415.00000000000000000 -281208.00000000000000000
7030.00000000000000000 28416.00000000000000000 -281208.00000000000000000
7045.00000000000000000 28417.00000000000000000 -281208.00000000000000000
7045.00000000000000000 28417.00000000000000000 -281208.00000000000000000
7057.00000000000000000 28417.00000000000000000 -281208.00000000000000000
7071.00000000000000000 28418.00000000000000000 -281208.00000000000000000
7083.00000000000000000 28418.00000000000000000 -281208.00000000000000000
7095.00000000000000000 28419.00000000000000000 -281208.00000000000000000
7095.00000000000000000 28419.00000000000000000 -281208.00000000000000000
7107.00000000000000000 28419.00000000000000000 -238251.00000000000000000
7121.00000000000000000 28419.00000000000000000 -238251.00000000000000000
7135.00000000000000000 28420.00000000000000000 -238251.00000000000000000
7149.00000000000000000 28420.00000000000000000 -238251.00000000000000000
7149.00000000000000000 28420.00000000000000000 -238251.00000000000000000
7166.00000000000000000 28420.00000000000000000 -238251.00000000000000000
7182.00000000000000000 28420.00000000000000000 -238251.00000000000000000
7202.00000000000000000 28420.00000000000000000 -238251.00000000000000000
7221.00000000000000000 28420.00000000000000000 -238251.00000000000000000
7221.00000000000000000 28420.00000000000000000 -238251.00000000000000000
7245.00000000000000000 28421.00000000000000000 -238251.00000000000000000
7268.00000000000000000 28421.00000000000000000 -238251.00000000000000000
7297.00000000000000000 28421.00000000000000000 -238251.00000000000000000
7297.00000000000000000 28421.00000000000000000 -238251.00000000000000000
7325.00000000000000000 28421.00000000000000000 -238251.00000000000000000
7359.00000000000000000 28421.00000000000000000 -238251.00000000000000000
7397.00000000000000000 28421.00000000000000000 -103267.00000000000000000
7435.00000000000000000 28421.00000000000000000 -103267.00000000000000000
7435.00000000000000000 28421.00000000000000000 -103267.00000000000000000
7480.00000000000000000 28421.00000000000000000 -103267.00000000000000000
7526.00000000000000000 28421.00000000000000000 -103267.00000000000000000
7579.00000000000000000 28421.00000000000000000 -103267.00000000000000000
7633.00000000000000000 28421.00000000000000000 -103267.00000000000000000
7633.00000000000000000 28421.00000000000000000 -103267.00000000000000000
7696.00000000000000000 28420.00000000000000000 -103267.00000000000000000
7758.00000000000000000 28420.00000000000000000 -103267.00000000000000000
7828.00000000000000000 28421.00000000000000000 -103267.00000000000000000
7896.00000000000000000 28421.00000000000000000 -103267.00000000000000000
7896.00000000000000000 28421.00000000000000000 -103267.00000000000000000
7971.00000000000000000 28420.00000000000000000 -103267.00000000000000000
8048.00000000000000000 28420.00000000000000000 -103267.00000000000000000
8120.00000000000000000 28421.00000000000000000 -103267.00000000000000000
8198.00000000000000000 28420.00000000000000000 -8623.00000000000000000
8198.00000000000000000 28420.00000000000000000 -8623.00000000000000000
8270.00000000000000000 28421.00000000000000000 -8623.00000000000000000
8348.00000000000000000 28421.00000000000000000 -8623.00000000000000000
8420.00000000000000000 28421.00000000000000000 -8623.00000000000000000
8498.00000000000000000 28420.00000000000000000 -8623.00000000000000000
8498.00000000000000000 28420.00000000000000000 -8623.00000000000000000
8570.00000000000000000 28421.00000000000000000 -8623.00000000000000000
8648.00000000000000000 28420.00000000000000000 -8623.00000000000000000
8720.00000000000000000 28421.00000000000000000 -8623.00000000000000000
8798.00000000000000000 28421.00000000000000000 -8623.00000000000000000
8798.00000000000000000 28421.00000000000000000 -8623.00000000000000000
8876.00000000000000000 28421.00000000000000000 -8623.00000000000000000
8948.00000000000000000 28421.00000000000000000 -8623.00000000000000000
9026.00000000000000000 28420.00000000000000000 -8623.00000000000000000
9098.00000000000000000 28421.00000000000000000 -8623.00000000000000000
9098.00000000000000000 28421.00000000000000000 -8623.00000000000000000
9176.00000000000000000 28420.00000000000000000 -872.00000000000000000
9254.00000000000000000 28420.00000000000000000 -872.00000000000000000
9326.00000000000000000 28420.00000000000000000 -872.00000000000000000
9404.00000000000000000 28420.00000000000000000 -872.00000000000000000
9404.00000000000000000 28420.00000000000000000 -872.00000000000000000
9476.00000000000000000 28420.00000000000000000 -872.00000000000000000
9554.00000000000000000 28420.00000000000000000 -872.00000000000000000
9626.00000000000000000 28420.00000000000000000 -872.00000000000000000
9704.00000000000000000 28421.00000000000000000 -872.00000000000000000
9704.00000000000000000 28421.00000000000000000 -872.00000000000000000
9782.00000000000000000 28421.00000000000000000 -872.00000000000000000
9854.00000000000000000 28421.00000000000000000 -872.00000000000000000
9932.00000000000000000 28421.00000000000000000 -872.00000000000000000
10004.00000000000000000 28420.00000000000000000 -872.00000000000000000
10004.00000000000000000 28420.00000000000000000 -872.00000000000000000
10082.00000000000000000 28420.00000000000000000 -872.00000000000000000
10154.00000000000000000 28420.00000000000000000 -121.00000000000000000
10232.00000000000000000 28420.00000000000000000 -121.00000000000000000
10232.00000000000000000 28420.00000000000000000 -121.00000000000000000
10304.00000000000000000 28421.00000000000000000 -121.00000000000000000
10382.00000000000000000 28421.00000000000000000 -121.00000000000000000
10460.00000000000000000 28421.00000000000000000 -121.00000000000000000
10532.00000000000000000 28421.00000000000000000 -121.00000000000000000
10532.00000000000000000 28421.00000000000000000 -121.00000000000000000
10610.00000000000000000 28420.00000000000000000 -121.00000000000000000
10682.00000000000000000 28421.00000000000000000 -121.00000000000000000
10760.00000000000000000 28420.00000000000000000 -121.00000000000000000
10838.00000000000000000 28421.00000000000000000 -121.00000000000000000
10838.00000000000000000 28421.00000000000000000 -121.00000000000000000
10910.00000000000000000 28421.00000000000000000 -121.00000000000000000
10988.00000000000000000 28420.00000000000000000 -121.00000000000000000
11060.00000000000000000 28421.00000000000000000 -121.00000000000000000
11138.00000000000000000 28420.00000000000000000 -27.00000000000000000
11138.00000000000000000 28420.00000000000000000 -27.00000000000000000
11216.00000000000000000 28420.00000000000000000 -27.00000000000000000
11288.00000000000000000 28420.00000000000000000 -27.00000000000000000
11366.00000000000000000 28420.00000000000000000 -27.00000000000000000
11438.00000000000000000 28420.00000000000000000 -27.00000000000000000
11438.00000000000000000 28420.00000000000000000 -27.00000000000000000
11516.00000000000000000 28420.00000000000000000 -27.00000000000000000
11588.00000000000000000 28420.00000000000000000 -27.00000000000000000
11666.00000000000000000 28421.00000000000000000 -27.00000000000000000
11738.00000000000000000 28420.00000000000000000 -27.00000000000000000
11738.00000000000000000 28420.00000000000000000 -27.00000000000000000
11816.00000000000000000 28421.00000000000000000 -27.00000000000000000
11894.00000000000000000 28421.00000000000000000 -27.00000000000000000
11972.00000000000000000 28421.00000000000000000 -27.00000000000000000
12044.00000000000000000 28420.00000000000000000 -27.00000000000000000
12044.00000000000000000 28420.00000000000000000 -27.00000000000000000
12122.00000000000000000 28420.00000000000000000 0.00000000000000000
12194.00000000000000000 28420.00000000000000000 0.00000000000000000
12272.00000000000000000 28420.00000000000000000 0.00000000000000000
12344.00000000000000000 28421.00000000000000000 0.00000000000000000
12344.00000000000000000 28421.00000000000000000 0.00000000000000000
12422.00000000000000000 28421.00000000000000000 0.00000000000000000
12494.00000000000000000 28421.00000000000000000 0.00000000000000000
12572.00000000000000000 28421.00000000000000000 0.00000000000000000
12572.00000000000000000 28421.00000000000000000 0.00000000000000000
12650.00000000000000000 28421.00000000000000000 0.00000000000000000
12722.00000000000000000 28420.00000000000000000 0.00000000000000000
12800.00000000000000000 28421.00000000000000000 0.00000000000000000
12878.00000000000000000 28420.00000000000000000 0.00000000000000000
12878.00000000000000000 28420.00000000000000000 0.00000000000000000
12950.00000000000000000 28420.00000000000000000 0.00000000000000000
13028.00000000000000000 28421.00000000000000000 0.00000000000000000
13100.00000000000000000 28421.00000000000000000 -54.00000000000000000
13178.00000000000000000 28421.00000000000000000 -54.00000000000000000
13178.00000000000000000 28421.00000000000000000 -54.00000000000000000
13256.00000000000000000 28420.00000000000000000 -54.00000000000000000
13328.00000000000000000 28421.00000000000000000 -54.00000000000000000
13406.00000000000000000 28420.00000000000000000 -54.00000000000000000
13478.00000000000000000 28421.00000000000000000 -54.00000000000000000
13478.00000000000000000 28421.00000000000000000 -54.00000000000000000
13556.00000000000000000 28421.00000000000000000 -54.00000000000000000
13634.00000000000000000 28421.00000000000000000 -54.00000000000000000
13706.00000000000000000 28421.00000000000000000 -54.00000000000000000
13784.00000000000000000 28421.00000000000000000 -54.00000000000000000
13784.00000000000000000 28421.00000000000000000 -54.00000000000000000
13856.00000000000000000 28421.00000000000000000 -54.00000000000000000
13934.00000000000000000 28421.00000000000000000 -54.00000000000000000
14006.00000000000000000 28420.00000000000000000 -54.00000000000000000
14084.00000000000000000 28420.00000000000000000 -40.00000000000000000
14084.00000000000000000 28420.00000000000000000 -40.00000000000000000
14156.00000000000000000 28421.00000000000000000 -40.00000000000000000
14233.00000000000000000 28421.00000000000000000 -40.00000000000000000
14308.00000000000000000 28421.00000000000000000 -40.00000000000000000
14374.00000000000000000 28421.00000000000000000 -40.00000000000000000
14374.00000000000000000 28421.00000000000000000 -40.00000000000000000
14439.00000000000000000 28421.00000000000000000 -40.00000000000000000
14492.00000000000000000 28421.00000000000000000 -40.00000000000000000
14544.00000000000000000 28421.00000000000000000 -40.00000000000000000
14544.00000000000000000 28421.00000000000000000 -40.00000000000000000
14591.00000000000000000 28421.00000000000000000 -40.00000000000000000
14629.00000000000000000 28421.00000000000000000 -40.00000000000000000
14667.00000000000000000 28420.00000000000000000 -40.00000000000000000
14699.00000000000000000 28420.00000000000000000 -40.00000000000000000
14699.00000000000000000 28420.00000000000000000 -40.00000000000000000
14732.00000000000000000 28420.00000000000000000 -40.00000000000000000
14761.00000000000000000 28420.00000000000000000 -2790.00000000000000000
14790.00000000000000000 28420.00000000000000000 -2790.00000000000000000
14818.00000000000000000 28420.00000000000000000 -2790.00000000000000000
14818.00000000000000000 28420.00000000000000000 -2790.00000000000000000
14842.00000000000000000 28419.00000000000000000 -2790.00000000000000000
14866.00000000000000000 28419.00000000000000000 -2790.00000000000000000
14886.00000000000000000 28418.00000000000000000 -2790.00000000000000000
14903.00000000000000000 28418.00000000000000000 -2790.00000000000000000
14903.00000000000000000 28418.00000000000000000 -2790.00000000000000000
14922.00000000000000000 28417.00000000000000000 -2790.00000000000000000
14935.00000000000000000 28416.00000000000000000 -2790.00000000000000000
14949.00000000000000000 28415.00000000000000000 -2790.00000000000000000
14960.00000000000000000 28415.00000000000000000 -2790.00000000000000000
14960.00000000000000000 28415.00000000000000000 -2790.00000000000000000
14971.00000000000000000 28414.00000000000000000 -2790.00000000000000000
14981.00000000000000000 28413.00000000000000000 -2790.00000000000000000
14992.00000000000000000 28412.00000000000000000 -139008.00000000000000000
15002.00000000000000000 28412.00000000000000000 -139008.00000000000000000
15002.00000000000000000 28412.00000000000000000 -139008.00000000000000000
15014.00000000000000000 28411.00000000000000000 -139008.00000000000000000
15026.00000000000000000 28410.00000000000000000 -139008.00000000000000000
15037.00000000000000000 28410.00000000000000000 -139008.00000000000000000
15050.00000000000000000 28409.00000000000000000 -139008.00000000000000000
15050.00000000000000000 28409.00000000000000000 -139008.00000000000000000
15062.00000000000000000 28408.00000000000000000 -139008.00000000000000000
15075.00000000000000000 28406.00000000000000000 -139008.00000000000000000
15088.00000000000000000 28405.00000000000000000 -139008.00000000000000000
15101.00000000000000000 28404.00000000000000000 -139008.00000000000000000
15101.00000000000000000 28404.00000000000000000 -139008.00000000000000000
15115.00000000000000000 28402.00000000000000000 -139008.00000000000000000
15127.00000000000000000 28400.00000000000000000 -139008.00000000000000000
15141.00000000000000000 28399.00000000000000000 -139008.00000000000000000
15153.00000000000000000 28397.00000000000000000 -245252.00000000000000000
15153.00000000000000000 28397.00000000000000000 -245252.00000000000000000
15167.00000000000000000 28395.00000000000000000 -245252.00000000000000000
15179.00000000000000000 28393.00000000000000000 -245252.00000000000000000
15192.00000000000000000 28391.00000000000000000 -245252.00000000000000000
15205.00000000000000000 28389.00000000000000000 -245252.00000000000000000
15205.00000000000000000 28389.00000000000000000 -245252.00000000000000000
15218.00000000000000000 28386.00000000000000000 -245252.00000000000000000
15230.00000000000000000 28384.00000000000000000 -245252.00000000000000000
15244.00000000000000000 28382.00000000000000000 -245252.00000000000000000
15244.00000000000000000 28382.00000000000000000 -245252.00000000000000000
15257.00000000000000000 28379.00000000000000000 -245252.00000000000000000
15269.00000000000000000 28376.00000000000000000 -245252.00000000000000000
15283.00000000000000000 28374.00000000000000000 -245252.00000000000000000
15296.00000000000000000 28371.00000000000000000 -245252.00000000000000000
15296.00000000000000000 28371.00000000000000000 -245252.00000000000000000
15308.00000000000000000 28368.00000000000000000 -245252.00000000000000000
15321.00000000000000000 28365.00000000000000000 -279276.00000000000000000
15334.00000000000000000 28362.00000000000000000 -279276.00000000000000000
15347.00000000000000000 28359.00000000000000000 -279276.00000000000000000
15347.00000000000000000 28359.00000000000000000 -279276.00000000000000000
15359.00000000000000000 28356.00000000000000000 -279276.00000000000000000
15372.00000000000000000 28353.00000000000000000 -279276.00000000000000000
15385.00000000000000000 28350.00000000000000000 -279276.00000000000000000
15398.00000000000000000 28346.00000000000000000 -279276.00000000000000000
15398.00000000000000000 28346.00000000000000000 -279276.00000000000000000
15411.00000000000000000 28343.00000000000000000 -279276.00000000000000000
15423.00000000000000000 28339.00000000000000000 -279276.00000000000000000
15436.00000000000000000 28335.00000000000000000 -279276.00000000000000000
15448.00000000000000000 28331.00000000000000000 -279276.00000000000000000
15448.00000000000000000 28331.00000000000000000 -279276.00000000000000000
15461.00000000000000000 28327.00000000000000000 -279276.00000000000000000
15474.00000000000000000 28323.00000000000000000 -279276.00000000000000000
15486.00000000000000000 28319.00000000000000000 -374107.00000000000000000
15499.00000000000000000 28315.00000000000000000 -374107.00000000000000000
15499.00000000000000000 28315.00000000000000000 -374107.00000000000000000
15511.00000000000000000 28311.00000000000000000 -374107.00000000000000000
15524.00000000000000000 28307.00000000000000000 -374107.00000000000000000
15535.00000000000000000 28303.00000000000000000 -374107.00000000000000000
15548.00000000000000000 28298.00000000000000000 -374107.00000000000000000
15548.00000000000000000 28298.00000000000000000 -374107.00000000000000000
15561.00000000000000000 28293.00000000000000000 -374107.00000000000000000
15573.00000000000000000 28289.00000000000000000 -374107.00000000000000000
15585.00000000000000000 28284.00000000000000000 -374107.00000000000000000
15585.00000000000000000 28284.00000000000000000 -374107.00000000000000000
15597.00000000000000000 28279.00000000000000000 -374107.00000000000000000
15610.00000000000000000 28274.00000000000000000 -374107.00000000000000000
15623.00000000000000000 28269.00000000000000000 -374107.00000000000000000
15634.00000000000000000 28264.00000000000000000 -374107.00000000000000000
15634.00000000000000000 28264.00000000000000000 -374107.00000000000000000
15647.00000000000000000 28259.00000000000000000 -280765.00000000000000000
15660.00000000000000000 28254.00000000000000000 -280765.00000000000000000
15671.00000000000000000 28249.00000000000000000 -280765.00000000000000000
15684.00000000000000000 28244.00000000000000000 -280765.00000000000000000
15684.00000000000000000 28244.00000000000000000 -280765.00000000000000000
15695.00000000000000000 28238.00000000000000000 -280765.00000000000000000
15708.00000000000000000 28233.00000000000000000 -280765.00000000000000000
15720.00000000000000000 28227.00000000000000000 -280765.00000000000000000
15731.00000000000000000 28222.00000000000000000 -280765.00000000000000000
15731.00000000000000000 28222.00000000000000000 -280765.00000000000000000
15744.00000000000000000 28216.00000000000000000 -280765.00000000000000000
15756.00000000000000000 28210.00000000000000000 -280765.00000000000000000
15767.00000000000000000 28204.00000000000000000 -280765.00000000000000000
15779.00000000000000000 28198.00000000000000000 -280765.00000000000000000
15779.00000000000000000 28198.00000000000000000 -280765.00000000000000000
15790.00000000000000000 28192.00000000000000000 -280765.00000000000000000
15802.00000000000000000 28186.00000000000000000 -281248.00000000000000000
15813.00000000000000000 28180.00000000000000000 -281248.00000000000000000
15825.00000000000000000 28174.00000000000000000 -281248.00000000000000000
15825.00000000000000000 28174.00000000000000000 -281248.00000000000000000
15837.00000000000000000 28167.00000000000000000 -281248.00000000000000000
15848.00000000000000000 28161.00000000000000000 -281248.00000000000000000
15860.00000000000000000 28155.00000000000000000 -281248.00000000000000000
15871.00000000000000000 28155.00000000000000000 -281248.00000000000000000
15871.00000000000000000 28148.00000000000000000 -281248.00000000000000000
15883.00000000000000000 28141.00000000000000000 -281248.00000000000000000
15895.00000000000000000 28135.00000000000000000 -281248.00000000000000000
15905.00000000000000000 28128.00000000000000000 -281248.00000000000000000
15905.00000000000000000 28128.00000000000000000 -281248.00000000000000000
15917.00000000000000000 28121.00000000000000000 -281248.00000000000000000
15928.00000000000000000 28114.00000000000000000 -281248.00000000000000000
15939.00000000000000000 28107.00000000000000000 -281248.00000000000000000
15951.00000000000000000 28100.00000000000000000 -282039.00000000000000000
15951.00000000000000000 28100.00000000000000000 -282039.00000000000000000
15961.00000000000000000 28093.00000000000000000 -282039.00000000000000000
15972.00000000000000000 28086.00000000000000000 -282039.00000000000000000
15984.00000000000000000 28078.00000000000000000 -282039.00000000000000000
15994.00000000000000000 28071.00000000000000000 -282039.00000000000000000
15994.00000000000000000 28071.00000000000000000 -282039.00000000000000000
16005.00000000000000000 28063.00000000000000000 -282039.00000000000000000
16016.00000000000000000 28056.00000000000000000 -282039.00000000000000000
16027.00000000000000000 28048.00000000000000000 -282039.00000000000000000
16038.00000000000000000 28040.00000000000000000 -282039.00000000000000000
16038.00000000000000000 28040.00000000000000000 -282039.00000000000000000
16048.00000000000000000 28033.00000000000000000 -282039.00000000000000000
16059.00000000000000000 28025.00000000000000000 -282039.00000000000000000
16069.00000000000000000 28017.00000000000000000 -282039.00000000000000000
16080.00000000000000000 28009.00000000000000000 -282039.00000000000000000
16080.00000000000000000 28009.00000000000000000 -282039.00000000000000000
16091.00000000000000000 28000.00000000000000000 -281395.00000000000000000
16100.00000000000000000 27993.00000000000000000 -281395.00000000000000000
16111.00000000000000000 27984.00000000000000000 -281395.00000000000000000
16121.00000000000000000 27976.00000000000000000 -281395.00000000000000000
16121.00000000000000000 27976.00000000000000000 -281395.00000000000000000
16132.00000000000000000 27968.00000000000000000 -281395.00000000000000000
16141.00000000000000000 27960.00000000000000000 -281395.00000000000000000
16152.00000000000000000 27951.00000000000000000 -281395.00000000000000000
16152.00000000000000000 27951.00000000000000000 -281395.00000000000000000
16162.00000000000000000 27942.00000000000000000 -281395.00000000000000000
16172.00000000000000000 27934.00000000000000000 -281395.00000000000000000
16182.00000000000000000 27925.00000000000000000 -281395.00000000000000000
16192.00000000000000000 27916.00000000000000000 -281395.00000000000000000
16192.00000000000000000 27916.00000000000000000 -281395.00000000000000000
16201.00000000000000000 27908.00000000000000000 -281395.00000000000000000
16212.00000000000000000 27899.00000000000000000 -281395.00000000000000000
16221.00000000000000000 27890.00000000000000000 -281529.00000000000000000
16231.00000000000000000 27881.00000000000000000 -281529.00000000000000000
16231.00000000000000000 27881.00000000000000000 -281529.00000000000000000
16241.00000000000000000 27872.00000000000000000 -281529.00000000000000000
16250.00000000000000000 27863.00000000000000000 -281529.00000000000000000
16260.00000000000000000 27854.00000000000000000 -281529.00000000000000000
16269.00000000000000000 27845.00000000000000000 -281529.00000000000000000
16269.00000000000000000 27845.00000000000000000 -281529.00000000000000000
16279.00000000000000000 27836.00000000000000000 -281529.00000000000000000
16289.00000000000000000 27826.00000000000000000 -281529.00000000000000000
16297.00000000000000000 27817.00000000000000000 -281529.00000000000000000
16307.00000000000000000 27807.00000000000000000 -281529.00000000000000000
16307.00000000000000000 27807.00000000000000000 -281529.00000000000000000
16316.00000000000000000 27798.00000000000000000 -281529.00000000000000000
16325.00000000000000000 27788.00000000000000000 -281529.00000000000000000
16334.00000000000000000 27778.00000000000000000 -281529.00000000000000000
16343.00000000000000000 27769.00000000000000000 -281583.00000000000000000
16343.00000000000000000 27769.00000000000000000 -281583.00000000000000000
16352.00000000000000000 27759.00000000000000000 -281583.00000000000000000
16360.00000000000000000 27750.00000000000000000 -281583.00000000000000000
16369.00000000000000000 27740.00000000000000000 -281583.00000000000000000
16378.00000000000000000 27730.00000000000000000 -281583.00000000000000000
16378.00000000000000000 27730.00000000000000000 -281583.00000000000000000
16387.00000000000000000 27720.00000000000000000 -281583.00000000000000000
16395.00000000000000000 27711.00000000000000000 -281583.00000000000000000
16404.00000000000000000 27700.00000000000000000 -281583.00000000000000000
16404.00000000000000000 27700.00000000000000000 -281583.00000000000000000
16412.00000000000000000 27690.00000000000000000 -281583.00000000000000000
16420.00000000000000000 27680.00000000000000000 -281583.00000000000000000
16429.00000000000000000 27669.00000000000000000 -281583.00000000000000000
16436.00000000000000000 27659.00000000000000000 -281583.00000000000000000
16436.00000000000000000 27659.00000000000000000 -281583.00000000000000000
16445.00000000000000000 27648.00000000000000000 -281583.00000000000000000
16453.00000000000000000 27638.00000000000000000 -281395.00000000000000000
16461.00000000000000000 27628.00000000000000000 -281395.00000000000000000
16469.00000000000000000 27617.00000000000000000 -281395.00000000000000000
16469.00000000000000000 27617.00000000000000000 -281395.00000000000000000
16476.00000000000000000 27607.00000000000000000 -281395.00000000000000000
16485.00000000000000000 27596.00000000000000000 -281395.00000000000000000
16492.00000000000000000 27586.00000000000000000 -281395.00000000000000000
16500.00000000000000000 27575.00000000000000000 -281395.00000000000000000
16500.00000000000000000 27575.00000000000000000 -281395.00000000000000000
16508.00000000000000000 27564.00000000000000000 -281395.00000000000000000
16515.00000000000000000 27553.00000000000000000 -281395.00000000000000000
16523.00000000000000000 27542.00000000000000000 -281395.00000000000000000
16530.00000000000000000 27531.00000000000000000 -281395.00000000000000000
16530.00000000000000000 27531.00000000000000000 -281395.00000000000000000
16537.00000000000000000 27521.00000000000000000 -281395.00000000000000000
16545.00000000000000000 27509.00000000000000000 -281395.00000000000000000
16551.00000000000000000 27499.00000000000000000 -375462.00000000000000000
16559.00000000000000000 27487.00000000000000000 -375462.00000000000000000
16559.00000000000000000 27487.00000000000000000 -375462.00000000000000000
16565.00000000000000000 27476.00000000000000000 -375462.00000000000000000
16572.00000000000000000 27465.00000000000000000 -375462.00000000000000000
16579.00000000000000000 27454.00000000000000000 -375462.00000000000000000
16586.00000000000000000 27442.00000000000000000 -375462.00000000000000000
16586.00000000000000000 27442.00000000000000000 -375462.00000000000000000
16593.00000000000000000 27431.00000000000000000 -375462.00000000000000000
16599.00000000000000000 27420.00000000000000000 -375462.00000000000000000
16606.00000000000000000 27408.00000000000000000 -375462.00000000000000000
16612.00000000000000000 27397.00000000000000000 -375462.00000000000000000
16612.00000000000000000 27397.00000000000000000 -375462.00000000000000000
16619.00000000000000000 27385.00000000000000000 -375462.00000000000000000
16625.00000000000000000 27373.00000000000000000 -375462.00000000000000000
16631.00000000000000000 27362.00000000000000000 -375462.00000000000000000
16631.00000000000000000 27362.00000000000000000 -375462.00000000000000000
16637.00000000000000000 27351.00000000000000000 -281422.00000000000000000
16644.00000000000000000 27339.00000000000000000 -281422.00000000000000000
16650.00000000000000000 27327.00000000000000000 -281422.00000000000000000
16656.00000000000000000 27316.00000000000000000 -281422.00000000000000000
16656.00000000000000000 27316.00000000000000000 -281422.00000000000000000
16662.00000000000000000 27303.00000000000000000 -281422.00000000000000000
16667.00000000000000000 27292.00000000000000000 -281422.00000000000000000
16673.00000000000000000 27280.00000000000000000 -281422.00000000000000000
16679.00000000000000000 27269.00000000000000000 -281422.00000000000000000
16679.00000000000000000 27269.00000000000000000 -281422.00000000000000000
16684.00000000000000000 27256.00000000000000000 -281422.00000000000000000
16690.00000000000000000 27244.00000000000000000 -281422.00000000000000000
16695.00000000000000000 27232.00000000000000000 -281422.00000000000000000
16700.00000000000000000 27220.00000000000000000 -281422.00000000000000000
16700.00000000000000000 27220.00000000000000000 -281422.00000000000000000
16705.00000000000000000 27208.00000000000000000 -281422.00000000000000000
16711.00000000000000000 27196.00000000000000000 -280725.00000000000000000
16715.00000000000000000 27184.00000000000000000 -280725.00000000000000000
16721.00000000000000000 27172.00000000000000000 -280725.00000000000000000
16721.00000000000000000 27172.00000000000000000 -280725.00000000000000000
16725.00000000000000000 27160.00000000000000000 -280725.00000000000000000
16730.00000000000000000 27148.00000000000000000 -280725.00000000000000000
16735.00000000000000000 27136.00000000000000000 -280725.00000000000000000
16740.00000000000000000 27123.00000000000000000 -280725.00000000000000000
16740.00000000000000000 27123.00000000000000000 -280725.00000000000000000
16744.00000000000000000 27112.00000000000000000 -280725.00000000000000000
16749.00000000000000000 27099.00000000000000000 -280725.00000000000000000
16754.00000000000000000 27086.00000000000000000 -280725.00000000000000000
16758.00000000000000000 27074.00000000000000000 -280725.00000000000000000
16758.00000000000000000 27074.00000000000000000 -280725.00000000000000000
16762.00000000000000000 27061.00000000000000000 -280725.00000000000000000
16766.00000000000000000 27049.00000000000000000 -280725.00000000000000000
16771.00000000000000000 27036.00000000000000000 -374765.00000000000000000
16774.00000000000000000 27024.00000000000000000 -374765.00000000000000000
16774.00000000000000000 27024.00000000000000000 -374765.00000000000000000
16778.00000000000000000 27011.00000000000000000 -374765.00000000000000000
16782.00000000000000000 26999.00000000000000000 -374765.00000000000000000
16786.00000000000000000 26986.00000000000000000 -374765.00000000000000000
16789.00000000000000000 26974.00000000000000000 -374765.00000000000000000
16789.00000000000000000 26974.00000000000000000 -374765.00000000000000000
16793.00000000000000000 26961.00000000000000000 -374765.00000000000000000
16797.00000000000000000 26948.00000000000000000 -374765.00000000000000000
16800.00000000000000000 26936.00000000000000000 -374765.00000000000000000
16804.00000000000000000 26923.00000000000000000 -374765.00000000000000000
16804.00000000000000000 26923.00000000000000000 -374765.00000000000000000
16807.00000000000000000 26909.00000000000000000 -374765.00000000000000000
16810.00000000000000000 26897.00000000000000000 -374765.00000000000000000
16813.00000000000000000 26884.00000000000000000 -374765.00000000000000000
16816.00000000000000000 26872.00000000000000000 -280886.00000000000000000
16816.00000000000000000 26872.00000000000000000 -280886.00000000000000000
16819.00000000000000000 26859.00000000000000000 -280886.00000000000000000
16822.00000000000000000 26846.00000000000000000 -280886.00000000000000000
16825.00000000000000000 26833.00000000000000000 -280886.00000000000000000
16825.00000000000000000 26833.00000000000000000 -280886.00000000000000000
16827.00000000000000000 26821.00000000000000000 -280886.00000000000000000
16830.00000000000000000 26807.00000000000000000 -280886.00000000000000000
16833.00000000000000000 26794.00000000000000000 -280886.00000000000000000
16835.00000000000000000 26782.00000000000000000 -280886.00000000000000000
16835.00000000000000000 26782.00000000000000000 -280886.00000000000000000
16838.00000000000000000 26770.00000000000000000 -280886.00000000000000000
16840.00000000000000000 26758.00000000000000000 -280886.00000000000000000
16842.00000000000000000 26747.00000000000000000 -280886.00000000000000000
16844.00000000000000000 26735.00000000000000000 -280886.00000000000000000
16844.00000000000000000 26735.00000000000000000 -280886.00000000000000000
16845.00000000000000000 26726.00000000000000000 -280886.00000000000000000
16847.00000000000000000 26715.00000000000000000 -274475.00000000000000000
16848.00000000000000000 26707.00000000000000000 -274475.00000000000000000
16849.00000000000000000 26698.00000000000000000 -274475.00000000000000000
16849.00000000000000000 26698.00000000000000000 -274475.00000000000000000
16850.00000000000000000 26690.00000000000000000 -274475.00000000000000000
16852.00000000000000000 26682.00000000000000000 -274475.00000000000000000
16853.00000000000000000 26675.00000000000000000 -274475.00000000000000000
16854.00000000000000000 26668.00000000000000000 -274475.00000000000000000
16854.00000000000000000 26668.00000000000000000 -274475.00000000000000000
16855.00000000000000000 26661.00000000000000000 -274475.00000000000000000
16856.00000000000000000 26655.00000000000000000 -274475.00000000000000000
16857.00000000000000000 26649.00000000000000000 -274475.00000000000000000
16858.00000000000000000 26642.00000000000000000 -274475.00000000000000000
16858.00000000000000000 26642.00000000000000000 -274475.00000000000000000
16859.00000000000000000 26636.00000000000000000 -274475.00000000000000000
16860.00000000000000000 26629.00000000000000000 -274475.00000000000000000
16861.00000000000000000 26621.00000000000000000 -215090.00000000000000000
16862.00000000000000000 26612.00000000000000000 -215090.00000000000000000
16862.00000000000000000 26612.00000000000000000 -215090.00000000000000000
16863.00000000000000000 26603.00000000000000000 -215090.00000000000000000
16864.00000000000000000 26592.00000000000000000 -215090.00000000000000000
16865.00000000000000000 26581.00000000000000000 -215090.00000000000000000
16867.00000000000000000 26568.00000000000000000 -215090.00000000000000000
16867.00000000000000000 26568.00000000000000000 -215090.00000000000000000
16868.00000000000000000 26553.00000000000000000 -215090.00000000000000000
16870.00000000000000000 26537.00000000000000000 -215090.00000000000000000
16872.00000000000000000 26519.00000000000000000 -215090.00000000000000000
16872.00000000000000000 26519.00000000000000000 -215090.00000000000000000
16875.00000000000000000 26501.00000000000000000 -215090.00000000000000000
16877.00000000000000000 26480.00000000000000000 -215090.00000000000000000
16880.00000000000000000 26458.00000000000000000 -215090.00000000000000000
16883.00000000000000000 26436.00000000000000000 -215090.00000000000000000
16883.00000000000000000 26436.00000000000000000 -215090.00000000000000000
16886.00000000000000000 26410.00000000000000000 -20640.00000000000000000
16890.00000000000000000 26386.00000000000000000 -20640.00000000000000000
16894.00000000000000000 26357.00000000000000000 -20640.00000000000000000
16898.00000000000000000 26330.00000000000000000 -20640.00000000000000000
16898.00000000000000000 26330.00000000000000000 -20640.00000000000000000
16902.00000000000000000 26299.00000000000000000 -20640.00000000000000000
16906.00000000000000000 26269.00000000000000000 -20640.00000000000000000
16911.00000000000000000 26234.00000000000000000 -20640.00000000000000000
16916.00000000000000000 26196.00000000000000000 -20640.00000000000000000
16916.00000000000000000 26196.00000000000000000 -20640.00000000000000000
16921.00000000000000000 26158.00000000000000000 -20640.00000000000000000
16927.00000000000000000 26114.00000000000000000 -20640.00000000000000000
16933.00000000000000000 26069.00000000000000000 -20640.00000000000000000
16940.00000000000000000 26016.00000000000000000 -20640.00000000000000000
16940.00000000000000000 26016.00000000000000000 -20640.00000000000000000
16948.00000000000000000 25958.00000000000000000 -20640.00000000000000000
16955.00000000000000000 25900.00000000000000000 11453.00000000000000000
16964.00000000000000000 25833.00000000000000000 11453.00000000000000000
16972.00000000000000000 25768.00000000000000000 11453.00000000000000000
16972.00000000000000000 25768.00000000000000000 11453.00000000000000000
16982.00000000000000000 25696.00000000000000000 11453.00000000000000000
16991.00000000000000000 25626.00000000000000000 11453.00000000000000000
17001.00000000000000000 25550.00000000000000000 11453.00000000000000000
17010.00000000000000000 25479.00000000000000000 11453.00000000000000000
17010.00000000000000000 25479.00000000000000000 11453.00000000000000000
17020.00000000000000000 25402.00000000000000000 11453.00000000000000000
17030.00000000000000000 25324.00000000000000000 11453.00000000000000000
17040.00000000000000000 25253.00000000000000000 11453.00000000000000000
17050.00000000000000000 25175.00000000000000000 11453.00000000000000000
17050.00000000000000000 25175.00000000000000000 11453.00000000000000000
17059.00000000000000000 25098.00000000000000000 11453.00000000000000000
17069.00000000000000000 25027.00000000000000000 11453.00000000000000000
17079.00000000000000000 24949.00000000000000000 -9066.00000000000000000
17088.00000000000000000 24878.00000000000000000 -9066.00000000000000000
17088.00000000000000000 24878.00000000000000000 -9066.00000000000000000
17098.00000000000000000 24800.00000000000000000 -9066.00000000000000000
17107.00000000000000000 24729.00000000000000000 -9066.00000000000000000
17117.00000000000000000 24652.00000000000000000 -9066.00000000000000000
17126.00000000000000000 24580.00000000000000000 -9066.00000000000000000
17126.00000000000000000 24580.00000000000000000 -9066.00000000000000000
17135.00000000000000000 24503.00000000000000000 -9066.00000000000000000
17145.00000000000000000 24426.00000000000000000 -9066.00000000000000000
17154.00000000000000000 24354.00000000000000000 -9066.00000000000000000
17154.00000000000000000 24354.00000000000000000 -9066.00000000000000000
17164.00000000000000000 24277.00000000000000000 -9066.00000000000000000
17173.00000000000000000 24205.00000000000000000 -9066.00000000000000000
17183.00000000000000000 24128.00000000000000000 -9066.00000000000000000
17192.00000000000000000 24050.00000000000000000 -9066.00000000000000000
17192.00000000000000000 24050.00000000000000000 -9066.00000000000000000
17201.00000000000000000 23979.00000000000000000 -12969.00000000000000000
17211.00000000000000000 23902.00000000000000000 -12969.00000000000000000
17220.00000000000000000 23830.00000000000000000 -12969.00000000000000000
17229.00000000000000000 23753.00000000000000000 -12969.00000000000000000
17229.00000000000000000 23753.00000000000000000 -12969.00000000000000000
17238.00000000000000000 23681.00000000000000000 -12969.00000000000000000
17247.00000000000000000 23604.00000000000000000 -12969.00000000000000000
17256.00000000000000000 23532.00000000000000000 -12969.00000000000000000
17266.00000000000000000 23455.00000000000000000 -12969.00000000000000000
17266.00000000000000000 23455.00000000000000000 -12969.00000000000000000
17275.00000000000000000 23378.00000000000000000 -12969.00000000000000000
17284.00000000000000000 23306.00000000000000000 -12969.00000000000000000
17293.00000000000000000 23229.00000000000000000 -12969.00000000000000000
17301.00000000000000000 23157.00000000000000000 -12969.00000000000000000
17301.00000000000000000 23157.00000000000000000 -12969.00000000000000000
17310.00000000000000000 23080.00000000000000000 -12969.00000000000000000
17320.00000000000000000 23002.00000000000000000 -16617.00000000000000000
17328.00000000000000000 22931.00000000000000000 -16617.00000000000000000
17337.00000000000000000 22853.00000000000000000 -16617.00000000000000000
17337.00000000000000000 22853.00000000000000000 -16617.00000000000000000
17346.00000000000000000 22782.00000000000000000 -16617.00000000000000000
17355.00000000000000000 22704.00000000000000000 -16617.00000000000000000
17363.00000000000000000 22633.00000000000000000 -16617.00000000000000000
17372.00000000000000000 22555.00000000000000000 -16617.00000000000000000
17372.00000000000000000 22555.00000000000000000 -16617.00000000000000000
17381.00000000000000000 22478.00000000000000000 -16617.00000000000000000
17389.00000000000000000 22406.00000000000000000 -16617.00000000000000000
17398.00000000000000000 22329.00000000000000000 -16617.00000000000000000
17398.00000000000000000 22329.00000000000000000 -16617.00000000000000000
17407.00000000000000000 22251.00000000000000000 -16617.00000000000000000
17415.00000000000000000 22180.00000000000000000 -16617.00000000000000000
17424.00000000000000000 22102.00000000000000000 -16617.00000000000000000
17432.00000000000000000 22031.00000000000000000 -16496.00000000000000000
17432.00000000000000000 22031.00000000000000000 -16496.00000000000000000
17441.00000000000000000 21953.00000000000000000 -16496.00000000000000000
17450.00000000000000000 21876.00000000000000000 -16496.00000000000000000
17458.00000000000000000 21804.00000000000000000 -16496.00000000000000000
17467.00000000000000000 21727.00000000000000000 -16496.00000000000000000
17467.00000000000000000 21727.00000000000000000 -16496.00000000000000000
17475.00000000000000000 21655.00000000000000000 -16496.00000000000000000
17484.00000000000000000 21578.00000000000000000 -16496.00000000000000000
17492.00000000000000000 21500.00000000000000000 -16496.00000000000000000
17500.00000000000000000 21429.00000000000000000 -16496.00000000000000000
17500.00000000000000000 21429.00000000000000000 -16496.00000000000000000
17509.00000000000000000 21351.00000000000000000 -16496.00000000000000000
17517.00000000000000000 21280.00000000000000000 -16496.00000000000000000
17525.00000000000000000 21202.00000000000000000 -16496.00000000000000000
17533.00000000000000000 21124.00000000000000000 -16496.00000000000000000
17533.00000000000000000 21124.00000000000000000 -16496.00000000000000000
17541.00000000000000000 21053.00000000000000000 -21887.00000000000000000
17550.00000000000000000 20975.00000000000000000 -21887.00000000000000000
17557.00000000000000000 20904.00000000000000000 -21887.00000000000000000
17566.00000000000000000 20826.00000000000000000 -21887.00000000000000000
17566.00000000000000000 20826.00000000000000000 -21887.00000000000000000
17573.00000000000000000 20755.00000000000000000 -21887.00000000000000000
17582.00000000000000000 20677.00000000000000000 -21887.00000000000000000
17589.00000000000000000 20605.00000000000000000 -21887.00000000000000000
17598.00000000000000000 20528.00000000000000000 -21887.00000000000000000
17598.00000000000000000 20528.00000000000000000 -21887.00000000000000000
17606.00000000000000000 20450.00000000000000000 -21887.00000000000000000
17613.00000000000000000 20379.00000000000000000 -21887.00000000000000000
17622.00000000000000000 20301.00000000000000000 -21887.00000000000000000
17622.00000000000000000 20301.00000000000000000 -21887.00000000000000000
17629.00000000000000000 20230.00000000000000000 -21887.00000000000000000
17637.00000000000000000 20152.00000000000000000 -21887.00000000000000000
17645.00000000000000000 20074.00000000000000000 -16348.00000000000000000
17652.00000000000000000 20003.00000000000000000 -16348.00000000000000000
17652.00000000000000000 20003.00000000000000000 -16348.00000000000000000
17660.00000000000000000 19925.00000000000000000 -16348.00000000000000000
17668.00000000000000000 19854.00000000000000000 -16348.00000000000000000
17676.00000000000000000 19776.00000000000000000 -16348.00000000000000000
17683.00000000000000000 19704.00000000000000000 -16348.00000000000000000
17683.00000000000000000 19704.00000000000000000 -16348.00000000000000000
17691.00000000000000000 19627.00000000000000000 -16348.00000000000000000
17698.00000000000000000 19549.00000000000000000 -16348.00000000000000000
17706.00000000000000000 19477.00000000000000000 -16348.00000000000000000
17713.00000000000000000 19400.00000000000000000 -16348.00000000000000000
17713.00000000000000000 19400.00000000000000000 -16348.00000000000000000
17721.00000000000000000 19328.00000000000000000 -16348.00000000000000000
17728.00000000000000000 19251.00000000000000000 -16348.00000000000000000
17735.00000000000000000 19179.00000000000000000 -16348.00000000000000000
17743.00000000000000000 19101.00000000000000000 -16617.00000000000000000
17743.00000000000000000 19101.00000000000000000 -16617.00000000000000000
17751.00000000000000000 19024.00000000000000000 -16617.00000000000000000
17758.00000000000000000 18952.00000000000000000 -16617.00000000000000000
17765.00000000000000000 18874.00000000000000000 -16617.00000000000000000
17772.00000000000000000 18803.00000000000000000 -16617.00000000000000000
17772.00000000000000000 18803.00000000000000000 -16617.00000000000000000
17780.00000000000000000 18725.00000000000000000 -16617.00000000000000000
17786.00000000000000000 18653.00000000000000000 -16617.00000000000000000
17794.00000000000000000 18576.00000000000000000 -16617.00000000000000000
17801.00000000000000000 18498.00000000000000000 -16617.00000000000000000
17801.00000000000000000 18498.00000000000000000 -16617.00000000000000000
17808.00000000000000000 18426.00000000000000000 -16617.00000000000000000
17815.00000000000000000 18349.00000000000000000 -16617.00000000000000000
17822.00000000000000000 18277.00000000000000000 -16617.00000000000000000
17829.00000000000000000 18199.00000000000000000 -16617.00000000000000000
17829.00000000000000000 18199.00000000000000000 -16617.00000000000000000
17836.00000000000000000 18128.00000000000000000 -22920.00000000000000000
17843.00000000000000000 18050.00000000000000000 -22920.00000000000000000
17850.00000000000000000 17978.00000000000000000 -22920.00000000000000000
17857.00000000000000000 17901.00000000000000000 -22920.00000000000000000
17857.00000000000000000 17901.00000000000000000 -22920.00000000000000000
17865.00000000000000000 17823.00000000000000000 -22920.00000000000000000
17871.00000000000000000 17751.00000000000000000 -22920.00000000000000000
17878.00000000000000000 17674.00000000000000000 -22920.00000000000000000
17885.00000000000000000 17602.00000000000000000 -22920.00000000000000000
17885.00000000000000000 17602.00000000000000000 -22920.00000000000000000
17892.00000000000000000 17524.00000000000000000 -22920.00000000000000000
17899.00000000000000000 17447.00000000000000000 -22920.00000000000000000
17905.00000000000000000 17375.00000000000000000 -22920.00000000000000000
17905.00000000000000000 17375.00000000000000000 -22920.00000000000000000
17912.00000000000000000 17297.00000000000000000 -22920.00000000000000000
17919.00000000000000000 17226.00000000000000000 -22920.00000000000000000
17925.00000000000000000 17148.00000000000000000 -16120.00000000000000000
17932.00000000000000000 17076.00000000000000000 -16120.00000000000000000
17932.00000000000000000 17076.00000000000000000 -16120.00000000000000000
17939.00000000000000000 16998.00000000000000000 -16120.00000000000000000
17945.00000000000000000 16921.00000000000000000 -16120.00000000000000000
17952.00000000000000000 16849.00000000000000000 -16120.00000000000000000
17958.00000000000000000 16771.00000000000000000 -16120.00000000000000000
17958.00000000000000000 16771.00000000000000000 -16120.00000000000000000
17964.00000000000000000 16700.00000000000000000 -16120.00000000000000000
17971.00000000000000000 16622.00000000000000000 -16120.00000000000000000
17978.00000000000000000 16544.00000000000000000 -16120.00000000000000000
17984.00000000000000000 16472.00000000000000000 -16120.00000000000000000
17984.00000000000000000 16472.00000000000000000 -16120.00000000000000000
17990.00000000000000000 16395.00000000000000000 -16120.00000000000000000
17996.00000000000000000 16323.00000000000000000 -16120.00000000000000000
18003.00000000000000000 16245.00000000000000000 -16120.00000000000000000
18009.00000000000000000 16173.00000000000000000 -16871.00000000000000000
18009.00000000000000000 16173.00000000000000000 -16871.00000000000000000
18015.00000000000000000 16096.00000000000000000 -16871.00000000000000000
18021.00000000000000000 16024.00000000000000000 -16871.00000000000000000
18027.00000000000000000 15946.00000000000000000 -16871.00000000000000000
18033.00000000000000000 15874.00000000000000000 -16871.00000000000000000
18033.00000000000000000 15874.00000000000000000 -16871.00000000000000000
18040.00000000000000000 15797.00000000000000000 -16871.00000000000000000
18046.00000000000000000 15719.00000000000000000 -16871.00000000000000000
18052.00000000000000000 15647.00000000000000000 -16871.00000000000000000
18058.00000000000000000 15570.00000000000000000 -16871.00000000000000000
18058.00000000000000000 15570.00000000000000000 -16871.00000000000000000
18064.00000000000000000 15492.00000000000000000 -16871.00000000000000000
18070.00000000000000000 15420.00000000000000000 -16871.00000000000000000
18076.00000000000000000 15342.00000000000000000 -16871.00000000000000000
18082.00000000000000000 15270.00000000000000000 -16871.00000000000000000
18082.00000000000000000 15270.00000000000000000 -16871.00000000000000000
18088.00000000000000000 15193.00000000000000000 -15825.00000000000000000
18093.00000000000000000 15121.00000000000000000 -15825.00000000000000000
18100.00000000000000000 15043.00000000000000000 -15825.00000000000000000
18105.00000000000000000 14971.00000000000000000 -15825.00000000000000000
18105.00000000000000000 14971.00000000000000000 -15825.00000000000000000
18111.00000000000000000 14894.00000000000000000 -15825.00000000000000000
18117.00000000000000000 14822.00000000000000000 -15825.00000000000000000
18122.00000000000000000 14744.00000000000000000 -15825.00000000000000000
18122.00000000000000000 14744.00000000000000000 -15825.00000000000000000
18128.00000000000000000 14666.00000000000000000 -15825.00000000000000000
18134.00000000000000000 14594.00000000000000000 -15825.00000000000000000
18139.00000000000000000 14517.00000000000000000 -15825.00000000000000000
18145.00000000000000000 14439.00000000000000000 -15825.00000000000000000
18145.00000000000000000 14439.00000000000000000 -15825.00000000000000000
18151.00000000000000000 14367.00000000000000000 -15825.00000000000000000
18156.00000000000000000 14289.00000000000000000 -15825.00000000000000000
18162.00000000000000000 14218.00000000000000000 -16737.00000000000000000
18167.00000000000000000 14140.00000000000000000 -16737.00000000000000000
18167.00000000000000000 14140.00000000000000000 -16737.00000000000000000
18173.00000000000000000 14068.00000000000000000 -16737.00000000000000000
18178.00000000000000000 13990.00000000000000000 -16737.00000000000000000
18183.00000000000000000 13918.00000000000000000 -16737.00000000000000000
18189.00000000000000000 13841.00000000000000000 -16737.00000000000000000
18189.00000000000000000 13841.00000000000000000 -16737.00000000000000000
18194.00000000000000000 13769.00000000000000000 -16737.00000000000000000
18199.00000000000000000 13691.00000000000000000 -16737.00000000000000000
18205.00000000000000000 13613.00000000000000000 -16737.00000000000000000
18210.00000000000000000 13541.00000000000000000 -16737.00000000000000000
18210.00000000000000000 13541.00000000000000000 -16737.00000000000000000
18215.00000000000000000 13463.00000000000000000 -16737.00000000000000000
18220.00000000000000000 13392.00000000000000000 -16737.00000000000000000
18225.00000000000000000 13314.00000000000000000 -16737.00000000000000000
18230.00000000000000000 13236.00000000000000000 -16442.00000000000000000
18230.00000000000000000 13236.00000000000000000 -16442.00000000000000000
18235.00000000000000000 13164.00000000000000000 -16442.00000000000000000
18241.00000000000000000 13086.00000000000000000 -16442.00000000000000000
18245.00000000000000000 13014.00000000000000000 -16442.00000000000000000
18251.00000000000000000 12937.00000000000000000 -16442.00000000000000000
18251.00000000000000000 12937.00000000000000000 -16442.00000000000000000
18255.00000000000000000 12865.00000000000000000 -16442.00000000000000000
18261.00000000000000000 12787.00000000000000000 -16442.00000000000000000
18266.00000000000000000 12709.00000000000000000 -16442.00000000000000000
18270.00000000000000000 12637.00000000000000000 -16442.00000000000000000
18270.00000000000000000 12637.00000000000000000 -16442.00000000000000000
18275.00000000000000000 12559.00000000000000000 -16442.00000000000000000
18280.00000000000000000 12488.00000000000000000 -16442.00000000000000000
18285.00000000000000000 12410.00000000000000000 -16442.00000000000000000
18285.00000000000000000 12410.00000000000000000 -16442.00000000000000000
18290.00000000000000000 12332.00000000000000000 -16442.00000000000000000
18294.00000000000000000 12260.00000000000000000 -16482.00000000000000000
18299.00000000000000000 12182.00000000000000000 -16482.00000000000000000
18304.00000000000000000 12110.00000000000000000 -16482.00000000000000000
18304.00000000000000000 12110.00000000000000000 -16482.00000000000000000
18309.00000000000000000 12033.00000000000000000 -16482.00000000000000000
18313.00000000000000000 11961.00000000000000000 -16482.00000000000000000
18318.00000000000000000 11883.00000000000000000 -16482.00000000000000000
18322.00000000000000000 11811.00000000000000000 -16482.00000000000000000
18322.00000000000000000 11811.00000000000000000 -16482.00000000000000000
18327.00000000000000000 11733.00000000000000000 -16482.00000000000000000
18331.00000000000000000 11661.00000000000000000 -16482.00000000000000000
18336.00000000000000000 11583.00000000000000000 -16482.00000000000000000
18340.00000000000000000 11506.00000000000000000 -16482.00000000000000000
18340.00000000000000000 11506.00000000000000000 -16482.00000000000000000
18345.00000000000000000 11434.00000000000000000 -16482.00000000000000000
18349.00000000000000000 11356.00000000000000000 -16482.00000000000000000
18354.00000000000000000 11284.00000000000000000 -16456.00000000000000000
18358.00000000000000000 11206.00000000000000000 -16456.00000000000000000
18358.00000000000000000 11206.00000000000000000 -16456.00000000000000000
18362.00000000000000000 11134.00000000000000000 -16456.00000000000000000
18367.00000000000000000 11056.00000000000000000 -16456.00000000000000000
18371.00000000000000000 10984.00000000000000000 -16456.00000000000000000
18375.00000000000000000 10907.00000000000000000 -16456.00000000000000000
18375.00000000000000000 10907.00000000000000000 -16456.00000000000000000
18379.00000000000000000 10829.00000000000000000 -16456.00000000000000000
18383.00000000000000000 10757.00000000000000000 -16456.00000000000000000
18388.00000000000000000 10679.00000000000000000 -16456.00000000000000000
18392.00000000000000000 10607.00000000000000000 -16456.00000000000000000
18392.00000000000000000 10607.00000000000000000 -16456.00000000000000000
18396.00000000000000000 10529.00000000000000000 -16456.00000000000000000
18400.00000000000000000 10451.00000000000000000 -16456.00000000000000000
18404.00000000000000000 10379.00000000000000000 -16456.00000000000000000
18408.00000000000000000 10301.00000000000000000 -16643.00000000000000000
18408.00000000000000000 10301.00000000000000000 -16643.00000000000000000
18412.00000000000000000 10230.00000000000000000 -16643.00000000000000000
18416.00000000000000000 10152.00000000000000000 -16643.00000000000000000
18419.00000000000000000 10080.00000000000000000 -16643.00000000000000000
18423.00000000000000000 10002.00000000000000000 -16643.00000000000000000
18423.00000000000000000 10002.00000000000000000 -16643.00000000000000000
18427.00000000000000000 9930.00000000000000000 -16643.00000000000000000
18431.00000000000000000 9852.00000000000000000 -16643.00000000000000000
18435.00000000000000000 9774.00000000000000000 -16643.00000000000000000
18438.00000000000000000 9702.00000000000000000 -16643.00000000000000000
18438.00000000000000000 9702.00000000000000000 -16643.00000000000000000
18442.00000000000000000 9624.00000000000000000 -16643.00000000000000000
18446.00000000000000000 9552.00000000000000000 -16643.00000000000000000
18450.00000000000000000 9475.00000000000000000 -16643.00000000000000000
18450.00000000000000000 9475.00000000000000000 -16643.00000000000000000
18453.00000000000000000 9403.00000000000000000 -16643.00000000000000000
18457.00000000000000000 9325.00000000000000000 -16603.00000000000000000
18461.00000000000000000 9247.00000000000000000 -16603.00000000000000000
18464.00000000000000000 9175.00000000000000000 -16603.00000000000000000
18464.00000000000000000 9175.00000000000000000 -16603.00000000000000000
18468.00000000000000000 9097.00000000000000000 -16603.00000000000000000
18471.00000000000000000 9025.00000000000000000 -16603.00000000000000000
18475.00000000000000000 8947.00000000000000000 -16603.00000000000000000
18478.00000000000000000 8875.00000000000000000 -16603.00000000000000000
18478.00000000000000000 8875.00000000000000000 -16603.00000000000000000
18482.00000000000000000 8797.00000000000000000 -16603.00000000000000000
18485.00000000000000000 8719.00000000000000000 -16603.00000000000000000
18488.00000000000000000 8647.00000000000000000 -16603.00000000000000000
18492.00000000000000000 8570.00000000000000000 -16603.00000000000000000
18492.00000000000000000 8570.00000000000000000 -16603.00000000000000000
18495.00000000000000000 8498.00000000000000000 -16603.00000000000000000
18498.00000000000000000 8420.00000000000000000 -16603.00000000000000000
18501.00000000000000000 8348.00000000000000000 -15986.00000000000000000
18504.00000000000000000 8270.00000000000000000 -15986.00000000000000000
18504.00000000000000000 8270.00000000000000000 -15986.00000000000000000
18507.00000000000000000 8192.00000000000000000 -15986.00000000000000000
18511.00000000000000000 8120.00000000000000000 -15986.00000000000000000
18514.00000000000000000 8042.00000000000000000 -15986.00000000000000000
18517.00000000000000000 7970.00000000000000000 -15986.00000000000000000
18517.00000000000000000 7970.00000000000000000 -15986.00000000000000000
18520.00000000000000000 7892.00000000000000000 -15986.00000000000000000
18523.00000000000000000 7820.00000000000000000 -15986.00000000000000000
18526.00000000000000000 7742.00000000000000000 -15986.00000000000000000
18529.00000000000000000 7664.00000000000000000 -15986.00000000000000000
18529.00000000000000000 7664.00000000000000000 -15986.00000000000000000
18532.00000000000000000 7592.00000000000000000 -15986.00000000000000000
18535.00000000000000000 7514.00000000000000000 -15986.00000000000000000
18538.00000000000000000 7443.00000000000000000 -15986.00000000000000000
18541.00000000000000000 7365.00000000000000000 -16898.00000000000000000
18541.00000000000000000 7365.00000000000000000 -16898.00000000000000000
18544.00000000000000000 7293.00000000000000000 -16898.00000000000000000
18547.00000000000000000 7215.00000000000000000 -16898.00000000000000000
18549.00000000000000000 7143.00000000000000000 -16898.00000000000000000
18552.00000000000000000 7065.00000000000000000 -16898.00000000000000000
18552.00000000000000000 7065.00000000000000000 -16898.00000000000000000
18555.00000000000000000 6987.00000000000000000 -16898.00000000000000000
18557.00000000000000000 6915.00000000000000000 -16898.00000000000000000
18560.00000000000000000 6837.00000000000000000 -16898.00000000000000000
18560.00000000000000000 6837.00000000000000000 -16898.00000000000000000
18563.00000000000000000 6765.00000000000000000 -16898.00000000000000000
18565.00000000000000000 6687.00000000000000000 -16898.00000000000000000
18568.00000000000000000 6609.00000000000000000 -16898.00000000000000000
18570.00000000000000000 6537.00000000000000000 -16898.00000000000000000
18570.00000000000000000 6537.00000000000000000 -16898.00000000000000000
18573.00000000000000000 6459.00000000000000000 -16898.00000000000000000
18575.00000000000000000 6387.00000000000000000 -16026.00000000000000000
18578.00000000000000000 6309.00000000000000000 -16026.00000000000000000
18580.00000000000000000 6237.00000000000000000 -16026.00000000000000000
18580.00000000000000000 6237.00000000000000000 -16026.00000000000000000
18583.00000000000000000 6159.00000000000000000 -16026.00000000000000000
18585.00000000000000000 6081.00000000000000000 -16026.00000000000000000
18587.00000000000000000 6009.00000000000000000 -16026.00000000000000000
18590.00000000000000000 5931.00000000000000000 -16026.00000000000000000
18590.00000000000000000 5931.00000000000000000 -16026.00000000000000000
18592.00000000000000000 5859.00000000000000000 -16026.00000000000000000
18594.00000000000000000 5782.00000000000000000 -16026.00000000000000000
18596.00000000000000000 5704.00000000000000000 -16026.00000000000000000
18599.00000000000000000 5632.00000000000000000 -16026.00000000000000000
18599.00000000000000000 5632.00000000000000000 -16026.00000000000000000
18601.00000000000000000 5554.00000000000000000 -16026.00000000000000000
18603.00000000000000000 5482.00000000000000000 -16026.00000000000000000
18605.00000000000000000 5404.00000000000000000 -22719.00000000000000000
18607.00000000000000000 5332.00000000000000000 -22719.00000000000000000
18607.00000000000000000 5332.00000000000000000 -22719.00000000000000000
18609.00000000000000000 5254.00000000000000000 -22719.00000000000000000
18611.00000000000000000 5176.00000000000000000 -22719.00000000000000000
18613.00000000000000000 5104.00000000000000000 -22719.00000000000000000
18615.00000000000000000 5026.00000000000000000 -22719.00000000000000000
18615.00000000000000000 5026.00000000000000000 -22719.00000000000000000
18617.00000000000000000 4954.00000000000000000 -22719.00000000000000000
18619.00000000000000000 4876.00000000000000000 -22719.00000000000000000
18620.00000000000000000 4804.00000000000000000 -22719.00000000000000000
18622.00000000000000000 4726.00000000000000000 -22719.00000000000000000
18622.00000000000000000 4726.00000000000000000 -22719.00000000000000000
18624.00000000000000000 4648.00000000000000000 -22719.00000000000000000
18626.00000000000000000 4576.00000000000000000 -22719.00000000000000000
18628.00000000000000000 4498.00000000000000000 -22719.00000000000000000
18629.00000000000000000 4426.00000000000000000 -16094.00000000000000000
18629.00000000000000000 4426.00000000000000000 -16094.00000000000000000
18631.00000000000000000 4348.00000000000000000 -16094.00000000000000000
18633.00000000000000000 4276.00000000000000000 -16094.00000000000000000
18634.00000000000000000 4198.00000000000000000 -16094.00000000000000000
18634.00000000000000000 4198.00000000000000000 -16094.00000000000000000
18636.00000000000000000 4126.00000000000000000 -16094.00000000000000000
18638.00000000000000000 4048.00000000000000000 -16094.00000000000000000
18639.00000000000000000 3970.00000000000000000 -16094.00000000000000000
18641.00000000000000000 3898.00000000000000000 -16094.00000000000000000
18641.00000000000000000 3898.00000000000000000 -16094.00000000000000000
18642.00000000000000000 3820.00000000000000000 -16094.00000000000000000
18644.00000000000000000 3742.00000000000000000 -16094.00000000000000000
18645.00000000000000000 3670.00000000000000000 -16094.00000000000000000
18647.00000000000000000 3592.00000000000000000 -16094.00000000000000000
18647.00000000000000000 3592.00000000000000000 -16094.00000000000000000
18648.00000000000000000 3520.00000000000000000 -16094.00000000000000000
18649.00000000000000000 3442.00000000000000000 -16778.00000000000000000
18651.00000000000000000 3364.00000000000000000 -16778.00000000000000000
18652.00000000000000000 3292.00000000000000000 -16778.00000000000000000
18652.00000000000000000 3292.00000000000000000 -16778.00000000000000000
18653.00000000000000000 3214.00000000000000000 -16778.00000000000000000
18654.00000000000000000 3142.00000000000000000 -16778.00000000000000000
18656.00000000000000000 3064.00000000000000000 -16778.00000000000000000
18657.00000000000000000 2992.00000000000000000 -16778.00000000000000000
18657.00000000000000000 2992.00000000000000000 -16778.00000000000000000
18658.00000000000000000 2914.00000000000000000 -16778.00000000000000000
18659.00000000000000000 2836.00000000000000000 -16778.00000000000000000
18660.00000000000000000 2764.00000000000000000 -16778.00000000000000000
18661.00000000000000000 2686.00000000000000000 -16778.00000000000000000
18661.00000000000000000 2686.00000000000000000 -16778.00000000000000000
18662.00000000000000000 2614.00000000000000000 -16778.00000000000000000
18663.00000000000000000 2536.00000000000000000 -16778.00000000000000000
18664.00000000000000000 2464.00000000000000000 -16697.00000000000000000
18665.00000000000000000 2386.00000000000000000 -16697.00000000000000000
18665.00000000000000000 2386.00000000000000000 -16697.00000000000000000
18666.00000000000000000 2308.00000000000000000 -16697.00000000000000000
18667.00000000000000000 2236.00000000000000000 -16697.00000000000000000
18668.00000000000000000 2158.00000000000000000 -16697.00000000000000000
18669.00000000000000000 2086.00000000000000000 -16697.00000000000000000
18669.00000000000000000 2086.00000000000000000 -16697.00000000000000000
18669.00000000000000000 2008.00000000000000000 -16697.00000000000000000
18670.00000000000000000 1936.00000000000000000 -16697.00000000000000000
18671.00000000000000000 1858.00000000000000000 -16697.00000000000000000
18671.00000000000000000 1858.00000000000000000 -16697.00000000000000000
18672.00000000000000000 1780.00000000000000000 -16697.00000000000000000
18672.00000000000000000 1708.00000000000000000 -16697.00000000000000000
18673.00000000000000000 1630.00000000000000000 -16697.00000000000000000
18673.00000000000000000 1558.00000000000000000 -16697.00000000000000000
18673.00000000000000000 1558.00000000000000000 -16697.00000000000000000
18674.00000000000000000 1480.00000000000000000 -16120.00000000000000000
18674.00000000000000000 1408.00000000000000000 -16120.00000000000000000
18675.00000000000000000 1330.00000000000000000 -16120.00000000000000000
18675.00000000000000000 1253.00000000000000000 -16120.00000000000000000
18675.00000000000000000 1253.00000000000000000 -16120.00000000000000000
18676.00000000000000000 1181.00000000000000000 -16120.00000000000000000
18676.00000000000000000 1103.00000000000000000 -16120.00000000000000000
18677.00000000000000000 1031.00000000000000000 -16120.00000000000000000
18677.00000000000000000 953.00000000000000000 -16120.00000000000000000
18677.00000000000000000 953.00000000000000000 -16120.00000000000000000
18677.00000000000000000 881.00000000000000000 -16120.00000000000000000
18678.00000000000000000 803.00000000000000000 -16120.00000000000000000
18678.00000000000000000 725.00000000000000000 -16120.00000000000000000
18678.00000000000000000 653.00000000000000000 -16120.00000000000000000
18678.00000000000000000 653.00000000000000000 -16120.00000000000000000
18679.00000000000000000 575.00000000000000000 -16120.00000000000000000
18679.00000000000000000 503.00000000000000000 -16858.00000000000000000
18679.00000000000000000 425.00000000000000000 -16858.00000000000000000
18679.00000000000000000 353.00000000000000000 -16858.00000000000000000
18679.00000000000000000 353.00000000000000000 -16858.00000000000000000
18679.00000000000000000 275.00000000000000000 -16858.00000000000000000
18679.00000000000000000 203.00000000000000000 -16858.00000000000000000
18679.00000000000000000 125.00000000000000000 -16858.00000000000000000
18680.00000000000000000 47.00000000000000000 -16858.00000000000000000
18680.00000000000000000 47.00000000000000000 -16858.00000000000000000
18680.00000000000000000 -25.00000000000000000 -16858.00000000000000000
18680.00000000000000000 -103.00000000000000000 -16858.00000000000000000
18680.00000000000000000 -175.00000000000000000 -16858.00000000000000000
18680.00000000000000000 -253.00000000000000000 -16858.00000000000000000
18680.00000000000000000 -253.00000000000000000 -16858.00000000000000000
18679.00000000000000000 -331.00000000000000000 -16858.00000000000000000
18679.00000000000000000 -403.00000000000000000 -16858.00000000000000000
18679.00000000000000000 -481.00000000000000000 -15906.00000000000000000
18679.00000000000000000 -553.00000000000000000 -15906.00000000000000000
18679.00000000000000000 -553.00000000000000000 -15906.00000000000000000
18678.00000000000000000 -631.00000000000000000 -15906.00000000000000000
18678.00000000000000000 -703.00000000000000000 -15906.00000000000000000
18678.00000000000000000 -781.00000000000000000 -15906.00000000000000000
18678.00000000000000000 -853.00000000000000000 -15906.00000000000000000
18678.00000000000000000 -853.00000000000000000 -15906.00000000000000000
18677.00000000000000000 -931.00000000000000000 -15906.00000000000000000
18677.00000000000000000 -1009.00000000000000000 -15906.00000000000000000
18676.00000000000000000 -1081.00000000000000000 -15906.00000000000000000
18676.00000000000000000 -1081.00000000000000000 -15906.00000000000000000
18676.00000000000000000 -1159.00000000000000000 -15906.00000000000000000
18675.00000000000000000 -1231.00000000000000000 -15906.00000000000000000
18675.00000000000000000 -1309.00000000000000000 -15906.00000000000000000
18674.00000000000000000 -1387.00000000000000000 -15906.00000000000000000
18674.00000000000000000 -1387.00000000000000000 -15906.00000000000000000
18674.00000000000000000 -1459.00000000000000000 -16737.00000000000000000
18673.00000000000000000 -1537.00000000000000000 -16737.00000000000000000
18672.00000000000000000 -1609.00000000000000000 -16737.00000000000000000
18672.00000000000000000 -1687.00000000000000000 -16737.00000000000000000
18672.00000000000000000 -1687.00000000000000000 -16737.00000000000000000
18671.00000000000000000 -1759.00000000000000000 -16737.00000000000000000
18670.00000000000000000 -1837.00000000000000000 -16737.00000000000000000
18670.00000000000000000 -1909.00000000000000000 -16737.00000000000000000
18669.00000000000000000 -1987.00000000000000000 -16737.00000000000000000
18669.00000000000000000 -1987.00000000000000000 -16737.00000000000000000
18668.00000000000000000 -2065.00000000000000000 -16737.00000000000000000
18667.00000000000000000 -2137.00000000000000000 -16737.00000000000000000
18667.00000000000000000 -2215.00000000000000000 -16737.00000000000000000
18666.00000000000000000 -2287.00000000000000000 -16737.00000000000000000
18666.00000000000000000 -2287.00000000000000000 -16737.00000000000000000
18665.00000000000000000 -2365.00000000000000000 -16737.00000000000000000
18664.00000000000000000 -2443.00000000000000000 -15812.00000000000000000
18663.00000000000000000 -2515.00000000000000000 -15812.00000000000000000
18662.00000000000000000 -2593.00000000000000000 -15812.00000000000000000
18662.00000000000000000 -2593.00000000000000000 -15812.00000000000000000
18661.00000000000000000 -2665.00000000000000000 -15812.00000000000000000
18660.00000000000000000 -2743.00000000000000000 -15812.00000000000000000
18659.00000000000000000 -2815.00000000000000000 -15812.00000000000000000
18658.00000000000000000 -2893.00000000000000000 -15812.00000000000000000
18658.00000000000000000 -2893.00000000000000000 -15812.00000000000000000
18657.00000000000000000 -2965.00000000000000000 -15812.00000000000000000
18655.00000000000000000 -3043.00000000000000000 -15812.00000000000000000
18654.00000000000000000 -3121.00000000000000000 -15812.00000000000000000
18653.00000000000000000 -3193.00000000000000000 -15812.00000000000000000
18653.00000000000000000 -3193.00000000000000000 -15812.00000000000000000
18652.00000000000000000 -3271.00000000000000000 -15812.00000000000000000
18651.00000000000000000 -3343.00000000000000000 -15812.00000000000000000
18649.00000000000000000 -3421.00000000000000000 -17153.00000000000000000
18649.00000000000000000 -3421.00000000000000000 -17153.00000000000000000
18648.00000000000000000 -3493.00000000000000000 -17153.00000000000000000
18646.00000000000000000 -3571.00000000000000000 -17153.00000000000000000
18645.00000000000000000 -3649.00000000000000000 -17153.00000000000000000
18643.00000000000000000 -3721.00000000000000000 -17153.00000000000000000
18643.00000000000000000 -3721.00000000000000000 -17153.00000000000000000
18642.00000000000000000 -3799.00000000000000000 -17153.00000000000000000
18640.00000000000000000 -3871.00000000000000000 -17153.00000000000000000
18639.00000000000000000 -3949.00000000000000000 -17153.00000000000000000
18637.00000000000000000 -4021.00000000000000000 -17153.00000000000000000
18637.00000000000000000 -4021.00000000000000000 -17153.00000000000000000
18636.00000000000000000 -4099.00000000000000000 -17153.00000000000000000
18634.00000000000000000 -4171.00000000000000000 -17153.00000000000000000
18633.00000000000000000 -4249.00000000000000000 -17153.00000000000000000
18631.00000000000000000 -4327.00000000000000000 -17153.00000000000000000
18631.00000000000000000 -4327.00000000000000000 -17153.00000000000000000
18629.00000000000000000 -4399.00000000000000000 -16536.00000000000000000
18627.00000000000000000 -4477.00000000000000000 -16536.00000000000000000
18626.00000000000000000 -4549.00000000000000000 -16536.00000000000000000
18624.00000000000000000 -4627.00000000000000000 -16536.00000000000000000
18624.00000000000000000 -4627.00000000000000000 -16536.00000000000000000
18622.00000000000000000 -4699.00000000000000000 -16536.00000000000000000
18620.00000000000000000 -4777.00000000000000000 -16536.00000000000000000
18619.00000000000000000 -4849.00000000000000000 -16536.00000000000000000
18617.00000000000000000 -4927.00000000000000000 -16536.00000000000000000
18617.00000000000000000 -4927.00000000000000000 -16536.00000000000000000
18615.00000000000000000 -5005.00000000000000000 -16536.00000000000000000
18613.00000000000000000 -5077.00000000000000000 -16536.00000000000000000
18611.00000000000000000 -5155.00000000000000000 -16536.00000000000000000
18609.00000000000000000 -5233.00000000000000000 -16536.00000000000000000
18609.00000000000000000 -5233.00000000000000000 -16536.00000000000000000
18607.00000000000000000 -5305.00000000000000000 -16536.00000000000000000
18605.00000000000000000 -5383.00000000000000000 -17046.00000000000000000
18602.00000000000000000 -5461.00000000000000000 -17046.00000000000000000
18600.00000000000000000 -5533.00000000000000000 -17046.00000000000000000
18600.00000000000000000 -5533.00000000000000000 -17046.00000000000000000
18598.00000000000000000 -5610.00000000000000000 -17046.00000000000000000
18596.00000000000000000 -5682.00000000000000000 -17046.00000000000000000
18594.00000000000000000 -5760.00000000000000000 -17046.00000000000000000
18594.00000000000000000 -5760.00000000000000000 -17046.00000000000000000
18592.00000000000000000 -5838.00000000000000000 -17046.00000000000000000
18589.00000000000000000 -5910.00000000000000000 -17046.00000000000000000
18587.00000000000000000 -5988.00000000000000000 -17046.00000000000000000
18585.00000000000000000 -6060.00000000000000000 -17046.00000000000000000
18585.00000000000000000 -6060.00000000000000000 -17046.00000000000000000
18582.00000000000000000 -6138.00000000000000000 -17046.00000000000000000
18580.00000000000000000 -6216.00000000000000000 -17046.00000000000000000
18577.00000000000000000 -6288.00000000000000000 -17046.00000000000000000
18575.00000000000000000 -6366.00000000000000000 -16107.00000000000000000
18575.00000000000000000 -6366.00000000000000000 -16107.00000000000000000
18572.00000000000000000 -6438.00000000000000000 -16107.00000000000000000
18570.00000000000000000 -6516.00000000000000000 -16107.00000000000000000
18567.00000000000000000 -6588.00000000000000000 -16107.00000000000000000
18565.00000000000000000 -6666.00000000000000000 -16107.00000000000000000
18565.00000000000000000 -6666.00000000000000000 -16107.00000000000000000
18562.00000000000000000 -6738.00000000000000000 -16107.00000000000000000
18560.00000000000000000 -6816.00000000000000000 -16107.00000000000000000
18557.00000000000000000 -6894.00000000000000000 -16107.00000000000000000
18554.00000000000000000 -6966.00000000000000000 -16107.00000000000000000
18554.00000000000000000 -6966.00000000000000000 -16107.00000000000000000
18552.00000000000000000 -7044.00000000000000000 -16107.00000000000000000
18549.00000000000000000 -7116.00000000000000000 -16107.00000000000000000
18546.00000000000000000 -7194.00000000000000000 -16107.00000000000000000
18543.00000000000000000 -7266.00000000000000000 -16107.00000000000000000
18543.00000000000000000 -7266.00000000000000000 -16107.00000000000000000
18540.00000000000000000 -7343.00000000000000000 -22397.00000000000000000
18538.00000000000000000 -7421.00000000000000000 -22397.00000000000000000
18535.00000000000000000 -7493.00000000000000000 -22397.00000000000000000
18532.00000000000000000 -7571.00000000000000000 -22397.00000000000000000
18532.00000000000000000 -7571.00000000000000000 -22397.00000000000000000
18529.00000000000000000 -7643.00000000000000000 -22397.00000000000000000
18526.00000000000000000 -7721.00000000000000000 -22397.00000000000000000
18523.00000000000000000 -7793.00000000000000000 -22397.00000000000000000
18520.00000000000000000 -7871.00000000000000000 -22397.00000000000000000
18520.00000000000000000 -7871.00000000000000000 -22397.00000000000000000
18517.00000000000000000 -7943.00000000000000000 -22397.00000000000000000
18514.00000000000000000 -8021.00000000000000000 -22397.00000000000000000
18511.00000000000000000 -8093.00000000000000000 -22397.00000000000000000
18507.00000000000000000 -8171.00000000000000000 -22397.00000000000000000
18507.00000000000000000 -8171.00000000000000000 -22397.00000000000000000
18504.00000000000000000 -8249.00000000000000000 -22397.00000000000000000
18501.00000000000000000 -8321.00000000000000000 -16670.00000000000000000
18498.00000000000000000 -8399.00000000000000000 -16670.00000000000000000
18494.00000000000000000 -8470.00000000000000000 -16670.00000000000000000
18494.00000000000000000 -8470.00000000000000000 -16670.00000000000000000
18491.00000000000000000 -8548.00000000000000000 -16670.00000000000000000
18488.00000000000000000 -8620.00000000000000000 -16670.00000000000000000
18484.00000000000000000 -8698.00000000000000000 -16670.00000000000000000
18481.00000000000000000 -8770.00000000000000000 -16670.00000000000000000
18481.00000000000000000 -8770.00000000000000000 -16670.00000000000000000
18478.00000000000000000 -8848.00000000000000000 -16670.00000000000000000
18474.00000000000000000 -8926.00000000000000000 -16670.00000000000000000
18471.00000000000000000 -8998.00000000000000000 -16670.00000000000000000
18471.00000000000000000 -8998.00000000000000000 -16670.00000000000000000
18467.00000000000000000 -9076.00000000000000000 -16670.00000000000000000
18464.00000000000000000 -9148.00000000000000000 -16670.00000000000000000
18460.00000000000000000 -9226.00000000000000000 -16670.00000000000000000
18457.00000000000000000 -9298.00000000000000000 -16268.00000000000000000
18457.00000000000000000 -9298.00000000000000000 -16268.00000000000000000
18453.00000000000000000 -9376.00000000000000000 -16268.00000000000000000
18450.00000000000000000 -9447.00000000000000000 -16268.00000000000000000
18446.00000000000000000 -9525.00000000000000000 -16268.00000000000000000
18442.00000000000000000 -9597.00000000000000000 -16268.00000000000000000
18442.00000000000000000 -9597.00000000000000000 -16268.00000000000000000
18438.00000000000000000 -9675.00000000000000000 -16268.00000000000000000
18435.00000000000000000 -9747.00000000000000000 -16268.00000000000000000
18431.00000000000000000 -9825.00000000000000000 -16268.00000000000000000
18427.00000000000000000 -9903.00000000000000000 -16268.00000000000000000
18427.00000000000000000 -9903.00000000000000000 -16268.00000000000000000
18423.00000000000000000 -9975.00000000000000000 -16268.00000000000000000
18419.00000000000000000 -10053.00000000000000000 -16268.00000000000000000
18415.00000000000000000 -10125.00000000000000000 -16268.00000000000000000
18411.00000000000000000 -10202.00000000000000000 -16268.00000000000000000
18411.00000000000000000 -10202.00000000000000000 -16268.00000000000000000
18408.00000000000000000 -10274.00000000000000000 -16831.00000000000000000
18403.00000000000000000 -10352.00000000000000000 -16831.00000000000000000
18399.00000000000000000 -10430.00000000000000000 -16831.00000000000000000
18395.00000000000000000 -10502.00000000000000000 -16831.00000000000000000
18395.00000000000000000 -10502.00000000000000000 -16831.00000000000000000
18391.00000000000000000 -10580.00000000000000000 -16831.00000000000000000
18387.00000000000000000 -10652.00000000000000000 -16831.00000000000000000
18383.00000000000000000 -10730.00000000000000000 -16831.00000000000000000
18379.00000000000000000 -10802.00000000000000000 -16831.00000000000000000
18379.00000000000000000 -10802.00000000000000000 -16831.00000000000000000
18375.00000000000000000 -10879.00000000000000000 -16831.00000000000000000
18370.00000000000000000 -10957.00000000000000000 -16831.00000000000000000
18366.00000000000000000 -11029.00000000000000000 -16831.00000000000000000
18362.00000000000000000 -11107.00000000000000000 -16831.00000000000000000
18362.00000000000000000 -11107.00000000000000000 -16831.00000000000000000
18358.00000000000000000 -11179.00000000000000000 -16831.00000000000000000
18353.00000000000000000 -11257.00000000000000000 -15946.00000000000000000
18349.00000000000000000 -11335.00000000000000000 -15946.00000000000000000
18344.00000000000000000 -11407.00000000000000000 -15946.00000000000000000
18344.00000000000000000 -11407.00000000000000000 -15946.00000000000000000
18340.00000000000000000 -11484.00000000000000000 -15946.00000000000000000
18336.00000000000000000 -11556.00000000000000000 -15946.00000000000000000
18331.00000000000000000 -11634.00000000000000000 -15946.00000000000000000
18327.00000000000000000 -11706.00000000000000000 -15946.00000000000000000
18327.00000000000000000 -11706.00000000000000000 -15946.00000000000000000
18322.00000000000000000 -11784.00000000000000000 -15946.00000000000000000
18317.00000000000000000 -11862.00000000000000000 -15946.00000000000000000
18313.00000000000000000 -11934.00000000000000000 -15946.00000000000000000
18313.00000000000000000 -11934.00000000000000000 -15946.00000000000000000
18308.00000000000000000 -12011.00000000000000000 -15946.00000000000000000
18303.00000000000000000 -12083.00000000000000000 -15946.00000000000000000
18299.00000000000000000 -12161.00000000000000000 -15946.00000000000000000
18294.00000000000000000 -12233.00000000000000000 -17126.00000000000000000
18294.00000000000000000 -12233.00000000000000000 -17126.00000000000000000
18289.00000000000000000 -12311.00000000000000000 -17126.00000000000000000
18284.00000000000000000 -12389.00000000000000000 -17126.00000000000000000
18280.00000000000000000 -12461.00000000000000000 -17126.00000000000000000
18275.00000000000000000 -12538.00000000000000000 -17126.00000000000000000
18275.00000000000000000 -12538.00000000000000000 -17126.00000000000000000
18270.00000000000000000 -12610.00000000000000000 -17126.00000000000000000
18265.00000000000000000 -12688.00000000000000000 -17126.00000000000000000
18260.00000000000000000 -12760.00000000000000000 -17126.00000000000000000
18255.00000000000000000 -12838.00000000000000000 -17126.00000000000000000
18255.00000000000000000 -12838.00000000000000000 -17126.00000000000000000
18250.00000000000000000 -12916.00000000000000000 -17126.00000000000000000
18245.00000000000000000 -12987.00000000000000000 -17126.00000000000000000
18240.00000000000000000 -13065.00000000000000000 -17126.00000000000000000
18235.00000000000000000 -13137.00000000000000000 -17126.00000000000000000
18235.00000000000000000 -13137.00000000000000000 -17126.00000000000000000
18230.00000000000000000 -13215.00000000000000000 -21954.00000000000000000
18225.00000000000000000 -13287.00000000000000000 -21954.00000000000000000
18219.00000000000000000 -13364.00000000000000000 -21954.00000000000000000
18214.00000000000000000 -13436.00000000000000000 -21954.00000000000000000
18214.00000000000000000 -13436.00000000000000000 -21954.00000000000000000
18209.00000000000000000 -13514.00000000000000000 -21954.00000000000000000
18204.00000000000000000 -13592.00000000000000000 -21954.00000000000000000
18199.00000000000000000 -13664.00000000000000000 -21954.00000000000000000
18193.00000000000000000 -13742.00000000000000000 -21954.00000000000000000
18193.00000000000000000 -13742.00000000000000000 -21954.00000000000000000
18188.00000000000000000 -13813.00000000000000000 -21954.00000000000000000
18183.00000000000000000 -13891.00000000000000000 -21954.00000000000000000
18177.00000000000000000 -13969.00000000000000000 -21954.00000000000000000
18172.00000000000000000 -14041.00000000000000000 -21954.00000000000000000
18172.00000000000000000 -14041.00000000000000000 -21954.00000000000000000
18166.00000000000000000 -14119.00000000000000000 -21954.00000000000000000
18161.00000000000000000 -14190.00000000000000000 -16684.00000000000000000
18155.00000000000000000 -14268.00000000000000000 -16684.00000000000000000
18150.00000000000000000 -14268.00000000000000000 -16684.00000000000000000
18150.00000000000000000 -14340.00000000000000000 -16684.00000000000000000
18144.00000000000000000 -14418.00000000000000000 -16684.00000000000000000
18139.00000000000000000 -14490.00000000000000000 -16684.00000000000000000
18133.00000000000000000 -14567.00000000000000000 -16684.00000000000000000
18133.00000000000000000 -14567.00000000000000000 -16684.00000000000000000
18127.00000000000000000 -14645.00000000000000000 -16684.00000000000000000
18122.00000000000000000 -14717.00000000000000000 -16684.00000000000000000
18116.00000000000000000 -14795.00000000000000000 -16684.00000000000000000
18110.00000000000000000 -14872.00000000000000000 -16684.00000000000000000
18110.00000000000000000 -14872.00000000000000000 -16684.00000000000000000
18104.00000000000000000 -14944.00000000000000000 -16684.00000000000000000
18098.00000000000000000 -15022.00000000000000000 -16684.00000000000000000
18092.00000000000000000 -15100.00000000000000000 -16684.00000000000000000
18087.00000000000000000 -15172.00000000000000000 -16576.00000000000000000
18087.00000000000000000 -15172.00000000000000000 -16576.00000000000000000
18081.00000000000000000 -15249.00000000000000000 -16576.00000000000000000
18075.00000000000000000 -15321.00000000000000000 -16576.00000000000000000
18069.00000000000000000 -15399.00000000000000000 -16576.00000000000000000
18063.00000000000000000 -15471.00000000000000000 -16576.00000000000000000
18063.00000000000000000 -15471.00000000000000000 -16576.00000000000000000
18057.00000000000000000 -15548.00000000000000000 -16576.00000000000000000
18051.00000000000000000 -15620.00000000000000000 -16576.00000000000000000
18045.00000000000000000 -15698.00000000000000000 -16576.00000000000000000
18038.00000000000000000 -15776.00000000000000000 -16576.00000000000000000
18038.00000000000000000 -15776.00000000000000000 -16576.00000000000000000
18033.00000000000000000 -15847.00000000000000000 -16576.00000000000000000
18026.00000000000000000 -15925.00000000000000000 -16576.00000000000000000
18020.00000000000000000 -15997.00000000000000000 -16576.00000000000000000
18014.00000000000000000 -16075.00000000000000000 -16576.00000000000000000
18014.00000000000000000 -16075.00000000000000000 -16576.00000000000000000
18008.00000000000000000 -16152.00000000000000000 -16161.00000000000000000
18002.00000000000000000 -16224.00000000000000000 -16161.00000000000000000
17995.00000000000000000 -16302.00000000000000000 -16161.00000000000000000
17989.00000000000000000 -16374.00000000000000000 -16161.00000000000000000
17989.00000000000000000 -16374.00000000000000000 -16161.00000000000000000
17983.00000000000000000 -16451.00000000000000000 -16161.00000000000000000
17976.00000000000000000 -16523.00000000000000000 -16161.00000000000000000
17970.00000000000000000 -16601.00000000000000000 -16161.00000000000000000
17970.00000000000000000 -16601.00000000000000000 -16161.00000000000000000
17963.00000000000000000 -16678.00000000000000000 -16161.00000000000000000
17957.00000000000000000 -16750.00000000000000000 -16161.00000000000000000
17950.00000000000000000 -16828.00000000000000000 -16161.00000000000000000
17944.00000000000000000 -16906.00000000000000000 -16161.00000000000000000
17944.00000000000000000 -16906.00000000000000000 -16161.00000000000000000
17937.00000000000000000 -16977.00000000000000000 -16161.00000000000000000
17931.00000000000000000 -17055.00000000000000000 -16161.00000000000000000
17924.00000000000000000 -17127.00000000000000000 -16509.00000000000000000
17917.00000000000000000 -17204.00000000000000000 -16509.00000000000000000
17917.00000000000000000 -17204.00000000000000000 -16509.00000000000000000
17911.00000000000000000 -17276.00000000000000000 -16509.00000000000000000
17904.00000000000000000 -17354.00000000000000000 -16509.00000000000000000
17898.00000000000000000 -17426.00000000000000000 -16509.00000000000000000
17891.00000000000000000 -17503.00000000000000000 -16509.00000000000000000
17891.00000000000000000 -17503.00000000000000000 -16509.00000000000000000
17884.00000000000000000 -17581.00000000000000000 -16509.00000000000000000
17877.00000000000000000 -17653.00000000000000000 -16509.00000000000000000
17870.00000000000000000 -17730.00000000000000000 -16509.00000000000000000
17863.00000000000000000 -17808.00000000000000000 -16509.00000000000000000
17863.00000000000000000 -17808.00000000000000000 -16509.00000000000000000
17856.00000000000000000 -17880.00000000000000000 -16509.00000000000000000
17849.00000000000000000 -17957.00000000000000000 -16509.00000000000000000
17843.00000000000000000 -18029.00000000000000000 -16509.00000000000000000
17835.00000000000000000 -18107.00000000000000000 -16026.00000000000000000
17835.00000000000000000 -18107.00000000000000000 -16026.00000000000000000
17829.00000000000000000 -18178.00000000000000000 -16026.00000000000000000
17821.00000000000000000 -18256.00000000000000000 -16026.00000000000000000
17814.00000000000000000 -18328.00000000000000000 -16026.00000000000000000
17807.00000000000000000 -18405.00000000000000000 -16026.00000000000000000
17807.00000000000000000 -18405.00000000000000000 -16026.00000000000000000
17800.00000000000000000 -18477.00000000000000000 -16026.00000000000000000
17793.00000000000000000 -18555.00000000000000000 -16026.00000000000000000
17785.00000000000000000 -18632.00000000000000000 -16026.00000000000000000
17778.00000000000000000 -18704.00000000000000000 -16026.00000000000000000
17778.00000000000000000 -18704.00000000000000000 -16026.00000000000000000
17771.00000000000000000 -18782.00000000000000000 -16026.00000000000000000
17764.00000000000000000 -18853.00000000000000000 -16026.00000000000000000
17757.00000000000000000 -18931.00000000000000000 -16026.00000000000000000
17757.00000000000000000 -18931.00000000000000000 -16026.00000000000000000
17749.00000000000000000 -19009.00000000000000000 -16026.00000000000000000
17742.00000000000000000 -19080.00000000000000000 -16938.00000000000000000
17734.00000000000000000 -19158.00000000000000000 -16938.00000000000000000
17727.00000000000000000 -19229.00000000000000000 -16938.00000000000000000
17727.00000000000000000 -19229.00000000000000000 -16938.00000000000000000
17719.00000000000000000 -19307.00000000000000000 -16938.00000000000000000
17712.00000000000000000 -19379.00000000000000000 -16938.00000000000000000
17704.00000000000000000 -19456.00000000000000000 -16938.00000000000000000
17697.00000000000000000 -19528.00000000000000000 -16938.00000000000000000
17697.00000000000000000 -19528.00000000000000000 -16938.00000000000000000
17689.00000000000000000 -19606.00000000000000000 -16938.00000000000000000
17681.00000000000000000 -19683.00000000000000000 -16938.00000000000000000
17674.00000000000000000 -19755.00000000000000000 -16938.00000000000000000
17666.00000000000000000 -19832.00000000000000000 -16938.00000000000000000
17666.00000000000000000 -19832.00000000000000000 -16938.00000000000000000
17659.00000000000000000 -19904.00000000000000000 -16938.00000000000000000
17651.00000000000000000 -19982.00000000000000000 -16938.00000000000000000
17644.00000000000000000 -20053.00000000000000000 -21471.00000000000000000
17635.00000000000000000 -20131.00000000000000000 -21471.00000000000000000
17635.00000000000000000 -20131.00000000000000000 -21471.00000000000000000
17627.00000000000000000 -20208.00000000000000000 -21471.00000000000000000
17620.00000000000000000 -20280.00000000000000000 -21471.00000000000000000
17612.00000000000000000 -20358.00000000000000000 -21471.00000000000000000
17604.00000000000000000 -20429.00000000000000000 -21471.00000000000000000
17604.00000000000000000 -20429.00000000000000000 -21471.00000000000000000
17596.00000000000000000 -20507.00000000000000000 -21471.00000000000000000
17589.00000000000000000 -20578.00000000000000000 -21471.00000000000000000
17580.00000000000000000 -20656.00000000000000000 -21471.00000000000000000
17572.00000000000000000 -20733.00000000000000000 -21471.00000000000000000
17572.00000000000000000 -20733.00000000000000000 -21471.00000000000000000
17564.00000000000000000 -20805.00000000000000000 -21471.00000000000000000
17556.00000000000000000 -20883.00000000000000000 -21471.00000000000000000
17548.00000000000000000 -20954.00000000000000000 -21471.00000000000000000
17540.00000000000000000 -21032.00000000000000000 -16751.00000000000000000
17540.00000000000000000 -21032.00000000000000000 -16751.00000000000000000
17532.00000000000000000 -21103.00000000000000000 -16751.00000000000000000
17523.00000000000000000 -21181.00000000000000000 -16751.00000000000000000
17516.00000000000000000 -21252.00000000000000000 -16751.00000000000000000
17507.00000000000000000 -21330.00000000000000000 -16751.00000000000000000
17507.00000000000000000 -21330.00000000000000000 -16751.00000000000000000
17498.00000000000000000 -21407.00000000000000000 -16751.00000000000000000
17491.00000000000000000 -21479.00000000000000000 -16751.00000000000000000
17482.00000000000000000 -21556.00000000000000000 -16751.00000000000000000
17474.00000000000000000 -21628.00000000000000000 -16751.00000000000000000
17474.00000000000000000 -21628.00000000000000000 -16751.00000000000000000
17465.00000000000000000 -21706.00000000000000000 -16751.00000000000000000
17457.00000000000000000 -21783.00000000000000000 -16751.00000000000000000
17449.00000000000000000 -21855.00000000000000000 -16751.00000000000000000
17449.00000000000000000 -21855.00000000000000000 -16751.00000000000000000
17440.00000000000000000 -21932.00000000000000000 -16751.00000000000000000
17432.00000000000000000 -22004.00000000000000000 -16147.00000000000000000
17423.00000000000000000 -22081.00000000000000000 -16147.00000000000000000
17415.00000000000000000 -22153.00000000000000000 -16147.00000000000000000
17415.00000000000000000 -22153.00000000000000000 -16147.00000000000000000
17406.00000000000000000 -22230.00000000000000000 -16147.00000000000000000
17398.00000000000000000 -22302.00000000000000000 -16147.00000000000000000
17389.00000000000000000 -22379.00000000000000000 -16147.00000000000000000
17380.00000000000000000 -22457.00000000000000000 -16147.00000000000000000
17380.00000000000000000 -22457.00000000000000000 -16147.00000000000000000
17372.00000000000000000 -22528.00000000000000000 -16147.00000000000000000
17363.00000000000000000 -22606.00000000000000000 -16147.00000000000000000
17354.00000000000000000 -22677.00000000000000000 -16147.00000000000000000
17345.00000000000000000 -22755.00000000000000000 -16147.00000000000000000
17345.00000000000000000 -22755.00000000000000000 -16147.00000000000000000
17337.00000000000000000 -22826.00000000000000000 -16147.00000000000000000
17328.00000000000000000 -22904.00000000000000000 -16147.00000000000000000
17318.00000000000000000 -22981.00000000000000000 -22799.00000000000000000
17310.00000000000000000 -23053.00000000000000000 -22799.00000000000000000
17310.00000000000000000 -23053.00000000000000000 -22799.00000000000000000
17301.00000000000000000 -23130.00000000000000000 -22799.00000000000000000
17292.00000000000000000 -23201.00000000000000000 -22799.00000000000000000
17283.00000000000000000 -23279.00000000000000000 -22799.00000000000000000
17274.00000000000000000 -23350.00000000000000000 -22799.00000000000000000
17274.00000000000000000 -23350.00000000000000000 -22799.00000000000000000
17264.00000000000000000 -23428.00000000000000000 -22799.00000000000000000
17255.00000000000000000 -23505.00000000000000000 -22799.00000000000000000
17246.00000000000000000 -23577.00000000000000000 -22799.00000000000000000
17236.00000000000000000 -23654.00000000000000000 -22799.00000000000000000
17236.00000000000000000 -23654.00000000000000000 -22799.00000000000000000
17227.00000000000000000 -23726.00000000000000000 -22799.00000000000000000
17218.00000000000000000 -23803.00000000000000000 -22799.00000000000000000
17208.00000000000000000 -23880.00000000000000000 -22799.00000000000000000
17199.00000000000000000 -23952.00000000000000000 -21002.00000000000000000
17199.00000000000000000 -23952.00000000000000000 -21002.00000000000000000
17190.00000000000000000 -24029.00000000000000000 -21002.00000000000000000
17181.00000000000000000 -24101.00000000000000000 -21002.00000000000000000
17171.00000000000000000 -24178.00000000000000000 -21002.00000000000000000
17171.00000000000000000 -24178.00000000000000000 -21002.00000000000000000
17162.00000000000000000 -24249.00000000000000000 -21002.00000000000000000
17152.00000000000000000 -24327.00000000000000000 -21002.00000000000000000
17142.00000000000000000 -24404.00000000000000000 -21002.00000000000000000
17133.00000000000000000 -24476.00000000000000000 -21002.00000000000000000
17133.00000000000000000 -24476.00000000000000000 -21002.00000000000000000
17123.00000000000000000 -24553.00000000000000000 -21002.00000000000000000
17114.00000000000000000 -24624.00000000000000000 -21002.00000000000000000
17104.00000000000000000 -24702.00000000000000000 -21002.00000000000000000
17094.00000000000000000 -24779.00000000000000000 -21002.00000000000000000
17094.00000000000000000 -24779.00000000000000000 -21002.00000000000000000
17085.00000000000000000 -24851.00000000000000000 -21002.00000000000000000
17075.00000000000000000 -24928.00000000000000000 -12714.00000000000000000
17066.00000000000000000 -24999.00000000000000000 -12714.00000000000000000
17056.00000000000000000 -25077.00000000000000000 -12714.00000000000000000
17056.00000000000000000 -25077.00000000000000000 -12714.00000000000000000
17046.00000000000000000 -25154.00000000000000000 -12714.00000000000000000
17037.00000000000000000 -25225.00000000000000000 -12714.00000000000000000
17027.00000000000000000 -25303.00000000000000000 -12714.00000000000000000
17018.00000000000000000 -25374.00000000000000000 -12714.00000000000000000
17018.00000000000000000 -25374.00000000000000000 -12714.00000000000000000
17008.00000000000000000 -25452.00000000000000000 -12714.00000000000000000
16998.00000000000000000 -25529.00000000000000000 -12714.00000000000000000
16988.00000000000000000 -25600.00000000000000000 -12714.00000000000000000
16978.00000000000000000 -25678.00000000000000000 -12714.00000000000000000
16978.00000000000000000 -25678.00000000000000000 -12714.00000000000000000
16968.00000000000000000 -25755.00000000000000000 -12714.00000000000000000
16959.00000000000000000 -25825.00000000000000000 -12714.00000000000000000
16950.00000000000000000 -25899.00000000000000000 -7242.00000000000000000
16941.00000000000000000 -25964.00000000000000000 -7242.00000000000000000
16941.00000000000000000 -25964.00000000000000000 -7242.00000000000000000
16933.00000000000000000 -26029.00000000000000000 -7242.00000000000000000
16925.00000000000000000 -26084.00000000000000000 -7242.00000000000000000
16918.00000000000000000 -26139.00000000000000000 -7242.00000000000000000
16918.00000000000000000 -26139.00000000000000000 -7242.00000000000000000
16912.00000000000000000 -26189.00000000000000000 -7242.00000000000000000
16906.00000000000000000 -26232.00000000000000000 -7242.00000000000000000
16900.00000000000000000 -26274.00000000000000000 -7242.00000000000000000
16895.00000000000000000 -26313.00000000000000000 -7242.00000000000000000
16895.00000000000000000 -26313.00000000000000000 -7242.00000000000000000
16891.00000000000000000 -26345.00000000000000000 -7242.00000000000000000
16887.00000000000000000 -26378.00000000000000000 -7242.00000000000000000
16883.00000000000000000 -26405.00000000000000000 -7242.00000000000000000
16879.00000000000000000 -26432.00000000000000000 -7242.00000000000000000
16879.00000000000000000 -26432.00000000000000000 -7242.00000000000000000
16876.00000000000000000 -26456.00000000000000000 6022.00000000000000000
16873.00000000000000000 -26479.00000000000000000 6022.00000000000000000
16871.00000000000000000 -26501.00000000000000000 6022.00000000000000000
16868.00000000000000000 -26520.00000000000000000 6022.00000000000000000
16868.00000000000000000 -26520.00000000000000000 6022.00000000000000000
16866.00000000000000000 -26540.00000000000000000 6022.00000000000000000
16864.00000000000000000 -26557.00000000000000000 6022.00000000000000000
16861.00000000000000000 -26575.00000000000000000 6022.00000000000000000
16859.00000000000000000 -26593.00000000000000000 6022.00000000000000000
16859.00000000000000000 -26593.00000000000000000 6022.00000000000000000
16857.00000000000000000 -26609.00000000000000000 6022.00000000000000000
16855.00000000000000000 -26625.00000000000000000 6022.00000000000000000
16853.00000000000000000 -26639.00000000000000000 6022.00000000000000000
16850.00000000000000000 -26655.00000000000000000 6022.00000000000000000
16850.00000000000000000 -26655.00000000000000000 6022.00000000000000000
16848.00000000000000000 -26669.00000000000000000 6022.00000000000000000
16846.00000000000000000 -26682.00000000000000000 -22276.00000000000000000
16844.00000000000000000 -26695.00000000000000000 -22276.00000000000000000
16842.00000000000000000 -26695.00000000000000000 -22276.00000000000000000
16842.00000000000000000 -26707.00000000000000000 -22276.00000000000000000
16840.00000000000000000 -26720.00000000000000000 -22276.00000000000000000
16838.00000000000000000 -26732.00000000000000000 -22276.00000000000000000
16837.00000000000000000 -26742.00000000000000000 -22276.00000000000000000
16837.00000000000000000 -26742.00000000000000000 -22276.00000000000000000
16835.00000000000000000 -26754.00000000000000000 -22276.00000000000000000
16833.00000000000000000 -26764.00000000000000000 -22276.00000000000000000
16830.00000000000000000 -26776.00000000000000000 -22276.00000000000000000
16828.00000000000000000 -26787.00000000000000000 -22276.00000000000000000
16828.00000000000000000 -26787.00000000000000000 -22276.00000000000000000
16826.00000000000000000 -26798.00000000000000000 -22276.00000000000000000
16823.00000000000000000 -26809.00000000000000000 -22276.00000000000000000
16821.00000000000000000 -26821.00000000000000000 -22276.00000000000000000
16818.00000000000000000 -26833.00000000000000000 -172684.00000000000000000
16818.00000000000000000 -26833.00000000000000000 -172684.00000000000000000
16815.00000000000000000 -26846.00000000000000000 -172684.00000000000000000
16812.00000000000000000 -26858.00000000000000000 -172684.00000000000000000
16809.00000000000000000 -26872.00000000000000000 -172684.00000000000000000
16806.00000000000000000 -26884.00000000000000000 -172684.00000000000000000
16806.00000000000000000 -26884.00000000000000000 -172684.00000000000000000
16803.00000000000000000 -26897.00000000000000000 -172684.00000000000000000
16800.00000000000000000 -26909.00000000000000000 -172684.00000000000000000
16796.00000000000000000 -26922.00000000000000000 -172684.00000000000000000
16793.00000000000000000 -26936.00000000000000000 -172684.00000000000000000
16793.00000000000000000 -26936.00000000000000000 -172684.00000000000000000
16789.00000000000000000 -26948.00000000000000000 -172684.00000000000000000
16785.00000000000000000 -26961.00000000000000000 -172684.00000000000000000
16782.00000000000000000 -26974.00000000000000000 -172684.00000000000000000
16778.00000000000000000 -26986.00000000000000000 -172684.00000000000000000
16778.00000000000000000 -26986.00000000000000000 -172684.00000000000000000
16774.00000000000000000 -26999.00000000000000000 -271753.00000000000000000
16770.00000000000000000 -27011.00000000000000000 -271753.00000000000000000
16766.00000000000000000 -27024.00000000000000000 -271753.00000000000000000
16766.00000000000000000 -27024.00000000000000000 -271753.00000000000000000
16762.00000000000000000 -27036.00000000000000000 -271753.00000000000000000
16757.00000000000000000 -27049.00000000000000000 -271753.00000000000000000
16753.00000000000000000 -27062.00000000000000000 -271753.00000000000000000
16749.00000000000000000 -27073.00000000000000000 -271753.00000000000000000
16749.00000000000000000 -27073.00000000000000000 -271753.00000000000000000
16744.00000000000000000 -27086.00000000000000000 -271753.00000000000000000
16739.00000000000000000 -27099.00000000000000000 -271753.00000000000000000
16735.00000000000000000 -27111.00000000000000000 -271753.00000000000000000
16730.00000000000000000 -27123.00000000000000000 -271753.00000000000000000
16730.00000000000000000 -27123.00000000000000000 -271753.00000000000000000
16725.00000000000000000 -27135.00000000000000000 -271753.00000000000000000
16720.00000000000000000 -27147.00000000000000000 -271753.00000000000000000
16715.00000000000000000 -27160.00000000000000000 -374510.00000000000000000
16710.00000000000000000 -27172.00000000000000000 -374510.00000000000000000
16710.00000000000000000 -27172.00000000000000000 -374510.00000000000000000
16705.00000000000000000 -27184.00000000000000000 -374510.00000000000000000
16700.00000000000000000 -27196.00000000000000000 -374510.00000000000000000
16694.00000000000000000 -27208.00000000000000000 -374510.00000000000000000
16689.00000000000000000 -27220.00000000000000000 -374510.00000000000000000
16689.00000000000000000 -27220.00000000000000000 -374510.00000000000000000
16684.00000000000000000 -27232.00000000000000000 -374510.00000000000000000
16678.00000000000000000 -27245.00000000000000000 -374510.00000000000000000
16673.00000000000000000 -27256.00000000000000000 -374510.00000000000000000
16667.00000000000000000 -27268.00000000000000000 -374510.00000000000000000
16667.00000000000000000 -27268.00000000000000000 -374510.00000000000000000
16661.00000000000000000 -27280.00000000000000000 -374510.00000000000000000
16655.00000000000000000 -27292.00000000000000000 -374510.00000000000000000
16649.00000000000000000 -27303.00000000000000000 -374510.00000000000000000
16643.00000000000000000 -27315.00000000000000000 -281181.00000000000000000
16643.00000000000000000 -27315.00000000000000000 -281181.00000000000000000
16637.00000000000000000 -27327.00000000000000000 -281181.00000000000000000
16631.00000000000000000 -27338.00000000000000000 -281181.00000000000000000
16624.00000000000000000 -27350.00000000000000000 -281181.00000000000000000
16619.00000000000000000 -27361.00000000000000000 -281181.00000000000000000
16619.00000000000000000 -27361.00000000000000000 -281181.00000000000000000
16612.00000000000000000 -27373.00000000000000000 -281181.00000000000000000
16606.00000000000000000 -27384.00000000000000000 -281181.00000000000000000
16599.00000000000000000 -27396.00000000000000000 -281181.00000000000000000
16599.00000000000000000 -27396.00000000000000000 -281181.00000000000000000
16593.00000000000000000 -27406.00000000000000000 -281181.00000000000000000
16586.00000000000000000 -27418.00000000000000000 -281181.00000000000000000
16579.00000000000000000 -27430.00000000000000000 -281181.00000000000000000
16572.00000000000000000 -27441.00000000000000000 -281181.00000000000000000
16572.00000000000000000 -27441.00000000000000000 -281181.00000000000000000
16565.00000000000000000 -27452.00000000000000000 -281181.00000000000000000
16558.00000000000000000 -27463.00000000000000000 -281409.00000000000000000
16551.00000000000000000 -27474.00000000000000000 -281409.00000000000000000
16544.00000000000000000 -27485.00000000000000000 -281409.00000000000000000
16544.00000000000000000 -27485.00000000000000000 -281409.00000000000000000
16536.00000000000000000 -27496.00000000000000000 -281409.00000000000000000
16529.00000000000000000 -27507.00000000000000000 -281409.00000000000000000
16522.00000000000000000 -27518.00000000000000000 -281409.00000000000000000
16515.00000000000000000 -27528.00000000000000000 -281409.00000000000000000
16515.00000000000000000 -27528.00000000000000000 -281409.00000000000000000
16507.00000000000000000 -27540.00000000000000000 -281409.00000000000000000
16499.00000000000000000 -27551.00000000000000000 -281409.00000000000000000
16492.00000000000000000 -27561.00000000000000000 -281409.00000000000000000
16484.00000000000000000 -27572.00000000000000000 -281409.00000000000000000
16484.00000000000000000 -27572.00000000000000000 -281409.00000000000000000
16477.00000000000000000 -27582.00000000000000000 -281409.00000000000000000
16468.00000000000000000 -27593.00000000000000000 -281409.00000000000000000
16461.00000000000000000 -27603.00000000000000000 -374912.00000000000000000
16453.00000000000000000 -27614.00000000000000000 -374912.00000000000000000
16453.00000000000000000 -27614.00000000000000000 -374912.00000000000000000
16444.00000000000000000 -27625.00000000000000000 -374912.00000000000000000
16436.00000000000000000 -27635.00000000000000000 -374912.00000000000000000
16428.00000000000000000 -27645.00000000000000000 -374912.00000000000000000
16420.00000000000000000 -27655.00000000000000000 -374912.00000000000000000
16420.00000000000000000 -27655.00000000000000000 -374912.00000000000000000
16411.00000000000000000 -27666.00000000000000000 -374912.00000000000000000
16403.00000000000000000 -27676.00000000000000000 -374912.00000000000000000
16395.00000000000000000 -27686.00000000000000000 -374912.00000000000000000
16386.00000000000000000 -27696.00000000000000000 -374912.00000000000000000
16386.00000000000000000 -27696.00000000000000000 -374912.00000000000000000
16378.00000000000000000 -27706.00000000000000000 -374912.00000000000000000
16369.00000000000000000 -27716.00000000000000000 -374912.00000000000000000
16360.00000000000000000 -27726.00000000000000000 -374912.00000000000000000
16351.00000000000000000 -27736.00000000000000000 -281234.00000000000000000
16351.00000000000000000 -27736.00000000000000000 -281234.00000000000000000
16342.00000000000000000 -27746.00000000000000000 -281234.00000000000000000
16334.00000000000000000 -27755.00000000000000000 -281234.00000000000000000
16324.00000000000000000 -27765.00000000000000000 -281234.00000000000000000
16316.00000000000000000 -27774.00000000000000000 -281234.00000000000000000
16316.00000000000000000 -27774.00000000000000000 -281234.00000000000000000
16307.00000000000000000 -27784.00000000000000000 -281234.00000000000000000
16297.00000000000000000 -27794.00000000000000000 -281234.00000000000000000
16288.00000000000000000 -27803.00000000000000000 -281234.00000000000000000
16288.00000000000000000 -27803.00000000000000000 -281234.00000000000000000
16279.00000000000000000 -27812.00000000000000000 -281234.00000000000000000
16270.00000000000000000 -27821.00000000000000000 -281234.00000000000000000
16260.00000000000000000 -27831.00000000000000000 -281234.00000000000000000
16250.00000000000000000 -27840.00000000000000000 -281234.00000000000000000
16250.00000000000000000 -27840.00000000000000000 -281234.00000000000000000
16241.00000000000000000 -27849.00000000000000000 -281234.00000000000000000
16231.00000000000000000 -27858.00000000000000000 -281033.00000000000000000
16222.00000000000000000 -27866.00000000000000000 -281033.00000000000000000
16212.00000000000000000 -27876.00000000000000000 -281033.00000000000000000
16212.00000000000000000 -27876.00000000000000000 -281033.00000000000000000
16203.00000000000000000 -27884.00000000000000000 -281033.00000000000000000
16193.00000000000000000 -27893.00000000000000000 -281033.00000000000000000
16183.00000000000000000 -27902.00000000000000000 -281033.00000000000000000
16173.00000000000000000 -27910.00000000000000000 -281033.00000000000000000
16173.00000000000000000 -27910.00000000000000000 -281033.00000000000000000
16163.00000000000000000 -27919.00000000000000000 -281033.00000000000000000
16153.00000000000000000 -27928.00000000000000000 -281033.00000000000000000
16143.00000000000000000 -27936.00000000000000000 -281033.00000000000000000
16132.00000000000000000 -27945.00000000000000000 -281033.00000000000000000
16132.00000000000000000 -27945.00000000000000000 -281033.00000000000000000
16122.00000000000000000 -27953.00000000000000000 -281033.00000000000000000
16112.00000000000000000 -27961.00000000000000000 -281033.00000000000000000
16102.00000000000000000 -27969.00000000000000000 -375194.00000000000000000
16091.00000000000000000 -27977.00000000000000000 -375194.00000000000000000
16091.00000000000000000 -27977.00000000000000000 -375194.00000000000000000
16081.00000000000000000 -27985.00000000000000000 -375194.00000000000000000
16070.00000000000000000 -27993.00000000000000000 -375194.00000000000000000
16060.00000000000000000 -28000.00000000000000000 -375194.00000000000000000
16049.00000000000000000 -28009.00000000000000000 -375194.00000000000000000
16049.00000000000000000 -28009.00000000000000000 -375194.00000000000000000
16039.00000000000000000 -28016.00000000000000000 -375194.00000000000000000
16028.00000000000000000 -28024.00000000000000000 -375194.00000000000000000
16017.00000000000000000 -28032.00000000000000000 -375194.00000000000000000
16007.00000000000000000 -28039.00000000000000000 -375194.00000000000000000
16007.00000000000000000 -28039.00000000000000000 -375194.00000000000000000
15995.00000000000000000 -28046.00000000000000000 -375194.00000000000000000
15984.00000000000000000 -28054.00000000000000000 -375194.00000000000000000
15974.00000000000000000 -28061.00000000000000000 -375194.00000000000000000
15974.00000000000000000 -28061.00000000000000000 -375194.00000000000000000
15962.00000000000000000 -28068.00000000000000000 -281704.00000000000000000
15952.00000000000000000 -28075.00000000000000000 -281704.00000000000000000
15940.00000000000000000 -28083.00000000000000000 -281704.00000000000000000
15930.00000000000000000 -28089.00000000000000000 -281704.00000000000000000
15930.00000000000000000 -28089.00000000000000000 -281704.00000000000000000
15918.00000000000000000 -28097.00000000000000000 -281704.00000000000000000
15907.00000000000000000 -28103.00000000000000000 -281704.00000000000000000
15896.00000000000000000 -28110.00000000000000000 -281704.00000000000000000
15884.00000000000000000 -28117.00000000000000000 -281704.00000000000000000
15884.00000000000000000 -28117.00000000000000000 -281704.00000000000000000
15873.00000000000000000 -28124.00000000000000000 -281704.00000000000000000
15861.00000000000000000 -28131.00000000000000000 -281704.00000000000000000
15850.00000000000000000 -28137.00000000000000000 -281704.00000000000000000
15838.00000000000000000 -28144.00000000000000000 -281704.00000000000000000
15838.00000000000000000 -28144.00000000000000000 -281704.00000000000000000
15827.00000000000000000 -28150.00000000000000000 -281704.00000000000000000
15815.00000000000000000 -28156.00000000000000000 -280993.00000000000000000
15804.00000000000000000 -28162.00000000000000000 -280993.00000000000000000
15792.00000000000000000 -28168.00000000000000000 -280993.00000000000000000
15792.00000000000000000 -28168.00000000000000000 -280993.00000000000000000
15780.00000000000000000 -28175.00000000000000000 -280993.00000000000000000
15769.00000000000000000 -28180.00000000000000000 -280993.00000000000000000
15757.00000000000000000 -28186.00000000000000000 -280993.00000000000000000
15745.00000000000000000 -28192.00000000000000000 -280993.00000000000000000
15745.00000000000000000 -28192.00000000000000000 -280993.00000000000000000
15733.00000000000000000 -28198.00000000000000000 -280993.00000000000000000
15721.00000000000000000 -28204.00000000000000000 -280993.00000000000000000
15710.00000000000000000 -28209.00000000000000000 -280993.00000000000000000
15697.00000000000000000 -28215.00000000000000000 -280993.00000000000000000
15697.00000000000000000 -28215.00000000000000000 -280993.00000000000000000
15686.00000000000000000 -28220.00000000000000000 -280993.00000000000000000
15673.00000000000000000 -28226.00000000000000000 -280993.00000000000000000
15662.00000000000000000 -28231.00000000000000000 -375100.00000000000000000
15649.00000000000000000 -28236.00000000000000000 -375100.00000000000000000
15649.00000000000000000 -28236.00000000000000000 -375100.00000000000000000
15638.00000000000000000 -28241.00000000000000000 -375100.00000000000000000
15625.00000000000000000 -28246.00000000000000000 -375100.00000000000000000
15613.00000000000000000 -28251.00000000000000000 -375100.00000000000000000
15601.00000000000000000 -28256.00000000000000000 -375100.00000000000000000
15601.00000000000000000 -28256.00000000000000000 -375100.00000000000000000
15588.00000000000000000 -28260.00000000000000000 -375100.00000000000000000
15576.00000000000000000 -28265.00000000000000000 -375100.00000000000000000
15564.00000000000000000 -28270.00000000000000000 -375100.00000000000000000
15552.00000000000000000 -28274.00000000000000000 -375100.00000000000000000
15552.00000000000000000 -28274.00000000000000000 -375100.00000000000000000
15539.00000000000000000 -28279.00000000000000000 -375100.00000000000000000
15527.00000000000000000 -28283.00000000000000000 -375100.00000000000000000
15514.00000000000000000 -28287.00000000000000000 -375100.00000000000000000
15514.00000000000000000 -28287.00000000000000000 -375100.00000000000000000
15501.00000000000000000 -28292.00000000000000000 -281610.00000000000000000
15489.00000000000000000 -28296.00000000000000000 -281610.00000000000000000
15476.00000000000000000 -28300.00000000000000000 -281610.00000000000000000
15464.00000000000000000 -28304.00000000000000000 -281610.00000000000000000
15464.00000000000000000 -28304.00000000000000000 -281610.00000000000000000
15451.00000000000000000 -28308.00000000000000000 -281610.00000000000000000
15439.00000000000000000 -28311.00000000000000000 -281610.00000000000000000
15426.00000000000000000 -28315.00000000000000000 -281610.00000000000000000
15413.00000000000000000 -28319.00000000000000000 -281610.00000000000000000
15413.00000000000000000 -28319.00000000000000000 -281610.00000000000000000
15401.00000000000000000 -28323.00000000000000000 -281610.00000000000000000
15388.00000000000000000 -28326.00000000000000000 -281610.00000000000000000
15376.00000000000000000 -28330.00000000000000000 -281610.00000000000000000
15363.00000000000000000 -28333.00000000000000000 -281610.00000000000000000
15363.00000000000000000 -28333.00000000000000000 -281610.00000000000000000
15351.00000000000000000 -28336.00000000000000000 -281610.00000000000000000
15337.00000000000000000 -28339.00000000000000000 -281261.00000000000000000
15325.00000000000000000 -28342.00000000000000000 -281261.00000000000000000
15312.00000000000000000 -28345.00000000000000000 -281261.00000000000000000
15312.00000000000000000 -28345.00000000000000000 -281261.00000000000000000
15300.00000000000000000 -28348.00000000000000000 -281261.00000000000000000
15286.00000000000000000 -28351.00000000000000000 -281261.00000000000000000
15273.00000000000000000 -28354.00000000000000000 -281261.00000000000000000
15261.00000000000000000 -28356.00000000000000000 -281261.00000000000000000
15261.00000000000000000 -28356.00000000000000000 -281261.00000000000000000
15248.00000000000000000 -28359.00000000000000000 -281261.00000000000000000
15234.00000000000000000 -28362.00000000000000000 -281261.00000000000000000
15222.00000000000000000 -28364.00000000000000000 -281261.00000000000000000
15208.00000000000000000 -28366.00000000000000000 -281261.00000000000000000
15208.00000000000000000 -28366.00000000000000000 -281261.00000000000000000
15196.00000000000000000 -28368.00000000000000000 -281261.00000000000000000
15182.00000000000000000 -28370.00000000000000000 -281261.00000000000000000
15170.00000000000000000 -28372.00000000000000000 -375033.00000000000000000
15156.00000000000000000 -28374.00000000000000000 -375033.00000000000000000
15156.00000000000000000 -28374.00000000000000000 -375033.00000000000000000
15144.00000000000000000 -28376.00000000000000000 -375033.00000000000000000
15130.00000000000000000 -28378.00000000000000000 -375033.00000000000000000
15117.00000000000000000 -28379.00000000000000000 -375033.00000000000000000
15105.00000000000000000 -28381.00000000000000000 -375033.00000000000000000
15105.00000000000000000 -28381.00000000000000000 -375033.00000000000000000
15091.00000000000000000 -28382.00000000000000000 -375033.00000000000000000
15079.00000000000000000 -28384.00000000000000000 -375033.00000000000000000
15065.00000000000000000 -28385.00000000000000000 -375033.00000000000000000
15065.00000000000000000 -28385.00000000000000000 -375033.00000000000000000
15052.00000000000000000 -28386.00000000000000000 -375033.00000000000000000
15039.00000000000000000 -28388.00000000000000000 -375033.00000000000000000
15025.00000000000000000 -28389.00000000000000000 -375033.00000000000000000
15013.00000000000000000 -28390.00000000000000000 -375033.00000000000000000
15013.00000000000000000 -28390.00000000000000000 -375033.00000000000000000
14999.00000000000000000 -28391.00000000000000000 -280926.00000000000000000
14987.00000000000000000 -28392.00000000000000000 -280926.00000000000000000
14975.00000000000000000 -28393.00000000000000000 -280926.00000000000000000
14963.00000000000000000 -28393.00000000000000000 -280926.00000000000000000
14963.00000000000000000 -28393.00000000000000000 -280926.00000000000000000
14952.00000000000000000 -28394.00000000000000000 -280926.00000000000000000
14942.00000000000000000 -28394.00000000000000000 -280926.00000000000000000
14933.00000000000000000 -28395.00000000000000000 -280926.00000000000000000
14924.00000000000000000 -28395.00000000000000000 -280926.00000000000000000
14924.00000000000000000 -28395.00000000000000000 -280926.00000000000000000
14916.00000000000000000 -28395.00000000000000000 -280926.00000000000000000
14909.00000000000000000 -28396.00000000000000000 -280926.00000000000000000
14902.00000000000000000 -28396.00000000000000000 -280926.00000000000000000
14895.00000000000000000 -28396.00000000000000000 -280926.00000000000000000
14895.00000000000000000 -28396.00000000000000000 -280926.00000000000000000
14886.00000000000000000 -28396.00000000000000000 -280926.00000000000000000
14877.00000000000000000 -28396.00000000000000000 -233678.00000000000000000
14865.00000000000000000 -28396.00000000000000000 -233678.00000000000000000
14851.00000000000000000 -28397.00000000000000000 -233678.00000000000000000
14851.00000000000000000 -28397.00000000000000000 -233678.00000000000000000
14837.00000000000000000 -28397.00000000000000000 -233678.00000000000000000
14818.00000000000000000 -28397.00000000000000000 -233678.00000000000000000
14799.00000000000000000 -28397.00000000000000000 -233678.00000000000000000
14776.00000000000000000 -28397.00000000000000000 -233678.00000000000000000
14776.00000000000000000 -28397.00000000000000000 -233678.00000000000000000
14752.00000000000000000 -28397.00000000000000000 -233678.00000000000000000
14724.00000000000000000 -28398.00000000000000000 -233678.00000000000000000
14693.00000000000000000 -28398.00000000000000000 -233678.00000000000000000
14661.00000000000000000 -28398.00000000000000000 -233678.00000000000000000
14661.00000000000000000 -28398.00000000000000000 -233678.00000000000000000
14624.00000000000000000 -28398.00000000000000000 -233678.00000000000000000
14586.00000000000000000 -28398.00000000000000000 -233678.00000000000000000
14542.00000000000000000 -28398.00000000000000000 -93396.00000000000000000
14497.00000000000000000 -28398.00000000000000000 -93396.00000000000000000
14497.00000000000000000 -28398.00000000000000000 -93396.00000000000000000
14444.00000000000000000 -28398.00000000000000000 -93396.00000000000000000
14386.00000000000000000 -28397.00000000000000000 -93396.00000000000000000
14329.00000000000000000 -28397.00000000000000000 -93396.00000000000000000
14329.00000000000000000 -28397.00000000000000000 -93396.00000000000000000
14262.00000000000000000 -28397.00000000000000000 -93396.00000000000000000
14197.00000000000000000 -28397.00000000000000000 -93396.00000000000000000
14124.00000000000000000 -28397.00000000000000000 -93396.00000000000000000
14055.00000000000000000 -28397.00000000000000000 -93396.00000000000000000
14055.00000000000000000 -28397.00000000000000000 -93396.00000000000000000
13979.00000000000000000 -28397.00000000000000000 -93396.00000000000000000
13901.00000000000000000 -28397.00000000000000000 -93396.00000000000000000
13829.00000000000000000 -28397.00000000000000000 -93396.00000000000000000
13757.00000000000000000 -28397.00000000000000000 -93396.00000000000000000
13757.00000000000000000 -28397.00000000000000000 -93396.00000000000000000
13679.00000000000000000 -28397.00000000000000000 -7604.00000000000000000
13601.00000000000000000 -28397.00000000000000000 -7604.00000000000000000
13529.00000000000000000 -28397.00000000000000000 -7604.00000000000000000
13451.00000000000000000 -28397.00000000000000000 -7604.00000000000000000
13451.00000000000000000 -28397.00000000000000000 -7604.00000000000000000
13379.00000000000000000 -28397.00000000000000000 -7604.00000000000000000
13301.00000000000000000 -28397.00000000000000000 -7604.00000000000000000
13229.00000000000000000 -28397.00000000000000000 -7604.00000000000000000
13151.00000000000000000 -28397.00000000000000000 -7604.00000000000000000
13151.00000000000000000 -28397.00000000000000000 -7604.00000000000000000
13073.00000000000000000 -28397.00000000000000000 -7604.00000000000000000
13001.00000000000000000 -28397.00000000000000000 -7604.00000000000000000
12923.00000000000000000 -28397.00000000000000000 -7604.00000000000000000
12851.00000000000000000 -28397.00000000000000000 -7604.00000000000000000
12851.00000000000000000 -28397.00000000000000000 -7604.00000000000000000
12773.00000000000000000 -28397.00000000000000000 -7604.00000000000000000
12695.00000000000000000 -28397.00000000000000000 -402.00000000000000000
12623.00000000000000000 -28397.00000000000000000 -402.00000000000000000
12545.00000000000000000 -28397.00000000000000000 -402.00000000000000000
12545.00000000000000000 -28397.00000000000000000 -402.00000000000000000
12473.00000000000000000 -28397.00000000000000000 -402.00000000000000000
12395.00000000000000000 -28397.00000000000000000 -402.00000000000000000
12323.00000000000000000 -28397.00000000000000000 -402.00000000000000000
12245.00000000000000000 -28397.00000000000000000 -402.00000000000000000
12245.00000000000000000 -28397.00000000000000000 -402.00000000000000000
12173.00000000000000000 -28397.00000000000000000 -402.00000000000000000
12095.00000000000000000 -28397.00000000000000000 -402.00000000000000000
12017.00000000000000000 -28397.00000000000000000 -402.00000000000000000
11945.00000000000000000 -28397.00000000000000000 -402.00000000000000000
11945.00000000000000000 -28397.00000000000000000 -402.00000000000000000
11867.00000000000000000 -28397.00000000000000000 -402.00000000000000000
11795.00000000000000000 -28397.00000000000000000 -402.00000000000000000
11717.00000000000000000 -28397.00000000000000000 -134.00000000000000000
11717.00000000000000000 -28397.00000000000000000 -134.00000000000000000
11645.00000000000000000 -28397.00000000000000000 -134.00000000000000000
11567.00000000000000000 -28397.00000000000000000 -134.00000000000000000
11489.00000000000000000 -28397.00000000000000000 -134.00000000000000000
11417.00000000000000000 -28397.00000000000000000 -134.00000000000000000
11417.00000000000000000 -28397.00000000000000000 -134.00000000000000000
11339.00000000000000000 -28397.00000000000000000 -134.00000000000000000
11267.00000000000000000 -28397.00000000000000000 -134.00000000000000000
11189.00000000000000000 -28397.00000000000000000 -134.00000000000000000
11111.00000000000000000 -28397.00000000000000000 -134.00000000000000000
11111.00000000000000000 -28397.00000000000000000 -134.00000000000000000
11039.00000000000000000 -28397.00000000000000000 -134.00000000000000000
10961.00000000000000000 -28397.00000000000000000 -134.00000000000000000
10889.00000000000000000 -28397.00000000000000000 -134.00000000000000000
10811.00000000000000000 -28397.00000000000000000 -134.00000000000000000
10811.00000000000000000 -28397.00000000000000000 -134.00000000000000000
10733.00000000000000000 -28397.00000000000000000 0.00000000000000000
10661.00000000000000000 -28397.00000000000000000 0.00000000000000000
10583.00000000000000000 -28397.00000000000000000 0.00000000000000000
10511.00000000000000000 -28398.00000000000000000 0.00000000000000000
10511.00000000000000000 -28398.00000000000000000 0.00000000000000000
10433.00000000000000000 -28398.00000000000000000 0.00000000000000000
10361.00000000000000000 -28398.00000000000000000 0.00000000000000000
10283.00000000000000000 -28398.00000000000000000 0.00000000000000000
10205.00000000000000000 -28398.00000000000000000 0.00000000000000000
10205.00000000000000000 -28398.00000000000000000 0.00000000000000000
10133.00000000000000000 -28398.00000000000000000 0.00000000000000000
10055.00000000000000000 -28398.00000000000000000 0.00000000000000000
9983.00000000000000000 -28398.00000000000000000 0.00000000000000000
9905.00000000000000000 -28398.00000000000000000 0.00000000000000000
9905.00000000000000000 -28398.00000000000000000 0.00000000000000000
9833.00000000000000000 -28398.00000000000000000 0.00000000000000000
9755.00000000000000000 -28398.00000000000000000 13.00000000000000000
9683.00000000000000000 -28398.00000000000000000 13.00000000000000000
9605.00000000000000000 -28398.00000000000000000 13.00000000000000000
9605.00000000000000000 -28398.00000000000000000 13.00000000000000000
9533.00000000000000000 -28398.00000000000000000 13.00000000000000000
9455.00000000000000000 -28398.00000000000000000 13.00000000000000000
9377.00000000000000000 -28398.00000000000000000 13.00000000000000000
9305.00000000000000000 -28398.00000000000000000 13.00000000000000000
9305.00000000000000000 -28398.00000000000000000 13.00000000000000000
9227.00000000000000000 -28398.00000000000000000 13.00000000000000000
9155.00000000000000000 -28398.00000000000000000 13.00000000000000000
9077.00000000000000000 -28398.00000000000000000 13.00000000000000000
9077.00000000000000000 -28398.00000000000000000 13.00000000000000000
8999.00000000000000000 -28398.00000000000000000 13.00000000000000000
8927.00000000000000000 -28398.00000000000000000 13.00000000000000000
8849.00000000000000000 -28398.00000000000000000 13.00000000000000000
8777.00000000000000000 -28398.00000000000000000 40.00000000000000000
8777.00000000000000000 -28398.00000000000000000 40.00000000000000000
8699.00000000000000000 -28398.00000000000000000 40.00000000000000000
8621.00000000000000000 -28398.00000000000000000 40.00000000000000000
8549.00000000000000000 -28398.00000000000000000 40.00000000000000000
8471.00000000000000000 -28398.00000000000000000 40.00000000000000000
8471.00000000000000000 -28398.00000000000000000 40.00000000000000000
8399.00000000000000000 -28398.00000000000000000 40.00000000000000000
8321.00000000000000000 -28398.00000000000000000 40.00000000000000000
8249.00000000000000000 -28398.00000000000000000 40.00000000000000000
8171.00000000000000000 -28398.00000000000000000 40.00000000000000000
8171.00000000000000000 -28398.00000000000000000 40.00000000000000000
8099.00000000000000000 -28398.00000000000000000 40.00000000000000000
8021.00000000000000000 -28398.00000000000000000 40.00000000000000000
7943.00000000000000000 -28398.00000000000000000 40.00000000000000000
7871.00000000000000000 -28398.00000000000000000 40.00000000000000000
7871.00000000000000000 -28398.00000000000000000 40.00000000000000000
7793.00000000000000000 -28399.00000000000000000 40.00000000000000000
7723.00000000000000000 -28399.00000000000000000 40.00000000000000000
7649.00000000000000000 -28399.00000000000000000 40.00000000000000000
7580.00000000000000000 -28399.00000000000000000 40.00000000000000000
7580.00000000000000000 -28399.00000000000000000 40.00000000000000000
7523.00000000000000000 -28399.00000000000000000 40.00000000000000000
7468.00000000000000000 -28399.00000000000000000 40.00000000000000000
7424.00000000000000000 -28399.00000000000000000 40.00000000000000000
7381.00000000000000000 -28399.00000000000000000 40.00000000000000000
7381.00000000000000000 -28399.00000000000000000 40.00000000000000000
7346.00000000000000000 -28398.00000000000000000 40.00000000000000000
7311.00000000000000000 -28398.00000000000000000 40.00000000000000000
7280.00000000000000000 -28398.00000000000000000 40.00000000000000000
7253.00000000000000000 -28398.00000000000000000 40.00000000000000000
7253.00000000000000000 -28398.00000000000000000 40.00000000000000000
7225.00000000000000000 -28398.00000000000000000 40.00000000000000000
7200.00000000000000000 -28398.00000000000000000 -5204.00000000000000000
7174.00000000000000000 -28398.00000000000000000 -5204.00000000000000000
7174.00000000000000000 -28398.00000000000000000 -5204.00000000000000000
7151.00000000000000000 -28397.00000000000000000 -5204.00000000000000000
7128.00000000000000000 -28397.00000000000000000 -5204.00000000000000000
7107.00000000000000000 -28396.00000000000000000 -5204.00000000000000000
7086.00000000000000000 -28396.00000000000000000 -5204.00000000000000000
7086.00000000000000000 -28396.00000000000000000 -5204.00000000000000000
7066.00000000000000000 -28395.00000000000000000 -5204.00000000000000000
7049.00000000000000000 -28394.00000000000000000 -5204.00000000000000000
7031.00000000000000000 -28394.00000000000000000 -5204.00000000000000000
7015.00000000000000000 -28393.00000000000000000 -5204.00000000000000000
7015.00000000000000000 -28393.00000000000000000 -5204.00000000000000000
7000.00000000000000000 -28392.00000000000000000 -5204.00000000000000000
6984.00000000000000000 -28391.00000000000000000 -5204.00000000000000000
6970.00000000000000000 -28390.00000000000000000 -5204.00000000000000000
6953.00000000000000000 -28389.00000000000000000 -115216.00000000000000000
6953.00000000000000000 -28389.00000000000000000 -115216.00000000000000000
6938.00000000000000000 -28388.00000000000000000 -115216.00000000000000000
6920.00000000000000000 -28387.00000000000000000 -115216.00000000000000000
6902.00000000000000000 -28386.00000000000000000 -115216.00000000000000000
6885.00000000000000000 -28384.00000000000000000 -115216.00000000000000000
6885.00000000000000000 -28384.00000000000000000 -115216.00000000000000000
6866.00000000000000000 -28383.00000000000000000 -115216.00000000000000000
6847.00000000000000000 -28381.00000000000000000 -115216.00000000000000000
6827.00000000000000000 -28379.00000000000000000 -115216.00000000000000000
6807.00000000000000000 -28377.00000000000000000 -115216.00000000000000000
6807.00000000000000000 -28377.00000000000000000 -115216.00000000000000000
6789.00000000000000000 -28375.00000000000000000 -115216.00000000000000000
6768.00000000000000000 -28373.00000000000000000 -115216.00000000000000000
6750.00000000000000000 -28370.00000000000000000 -115216.00000000000000000
6729.00000000000000000 -28368.00000000000000000 -115216.00000000000000000
6729.00000000000000000 -28368.00000000000000000 -115216.00000000000000000
6711.00000000000000000 -28365.00000000000000000 -335416.00000000000000000
6691.00000000000000000 -28362.00000000000000000 -335416.00000000000000000
6672.00000000000000000 -28359.00000000000000000 -335416.00000000000000000
6652.00000000000000000 -28356.00000000000000000 -335416.00000000000000000
6652.00000000000000000 -28356.00000000000000000 -335416.00000000000000000
6633.00000000000000000 -28353.00000000000000000 -335416.00000000000000000
6613.00000000000000000 -28349.00000000000000000 -335416.00000000000000000
6593.00000000000000000 -28346.00000000000000000 -335416.00000000000000000
6575.00000000000000000 -28342.00000000000000000 -335416.00000000000000000
6575.00000000000000000 -28342.00000000000000000 -335416.00000000000000000
6555.00000000000000000 -28338.00000000000000000 -335416.00000000000000000
6536.00000000000000000 -28335.00000000000000000 -335416.00000000000000000
6516.00000000000000000 -28331.00000000000000000 -335416.00000000000000000
6516.00000000000000000 -28331.00000000000000000 -335416.00000000000000000
6498.00000000000000000 -28327.00000000000000000 -335416.00000000000000000
6478.00000000000000000 -28322.00000000000000000 -335416.00000000000000000
6458.00000000000000000 -28318.00000000000000000 -279665.00000000000000000
6439.00000000000000000 -28313.00000000000000000 -279665.00000000000000000
6439.00000000000000000 -28313.00000000000000000 -279665.00000000000000000
6420.00000000000000000 -28308.00000000000000000 -279665.00000000000000000
6401.00000000000000000 -28304.00000000000000000 -279665.00000000000000000
6381.00000000000000000 -28299.00000000000000000 -279665.00000000000000000
6363.00000000000000000 -28294.00000000000000000 -279665.00000000000000000
6363.00000000000000000 -28294.00000000000000000 -279665.00000000000000000
6344.00000000000000000 -28288.00000000000000000 -279665.00000000000000000
6326.00000000000000000 -28283.00000000000000000 -279665.00000000000000000
6306.00000000000000000 -28278.00000000000000000 -279665.00000000000000000
6288.00000000000000000 -28273.00000000000000000 -279665.00000000000000000
6288.00000000000000000 -28273.00000000000000000 -279665.00000000000000000
6268.00000000000000000 -28267.00000000000000000 -279665.00000000000000000
6249.00000000000000000 -28261.00000000000000000 -279665.00000000000000000
6231.00000000000000000 -28255.00000000000000000 -279665.00000000000000000
6211.00000000000000000 -28249.00000000000000000 -281194.00000000000000000
6211.00000000000000000 -28249.00000000000000000 -281194.00000000000000000
6193.00000000000000000 -28243.00000000000000000 -281194.00000000000000000
6174.00000000000000000 -28236.00000000000000000 -281194.00000000000000000
6156.00000000000000000 -28230.00000000000000000 -281194.00000000000000000
6137.00000000000000000 -28223.00000000000000000 -281194.00000000000000000
6137.00000000000000000 -28223.00000000000000000 -281194.00000000000000000
6119.00000000000000000 -28217.00000000000000000 -281194.00000000000000000
6100.00000000000000000 -28210.00000000000000000 -281194.00000000000000000
6082.00000000000000000 -28204.00000000000000000 -281194.00000000000000000
6063.00000000000000000 -28196.00000000000000000 -281194.00000000000000000
6063.00000000000000000 -28196.00000000000000000 -281194.00000000000000000
6045.00000000000000000 -28190.00000000000000000 -281194.00000000000000000
6026.00000000000000000 -28182.00000000000000000 -281194.00000000000000000
6009.00000000000000000 -28175.00000000000000000 -281194.00000000000000000
5990.00000000000000000 -28168.00000000000000000 -281194.00000000000000000
5990.00000000000000000 -28168.00000000000000000 -281194.00000000000000000
5973.00000000000000000 -28160.00000000000000000 -375207.00000000000000000
5954.00000000000000000 -28152.00000000000000000 -375207.00000000000000000
5935.00000000000000000 -28144.00000000000000000 -375207.00000000000000000
5918.00000000000000000 -28137.00000000000000000 -375207.00000000000000000
5918.00000000000000000 -28137.00000000000000000 -375207.00000000000000000
5899.00000000000000000 -28128.00000000000000000 -375207.00000000000000000
5882.00000000000000000 -28121.00000000000000000 -375207.00000000000000000
5863.00000000000000000 -28112.00000000000000000 -375207.00000000000000000
5846.00000000000000000 -28104.00000000000000000 -375207.00000000000000000
5846.00000000000000000 -28104.00000000000000000 -375207.00000000000000000
5828.00000000000000000 -28095.00000000000000000 -375207.00000000000000000
5810.00000000000000000 -28086.00000000000000000 -375207.00000000000000000
5793.00000000000000000 -28078.00000000000000000 -375207.00000000000000000
5775.00000000000000000 -28068.00000000000000000 -375207.00000000000000000
5775.00000000000000000 -28068.00000000000000000 -375207.00000000000000000
5758.00000000000000000 -28060.00000000000000000 -375207.00000000000000000
5740.00000000000000000 -28050.00000000000000000 -281288.00000000000000000
5723.00000000000000000 -28042.00000000000000000 -281288.00000000000000000
5705.00000000000000000 -28032.00000000000000000 -281288.00000000000000000
5705.00000000000000000 -28032.00000000000000000 -281288.00000000000000000
5689.00000000000000000 -28023.00000000000000000 -281288.00000000000000000
5671.00000000000000000 -28013.00000000000000000 -281288.00000000000000000
5655.00000000000000000 -28004.00000000000000000 -281288.00000000000000000
5637.00000000000000000 -27994.00000000000000000 -281288.00000000000000000
5637.00000000000000000 -27994.00000000000000000 -281288.00000000000000000
5619.00000000000000000 -27983.00000000000000000 -281288.00000000000000000
5603.00000000000000000 -27974.00000000000000000 -281288.00000000000000000
5585.00000000000000000 -27963.00000000000000000 -281288.00000000000000000
5585.00000000000000000 -27963.00000000000000000 -281288.00000000000000000
5569.00000000000000000 -27952.00000000000000000 -281288.00000000000000000
5552.00000000000000000 -27942.00000000000000000 -281288.00000000000000000
5535.00000000000000000 -27932.00000000000000000 -281288.00000000000000000
5519.00000000000000000 -27922.00000000000000000 -281221.00000000000000000
5519.00000000000000000 -27922.00000000000000000 -281221.00000000000000000
5502.00000000000000000 -27910.00000000000000000 -281221.00000000000000000
5486.00000000000000000 -27900.00000000000000000 -281221.00000000000000000
5469.00000000000000000 -27889.00000000000000000 -281221.00000000000000000
5452.00000000000000000 -27877.00000000000000000 -281221.00000000000000000
5452.00000000000000000 -27877.00000000000000000 -281221.00000000000000000
5436.00000000000000000 -27867.00000000000000000 -281221.00000000000000000
5419.00000000000000000 -27855.00000000000000000 -281221.00000000000000000
5404.00000000000000000 -27844.00000000000000000 -281221.00000000000000000
5387.00000000000000000 -27833.00000000000000000 -281221.00000000000000000
5387.00000000000000000 -27833.00000000000000000 -281221.00000000000000000
5371.00000000000000000 -27821.00000000000000000 -281221.00000000000000000
5356.00000000000000000 -27809.00000000000000000 -281221.00000000000000000
5339.00000000000000000 -27797.00000000000000000 -281221.00000000000000000
5324.00000000000000000 -27786.00000000000000000 -281221.00000000000000000
5324.00000000000000000 -27786.00000000000000000 -281221.00000000000000000
5308.00000000000000000 -27774.00000000000000000 -374630.00000000000000000
5292.00000000000000000 -27761.00000000000000000 -374630.00000000000000000
5277.00000000000000000 -27750.00000000000000000 -374630.00000000000000000
5261.00000000000000000 -27737.00000000000000000 -374630.00000000000000000
5261.00000000000000000 -27737.00000000000000000 -374630.00000000000000000
5247.00000000000000000 -27725.00000000000000000 -374630.00000000000000000
5231.00000000000000000 -27712.00000000000000000 -374630.00000000000000000
5216.00000000000000000 -27700.00000000000000000 -374630.00000000000000000
5201.00000000000000000 -27687.00000000000000000 -374630.00000000000000000
5201.00000000000000000 -27687.00000000000000000 -374630.00000000000000000
5185.00000000000000000 -27673.00000000000000000 -374630.00000000000000000
5171.00000000000000000 -27661.00000000000000000 -374630.00000000000000000
5155.00000000000000000 -27648.00000000000000000 -374630.00000000000000000
5141.00000000000000000 -27635.00000000000000000 -374630.00000000000000000
5141.00000000000000000 -27635.00000000000000000 -374630.00000000000000000
5126.00000000000000000 -27621.00000000000000000 -374630.00000000000000000
5112.00000000000000000 -27609.00000000000000000 -281033.00000000000000000
5097.00000000000000000 -27595.00000000000000000 -281033.00000000000000000
5097.00000000000000000 -27595.00000000000000000 -281033.00000000000000000
5082.00000000000000000 -27581.00000000000000000 -281033.00000000000000000
5068.00000000000000000 -27568.00000000000000000 -281033.00000000000000000
5054.00000000000000000 -27554.00000000000000000 -281033.00000000000000000
5040.00000000000000000 -27541.00000000000000000 -281033.00000000000000000
5040.00000000000000000 -27541.00000000000000000 -281033.00000000000000000
5026.00000000000000000 -27527.00000000000000000 -281033.00000000000000000
5012.00000000000000000 -27513.00000000000000000 -281033.00000000000000000
4998.00000000000000000 -27499.00000000000000000 -281033.00000000000000000
4984.00000000000000000 -27484.00000000000000000 -281033.00000000000000000
4984.00000000000000000 -27484.00000000000000000 -281033.00000000000000000
4971.00000000000000000 -27470.00000000000000000 -281033.00000000000000000
4956.00000000000000000 -27456.00000000000000000 -281033.00000000000000000
4944.00000000000000000 -27442.00000000000000000 -281033.00000000000000000
4930.00000000000000000 -27427.00000000000000000 -280872.00000000000000000
4930.00000000000000000 -27427.00000000000000000 -280872.00000000000000000
4917.00000000000000000 -27413.00000000000000000 -280872.00000000000000000
4903.00000000000000000 -27398.00000000000000000 -280872.00000000000000000
4891.00000000000000000 -27383.00000000000000000 -280872.00000000000000000
4877.00000000000000000 -27369.00000000000000000 -280872.00000000000000000
4877.00000000000000000 -27369.00000000000000000 -280872.00000000000000000
4864.00000000000000000 -27353.00000000000000000 -280872.00000000000000000
4851.00000000000000000 -27339.00000000000000000 -280872.00000000000000000
4838.00000000000000000 -27323.00000000000000000 -280872.00000000000000000
4825.00000000000000000 -27308.00000000000000000 -280872.00000000000000000
4825.00000000000000000 -27308.00000000000000000 -280872.00000000000000000
4813.00000000000000000 -27293.00000000000000000 -280872.00000000000000000
4800.00000000000000000 -27277.00000000000000000 -280872.00000000000000000
4788.00000000000000000 -27263.00000000000000000 -280872.00000000000000000
4776.00000000000000000 -27246.00000000000000000 -280872.00000000000000000
4776.00000000000000000 -27246.00000000000000000 -280872.00000000000000000
4764.00000000000000000 -27232.00000000000000000 -374671.00000000000000000
4752.00000000000000000 -27215.00000000000000000 -374671.00000000000000000
4739.00000000000000000 -27199.00000000000000000 -374671.00000000000000000
4728.00000000000000000 -27184.00000000000000000 -374671.00000000000000000
4728.00000000000000000 -27184.00000000000000000 -374671.00000000000000000
4716.00000000000000000 -27168.00000000000000000 -374671.00000000000000000
4705.00000000000000000 -27152.00000000000000000 -374671.00000000000000000
4693.00000000000000000 -27136.00000000000000000 -374671.00000000000000000
4693.00000000000000000 -27136.00000000000000000 -374671.00000000000000000
4682.00000000000000000 -27120.00000000000000000 -374671.00000000000000000
4670.00000000000000000 -27104.00000000000000000 -374671.00000000000000000
4659.00000000000000000 -27087.00000000000000000 -374671.00000000000000000
4648.00000000000000000 -27071.00000000000000000 -374671.00000000000000000
4648.00000000000000000 -27071.00000000000000000 -374671.00000000000000000
4637.00000000000000000 -27054.00000000000000000 -374671.00000000000000000
4627.00000000000000000 -27038.00000000000000000 -374671.00000000000000000
4615.00000000000000000 -27021.00000000000000000 -281449.00000000000000000
4605.00000000000000000 -27005.00000000000000000 -281449.00000000000000000
4605.00000000000000000 -27005.00000000000000000 -281449.00000000000000000
4595.00000000000000000 -26988.00000000000000000 -281449.00000000000000000
4585.00000000000000000 -26972.00000000000000000 -281449.00000000000000000
4574.00000000000000000 -26955.00000000000000000 -281449.00000000000000000
4564.00000000000000000 -26938.00000000000000000 -281449.00000000000000000
4564.00000000000000000 -26938.00000000000000000 -281449.00000000000000000
4554.00000000000000000 -26921.00000000000000000 -281449.00000000000000000
4544.00000000000000000 -26904.00000000000000000 -281449.00000000000000000
4534.00000000000000000 -26887.00000000000000000 -281449.00000000000000000
4524.00000000000000000 -26870.00000000000000000 -281449.00000000000000000
4524.00000000000000000 -26870.00000000000000000 -281449.00000000000000000
4514.00000000000000000 -26852.00000000000000000 -281449.00000000000000000
4505.00000000000000000 -26835.00000000000000000 -281449.00000000000000000
4495.00000000000000000 -26817.00000000000000000 -281449.00000000000000000
4486.00000000000000000 -26800.00000000000000000 -280966.00000000000000000
4486.00000000000000000 -26800.00000000000000000 -280966.00000000000000000
4477.00000000000000000 -26782.00000000000000000 -280966.00000000000000000
4468.00000000000000000 -26766.00000000000000000 -280966.00000000000000000
4459.00000000000000000 -26747.00000000000000000 -280966.00000000000000000
4451.00000000000000000 -26731.00000000000000000 -280966.00000000000000000
4451.00000000000000000 -26731.00000000000000000 -280966.00000000000000000
4442.00000000000000000 -26713.00000000000000000 -280966.00000000000000000
4434.00000000000000000 -26696.00000000000000000 -280966.00000000000000000
4426.00000000000000000 -26679.00000000000000000 -280966.00000000000000000
4418.00000000000000000 -26663.00000000000000000 -280966.00000000000000000
4418.00000000000000000 -26663.00000000000000000 -280966.00000000000000000
4411.00000000000000000 -26648.00000000000000000 -280966.00000000000000000
4404.00000000000000000 -26633.00000000000000000 -280966.00000000000000000
4398.00000000000000000 -26618.00000000000000000 -280966.00000000000000000
4392.00000000000000000 -26606.00000000000000000 -280966.00000000000000000
4392.00000000000000000 -26606.00000000000000000 -280966.00000000000000000
4386.00000000000000000 -26593.00000000000000000 -268574.00000000000000000
4381.00000000000000000 -26581.00000000000000000 -268574.00000000000000000
4376.00000000000000000 -26569.00000000000000000 -268574.00000000000000000
4372.00000000000000000 -26559.00000000000000000 -268574.00000000000000000
4372.00000000000000000 -26559.00000000000000000 -268574.00000000000000000
4367.00000000000000000 -26548.00000000000000000 -268574.00000000000000000
4363.00000000000000000 -26539.00000000000000000 -268574.00000000000000000
4359.00000000000000000 -26529.00000000000000000 -268574.00000000000000000
4359.00000000000000000 -26529.00000000000000000 -268574.00000000000000000
4355.00000000000000000 -26520.00000000000000000 -268574.00000000000000000
4352.00000000000000000 -26511.00000000000000000 -268574.00000000000000000
4348.00000000000000000 -26502.00000000000000000 -268574.00000000000000000
4345.00000000000000000 -26493.00000000000000000 -268574.00000000000000000
4345.00000000000000000 -26493.00000000000000000 -268574.00000000000000000
4341.00000000000000000 -26483.00000000000000000 -268574.00000000000000000
4338.00000000000000000 -26473.00000000000000000 -268574.00000000000000000
4334.00000000000000000 -26464.00000000000000000 -146558.00000000000000000
4330.00000000000000000 -26453.00000000000000000 -146558.00000000000000000
4330.00000000000000000 -26453.00000000000000000 -146558.00000000000000000
4327.00000000000000000 -26442.00000000000000000 -146558.00000000000000000
4323.00000000000000000 -26430.00000000000000000 -146558.00000000000000000
4319.00000000000000000 -26418.00000000000000000 -146558.00000000000000000
4314.00000000000000000 -26405.00000000000000000 -146558.00000000000000000
4314.00000000000000000 -26405.00000000000000000 -146558.00000000000000000
4310.00000000000000000 -26391.00000000000000000 -146558.00000000000000000
4305.00000000000000000 -26376.00000000000000000 -146558.00000000000000000
4300.00000000000000000 -26359.00000000000000000 -146558.00000000000000000
4295.00000000000000000 -26342.00000000000000000 -146558.00000000000000000
4295.00000000000000000 -26342.00000000000000000 -146558.00000000000000000
4289.00000000000000000 -26322.00000000000000000 -146558.00000000000000000
4284.00000000000000000 -26303.00000000000000000 -146558.00000000000000000
4277.00000000000000000 -26280.00000000000000000 -146558.00000000000000000
4270.00000000000000000 -26255.00000000000000000 -1797.00000000000000000
4270.00000000000000000 -26255.00000000000000000 -1797.00000000000000000
4264.00000000000000000 -26230.00000000000000000 -1797.00000000000000000
4256.00000000000000000 -26201.00000000000000000 -1797.00000000000000000
4249.00000000000000000 -26173.00000000000000000 -1797.00000000000000000
4240.00000000000000000 -26140.00000000000000000 -1797.00000000000000000
4240.00000000000000000 -26140.00000000000000000 -1797.00000000000000000
4232.00000000000000000 -26107.00000000000000000 -1797.00000000000000000
4222.00000000000000000 -26069.00000000000000000 -1797.00000000000000000
4212.00000000000000000 -26028.00000000000000000 -1797.00000000000000000
4203.00000000000000000 -25988.00000000000000000 -1797.00000000000000000
4203.00000000000000000 -25988.00000000000000000 -1797.00000000000000000
4194.00000000000000000 -25941.00000000000000000 -1797.00000000000000000
4185.00000000000000000 -25895.00000000000000000 -1797.00000000000000000
4177.00000000000000000 -25841.00000000000000000 -1797.00000000000000000
4177.00000000000000000 -25841.00000000000000000 -1797.00000000000000000
4170.00000000000000000 -25788.00000000000000000 -1797.00000000000000000
4163.00000000000000000 -25729.00000000000000000 144050.00000000000000000
4157.00000000000000000 -25669.00000000000000000 144050.00000000000000000
4152.00000000000000000 -25611.00000000000000000 144050.00000000000000000
4152.00000000000000000 -25611.00000000000000000 144050.00000000000000000
4148.00000000000000000 -25549.00000000000000000 144050.00000000000000000
4145.00000000000000000 -25490.00000000000000000 144050.00000000000000000
4143.00000000000000000 -25425.00000000000000000 144050.00000000000000000
4141.00000000000000000 -25363.00000000000000000 144050.00000000000000000
4141.00000000000000000 -25363.00000000000000000 144050.00000000000000000
4140.00000000000000000 -25296.00000000000000000 144050.00000000000000000
4140.00000000000000000 -25229.00000000000000000 144050.00000000000000000
4140.00000000000000000 -25167.00000000000000000 144050.00000000000000000
4140.00000000000000000 -25100.00000000000000000 144050.00000000000000000
4140.00000000000000000 -25100.00000000000000000 144050.00000000000000000
4140.00000000000000000 -25039.00000000000000000 144050.00000000000000000
4139.00000000000000000 -24973.00000000000000000 144050.00000000000000000
4139.00000000000000000 -24907.00000000000000000 323802.00000000000000000
4139.00000000000000000 -24845.00000000000000000 323802.00000000000000000
4139.00000000000000000 -24845.00000000000000000 323802.00000000000000000
4139.00000000000000000 -24777.00000000000000000 323802.00000000000000000
4139.00000000000000000 -24714.00000000000000000 323802.00000000000000000
4139.00000000000000000 -24647.00000000000000000 323802.00000000000000000
4139.00000000000000000 -24586.00000000000000000 323802.00000000000000000
4139.00000000000000000 -24586.00000000000000000 323802.00000000000000000
4139.00000000000000000 -24519.00000000000000000 323802.00000000000000000
4139.00000000000000000 -24452.00000000000000000 323802.00000000000000000
4139.00000000000000000 -24388.00000000000000000 323802.00000000000000000
4139.00000000000000000 -24315.00000000000000000 323802.00000000000000000
4139.00000000000000000 -24315.00000000000000000 323802.00000000000000000
4139.00000000000000000 -24246.00000000000000000 323802.00000000000000000
4139.00000000000000000 -24169.00000000000000000 323802.00000000000000000
4139.00000000000000000 -24097.00000000000000000 323802.00000000000000000
4139.00000000000000000 -24019.00000000000000000 251716.00000000000000000
4139.00000000000000000 -24019.00000000000000000 251716.00000000000000000
4140.00000000000000000 -23941.00000000000000000 251716.00000000000000000
4140.00000000000000000 -23869.00000000000000000 251716.00000000000000000
4140.00000000000000000 -23791.00000000000000000 251716.00000000000000000
4140.00000000000000000 -23719.00000000000000000 251716.00000000000000000
4140.00000000000000000 -23719.00000000000000000 251716.00000000000000000
4140.00000000000000000 -23641.00000000000000000 251716.00000000000000000
4140.00000000000000000 -23570.00000000000000000 251716.00000000000000000
4139.00000000000000000 -23495.00000000000000000 251716.00000000000000000
4139.00000000000000000 -23495.00000000000000000 251716.00000000000000000
4139.00000000000000000 -23420.00000000000000000 251716.00000000000000000
4139.00000000000000000 -23352.00000000000000000 251716.00000000000000000
4139.00000000000000000 -23279.00000000000000000 251716.00000000000000000
4139.00000000000000000 -23212.00000000000000000 251716.00000000000000000
4139.00000000000000000 -23212.00000000000000000 251716.00000000000000000
4139.00000000000000000 -23138.00000000000000000 251716.00000000000000000
4139.00000000000000000 -23063.00000000000000000 261775.00000000000000000
4139.00000000000000000 -22993.00000000000000000 261775.00000000000000000
4139.00000000000000000 -22918.00000000000000000 261775.00000000000000000
4139.00000000000000000 -22918.00000000000000000 261775.00000000000000000
4139.00000000000000000 -22849.00000000000000000 261775.00000000000000000
4139.00000000000000000 -22775.00000000000000000 261775.00000000000000000
4139.00000000000000000 -22706.00000000000000000 261775.00000000000000000
4139.00000000000000000 -22633.00000000000000000 261775.00000000000000000
4139.00000000000000000 -22633.00000000000000000 261775.00000000000000000
4139.00000000000000000 -22560.00000000000000000 261775.00000000000000000
4139.00000000000000000 -22493.00000000000000000 261775.00000000000000000
4139.00000000000000000 -22420.00000000000000000 261775.00000000000000000
4139.00000000000000000 -22353.00000000000000000 261775.00000000000000000
4139.00000000000000000 -22353.00000000000000000 261775.00000000000000000
4139.00000000000000000 -22280.00000000000000000 261775.00000000000000000
4139.00000000000000000 -22207.00000000000000000 261775.00000000000000000
4138.00000000000000000 -22139.00000000000000000 308084.00000000000000000
4136.00000000000000000 -22065.00000000000000000 308084.00000000000000000
4136.00000000000000000 -22065.00000000000000000 308084.00000000000000000
4134.00000000000000000 -21997.00000000000000000 308084.00000000000000000
4130.00000000000000000 -21923.00000000000000000 308084.00000000000000000
4126.00000000000000000 -21854.00000000000000000 308084.00000000000000000
4120.00000000000000000 -21779.00000000000000000 308084.00000000000000000
4120.00000000000000000 -21779.00000000000000000 308084.00000000000000000
4114.00000000000000000 -21710.00000000000000000 308084.00000000000000000
4105.00000000000000000 -21634.00000000000000000 308084.00000000000000000
4095.00000000000000000 -21557.00000000000000000 308084.00000000000000000
4085.00000000000000000 -21487.00000000000000000 308084.00000000000000000
4085.00000000000000000 -21487.00000000000000000 308084.00000000000000000
4072.00000000000000000 -21411.00000000000000000 308084.00000000000000000
4059.00000000000000000 -21341.00000000000000000 308084.00000000000000000
4044.00000000000000000 -21266.00000000000000000 308084.00000000000000000
4044.00000000000000000 -21266.00000000000000000 308084.00000000000000000
4027.00000000000000000 -21190.00000000000000000 218201.00000000000000000
4010.00000000000000000 -21121.00000000000000000 218201.00000000000000000
3991.00000000000000000 -21046.00000000000000000 218201.00000000000000000
3972.00000000000000000 -20979.00000000000000000 218201.00000000000000000
3972.00000000000000000 -20979.00000000000000000 218201.00000000000000000
3950.00000000000000000 -20908.00000000000000000 218201.00000000000000000
3931.00000000000000000 -20845.00000000000000000 218201.00000000000000000
3908.00000000000000000 -20780.00000000000000000 218201.00000000000000000
3885.00000000000000000 -20716.00000000000000000 218201.00000000000000000
3885.00000000000000000 -20716.00000000000000000 218201.00000000000000000
3863.00000000000000000 -20657.00000000000000000 218201.00000000000000000
3838.00000000000000000 -20593.00000000000000000 218201.00000000000000000
3814.00000000000000000 -20535.00000000000000000 218201.00000000000000000
3787.00000000000000000 -20471.00000000000000000 218201.00000000000000000
3787.00000000000000000 -20471.00000000000000000 218201.00000000000000000
3761.00000000000000000 -20414.00000000000000000 218201.00000000000000000
3732.00000000000000000 -20352.00000000000000000 239136.00000000000000000
3704.00000000000000000 -20296.00000000000000000 239136.00000000000000000
3673.00000000000000000 -20235.00000000000000000 239136.00000000000000000
3673.00000000000000000 -20235.00000000000000000 239136.00000000000000000
3644.00000000000000000 -20179.00000000000000000 239136.00000000000000000
3610.00000000000000000 -20118.00000000000000000 239136.00000000000000000
3577.00000000000000000 -20061.00000000000000000 239136.00000000000000000
3541.00000000000000000 -19999.00000000000000000 239136.00000000000000000
3541.00000000000000000 -19999.00000000000000000 239136.00000000000000000
3502.00000000000000000 -19937.00000000000000000 239136.00000000000000000
3465.00000000000000000 -19879.00000000000000000 239136.00000000000000000
3423.00000000000000000 -19817.00000000000000000 239136.00000000000000000
3384.00000000000000000 -19760.00000000000000000 239136.00000000000000000
3384.00000000000000000 -19760.00000000000000000 239136.00000000000000000
3341.00000000000000000 -19700.00000000000000000 239136.00000000000000000
3298.00000000000000000 -19642.00000000000000000 239136.00000000000000000
3257.00000000000000000 -19590.00000000000000000 325974.00000000000000000
3213.00000000000000000 -19534.00000000000000000 325974.00000000000000000
3213.00000000000000000 -19534.00000000000000000 325974.00000000000000000
3172.00000000000000000 -19484.00000000000000000 325974.00000000000000000
3126.00000000000000000 -19431.00000000000000000 325974.00000000000000000
3083.00000000000000000 -19382.00000000000000000 325974.00000000000000000
3035.00000000000000000 -19329.00000000000000000 325974.00000000000000000
3035.00000000000000000 -19329.00000000000000000 325974.00000000000000000
2989.00000000000000000 -19281.00000000000000000 325974.00000000000000000
2939.00000000000000000 -19230.00000000000000000 325974.00000000000000000
2887.00000000000000000 -19179.00000000000000000 325974.00000000000000000
2839.00000000000000000 -19133.00000000000000000 325974.00000000000000000
2839.00000000000000000 -19133.00000000000000000 325974.00000000000000000
2785.00000000000000000 -19083.00000000000000000 325974.00000000000000000
2734.00000000000000000 -19038.00000000000000000 325974.00000000000000000
2679.00000000000000000 -18991.00000000000000000 325974.00000000000000000
2627.00000000000000000 -18947.00000000000000000 267407.00000000000000000
2627.00000000000000000 -18947.00000000000000000 267407.00000000000000000
2570.00000000000000000 -18902.00000000000000000 267407.00000000000000000
2517.00000000000000000 -18860.00000000000000000 267407.00000000000000000
2458.00000000000000000 -18817.00000000000000000 267407.00000000000000000
2404.00000000000000000 -18778.00000000000000000 267407.00000000000000000
2404.00000000000000000 -18778.00000000000000000 267407.00000000000000000
2344.00000000000000000 -18736.00000000000000000 267407.00000000000000000
2289.00000000000000000 -18699.00000000000000000 267407.00000000000000000
2228.00000000000000000 -18659.00000000000000000 267407.00000000000000000
2228.00000000000000000 -18659.00000000000000000 267407.00000000000000000
2171.00000000000000000 -18624.00000000000000000 267407.00000000000000000
2109.00000000000000000 -18587.00000000000000000 267407.00000000000000000
2048.00000000000000000 -18551.00000000000000000 267407.00000000000000000
1991.00000000000000000 -18520.00000000000000000 267407.00000000000000000
1991.00000000000000000 -18520.00000000000000000 267407.00000000000000000
1929.00000000000000000 -18487.00000000000000000 267407.00000000000000000
1873.00000000000000000 -18458.00000000000000000 280001.00000000000000000
1814.00000000000000000 -18429.00000000000000000 280001.00000000000000000
1762.00000000000000000 -18404.00000000000000000 280001.00000000000000000
1762.00000000000000000 -18404.00000000000000000 280001.00000000000000000
1709.00000000000000000 -18380.00000000000000000 280001.00000000000000000
1666.00000000000000000 -18360.00000000000000000 280001.00000000000000000
1626.00000000000000000 -18343.00000000000000000 280001.00000000000000000
1595.00000000000000000 -18330.00000000000000000 280001.00000000000000000
1595.00000000000000000 -18330.00000000000000000 280001.00000000000000000
1565.00000000000000000 -18317.00000000000000000 280001.00000000000000000
1539.00000000000000000 -18307.00000000000000000 280001.00000000000000000
1512.00000000000000000 -18296.00000000000000000 280001.00000000000000000
1485.00000000000000000 -18286.00000000000000000 280001.00000000000000000
1485.00000000000000000 -18286.00000000000000000 280001.00000000000000000
1461.00000000000000000 -18277.00000000000000000 280001.00000000000000000
1435.00000000000000000 -18267.00000000000000000 280001.00000000000000000
1410.00000000000000000 -18259.00000000000000000 281100.00000000000000000
1384.00000000000000000 -18249.00000000000000000 281100.00000000000000000
1384.00000000000000000 -18249.00000000000000000 281100.00000000000000000
1359.00000000000000000 -18241.00000000000000000 281100.00000000000000000
1333.00000000000000000 -18232.00000000000000000 281100.00000000000000000
1308.00000000000000000 -18224.00000000000000000 281100.00000000000000000
1282.00000000000000000 -18215.00000000000000000 281100.00000000000000000
1282.00000000000000000 -18215.00000000000000000 281100.00000000000000000
1255.00000000000000000 -18207.00000000000000000 281100.00000000000000000
1230.00000000000000000 -18199.00000000000000000 281100.00000000000000000
1204.00000000000000000 -18191.00000000000000000 281100.00000000000000000
1179.00000000000000000 -18184.00000000000000000 281100.00000000000000000
1179.00000000000000000 -18184.00000000000000000 281100.00000000000000000
1152.00000000000000000 -18176.00000000000000000 281100.00000000000000000
1125.00000000000000000 -18169.00000000000000000 281100.00000000000000000
1101.00000000000000000 -18162.00000000000000000 281100.00000000000000000
1074.00000000000000000 -18155.00000000000000000 281355.00000000000000000
1074.00000000000000000 -18155.00000000000000000 281355.00000000000000000
1049.00000000000000000 -18148.00000000000000000 281355.00000000000000000
1021.00000000000000000 -18141.00000000000000000 281355.00000000000000000
996.00000000000000000 -18135.00000000000000000 281355.00000000000000000
969.00000000000000000 -18129.00000000000000000 281355.00000000000000000
969.00000000000000000 -18129.00000000000000000 281355.00000000000000000
944.00000000000000000 -18123.00000000000000000 281355.00000000000000000
916.00000000000000000 -18117.00000000000000000 281355.00000000000000000
889.00000000000000000 -18111.00000000000000000 281355.00000000000000000
864.00000000000000000 -18105.00000000000000000 281355.00000000000000000
864.00000000000000000 -18105.00000000000000000 281355.00000000000000000
836.00000000000000000 -18100.00000000000000000 281355.00000000000000000
811.00000000000000000 -18095.00000000000000000 281355.00000000000000000
784.00000000000000000 -18090.00000000000000000 281355.00000000000000000
784.00000000000000000 -18090.00000000000000000 281355.00000000000000000
756.00000000000000000 -18085.00000000000000000 281355.00000000000000000
731.00000000000000000 -18080.00000000000000000 281704.00000000000000000
703.00000000000000000 -18076.00000000000000000 281704.00000000000000000
678.00000000000000000 -18072.00000000000000000 281704.00000000000000000
678.00000000000000000 -18072.00000000000000000 281704.00000000000000000
650.00000000000000000 -18067.00000000000000000 281704.00000000000000000
624.00000000000000000 -18063.00000000000000000 281704.00000000000000000
597.00000000000000000 -18059.00000000000000000 281704.00000000000000000
571.00000000000000000 -18056.00000000000000000 281704.00000000000000000
571.00000000000000000 -18056.00000000000000000 281704.00000000000000000
543.00000000000000000 -18052.00000000000000000 281704.00000000000000000
516.00000000000000000 -18049.00000000000000000 281704.00000000000000000
490.00000000000000000 -18046.00000000000000000 281704.00000000000000000
462.00000000000000000 -18043.00000000000000000 281704.00000000000000000
462.00000000000000000 -18043.00000000000000000 281704.00000000000000000
435.00000000000000000 -18040.00000000000000000 281704.00000000000000000
409.00000000000000000 -18037.00000000000000000 281704.00000000000000000
381.00000000000000000 -18035.00000000000000000 374604.00000000000000000
355.00000000000000000 -18033.00000000000000000 374604.00000000000000000
355.00000000000000000 -18033.00000000000000000 374604.00000000000000000
327.00000000000000000 -18031.00000000000000000 374604.00000000000000000
302.00000000000000000 -18029.00000000000000000 374604.00000000000000000
274.00000000000000000 -18027.00000000000000000 374604.00000000000000000
248.00000000000000000 -18025.00000000000000000 374604.00000000000000000
248.00000000000000000 -18025.00000000000000000 374604.00000000000000000
220.00000000000000000 -18024.00000000000000000 374604.00000000000000000
192.00000000000000000 -18023.00000000000000000 374604.00000000000000000
166.00000000000000000 -18022.00000000000000000 374604.00000000000000000
139.00000000000000000 -18021.00000000000000000 374604.00000000000000000
139.00000000000000000 -18021.00000000000000000 374604.00000000000000000
113.00000000000000000 -18021.00000000000000000 374604.00000000000000000
85.00000000000000000 -18020.00000000000000000 374604.00000000000000000
59.00000000000000000 -18020.00000000000000000 374604.00000000000000000
31.00000000000000000 -18020.00000000000000000 280966.00000000000000000
31.00000000000000000 -18020.00000000000000000 280966.00000000000000000
5.00000000000000000 -18020.00000000000000000 280966.00000000000000000
-23.00000000000000000 -18020.00000000000000000 280966.00000000000000000
-51.00000000000000000 -18021.00000000000000000 280966.00000000000000000
-77.00000000000000000 -18021.00000000000000000 280966.00000000000000000
-77.00000000000000000 -18021.00000000000000000 280966.00000000000000000
-105.00000000000000000 -18022.00000000000000000 280966.00000000000000000
-130.00000000000000000 -18023.00000000000000000 280966.00000000000000000
-158.00000000000000000 -18024.00000000000000000 280966.00000000000000000
-158.00000000000000000 -18024.00000000000000000 280966.00000000000000000
-184.00000000000000000 -18025.00000000000000000 280966.00000000000000000
-212.00000000000000000 -18027.00000000000000000 280966.00000000000000000
-240.00000000000000000 -18028.00000000000000000 280966.00000000000000000
-266.00000000000000000 -18030.00000000000000000 280966.00000000000000000
-266.00000000000000000 -18030.00000000000000000 280966.00000000000000000
-294.00000000000000000 -18032.00000000000000000 280966.00000000000000000
-319.00000000000000000 -18034.00000000000000000 281167.00000000000000000
-347.00000000000000000 -18037.00000000000000000 281167.00000000000000000
-373.00000000000000000 -18039.00000000000000000 281167.00000000000000000
-373.00000000000000000 -18039.00000000000000000 281167.00000000000000000
-401.00000000000000000 -18042.00000000000000000 281167.00000000000000000
-427.00000000000000000 -18045.00000000000000000 281167.00000000000000000
-454.00000000000000000 -18048.00000000000000000 281167.00000000000000000
-480.00000000000000000 -18051.00000000000000000 281167.00000000000000000
-480.00000000000000000 -18051.00000000000000000 281167.00000000000000000
-508.00000000000000000 -18055.00000000000000000 281167.00000000000000000
-536.00000000000000000 -18059.00000000000000000 281167.00000000000000000
-561.00000000000000000 -18062.00000000000000000 281167.00000000000000000
-589.00000000000000000 -18067.00000000000000000 281167.00000000000000000
-589.00000000000000000 -18067.00000000000000000 281167.00000000000000000
-614.00000000000000000 -18071.00000000000000000 281167.00000000000000000
-642.00000000000000000 -18075.00000000000000000 281167.00000000000000000
-669.00000000000000000 -18080.00000000000000000 374523.00000000000000000
-695.00000000000000000 -18084.00000000000000000 374523.00000000000000000
-695.00000000000000000 -18084.00000000000000000 374523.00000000000000000
-722.00000000000000000 -18089.00000000000000000 374523.00000000000000000
-747.00000000000000000 -18094.00000000000000000 374523.00000000000000000
-775.00000000000000000 -18099.00000000000000000 374523.00000000000000000
-800.00000000000000000 -18104.00000000000000000 374523.00000000000000000
-800.00000000000000000 -18104.00000000000000000 374523.00000000000000000
-828.00000000000000000 -18110.00000000000000000 374523.00000000000000000
-855.00000000000000000 -18116.00000000000000000 374523.00000000000000000
-880.00000000000000000 -18121.00000000000000000 374523.00000000000000000
-907.00000000000000000 -18127.00000000000000000 374523.00000000000000000
-907.00000000000000000 -18127.00000000000000000 374523.00000000000000000
-932.00000000000000000 -18133.00000000000000000 374523.00000000000000000
-959.00000000000000000 -18140.00000000000000000 374523.00000000000000000
-987.00000000000000000 -18147.00000000000000000 374523.00000000000000000
-1012.00000000000000000 -18153.00000000000000000 281328.00000000000000000
-1012.00000000000000000 -18153.00000000000000000 281328.00000000000000000
-1039.00000000000000000 -18161.00000000000000000 281328.00000000000000000
-1063.00000000000000000 -18167.00000000000000000 281328.00000000000000000
-1090.00000000000000000 -18175.00000000000000000 281328.00000000000000000
-1115.00000000000000000 -18182.00000000000000000 281328.00000000000000000
-1115.00000000000000000 -18182.00000000000000000 281328.00000000000000000
-1142.00000000000000000 -18190.00000000000000000 281328.00000000000000000
-1167.00000000000000000 -18198.00000000000000000 281328.00000000000000000
-1193.00000000000000000 -18206.00000000000000000 281328.00000000000000000
-1193.00000000000000000 -18206.00000000000000000 281328.00000000000000000
-1220.00000000000000000 -18214.00000000000000000 281328.00000000000000000
-1245.00000000000000000 -18222.00000000000000000 281328.00000000000000000
-1271.00000000000000000 -18231.00000000000000000 281328.00000000000000000
-1296.00000000000000000 -18239.00000000000000000 281328.00000000000000000
-1296.00000000000000000 -18239.00000000000000000 281328.00000000000000000
-1322.00000000000000000 -18248.00000000000000000 281328.00000000000000000
-1349.00000000000000000 -18258.00000000000000000 281181.00000000000000000
-1373.00000000000000000 -18266.00000000000000000 281181.00000000000000000
-1400.00000000000000000 -18276.00000000000000000 281181.00000000000000000
-1400.00000000000000000 -18276.00000000000000000 281181.00000000000000000
-1426.00000000000000000 -18286.00000000000000000 281181.00000000000000000
-1450.00000000000000000 -18295.00000000000000000 281181.00000000000000000
-1476.00000000000000000 -18305.00000000000000000 281181.00000000000000000
-1500.00000000000000000 -18315.00000000000000000 281181.00000000000000000
-1500.00000000000000000 -18315.00000000000000000 281181.00000000000000000
-1526.00000000000000000 -18325.00000000000000000 281181.00000000000000000
-1550.00000000000000000 -18335.00000000000000000 281181.00000000000000000
-1575.00000000000000000 -18346.00000000000000000 281181.00000000000000000
-1601.00000000000000000 -18357.00000000000000000 281181.00000000000000000
-1601.00000000000000000 -18357.00000000000000000 281181.00000000000000000
-1625.00000000000000000 -18367.00000000000000000 281181.00000000000000000
-1650.00000000000000000 -18379.00000000000000000 281181.00000000000000000
-1674.00000000000000000 -18389.00000000000000000 374993.00000000000000000
-1701.00000000000000000 -18402.00000000000000000 374993.00000000000000000
-1701.00000000000000000 -18402.00000000000000000 374993.00000000000000000
-1726.00000000000000000 -18414.00000000000000000 374993.00000000000000000
-1756.00000000000000000 -18428.00000000000000000 374993.00000000000000000
-1790.00000000000000000 -18444.00000000000000000 374993.00000000000000000
-1826.00000000000000000 -18463.00000000000000000 374993.00000000000000000
-1826.00000000000000000 -18463.00000000000000000 374993.00000000000000000
-1871.00000000000000000 -18486.00000000000000000 374993.00000000000000000
-1919.00000000000000000 -18511.00000000000000000 374993.00000000000000000
-1974.00000000000000000 -18542.00000000000000000 374993.00000000000000000
-1974.00000000000000000 -18542.00000000000000000 374993.00000000000000000
-2032.00000000000000000 -18575.00000000000000000 374993.00000000000000000
-2087.00000000000000000 -18607.00000000000000000 374993.00000000000000000
-2146.00000000000000000 -18644.00000000000000000 374993.00000000000000000
-2201.00000000000000000 -18679.00000000000000000 374993.00000000000000000
-2201.00000000000000000 -18679.00000000000000000 374993.00000000000000000
-2261.00000000000000000 -18718.00000000000000000 281368.00000000000000000
-2315.00000000000000000 -18755.00000000000000000 281368.00000000000000000
-2373.00000000000000000 -18796.00000000000000000 281368.00000000000000000
-2431.00000000000000000 -18839.00000000000000000 281368.00000000000000000
-2431.00000000000000000 -18839.00000000000000000 281368.00000000000000000
-2485.00000000000000000 -18880.00000000000000000 281368.00000000000000000
-2542.00000000000000000 -18925.00000000000000000 281368.00000000000000000
-2595.00000000000000000 -18968.00000000000000000 281368.00000000000000000
-2651.00000000000000000 -19016.00000000000000000 281368.00000000000000000
-2651.00000000000000000 -19016.00000000000000000 281368.00000000000000000
-2707.00000000000000000 -19064.00000000000000000 281368.00000000000000000
-2757.00000000000000000 -19110.00000000000000000 281368.00000000000000000
-2810.00000000000000000 -19159.00000000000000000 281368.00000000000000000
-2858.00000000000000000 -19206.00000000000000000 281368.00000000000000000
-2858.00000000000000000 -19206.00000000000000000 281368.00000000000000000
-2909.00000000000000000 -19258.00000000000000000 281368.00000000000000000
-2959.00000000000000000 -19310.00000000000000000 280001.00000000000000000
-3005.00000000000000000 -19359.00000000000000000 280001.00000000000000000
-3053.00000000000000000 -19413.00000000000000000 280001.00000000000000000
-3053.00000000000000000 -19413.00000000000000000 280001.00000000000000000
-3097.00000000000000000 -19464.00000000000000000 280001.00000000000000000
-3144.00000000000000000 -19520.00000000000000000 280001.00000000000000000
-3186.00000000000000000 -19572.00000000000000000 280001.00000000000000000
-3230.00000000000000000 -19629.00000000000000000 280001.00000000000000000
-3230.00000000000000000 -19629.00000000000000000 280001.00000000000000000
-3273.00000000000000000 -19686.00000000000000000 280001.00000000000000000
-3312.00000000000000000 -19738.00000000000000000 280001.00000000000000000
-3351.00000000000000000 -19795.00000000000000000 280001.00000000000000000
-3387.00000000000000000 -19848.00000000000000000 280001.00000000000000000
-3387.00000000000000000 -19848.00000000000000000 280001.00000000000000000
-3425.00000000000000000 -19906.00000000000000000 280001.00000000000000000
-3460.00000000000000000 -19961.00000000000000000 280001.00000000000000000
-3496.00000000000000000 -20021.00000000000000000 262620.00000000000000000
-3496.00000000000000000 -20021.00000000000000000 262620.00000000000000000
-3529.00000000000000000 -20077.00000000000000000 262620.00000000000000000
-3564.00000000000000000 -20138.00000000000000000 262620.00000000000000000
-3597.00000000000000000 -20200.00000000000000000 262620.00000000000000000
-3627.00000000000000000 -20257.00000000000000000 262620.00000000000000000
-3627.00000000000000000 -20257.00000000000000000 262620.00000000000000000
-3658.00000000000000000 -20319.00000000000000000 262620.00000000000000000
-3686.00000000000000000 -20377.00000000000000000 262620.00000000000000000
-3715.00000000000000000 -20439.00000000000000000 262620.00000000000000000
-3743.00000000000000000 -20502.00000000000000000 262620.00000000000000000
-3743.00000000000000000 -20502.00000000000000000 262620.00000000000000000
-3767.00000000000000000 -20561.00000000000000000 262620.00000000000000000
-3793.00000000000000000 -20624.00000000000000000 262620.00000000000000000
-3816.00000000000000000 -20683.00000000000000000 262620.00000000000000000
-3839.00000000000000000 -20748.00000000000000000 262620.00000000000000000
-3839.00000000000000000 -20748.00000000000000000 262620.00000000000000000
-3861.00000000000000000 -20810.00000000000000000 319658.00000000000000000
-3883.00000000000000000 -20879.00000000000000000 319658.00000000000000000
-3905.00000000000000000 -20950.00000000000000000 319658.00000000000000000
-3925.00000000000000000 -21017.00000000000000000 319658.00000000000000000
-3925.00000000000000000 -21017.00000000000000000 319658.00000000000000000
-3945.00000000000000000 -21092.00000000000000000 319658.00000000000000000
-3963.00000000000000000 -21162.00000000000000000 319658.00000000000000000
-3980.00000000000000000 -21237.00000000000000000 319658.00000000000000000
-3997.00000000000000000 -21313.00000000000000000 319658.00000000000000000
-3997.00000000000000000 -21313.00000000000000000 319658.00000000000000000
-4010.00000000000000000 -21383.00000000000000000 319658.00000000000000000
-4023.00000000000000000 -21458.00000000000000000 319658.00000000000000000
-4034.00000000000000000 -21527.00000000000000000 319658.00000000000000000
-4044.00000000000000000 -21601.00000000000000000 319658.00000000000000000
-4044.00000000000000000 -21601.00000000000000000 319658.00000000000000000
-4053.00000000000000000 -21675.00000000000000000 319658.00000000000000000
-4060.00000000000000000 -21743.00000000000000000 243133.00000000000000000
-4066.00000000000000000 -21818.00000000000000000 243133.00000000000000000
-4071.00000000000000000 -21887.00000000000000000 243133.00000000000000000
-4071.00000000000000000 -21887.00000000000000000 243133.00000000000000000
-4075.00000000000000000 -21961.00000000000000000 243133.00000000000000000
-4078.00000000000000000 -22029.00000000000000000 243133.00000000000000000
-4079.00000000000000000 -22103.00000000000000000 243133.00000000000000000
-4079.00000000000000000 -22103.00000000000000000 243133.00000000000000000
-4080.00000000000000000 -22176.00000000000000000 243133.00000000000000000
-4081.00000000000000000 -22243.00000000000000000 243133.00000000000000000
-4081.00000000000000000 -22316.00000000000000000 243133.00000000000000000
-4081.00000000000000000 -22389.00000000000000000 243133.00000000000000000
-4081.00000000000000000 -22389.00000000000000000 243133.00000000000000000
-4081.00000000000000000 -22457.00000000000000000 243133.00000000000000000
-4081.00000000000000000 -22531.00000000000000000 243133.00000000000000000
-4081.00000000000000000 -22605.00000000000000000 243133.00000000000000000
-4081.00000000000000000 -22674.00000000000000000 218349.00000000000000000
-4081.00000000000000000 -22674.00000000000000000 218349.00000000000000000
-4081.00000000000000000 -22748.00000000000000000 218349.00000000000000000
-4081.00000000000000000 -22816.00000000000000000 218349.00000000000000000
-4081.00000000000000000 -22889.00000000000000000 218349.00000000000000000
-4081.00000000000000000 -22955.00000000000000000 218349.00000000000000000
-4081.00000000000000000 -22955.00000000000000000 218349.00000000000000000
-4081.00000000000000000 -23026.00000000000000000 218349.00000000000000000
-4081.00000000000000000 -23097.00000000000000000 218349.00000000000000000
-4082.00000000000000000 -23162.00000000000000000 218349.00000000000000000
-4082.00000000000000000 -23233.00000000000000000 218349.00000000000000000
-4082.00000000000000000 -23233.00000000000000000 218349.00000000000000000
-4082.00000000000000000 -23304.00000000000000000 218349.00000000000000000
-4082.00000000000000000 -23370.00000000000000000 218349.00000000000000000
-4082.00000000000000000 -23443.00000000000000000 218349.00000000000000000
-4081.00000000000000000 -23512.00000000000000000 218349.00000000000000000
-4081.00000000000000000 -23512.00000000000000000 218349.00000000000000000
-4081.00000000000000000 -23587.00000000000000000 241711.00000000000000000
-4081.00000000000000000 -23656.00000000000000000 241711.00000000000000000
-4081.00000000000000000 -23728.00000000000000000 241711.00000000000000000
-4081.00000000000000000 -23728.00000000000000000 241711.00000000000000000
-4081.00000000000000000 -23795.00000000000000000 241711.00000000000000000
-4081.00000000000000000 -23854.00000000000000000 241711.00000000000000000
-4081.00000000000000000 -23916.00000000000000000 241711.00000000000000000
-4081.00000000000000000 -23975.00000000000000000 241711.00000000000000000
-4081.00000000000000000 -23975.00000000000000000 241711.00000000000000000
-4081.00000000000000000 -24041.00000000000000000 241711.00000000000000000
-4081.00000000000000000 -24111.00000000000000000 241711.00000000000000000
-4081.00000000000000000 -24179.00000000000000000 241711.00000000000000000
-4082.00000000000000000 -24254.00000000000000000 241711.00000000000000000
-4082.00000000000000000 -24254.00000000000000000 241711.00000000000000000
-4082.00000000000000000 -24324.00000000000000000 241711.00000000000000000
-4082.00000000000000000 -24397.00000000000000000 241711.00000000000000000
-4082.00000000000000000 -24465.00000000000000000 238801.00000000000000000
-4082.00000000000000000 -24536.00000000000000000 238801.00000000000000000
-4082.00000000000000000 -24536.00000000000000000 238801.00000000000000000
-4082.00000000000000000 -24608.00000000000000000 238801.00000000000000000
-4082.00000000000000000 -24673.00000000000000000 238801.00000000000000000
-4082.00000000000000000 -24743.00000000000000000 238801.00000000000000000
-4082.00000000000000000 -24807.00000000000000000 238801.00000000000000000
-4082.00000000000000000 -24807.00000000000000000 238801.00000000000000000
-4082.00000000000000000 -24874.00000000000000000 238801.00000000000000000
-4082.00000000000000000 -24941.00000000000000000 238801.00000000000000000
-4082.00000000000000000 -25001.00000000000000000 238801.00000000000000000
-4082.00000000000000000 -25066.00000000000000000 238801.00000000000000000
-4082.00000000000000000 -25066.00000000000000000 238801.00000000000000000
-4082.00000000000000000 -25125.00000000000000000 238801.00000000000000000
-4082.00000000000000000 -25190.00000000000000000 238801.00000000000000000
-4082.00000000000000000 -25256.00000000000000000 238801.00000000000000000
-4082.00000000000000000 -25316.00000000000000000 243549.00000000000000000
-4082.00000000000000000 -25316.00000000000000000 243549.00000000000000000
-4082.00000000000000000 -25382.00000000000000000 243549.00000000000000000
-4082.00000000000000000 -25444.00000000000000000 243549.00000000000000000
-4082.00000000000000000 -25510.00000000000000000 243549.00000000000000000
-4082.00000000000000000 -25510.00000000000000000 243549.00000000000000000
-4082.00000000000000000 -25571.00000000000000000 243549.00000000000000000
-4082.00000000000000000 -25637.00000000000000000 243549.00000000000000000
-4082.00000000000000000 -25703.00000000000000000 243549.00000000000000000
-4082.00000000000000000 -25763.00000000000000000 243549.00000000000000000
-4082.00000000000000000 -25763.00000000000000000 243549.00000000000000000
-4083.00000000000000000 -25827.00000000000000000 243549.00000000000000000
-4084.00000000000000000 -25890.00000000000000000 243549.00000000000000000
-4085.00000000000000000 -25946.00000000000000000 243549.00000000000000000
-4088.00000000000000000 -26004.00000000000000000 243549.00000000000000000
-4088.00000000000000000 -26004.00000000000000000 243549.00000000000000000
-4091.00000000000000000 -26057.00000000000000000 243549.00000000000000000
-4095.00000000000000000 -26111.00000000000000000 243120.00000000000000000
-4099.00000000000000000 -26163.00000000000000000 243120.00000000000000000
-4104.00000000000000000 -26208.00000000000000000 243120.00000000000000000
-4104.00000000000000000 -26208.00000000000000000 243120.00000000000000000
-4110.00000000000000000 -26254.00000000000000000 243120.00000000000000000
-4116.00000000000000000 -26294.00000000000000000 243120.00000000000000000
-4123.00000000000000000 -26334.00000000000000000 243120.00000000000000000
-4129.00000000000000000 -26372.00000000000000000 243120.00000000000000000
-4129.00000000000000000 -26372.00000000000000000 243120.00000000000000000
-4135.00000000000000000 -26404.00000000000000000 243120.00000000000000000
-4141.00000000000000000 -26436.00000000000000000 243120.00000000000000000
-4148.00000000000000000 -26465.00000000000000000 243120.00000000000000000
-4153.00000000000000000 -26490.00000000000000000 243120.00000000000000000
-4153.00000000000000000 -26490.00000000000000000 243120.00000000000000000
-4159.00000000000000000 -26515.00000000000000000 243120.00000000000000000
-4164.00000000000000000 -26537.00000000000000000 243120.00000000000000000
-4170.00000000000000000 -26558.00000000000000000 165643.00000000000000000
-4176.00000000000000000 -26577.00000000000000000 165643.00000000000000000
-4176.00000000000000000 -26577.00000000000000000 165643.00000000000000000
-4181.00000000000000000 -26596.00000000000000000 165643.00000000000000000
-4187.00000000000000000 -26614.00000000000000000 165643.00000000000000000
-4192.00000000000000000 -26631.00000000000000000 165643.00000000000000000
-4192.00000000000000000 -26631.00000000000000000 165643.00000000000000000
-4198.00000000000000000 -26649.00000000000000000 165643.00000000000000000
-4203.00000000000000000 -26665.00000000000000000 165643.00000000000000000
-4208.00000000000000000 -26681.00000000000000000 165643.00000000000000000
-4213.00000000000000000 -26697.00000000000000000 165643.00000000000000000
-4213.00000000000000000 -26697.00000000000000000 165643.00000000000000000
-4218.00000000000000000 -26711.00000000000000000 165643.00000000000000000
-4223.00000000000000000 -26726.00000000000000000 165643.00000000000000000
-4227.00000000000000000 -26739.00000000000000000 165643.00000000000000000
-4232.00000000000000000 -26753.00000000000000000 165643.00000000000000000
-4232.00000000000000000 -26753.00000000000000000 165643.00000000000000000
-4236.00000000000000000 -26765.00000000000000000 28472.00000000000000000
-4241.00000000000000000 -26777.00000000000000000 28472.00000000000000000
-4245.00000000000000000 -26789.00000000000000000 28472.00000000000000000
-4249.00000000000000000 -26799.00000000000000000 28472.00000000000000000
-4249.00000000000000000 -26799.00000000000000000 28472.00000000000000000
-4253.00000000000000000 -26810.00000000000000000 28472.00000000000000000
-4257.00000000000000000 -26820.00000000000000000 28472.00000000000000000
-4261.00000000000000000 -26830.00000000000000000 28472.00000000000000000
-4265.00000000000000000 -26839.00000000000000000 28472.00000000000000000
-4265.00000000000000000 -26839.00000000000000000 28472.00000000000000000
-4269.00000000000000000 -26850.00000000000000000 28472.00000000000000000
-4274.00000000000000000 -26861.00000000000000000 28472.00000000000000000
-4278.00000000000000000 -26871.00000000000000000 28472.00000000000000000
-4283.00000000000000000 -26882.00000000000000000 28472.00000000000000000
-4283.00000000000000000 -26882.00000000000000000 28472.00000000000000000
-4288.00000000000000000 -26894.00000000000000000 28472.00000000000000000
-4293.00000000000000000 -26906.00000000000000000 -119535.00000000000000000
-4298.00000000000000000 -26918.00000000000000000 -119535.00000000000000000
-4305.00000000000000000 -26932.00000000000000000 -119535.00000000000000000
-4305.00000000000000000 -26932.00000000000000000 -119535.00000000000000000
-4310.00000000000000000 -26945.00000000000000000 -119535.00000000000000000
-4317.00000000000000000 -26959.00000000000000000 -119535.00000000000000000
-4324.00000000000000000 -26974.00000000000000000 -119535.00000000000000000
-4331.00000000000000000 -26988.00000000000000000 -119535.00000000000000000
-4331.00000000000000000 -26988.00000000000000000 -119535.00000000000000000
-4338.00000000000000000 -27003.00000000000000000 -119535.00000000000000000
-4345.00000000000000000 -27017.00000000000000000 -119535.00000000000000000
-4353.00000000000000000 -27032.00000000000000000 -119535.00000000000000000
-4360.00000000000000000 -27046.00000000000000000 -119535.00000000000000000
-4360.00000000000000000 -27046.00000000000000000 -119535.00000000000000000
-4368.00000000000000000 -27061.00000000000000000 -119535.00000000000000000
-4376.00000000000000000 -27075.00000000000000000 -119535.00000000000000000
-4384.00000000000000000 -27090.00000000000000000 -255176.00000000000000000
-4391.00000000000000000 -27104.00000000000000000 -255176.00000000000000000
-4391.00000000000000000 -27104.00000000000000000 -255176.00000000000000000
-4399.00000000000000000 -27119.00000000000000000 -255176.00000000000000000
-4407.00000000000000000 -27133.00000000000000000 -255176.00000000000000000
-4416.00000000000000000 -27147.00000000000000000 -255176.00000000000000000
-4423.00000000000000000 -27161.00000000000000000 -255176.00000000000000000
-4423.00000000000000000 -27161.00000000000000000 -255176.00000000000000000
-4432.00000000000000000 -27176.00000000000000000 -255176.00000000000000000
-4441.00000000000000000 -27190.00000000000000000 -255176.00000000000000000
-4449.00000000000000000 -27204.00000000000000000 -255176.00000000000000000
-4449.00000000000000000 -27204.00000000000000000 -255176.00000000000000000
-4458.00000000000000000 -27218.00000000000000000 -255176.00000000000000000
-4466.00000000000000000 -27231.00000000000000000 -255176.00000000000000000
-4476.00000000000000000 -27245.00000000000000000 -255176.00000000000000000
-4484.00000000000000000 -27259.00000000000000000 -255176.00000000000000000
-4484.00000000000000000 -27259.00000000000000000 -255176.00000000000000000
-4494.00000000000000000 -27273.00000000000000000 -279612.00000000000000000
-4502.00000000000000000 -27286.00000000000000000 -279612.00000000000000000
-4512.00000000000000000 -27300.00000000000000000 -279612.00000000000000000
-4521.00000000000000000 -27313.00000000000000000 -279612.00000000000000000
-4521.00000000000000000 -27313.00000000000000000 -279612.00000000000000000
-4530.00000000000000000 -27327.00000000000000000 -279612.00000000000000000
-4539.00000000000000000 -27340.00000000000000000 -279612.00000000000000000
-4549.00000000000000000 -27354.00000000000000000 -279612.00000000000000000
-4559.00000000000000000 -27366.00000000000000000 -279612.00000000000000000
-4559.00000000000000000 -27366.00000000000000000 -279612.00000000000000000
-4569.00000000000000000 -27380.00000000000000000 -279612.00000000000000000
-4579.00000000000000000 -27394.00000000000000000 -279612.00000000000000000
-4588.00000000000000000 -27406.00000000000000000 -279612.00000000000000000
-4599.00000000000000000 -27420.00000000000000000 -279612.00000000000000000
-4599.00000000000000000 -27420.00000000000000000 -279612.00000000000000000
-4608.00000000000000000 -27432.00000000000000000 -279612.00000000000000000
-4619.00000000000000000 -27446.00000000000000000 -281315.00000000000000000
-4628.00000000000000000 -27458.00000000000000000 -281315.00000000000000000
-4639.00000000000000000 -27471.00000000000000000 -281315.00000000000000000
-4639.00000000000000000 -27471.00000000000000000 -281315.00000000000000000
-4649.00000000000000000 -27483.00000000000000000 -281315.00000000000000000
-4660.00000000000000000 -27497.00000000000000000 -281315.00000000000000000
-4670.00000000000000000 -27509.00000000000000000 -281315.00000000000000000
-4681.00000000000000000 -27522.00000000000000000 -281315.00000000000000000
-4681.00000000000000000 -27522.00000000000000000 -281315.00000000000000000
-4692.00000000000000000 -27535.00000000000000000 -281315.00000000000000000
-4702.00000000000000000 -27546.00000000000000000 -281315.00000000000000000
-4714.00000000000000000 -27559.00000000000000000 -281315.00000000000000000
-4724.00000000000000000 -27571.00000000000000000 -281315.00000000000000000
-4724.00000000000000000 -27571.00000000000000000 -281315.00000000000000000
-4736.00000000000000000 -27583.00000000000000000 -281315.00000000000000000
-4747.00000000000000000 -27596.00000000000000000 -281315.00000000000000000
-4758.00000000000000000 -27607.00000000000000000 -375073.00000000000000000
-4769.00000000000000000 -27619.00000000000000000 -375073.00000000000000000
-4769.00000000000000000 -27619.00000000000000000 -375073.00000000000000000
-4780.00000000000000000 -27631.00000000000000000 -375073.00000000000000000
-4792.00000000000000000 -27643.00000000000000000 -375073.00000000000000000
-4803.00000000000000000 -27654.00000000000000000 -375073.00000000000000000
-4815.00000000000000000 -27666.00000000000000000 -375073.00000000000000000
-4815.00000000000000000 -27666.00000000000000000 -375073.00000000000000000
-4826.00000000000000000 -27677.00000000000000000 -375073.00000000000000000
-4838.00000000000000000 -27689.00000000000000000 -375073.00000000000000000
-4850.00000000000000000 -27701.00000000000000000 -375073.00000000000000000
-4862.00000000000000000 -27712.00000000000000000 -375073.00000000000000000
-4862.00000000000000000 -27712.00000000000000000 -375073.00000000000000000
-4874.00000000000000000 -27724.00000000000000000 -375073.00000000000000000
-4886.00000000000000000 -27735.00000000000000000 -375073.00000000000000000
-4899.00000000000000000 -27746.00000000000000000 -375073.00000000000000000
-4899.00000000000000000 -27746.00000000000000000 -375073.00000000000000000
-4911.00000000000000000 -27757.00000000000000000 -280859.00000000000000000
-4923.00000000000000000 -27767.00000000000000000 -280859.00000000000000000
-4936.00000000000000000 -27779.00000000000000000 -280859.00000000000000000
-4948.00000000000000000 -27789.00000000000000000 -280859.00000000000000000
-4948.00000000000000000 -27789.00000000000000000 -280859.00000000000000000
-4960.00000000000000000 -27800.00000000000000000 -280859.00000000000000000
-4972.00000000000000000 -27810.00000000000000000 -280859.00000000000000000
-4985.00000000000000000 -27821.00000000000000000 -280859.00000000000000000
-4999.00000000000000000 -27832.00000000000000000 -280859.00000000000000000
-4999.00000000000000000 -27832.00000000000000000 -280859.00000000000000000
-5011.00000000000000000 -27842.00000000000000000 -280859.00000000000000000
-5024.00000000000000000 -27853.00000000000000000 -280859.00000000000000000
-5036.00000000000000000 -27862.00000000000000000 -280859.00000000000000000
-5050.00000000000000000 -27873.00000000000000000 -280859.00000000000000000
-5050.00000000000000000 -27873.00000000000000000 -280859.00000000000000000
-5063.00000000000000000 -27883.00000000000000000 -280859.00000000000000000
-5076.00000000000000000 -27893.00000000000000000 -280819.00000000000000000
-5089.00000000000000000 -27903.00000000000000000 -280819.00000000000000000
-5102.00000000000000000 -27912.00000000000000000 -280819.00000000000000000
-5102.00000000000000000 -27912.00000000000000000 -280819.00000000000000000
-5116.00000000000000000 -27922.00000000000000000 -280819.00000000000000000
-5128.00000000000000000 -27932.00000000000000000 -280819.00000000000000000
-5142.00000000000000000 -27941.00000000000000000 -280819.00000000000000000
-5155.00000000000000000 -27951.00000000000000000 -280819.00000000000000000
-5155.00000000000000000 -27951.00000000000000000 -280819.00000000000000000
-5169.00000000000000000 -27960.00000000000000000 -280819.00000000000000000
-5184.00000000000000000 -27970.00000000000000000 -280819.00000000000000000
-5197.00000000000000000 -27978.00000000000000000 -280819.00000000000000000
-5211.00000000000000000 -27987.00000000000000000 -280819.00000000000000000
-5211.00000000000000000 -27987.00000000000000000 -280819.00000000000000000
-5225.00000000000000000 -27997.00000000000000000 -280819.00000000000000000
-5238.00000000000000000 -28005.00000000000000000 -280819.00000000000000000
-5253.00000000000000000 -28014.00000000000000000 -280698.00000000000000000
-5266.00000000000000000 -28022.00000000000000000 -280698.00000000000000000
-5266.00000000000000000 -28022.00000000000000000 -280698.00000000000000000
-5281.00000000000000000 -28031.00000000000000000 -280698.00000000000000000
-5294.00000000000000000 -28039.00000000000000000 -280698.00000000000000000
-5309.00000000000000000 -28048.00000000000000000 -280698.00000000000000000
-5322.00000000000000000 -28056.00000000000000000 -280698.00000000000000000
-5322.00000000000000000 -28056.00000000000000000 -280698.00000000000000000
-5337.00000000000000000 -28065.00000000000000000 -280698.00000000000000000
-5350.00000000000000000 -28072.00000000000000000 -280698.00000000000000000
-5365.00000000000000000 -28081.00000000000000000 -280698.00000000000000000
-5365.00000000000000000 -28081.00000000000000000 -280698.00000000000000000
-5380.00000000000000000 -28089.00000000000000000 -280698.00000000000000000
-5394.00000000000000000 -28097.00000000000000000 -280698.00000000000000000
-5409.00000000000000000 -28105.00000000000000000 -280698.00000000000000000
-5423.00000000000000000 -28112.00000000000000000 -280698.00000000000000000
-5423.00000000000000000 -28112.00000000000000000 -280698.00000000000000000
-5438.00000000000000000 -28120.00000000000000000 -281503.00000000000000000
-5452.00000000000000000 -28127.00000000000000000 -281503.00000000000000000
-5467.00000000000000000 -28135.00000000000000000 -281503.00000000000000000
-5483.00000000000000000 -28142.00000000000000000 -281503.00000000000000000
-5483.00000000000000000 -28142.00000000000000000 -281503.00000000000000000
-5497.00000000000000000 -28149.00000000000000000 -281503.00000000000000000
-5512.00000000000000000 -28156.00000000000000000 -281503.00000000000000000
-5526.00000000000000000 -28163.00000000000000000 -281503.00000000000000000
-5542.00000000000000000 -28170.00000000000000000 -281503.00000000000000000
-5542.00000000000000000 -28170.00000000000000000 -281503.00000000000000000
-5556.00000000000000000 -28176.00000000000000000 -281503.00000000000000000
-5572.00000000000000000 -28183.00000000000000000 -281503.00000000000000000
-5587.00000000000000000 -28190.00000000000000000 -281503.00000000000000000
-5602.00000000000000000 -28196.00000000000000000 -281503.00000000000000000
-5602.00000000000000000 -28196.00000000000000000 -281503.00000000000000000
-5617.00000000000000000 -28203.00000000000000000 -281503.00000000000000000
-5632.00000000000000000 -28209.00000000000000000 -281315.00000000000000000
-5648.00000000000000000 -28215.00000000000000000 -281315.00000000000000000
-5662.00000000000000000 -28221.00000000000000000 -281315.00000000000000000
-5662.00000000000000000 -28221.00000000000000000 -281315.00000000000000000
-5678.00000000000000000 -28227.00000000000000000 -281315.00000000000000000
-5693.00000000000000000 -28233.00000000000000000 -281315.00000000000000000
-5708.00000000000000000 -28239.00000000000000000 -281315.00000000000000000
-5723.00000000000000000 -28244.00000000000000000 -281315.00000000000000000
-5723.00000000000000000 -28244.00000000000000000 -281315.00000000000000000
-5739.00000000000000000 -28250.00000000000000000 -281315.00000000000000000
-5755.00000000000000000 -28256.00000000000000000 -281315.00000000000000000
-5770.00000000000000000 -28261.00000000000000000 -281315.00000000000000000
-5786.00000000000000000 -28266.00000000000000000 -281315.00000000000000000
-5786.00000000000000000 -28266.00000000000000000 -281315.00000000000000000
-5801.00000000000000000 -28271.00000000000000000 -281315.00000000000000000
-5817.00000000000000000 -28276.00000000000000000 -281315.00000000000000000
-5832.00000000000000000 -28281.00000000000000000 -281623.00000000000000000
-5849.00000000000000000 -28286.00000000000000000 -281623.00000000000000000
-5849.00000000000000000 -28286.00000000000000000 -281623.00000000000000000
-5865.00000000000000000 -28291.00000000000000000 -281623.00000000000000000
-5880.00000000000000000 -28295.00000000000000000 -281623.00000000000000000
-5896.00000000000000000 -28300.00000000000000000 -281623.00000000000000000
-5911.00000000000000000 -28304.00000000000000000 -281623.00000000000000000
-5911.00000000000000000 -28304.00000000000000000 -281623.00000000000000000
-5928.00000000000000000 -28309.00000000000000000 -281623.00000000000000000
-5944.00000000000000000 -28313.00000000000000000 -281623.00000000000000000
-5960.00000000000000000 -28317.00000000000000000 -281623.00000000000000000
-5960.00000000000000000 -28317.00000000000000000 -281623.00000000000000000
-5976.00000000000000000 -28321.00000000000000000 -281623.00000000000000000
-5991.00000000000000000 -28325.00000000000000000 -281623.00000000000000000
-6008.00000000000000000 -28329.00000000000000000 -281623.00000000000000000
-6023.00000000000000000 -28333.00000000000000000 -281623.00000000000000000
-6023.00000000000000000 -28333.00000000000000000 -281623.00000000000000000
-6040.00000000000000000 -28336.00000000000000000 -281261.00000000000000000
-6055.00000000000000000 -28340.00000000000000000 -281261.00000000000000000
-6072.00000000000000000 -28343.00000000000000000 -281261.00000000000000000
-6088.00000000000000000 -28347.00000000000000000 -281261.00000000000000000
-6088.00000000000000000 -28347.00000000000000000 -281261.00000000000000000
-6104.00000000000000000 -28350.00000000000000000 -281261.00000000000000000
-6120.00000000000000000 -28353.00000000000000000 -281261.00000000000000000
-6136.00000000000000000 -28356.00000000000000000 -281261.00000000000000000
-6153.00000000000000000 -28359.00000000000000000 -281261.00000000000000000
-6153.00000000000000000 -28359.00000000000000000 -281261.00000000000000000
-6170.00000000000000000 -28362.00000000000000000 -281261.00000000000000000
-6185.00000000000000000 -28364.00000000000000000 -281261.00000000000000000
-6202.00000000000000000 -28367.00000000000000000 -281261.00000000000000000
-6217.00000000000000000 -28369.00000000000000000 -281261.00000000000000000
-6217.00000000000000000 -28369.00000000000000000 -281261.00000000000000000
-6234.00000000000000000 -28372.00000000000000000 -281261.00000000000000000
-6250.00000000000000000 -28374.00000000000000000 -281623.00000000000000000
-6267.00000000000000000 -28376.00000000000000000 -281623.00000000000000000
-6283.00000000000000000 -28378.00000000000000000 -281623.00000000000000000
-6283.00000000000000000 -28378.00000000000000000 -281623.00000000000000000
-6299.00000000000000000 -28380.00000000000000000 -281623.00000000000000000
-6316.00000000000000000 -28381.00000000000000000 -281623.00000000000000000
-6332.00000000000000000 -28383.00000000000000000 -281623.00000000000000000
-6349.00000000000000000 -28384.00000000000000000 -281623.00000000000000000
-6349.00000000000000000 -28384.00000000000000000 -281623.00000000000000000
-6364.00000000000000000 -28386.00000000000000000 -281623.00000000000000000
-6381.00000000000000000 -28387.00000000000000000 -281623.00000000000000000
-6398.00000000000000000 -28389.00000000000000000 -281623.00000000000000000
-6414.00000000000000000 -28390.00000000000000000 -281623.00000000000000000
-6414.00000000000000000 -28390.00000000000000000 -281623.00000000000000000
-6430.00000000000000000 -28391.00000000000000000 -281623.00000000000000000
-6445.00000000000000000 -28392.00000000000000000 -281623.00000000000000000
-6460.00000000000000000 -28393.00000000000000000 -281194.00000000000000000
-6473.00000000000000000 -28394.00000000000000000 -281194.00000000000000000
-6473.00000000000000000 -28394.00000000000000000 -281194.00000000000000000
-6486.00000000000000000 -28394.00000000000000000 -281194.00000000000000000
-6498.00000000000000000 -28395.00000000000000000 -281194.00000000000000000
-6509.00000000000000000 -28395.00000000000000000 -281194.00000000000000000
-6518.00000000000000000 -28395.00000000000000000 -281194.00000000000000000
-6518.00000000000000000 -28395.00000000000000000 -281194.00000000000000000
-6528.00000000000000000 -28396.00000000000000000 -281194.00000000000000000
-6537.00000000000000000 -28396.00000000000000000 -281194.00000000000000000
-6546.00000000000000000 -28396.00000000000000000 -281194.00000000000000000
-6546.00000000000000000 -28396.00000000000000000 -281194.00000000000000000
-6557.00000000000000000 -28396.00000000000000000 -281194.00000000000000000
-6568.00000000000000000 -28396.00000000000000000 -281194.00000000000000000
-6582.00000000000000000 -28397.00000000000000000 -281194.00000000000000000
-6599.00000000000000000 -28397.00000000000000000 -281194.00000000000000000
-6599.00000000000000000 -28397.00000000000000000 -281194.00000000000000000
-6618.00000000000000000 -28397.00000000000000000 -199519.00000000000000000
-6641.00000000000000000 -28397.00000000000000000 -199519.00000000000000000
-6664.00000000000000000 -28397.00000000000000000 -199519.00000000000000000
-6693.00000000000000000 -28398.00000000000000000 -199519.00000000000000000
-6693.00000000000000000 -28398.00000000000000000 -199519.00000000000000000
-6721.00000000000000000 -28398.00000000000000000 -199519.00000000000000000
-6755.00000000000000000 -28398.00000000000000000 -199519.00000000000000000
-6789.00000000000000000 -28398.00000000000000000 -199519.00000000000000000
-6829.00000000000000000 -28398.00000000000000000 -199519.00000000000000000
-6829.00000000000000000 -28398.00000000000000000 -199519.00000000000000000
-6872.00000000000000000 -28398.00000000000000000 -199519.00000000000000000
-6915.00000000000000000 -28398.00000000000000000 -199519.00000000000000000
-6966.00000000000000000 -28398.00000000000000000 -199519.00000000000000000
-7017.00000000000000000 -28398.00000000000000000 -199519.00000000000000000
-7017.00000000000000000 -28398.00000000000000000 -199519.00000000000000000
-7076.00000000000000000 -28397.00000000000000000 -199519.00000000000000000
-7140.00000000000000000 -28397.00000000000000000 -56636.00000000000000000
-7204.00000000000000000 -28397.00000000000000000 -56636.00000000000000000
-7275.00000000000000000 -28397.00000000000000000 -56636.00000000000000000
-7275.00000000000000000 -28397.00000000000000000 -56636.00000000000000000
-7343.00000000000000000 -28397.00000000000000000 -56636.00000000000000000
-7419.00000000000000000 -28397.00000000000000000 -56636.00000000000000000
-7490.00000000000000000 -28397.00000000000000000 -56636.00000000000000000
-7567.00000000000000000 -28397.00000000000000000 -56636.00000000000000000
-7567.00000000000000000 -28397.00000000000000000 -56636.00000000000000000
-7645.00000000000000000 -28398.00000000000000000 -56636.00000000000000000
-7717.00000000000000000 -28398.00000000000000000 -56636.00000000000000000
-7795.00000000000000000 -28398.00000000000000000 -56636.00000000000000000
-7867.00000000000000000 -28398.00000000000000000 -56636.00000000000000000
-7867.00000000000000000 -28398.00000000000000000 -56636.00000000000000000
-7945.00000000000000000 -28398.00000000000000000 -56636.00000000000000000
-8017.00000000000000000 -28398.00000000000000000 -56636.00000000000000000
-8095.00000000000000000 -28398.00000000000000000 -3326.00000000000000000
-8095.00000000000000000 -28398.00000000000000000 -3326.00000000000000000
-8173.00000000000000000 -28398.00000000000000000 -3326.00000000000000000
-8245.00000000000000000 -28398.00000000000000000 -3326.00000000000000000
-8323.00000000000000000 -28398.00000000000000000 -3326.00000000000000000
-8395.00000000000000000 -28398.00000000000000000 -3326.00000000000000000
-8395.00000000000000000 -28398.00000000000000000 -3326.00000000000000000
-8473.00000000000000000 -28398.00000000000000000 -3326.00000000000000000
-8545.00000000000000000 -28398.00000000000000000 -3326.00000000000000000
-8623.00000000000000000 -28398.00000000000000000 -3326.00000000000000000
-8701.00000000000000000 -28398.00000000000000000 -3326.00000000000000000
-8701.00000000000000000 -28398.00000000000000000 -3326.00000000000000000
-8773.00000000000000000 -28398.00000000000000000 -3326.00000000000000000
-8851.00000000000000000 -28398.00000000000000000 -3326.00000000000000000
-8929.00000000000000000 -28398.00000000000000000 -3326.00000000000000000
-9001.00000000000000000 -28398.00000000000000000 -3326.00000000000000000
-9001.00000000000000000 -28398.00000000000000000 -3326.00000000000000000
-9079.00000000000000000 -28398.00000000000000000 -523.00000000000000000
-9151.00000000000000000 -28398.00000000000000000 -523.00000000000000000
-9229.00000000000000000 -28398.00000000000000000 -523.00000000000000000
-9298.00000000000000000 -28398.00000000000000000 -523.00000000000000000
-9298.00000000000000000 -28398.00000000000000000 -523.00000000000000000
-9371.00000000000000000 -28398.00000000000000000 -523.00000000000000000
-9432.00000000000000000 -28399.00000000000000000 -523.00000000000000000
-9493.00000000000000000 -28399.00000000000000000 -523.00000000000000000
-9548.00000000000000000 -28399.00000000000000000 -523.00000000000000000
-9548.00000000000000000 -28399.00000000000000000 -523.00000000000000000
-9595.00000000000000000 -28399.00000000000000000 -523.00000000000000000
-9641.00000000000000000 -28399.00000000000000000 -523.00000000000000000
-9681.00000000000000000 -28399.00000000000000000 -523.00000000000000000
-9722.00000000000000000 -28399.00000000000000000 -523.00000000000000000
-9722.00000000000000000 -28399.00000000000000000 -523.00000000000000000
-9761.00000000000000000 -28399.00000000000000000 -523.00000000000000000
-9795.00000000000000000 -28398.00000000000000000 -2535.00000000000000000
-9830.00000000000000000 -28398.00000000000000000 -2535.00000000000000000
-9860.00000000000000000 -28398.00000000000000000 -2535.00000000000000000
-9860.00000000000000000 -28398.00000000000000000 -2535.00000000000000000
-9890.00000000000000000 -28398.00000000000000000 -2535.00000000000000000
-9914.00000000000000000 -28397.00000000000000000 -2535.00000000000000000
-9936.00000000000000000 -28396.00000000000000000 -2535.00000000000000000
-9954.00000000000000000 -28396.00000000000000000 -2535.00000000000000000
-9954.00000000000000000 -28396.00000000000000000 -2535.00000000000000000
-9970.00000000000000000 -28395.00000000000000000 -2535.00000000000000000
-9984.00000000000000000 -28394.00000000000000000 -2535.00000000000000000
-9994.00000000000000000 -28393.00000000000000000 -2535.00000000000000000
-9994.00000000000000000 -28393.00000000000000000 -2535.00000000000000000
-10005.00000000000000000 -28392.00000000000000000 -2535.00000000000000000
-10014.00000000000000000 -28392.00000000000000000 -2535.00000000000000000
-10024.00000000000000000 -28391.00000000000000000 -2535.00000000000000000
-10034.00000000000000000 -28390.00000000000000000 -108028.00000000000000000
-10034.00000000000000000 -28390.00000000000000000 -108028.00000000000000000
-10045.00000000000000000 -28390.00000000000000000 -108028.00000000000000000
-10056.00000000000000000 -28389.00000000000000000 -108028.00000000000000000
-10067.00000000000000000 -28388.00000000000000000 -108028.00000000000000000
-10080.00000000000000000 -28387.00000000000000000 -108028.00000000000000000
-10080.00000000000000000 -28387.00000000000000000 -108028.00000000000000000
-10091.00000000000000000 -28386.00000000000000000 -108028.00000000000000000
-10105.00000000000000000 -28385.00000000000000000 -108028.00000000000000000
-10117.00000000000000000 -28384.00000000000000000 -108028.00000000000000000
-10131.00000000000000000 -28382.00000000000000000 -108028.00000000000000000
-10131.00000000000000000 -28382.00000000000000000 -108028.00000000000000000
-10144.00000000000000000 -28381.00000000000000000 -108028.00000000000000000
-10156.00000000000000000 -28379.00000000000000000 -108028.00000000000000000
-10170.00000000000000000 -28378.00000000000000000 -108028.00000000000000000
-10182.00000000000000000 -28376.00000000000000000 -108028.00000000000000000
-10182.00000000000000000 -28376.00000000000000000 -108028.00000000000000000
-10196.00000000000000000 -28374.00000000000000000 -332117.00000000000000000
-10208.00000000000000000 -28372.00000000000000000 -332117.00000000000000000
-10221.00000000000000000 -28370.00000000000000000 -332117.00000000000000000
-10235.00000000000000000 -28368.00000000000000000 -332117.00000000000000000
-10235.00000000000000000 -28368.00000000000000000 -332117.00000000000000000
-10247.00000000000000000 -28366.00000000000000000 -332117.00000000000000000
-10261.00000000000000000 -28364.00000000000000000 -332117.00000000000000000
-10273.00000000000000000 -28362.00000000000000000 -332117.00000000000000000
-10286.00000000000000000 -28359.00000000000000000 -332117.00000000000000000
-10286.00000000000000000 -28359.00000000000000000 -332117.00000000000000000
-10300.00000000000000000 -28357.00000000000000000 -332117.00000000000000000
-10312.00000000000000000 -28354.00000000000000000 -332117.00000000000000000
-10326.00000000000000000 -28351.00000000000000000 -332117.00000000000000000
-10338.00000000000000000 -28348.00000000000000000 -332117.00000000000000000
-10338.00000000000000000 -28348.00000000000000000 -332117.00000000000000000
-10351.00000000000000000 -28345.00000000000000000 -332117.00000000000000000
-10364.00000000000000000 -28342.00000000000000000 -279303.00000000000000000
-10377.00000000000000000 -28339.00000000000000000 -279303.00000000000000000
-10389.00000000000000000 -28339.00000000000000000 -279303.00000000000000000
-10389.00000000000000000 -28336.00000000000000000 -279303.00000000000000000
-10402.00000000000000000 -28333.00000000000000000 -279303.00000000000000000
-10414.00000000000000000 -28330.00000000000000000 -279303.00000000000000000
-10427.00000000000000000 -28327.00000000000000000 -279303.00000000000000000
-10427.00000000000000000 -28327.00000000000000000 -279303.00000000000000000
-10440.00000000000000000 -28324.00000000000000000 -279303.00000000000000000
-10451.00000000000000000 -28320.00000000000000000 -279303.00000000000000000
-10462.00000000000000000 -28317.00000000000000000 -279303.00000000000000000
-10472.00000000000000000 -28314.00000000000000000 -279303.00000000000000000
-10472.00000000000000000 -28314.00000000000000000 -279303.00000000000000000
-10483.00000000000000000 -28311.00000000000000000 -279303.00000000000000000
-10492.00000000000000000 -28309.00000000000000000 -279303.00000000000000000
-10501.00000000000000000 -28306.00000000000000000 -279303.00000000000000000
-10509.00000000000000000 -28304.00000000000000000 -265422.00000000000000000
-10509.00000000000000000 -28304.00000000000000000 -265422.00000000000000000
-10517.00000000000000000 -28301.00000000000000000 -265422.00000000000000000
-10524.00000000000000000 -28299.00000000000000000 -265422.00000000000000000
-10531.00000000000000000 -28297.00000000000000000 -265422.00000000000000000
-10538.00000000000000000 -28295.00000000000000000 -265422.00000000000000000
-10538.00000000000000000 -28295.00000000000000000 -265422.00000000000000000
-10545.00000000000000000 -28293.00000000000000000 -265422.00000000000000000
-10552.00000000000000000 -28290.00000000000000000 -265422.00000000000000000
-10560.00000000000000000 -28288.00000000000000000 -265422.00000000000000000
-10570.00000000000000000 -28285.00000000000000000 -265422.00000000000000000
-10570.00000000000000000 -28285.00000000000000000 -265422.00000000000000000
-10580.00000000000000000 -28282.00000000000000000 -265422.00000000000000000
-10592.00000000000000000 -28278.00000000000000000 -265422.00000000000000000
-10605.00000000000000000 -28273.00000000000000000 -265422.00000000000000000
-10622.00000000000000000 -28268.00000000000000000 -265422.00000000000000000
-10622.00000000000000000 -28268.00000000000000000 -265422.00000000000000000
-10640.00000000000000000 -28262.00000000000000000 -143219.00000000000000000
-10662.00000000000000000 -28255.00000000000000000 -143219.00000000000000000
-10687.00000000000000000 -28246.00000000000000000 -143219.00000000000000000
-10713.00000000000000000 -28238.00000000000000000 -143219.00000000000000000
-10713.00000000000000000 -28238.00000000000000000 -143219.00000000000000000
-10745.00000000000000000 -28227.00000000000000000 -143219.00000000000000000
-10777.00000000000000000 -28216.00000000000000000 -143219.00000000000000000
-10816.00000000000000000 -28203.00000000000000000 -143219.00000000000000000
-10855.00000000000000000 -28190.00000000000000000 -143219.00000000000000000
-10855.00000000000000000 -28190.00000000000000000 -143219.00000000000000000
-10902.00000000000000000 -28174.00000000000000000 -143219.00000000000000000
-10953.00000000000000000 -28157.00000000000000000 -143219.00000000000000000
-11004.00000000000000000 -28140.00000000000000000 -143219.00000000000000000
-11064.00000000000000000 -28120.00000000000000000 -143219.00000000000000000
-11064.00000000000000000 -28120.00000000000000000 -143219.00000000000000000
-11122.00000000000000000 -28101.00000000000000000 -143219.00000000000000000
-11188.00000000000000000 -28079.00000000000000000 -21163.00000000000000000
-11253.00000000000000000 -28057.00000000000000000 -21163.00000000000000000
-11325.00000000000000000 -28033.00000000000000000 -21163.00000000000000000
-11325.00000000000000000 -28033.00000000000000000 -21163.00000000000000000
-11398.00000000000000000 -28008.00000000000000000 -21163.00000000000000000
-11466.00000000000000000 -27985.00000000000000000 -21163.00000000000000000
-11540.00000000000000000 -27960.00000000000000000 -21163.00000000000000000
-11608.00000000000000000 -27937.00000000000000000 -21163.00000000000000000
-11608.00000000000000000 -27937.00000000000000000 -21163.00000000000000000
-11682.00000000000000000 -27912.00000000000000000 -21163.00000000000000000
-11751.00000000000000000 -27890.00000000000000000 -21163.00000000000000000
-11825.00000000000000000 -27865.00000000000000000 -21163.00000000000000000
-11825.00000000000000000 -27865.00000000000000000 -21163.00000000000000000
-11899.00000000000000000 -27840.00000000000000000 -21163.00000000000000000
-11967.00000000000000000 -27817.00000000000000000 -21163.00000000000000000
-12041.00000000000000000 -27792.00000000000000000 -21163.00000000000000000
-12109.00000000000000000 -27769.00000000000000000 -1033.00000000000000000
-12109.00000000000000000 -27769.00000000000000000 -1033.00000000000000000
-12183.00000000000000000 -27744.00000000000000000 -1033.00000000000000000
-12251.00000000000000000 -27722.00000000000000000 -1033.00000000000000000
-12325.00000000000000000 -27697.00000000000000000 -1033.00000000000000000
-12393.00000000000000000 -27674.00000000000000000 -1033.00000000000000000
-12393.00000000000000000 -27674.00000000000000000 -1033.00000000000000000
-12467.00000000000000000 -27649.00000000000000000 -1033.00000000000000000
-12541.00000000000000000 -27624.00000000000000000 -1033.00000000000000000
-12609.00000000000000000 -27601.00000000000000000 -1033.00000000000000000
-12683.00000000000000000 -27576.00000000000000000 -1033.00000000000000000
-12683.00000000000000000 -27576.00000000000000000 -1033.00000000000000000
-12752.00000000000000000 -27553.00000000000000000 -1033.00000000000000000
-12826.00000000000000000 -27529.00000000000000000 -1033.00000000000000000
-12900.00000000000000000 -27504.00000000000000000 -1033.00000000000000000
-12968.00000000000000000 -27481.00000000000000000 -1033.00000000000000000
-12968.00000000000000000 -27481.00000000000000000 -1033.00000000000000000
-13042.00000000000000000 -27456.00000000000000000 -282.00000000000000000
-13110.00000000000000000 -27433.00000000000000000 -282.00000000000000000
-13184.00000000000000000 -27408.00000000000000000 -282.00000000000000000
-13252.00000000000000000 -27385.00000000000000000 -282.00000000000000000
-13252.00000000000000000 -27385.00000000000000000 -282.00000000000000000
-13326.00000000000000000 -27361.00000000000000000 -282.00000000000000000
-13400.00000000000000000 -27336.00000000000000000 -282.00000000000000000
-13468.00000000000000000 -27313.00000000000000000 -282.00000000000000000
-13542.00000000000000000 -27288.00000000000000000 -282.00000000000000000
-13542.00000000000000000 -27288.00000000000000000 -282.00000000000000000
-13611.00000000000000000 -27265.00000000000000000 -282.00000000000000000
-13684.00000000000000000 -27240.00000000000000000 -282.00000000000000000
-13758.00000000000000000 -27215.00000000000000000 -282.00000000000000000
-13827.00000000000000000 -27192.00000000000000000 -282.00000000000000000
-13827.00000000000000000 -27192.00000000000000000 -282.00000000000000000
-13901.00000000000000000 -27168.00000000000000000 -282.00000000000000000
-13969.00000000000000000 -27145.00000000000000000 80.00000000000000000
-14043.00000000000000000 -27120.00000000000000000 80.00000000000000000
-14111.00000000000000000 -27097.00000000000000000 80.00000000000000000
-14111.00000000000000000 -27097.00000000000000000 80.00000000000000000
-14185.00000000000000000 -27072.00000000000000000 80.00000000000000000
-14253.00000000000000000 -27049.00000000000000000 80.00000000000000000
-14327.00000000000000000 -27024.00000000000000000 80.00000000000000000
-14327.00000000000000000 -27024.00000000000000000 80.00000000000000000
-14395.00000000000000000 -27001.00000000000000000 80.00000000000000000
-14469.00000000000000000 -26977.00000000000000000 80.00000000000000000
-14543.00000000000000000 -26952.00000000000000000 80.00000000000000000
-14612.00000000000000000 -26929.00000000000000000 80.00000000000000000
-14612.00000000000000000 -26929.00000000000000000 80.00000000000000000
-14686.00000000000000000 -26904.00000000000000000 80.00000000000000000
-14754.00000000000000000 -26881.00000000000000000 80.00000000000000000
-14828.00000000000000000 -26856.00000000000000000 80.00000000000000000
-14902.00000000000000000 -26831.00000000000000000 -54.00000000000000000
-14902.00000000000000000 -26831.00000000000000000 -54.00000000000000000
-14970.00000000000000000 -26809.00000000000000000 -54.00000000000000000
-15044.00000000000000000 -26784.00000000000000000 -54.00000000000000000
-15112.00000000000000000 -26761.00000000000000000 -54.00000000000000000
-15186.00000000000000000 -26736.00000000000000000 -54.00000000000000000
-15186.00000000000000000 -26736.00000000000000000 -54.00000000000000000
-15254.00000000000000000 -26713.00000000000000000 -54.00000000000000000
-15328.00000000000000000 -26688.00000000000000000 -54.00000000000000000
-15397.00000000000000000 -26665.00000000000000000 -54.00000000000000000
-15470.00000000000000000 -26641.00000000000000000 -54.00000000000000000
-15470.00000000000000000 -26641.00000000000000000 -54.00000000000000000
-15544.00000000000000000 -26616.00000000000000000 -54.00000000000000000
-15613.00000000000000000 -26593.00000000000000000 -54.00000000000000000
-15687.00000000000000000 -26568.00000000000000000 -54.00000000000000000
-15755.00000000000000000 -26545.00000000000000000 -54.00000000000000000
-15755.00000000000000000 -26545.00000000000000000 -54.00000000000000000
-15829.00000000000000000 -26520.00000000000000000 0.00000000000000000
-15897.00000000000000000 -26497.00000000000000000 0.00000000000000000
-15971.00000000000000000 -26473.00000000000000000 0.00000000000000000
-16045.00000000000000000 -26448.00000000000000000 0.00000000000000000
-16045.00000000000000000 -26448.00000000000000000 0.00000000000000000
-16113.00000000000000000 -26425.00000000000000000 0.00000000000000000
-16187.00000000000000000 -26400.00000000000000000 0.00000000000000000
-16255.00000000000000000 -26377.00000000000000000 0.00000000000000000
-16329.00000000000000000 -26352.00000000000000000 0.00000000000000000
-16329.00000000000000000 -26352.00000000000000000 0.00000000000000000
-16398.00000000000000000 -26330.00000000000000000 0.00000000000000000
-16472.00000000000000000 -26305.00000000000000000 0.00000000000000000
-16546.00000000000000000 -26280.00000000000000000 0.00000000000000000
-16614.00000000000000000 -26257.00000000000000000 0.00000000000000000
-16614.00000000000000000 -26257.00000000000000000 0.00000000000000000
-16688.00000000000000000 -26232.00000000000000000 0.00000000000000000
-16756.00000000000000000 -26209.00000000000000000 -107.00000000000000000
-16830.00000000000000000 -26184.00000000000000000 -107.00000000000000000
-16898.00000000000000000 -26184.00000000000000000 -107.00000000000000000
-16898.00000000000000000 -26162.00000000000000000 -107.00000000000000000
-16972.00000000000000000 -26137.00000000000000000 -107.00000000000000000
-17040.00000000000000000 -26114.00000000000000000 -107.00000000000000000
-17114.00000000000000000 -26089.00000000000000000 -107.00000000000000000
-17114.00000000000000000 -26089.00000000000000000 -107.00000000000000000
-17188.00000000000000000 -26064.00000000000000000 -107.00000000000000000
-17255.00000000000000000 -26042.00000000000000000 -107.00000000000000000
-17323.00000000000000000 -26019.00000000000000000 -107.00000000000000000
-17385.00000000000000000 -25998.00000000000000000 -107.00000000000000000
-17385.00000000000000000 -25998.00000000000000000 -107.00000000000000000
-17436.00000000000000000 -25981.00000000000000000 -107.00000000000000000
-17484.00000000000000000 -25965.00000000000000000 -107.00000000000000000
-17522.00000000000000000 -25952.00000000000000000 -107.00000000000000000
-17557.00000000000000000 -25940.00000000000000000 -604.00000000000000000
-17557.00000000000000000 -25940.00000000000000000 -604.00000000000000000
-17584.00000000000000000 -25931.00000000000000000 -604.00000000000000000
-17609.00000000000000000 -25922.00000000000000000 -604.00000000000000000
-17630.00000000000000000 -25915.00000000000000000 -604.00000000000000000
-17646.00000000000000000 -25909.00000000000000000 -604.00000000000000000
-17646.00000000000000000 -25909.00000000000000000 -604.00000000000000000
-17660.00000000000000000 -25903.00000000000000000 -604.00000000000000000
-17672.00000000000000000 -25899.00000000000000000 -604.00000000000000000
-17683.00000000000000000 -25895.00000000000000000 -604.00000000000000000
-17691.00000000000000000 -25891.00000000000000000 -604.00000000000000000
-17691.00000000000000000 -25891.00000000000000000 -604.00000000000000000
-17699.00000000000000000 -25888.00000000000000000 -604.00000000000000000
-17706.00000000000000000 -25885.00000000000000000 -604.00000000000000000
-17712.00000000000000000 -25882.00000000000000000 -604.00000000000000000
-17718.00000000000000000 -25879.00000000000000000 -604.00000000000000000
-17718.00000000000000000 -25879.00000000000000000 -604.00000000000000000
-17724.00000000000000000 -25877.00000000000000000 -83338.00000000000000000
-17730.00000000000000000 -25875.00000000000000000 -83338.00000000000000000
-17735.00000000000000000 -25872.00000000000000000 -83338.00000000000000000
-17742.00000000000000000 -25870.00000000000000000 -83338.00000000000000000
-17742.00000000000000000 -25870.00000000000000000 -83338.00000000000000000
-17749.00000000000000000 -25867.00000000000000000 -83338.00000000000000000
-17756.00000000000000000 -25864.00000000000000000 -83338.00000000000000000
-17764.00000000000000000 -25862.00000000000000000 -83338.00000000000000000
-17770.00000000000000000 -25859.00000000000000000 -83338.00000000000000000
-17770.00000000000000000 -25859.00000000000000000 -83338.00000000000000000
-17778.00000000000000000 -25855.00000000000000000 -83338.00000000000000000
-17785.00000000000000000 -25852.00000000000000000 -83338.00000000000000000
-17792.00000000000000000 -25849.00000000000000000 -83338.00000000000000000
-17792.00000000000000000 -25849.00000000000000000 -83338.00000000000000000
-17800.00000000000000000 -25845.00000000000000000 -83338.00000000000000000
-17807.00000000000000000 -25842.00000000000000000 -83338.00000000000000000
-17815.00000000000000000 -25838.00000000000000000 -205246.00000000000000000
-17823.00000000000000000 -25835.00000000000000000 -205246.00000000000000000
-17823.00000000000000000 -25835.00000000000000000 -205246.00000000000000000
-17831.00000000000000000 -25831.00000000000000000 -205246.00000000000000000
-17838.00000000000000000 -25827.00000000000000000 -205246.00000000000000000
-17846.00000000000000000 -25823.00000000000000000 -205246.00000000000000000
-17854.00000000000000000 -25819.00000000000000000 -205246.00000000000000000
-17854.00000000000000000 -25819.00000000000000000 -205246.00000000000000000
-17861.00000000000000000 -25815.00000000000000000 -205246.00000000000000000
-17869.00000000000000000 -25811.00000000000000000 -205246.00000000000000000
-17876.00000000000000000 -25807.00000000000000000 -205246.00000000000000000
-17884.00000000000000000 -25803.00000000000000000 -205246.00000000000000000
-17884.00000000000000000 -25803.00000000000000000 -205246.00000000000000000
-17891.00000000000000000 -25799.00000000000000000 -205246.00000000000000000
-17898.00000000000000000 -25794.00000000000000000 -205246.00000000000000000
-17906.00000000000000000 -25790.00000000000000000 -205246.00000000000000000
-17913.00000000000000000 -25786.00000000000000000 -276286.00000000000000000
-17913.00000000000000000 -25786.00000000000000000 -276286.00000000000000000
-17920.00000000000000000 -25781.00000000000000000 -276286.00000000000000000
-17927.00000000000000000 -25777.00000000000000000 -276286.00000000000000000
-17935.00000000000000000 -25772.00000000000000000 -276286.00000000000000000
-17942.00000000000000000 -25768.00000000000000000 -276286.00000000000000000
-17942.00000000000000000 -25768.00000000000000000 -276286.00000000000000000
-17949.00000000000000000 -25763.00000000000000000 -276286.00000000000000000
-17957.00000000000000000 -25758.00000000000000000 -276286.00000000000000000
-17964.00000000000000000 -25754.00000000000000000 -276286.00000000000000000
-17971.00000000000000000 -25749.00000000000000000 -276286.00000000000000000
-17971.00000000000000000 -25749.00000000000000000 -276286.00000000000000000
-17978.00000000000000000 -25744.00000000000000000 -276286.00000000000000000
-17985.00000000000000000 -25740.00000000000000000 -276286.00000000000000000
-17993.00000000000000000 -25735.00000000000000000 -276286.00000000000000000
-17999.00000000000000000 -25730.00000000000000000 -276286.00000000000000000
-17999.00000000000000000 -25730.00000000000000000 -276286.00000000000000000
-18007.00000000000000000 -25725.00000000000000000 -281127.00000000000000000
-18013.00000000000000000 -25720.00000000000000000 -281127.00000000000000000
-18020.00000000000000000 -25715.00000000000000000 -281127.00000000000000000
-18020.00000000000000000 -25715.00000000000000000 -281127.00000000000000000
-18027.00000000000000000 -25710.00000000000000000 -281127.00000000000000000
-18034.00000000000000000 -25705.00000000000000000 -281127.00000000000000000
-18040.00000000000000000 -25700.00000000000000000 -281127.00000000000000000
-18047.00000000000000000 -25694.00000000000000000 -281127.00000000000000000
-18047.00000000000000000 -25694.00000000000000000 -281127.00000000000000000
-18054.00000000000000000 -25689.00000000000000000 -281127.00000000000000000
-18061.00000000000000000 -25684.00000000000000000 -281127.00000000000000000
-18067.00000000000000000 -25678.00000000000000000 -281127.00000000000000000
-18074.00000000000000000 -25673.00000000000000000 -281127.00000000000000000
-18074.00000000000000000 -25673.00000000000000000 -281127.00000000000000000
-18081.00000000000000000 -25668.00000000000000000 -281127.00000000000000000
-18087.00000000000000000 -25662.00000000000000000 -281127.00000000000000000
-18094.00000000000000000 -25657.00000000000000000 -281570.00000000000000000
-18100.00000000000000000 -25651.00000000000000000 -281570.00000000000000000
-18100.00000000000000000 -25651.00000000000000000 -281570.00000000000000000
-18106.00000000000000000 -25646.00000000000000000 -281570.00000000000000000
-18113.00000000000000000 -25640.00000000000000000 -281570.00000000000000000
-18119.00000000000000000 -25634.00000000000000000 -281570.00000000000000000
-18126.00000000000000000 -25629.00000000000000000 -281570.00000000000000000
-18126.00000000000000000 -25629.00000000000000000 -281570.00000000000000000
-18132.00000000000000000 -25623.00000000000000000 -281570.00000000000000000
-18138.00000000000000000 -25617.00000000000000000 -281570.00000000000000000
-18145.00000000000000000 -25611.00000000000000000 -281570.00000000000000000
-18151.00000000000000000 -25605.00000000000000000 -281570.00000000000000000
-18151.00000000000000000 -25605.00000000000000000 -281570.00000000000000000
-18157.00000000000000000 -25599.00000000000000000 -281570.00000000000000000
-18163.00000000000000000 -25593.00000000000000000 -281570.00000000000000000
-18169.00000000000000000 -25587.00000000000000000 -281570.00000000000000000
-18175.00000000000000000 -25581.00000000000000000 -281999.00000000000000000
-18175.00000000000000000 -25581.00000000000000000 -281999.00000000000000000
-18181.00000000000000000 -25575.00000000000000000 -281999.00000000000000000
-18187.00000000000000000 -25568.00000000000000000 -281999.00000000000000000
-18193.00000000000000000 -25562.00000000000000000 -281999.00000000000000000
-18199.00000000000000000 -25556.00000000000000000 -281999.00000000000000000
-18199.00000000000000000 -25556.00000000000000000 -281999.00000000000000000
-18205.00000000000000000 -25550.00000000000000000 -281999.00000000000000000
-18211.00000000000000000 -25543.00000000000000000 -281999.00000000000000000
-18217.00000000000000000 -25537.00000000000000000 -281999.00000000000000000
-18222.00000000000000000 -25531.00000000000000000 -281999.00000000000000000
-18222.00000000000000000 -25531.00000000000000000 -281999.00000000000000000
-18228.00000000000000000 -25524.00000000000000000 -281999.00000000000000000
-18233.00000000000000000 -25518.00000000000000000 -281999.00000000000000000
-18239.00000000000000000 -25511.00000000000000000 -281999.00000000000000000
-18244.00000000000000000 -25505.00000000000000000 -281999.00000000000000000
-18244.00000000000000000 -25505.00000000000000000 -281999.00000000000000000
-18250.00000000000000000 -25498.00000000000000000 -281704.00000000000000000
-18255.00000000000000000 -25492.00000000000000000 -281704.00000000000000000
-18260.00000000000000000 -25485.00000000000000000 -281704.00000000000000000
-18260.00000000000000000 -25485.00000000000000000 -281704.00000000000000000
-18266.00000000000000000 -25479.00000000000000000 -281704.00000000000000000
-18271.00000000000000000 -25472.00000000000000000 -281704.00000000000000000
-18276.00000000000000000 -25465.00000000000000000 -281704.00000000000000000
-18281.00000000000000000 -25458.00000000000000000 -281704.00000000000000000
-18281.00000000000000000 -25458.00000000000000000 -281704.00000000000000000
-18287.00000000000000000 -25451.00000000000000000 -281704.00000000000000000
-18292.00000000000000000 -25445.00000000000000000 -281704.00000000000000000
-18297.00000000000000000 -25438.00000000000000000 -281704.00000000000000000
-18302.00000000000000000 -25431.00000000000000000 -281704.00000000000000000
-18302.00000000000000000 -25431.00000000000000000 -281704.00000000000000000
-18307.00000000000000000 -25424.00000000000000000 -281704.00000000000000000
-18312.00000000000000000 -25417.00000000000000000 -281704.00000000000000000
-18317.00000000000000000 -25410.00000000000000000 -281476.00000000000000000
-18322.00000000000000000 -25403.00000000000000000 -281476.00000000000000000
-18322.00000000000000000 -25403.00000000000000000 -281476.00000000000000000
-18326.00000000000000000 -25396.00000000000000000 -281476.00000000000000000
-18331.00000000000000000 -25389.00000000000000000 -281476.00000000000000000
-18336.00000000000000000 -25381.00000000000000000 -281476.00000000000000000
-18340.00000000000000000 -25374.00000000000000000 -281476.00000000000000000
-18340.00000000000000000 -25374.00000000000000000 -281476.00000000000000000
-18345.00000000000000000 -25367.00000000000000000 -281476.00000000000000000
-18349.00000000000000000 -25360.00000000000000000 -281476.00000000000000000
-18354.00000000000000000 -25352.00000000000000000 -281476.00000000000000000
-18358.00000000000000000 -25345.00000000000000000 -281476.00000000000000000
-18358.00000000000000000 -25345.00000000000000000 -281476.00000000000000000
-18363.00000000000000000 -25338.00000000000000000 -281476.00000000000000000
-18367.00000000000000000 -25330.00000000000000000 -281476.00000000000000000
-18372.00000000000000000 -25323.00000000000000000 -281476.00000000000000000
-18376.00000000000000000 -25315.00000000000000000 -280980.00000000000000000
-18376.00000000000000000 -25315.00000000000000000 -280980.00000000000000000
-18380.00000000000000000 -25308.00000000000000000 -280980.00000000000000000
-18384.00000000000000000 -25300.00000000000000000 -280980.00000000000000000
-18388.00000000000000000 -25293.00000000000000000 -280980.00000000000000000
-18393.00000000000000000 -25285.00000000000000000 -280980.00000000000000000
-18393.00000000000000000 -25285.00000000000000000 -280980.00000000000000000
-18397.00000000000000000 -25278.00000000000000000 -280980.00000000000000000
-18401.00000000000000000 -25270.00000000000000000 -280980.00000000000000000
-18405.00000000000000000 -25263.00000000000000000 -280980.00000000000000000
-18409.00000000000000000 -25255.00000000000000000 -280980.00000000000000000
-18409.00000000000000000 -25255.00000000000000000 -280980.00000000000000000
-18413.00000000000000000 -25248.00000000000000000 -280980.00000000000000000
-18416.00000000000000000 -25240.00000000000000000 -280980.00000000000000000
-18420.00000000000000000 -25232.00000000000000000 -280980.00000000000000000
-18420.00000000000000000 -25232.00000000000000000 -280980.00000000000000000
-18424.00000000000000000 -25225.00000000000000000 -280980.00000000000000000
-18427.00000000000000000 -25217.00000000000000000 -280953.00000000000000000
-18431.00000000000000000 -25209.00000000000000000 -280953.00000000000000000
-18435.00000000000000000 -25202.00000000000000000 -280953.00000000000000000
-18435.00000000000000000 -25202.00000000000000000 -280953.00000000000000000
-18438.00000000000000000 -25194.00000000000000000 -280953.00000000000000000
-18441.00000000000000000 -25186.00000000000000000 -280953.00000000000000000
-18445.00000000000000000 -25178.00000000000000000 -280953.00000000000000000
-18448.00000000000000000 -25171.00000000000000000 -280953.00000000000000000
-18448.00000000000000000 -25171.00000000000000000 -280953.00000000000000000
-18452.00000000000000000 -25162.00000000000000000 -280953.00000000000000000
-18455.00000000000000000 -25154.00000000000000000 -280953.00000000000000000
-18458.00000000000000000 -25146.00000000000000000 -280953.00000000000000000
-18461.00000000000000000 -25138.00000000000000000 -280953.00000000000000000
-18461.00000000000000000 -25138.00000000000000000 -280953.00000000000000000
-18464.00000000000000000 -25131.00000000000000000 -280953.00000000000000000
-18467.00000000000000000 -25122.00000000000000000 -280953.00000000000000000
-18470.00000000000000000 -25115.00000000000000000 -281181.00000000000000000
-18473.00000000000000000 -25106.00000000000000000 -281181.00000000000000000
-18473.00000000000000000 -25106.00000000000000000 -281181.00000000000000000
-18475.00000000000000000 -25099.00000000000000000 -281181.00000000000000000
-18478.00000000000000000 -25090.00000000000000000 -281181.00000000000000000
-18481.00000000000000000 -25083.00000000000000000 -281181.00000000000000000
-18484.00000000000000000 -25074.00000000000000000 -281181.00000000000000000
-18484.00000000000000000 -25074.00000000000000000 -281181.00000000000000000
-18486.00000000000000000 -25066.00000000000000000 -281181.00000000000000000
-18489.00000000000000000 -25058.00000000000000000 -281181.00000000000000000
-18491.00000000000000000 -25050.00000000000000000 -281181.00000000000000000
-18494.00000000000000000 -25042.00000000000000000 -281181.00000000000000000
-18494.00000000000000000 -25042.00000000000000000 -281181.00000000000000000
-18496.00000000000000000 -25033.00000000000000000 -281181.00000000000000000
-18499.00000000000000000 -25025.00000000000000000 -281181.00000000000000000
-18501.00000000000000000 -25017.00000000000000000 -281181.00000000000000000
-18504.00000000000000000 -25009.00000000000000000 -280980.00000000000000000
-18504.00000000000000000 -25009.00000000000000000 -280980.00000000000000000
-18506.00000000000000000 -25001.00000000000000000 -280980.00000000000000000
-18508.00000000000000000 -24992.00000000000000000 -280980.00000000000000000
-18510.00000000000000000 -24984.00000000000000000 -280980.00000000000000000
-18512.00000000000000000 -24976.00000000000000000 -280980.00000000000000000
-18512.00000000000000000 -24976.00000000000000000 -280980.00000000000000000
-18514.00000000000000000 -24968.00000000000000000 -280980.00000000000000000
-18516.00000000000000000 -24959.00000000000000000 -280980.00000000000000000
-18518.00000000000000000 -24950.00000000000000000 -280980.00000000000000000
-18519.00000000000000000 -24942.00000000000000000 -280980.00000000000000000
-18519.00000000000000000 -24942.00000000000000000 -280980.00000000000000000
-18521.00000000000000000 -24934.00000000000000000 -280980.00000000000000000
-18523.00000000000000000 -24926.00000000000000000 -280980.00000000000000000
-18525.00000000000000000 -24917.00000000000000000 -280980.00000000000000000
-18525.00000000000000000 -24917.00000000000000000 -280980.00000000000000000
-18526.00000000000000000 -24908.00000000000000000 -280980.00000000000000000
-18528.00000000000000000 -24900.00000000000000000 -281140.00000000000000000
-18529.00000000000000000 -24892.00000000000000000 -281140.00000000000000000
-18531.00000000000000000 -24884.00000000000000000 -281140.00000000000000000
-18531.00000000000000000 -24884.00000000000000000 -281140.00000000000000000
-18532.00000000000000000 -24875.00000000000000000 -281140.00000000000000000
-18533.00000000000000000 -24867.00000000000000000 -281140.00000000000000000
-18535.00000000000000000 -24858.00000000000000000 -281140.00000000000000000
-18536.00000000000000000 -24850.00000000000000000 -281140.00000000000000000
-18536.00000000000000000 -24850.00000000000000000 -281140.00000000000000000
-18537.00000000000000000 -24841.00000000000000000 -281140.00000000000000000
-18538.00000000000000000 -24832.00000000000000000 -281140.00000000000000000
-18539.00000000000000000 -24824.00000000000000000 -281140.00000000000000000
-18540.00000000000000000 -24816.00000000000000000 -281140.00000000000000000
-18540.00000000000000000 -24816.00000000000000000 -281140.00000000000000000
-18541.00000000000000000 -24807.00000000000000000 -281140.00000000000000000
-18542.00000000000000000 -24799.00000000000000000 -281140.00000000000000000
-18543.00000000000000000 -24791.00000000000000000 -281288.00000000000000000
-18544.00000000000000000 -24782.00000000000000000 -281288.00000000000000000
-18544.00000000000000000 -24782.00000000000000000 -281288.00000000000000000
-18544.00000000000000000 -24774.00000000000000000 -281288.00000000000000000
-18545.00000000000000000 -24765.00000000000000000 -281288.00000000000000000
-18546.00000000000000000 -24757.00000000000000000 -281288.00000000000000000
-18546.00000000000000000 -24748.00000000000000000 -281288.00000000000000000
-18546.00000000000000000 -24748.00000000000000000 -281288.00000000000000000
-18547.00000000000000000 -24740.00000000000000000 -281288.00000000000000000
-18547.00000000000000000 -24731.00000000000000000 -281288.00000000000000000
-18548.00000000000000000 -24723.00000000000000000 -281288.00000000000000000
-18548.00000000000000000 -24715.00000000000000000 -281288.00000000000000000
-18548.00000000000000000 -24715.00000000000000000 -281288.00000000000000000
-18548.00000000000000000 -24708.00000000000000000 -281288.00000000000000000
-18549.00000000000000000 -24701.00000000000000000 -281288.00000000000000000
-18549.00000000000000000 -24693.00000000000000000 -281288.00000000000000000
-18549.00000000000000000 -24687.00000000000000000 -275333.00000000000000000
-18549.00000000000000000 -24687.00000000000000000 -275333.00000000000000000
-18549.00000000000000000 -24680.00000000000000000 -275333.00000000000000000
-18549.00000000000000000 -24672.00000000000000000 -275333.00000000000000000
-18549.00000000000000000 -24665.00000000000000000 -275333.00000000000000000
-18550.00000000000000000 -24657.00000000000000000 -275333.00000000000000000
-18550.00000000000000000 -24657.00000000000000000 -275333.00000000000000000
-18550.00000000000000000 -24648.00000000000000000 -275333.00000000000000000
-18550.00000000000000000 -24637.00000000000000000 -275333.00000000000000000
-18550.00000000000000000 -24624.00000000000000000 -275333.00000000000000000
-18550.00000000000000000 -24609.00000000000000000 -275333.00000000000000000
-18550.00000000000000000 -24609.00000000000000000 -275333.00000000000000000
-18550.00000000000000000 -24591.00000000000000000 -275333.00000000000000000
-18551.00000000000000000 -24571.00000000000000000 -275333.00000000000000000
-18551.00000000000000000 -24548.00000000000000000 -275333.00000000000000000
-18551.00000000000000000 -24524.00000000000000000 -275333.00000000000000000
-18551.00000000000000000 -24524.00000000000000000 -275333.00000000000000000
-18551.00000000000000000 -24496.00000000000000000 -156697.00000000000000000
-18551.00000000000000000 -24467.00000000000000000 -156697.00000000000000000
-18551.00000000000000000 -24433.00000000000000000 -156697.00000000000000000
-18551.00000000000000000 -24399.00000000000000000 -156697.00000000000000000
-18551.00000000000000000 -24399.00000000000000000 -156697.00000000000000000
-18551.00000000000000000 -24358.00000000000000000 -156697.00000000000000000
-18551.00000000000000000 -24318.00000000000000000 -156697.00000000000000000
-18551.00000000000000000 -24270.00000000000000000 -156697.00000000000000000
-18551.00000000000000000 -24270.00000000000000000 -156697.00000000000000000
-18551.00000000000000000 -24218.00000000000000000 -156697.00000000000000000
-18551.00000000000000000 -24166.00000000000000000 -156697.00000000000000000
-18550.00000000000000000 -24105.00000000000000000 -156697.00000000000000000
-18550.00000000000000000 -24039.00000000000000000 -156697.00000000000000000
-18550.00000000000000000 -24039.00000000000000000 -156697.00000000000000000
-18550.00000000000000000 -23975.00000000000000000 -156697.00000000000000000
-18550.00000000000000000 -23903.00000000000000000 -156697.00000000000000000
-18550.00000000000000000 -23834.00000000000000000 -27708.00000000000000000
-18550.00000000000000000 -23758.00000000000000000 -27708.00000000000000000
-18550.00000000000000000 -23758.00000000000000000 -27708.00000000000000000
-18550.00000000000000000 -23687.00000000000000000 -27708.00000000000000000
-18550.00000000000000000 -23609.00000000000000000 -27708.00000000000000000
-18550.00000000000000000 -23537.00000000000000000 -27708.00000000000000000
-18550.00000000000000000 -23459.00000000000000000 -27708.00000000000000000
-18550.00000000000000000 -23459.00000000000000000 -27708.00000000000000000
-18550.00000000000000000 -23387.00000000000000000 -27708.00000000000000000
-18550.00000000000000000 -23309.00000000000000000 -27708.00000000000000000
-18550.00000000000000000 -23231.00000000000000000 -27708.00000000000000000
-18550.00000000000000000 -23159.00000000000000000 -27708.00000000000000000
-18550.00000000000000000 -23159.00000000000000000 -27708.00000000000000000
-18550.00000000000000000 -23081.00000000000000000 -27708.00000000000000000
-18550.00000000000000000 -23009.00000000000000000 -27708.00000000000000000
-18550.00000000000000000 -22931.00000000000000000 -27708.00000000000000000
-18550.00000000000000000 -22853.00000000000000000 -1609.00000000000000000
-18550.00000000000000000 -22853.00000000000000000 -1609.00000000000000000
-18550.00000000000000000 -22781.00000000000000000 -1609.00000000000000000
-18550.00000000000000000 -22703.00000000000000000 -1609.00000000000000000
-18550.00000000000000000 -22631.00000000000000000 -1609.00000000000000000
-18550.00000000000000000 -22553.00000000000000000 -1609.00000000000000000
-18550.00000000000000000 -22553.00000000000000000 -1609.00000000000000000
-18550.00000000000000000 -22481.00000000000000000 -1609.00000000000000000
-18550.00000000000000000 -22403.00000000000000000 -1609.00000000000000000
-18550.00000000000000000 -22325.00000000000000000 -1609.00000000000000000
-18550.00000000000000000 -22253.00000000000000000 -1609.00000000000000000
-18550.00000000000000000 -22253.00000000000000000 -1609.00000000000000000
-18550.00000000000000000 -22175.00000000000000000 -1609.00000000000000000
-18550.00000000000000000 -22103.00000000000000000 -1609.00000000000000000
-18550.00000000000000000 -22025.00000000000000000 -1609.00000000000000000
-18550.00000000000000000 -22025.00000000000000000 -1609.00000000000000000
-18550.00000000000000000 -21947.00000000000000000 -1609.00000000000000000
-18550.00000000000000000 -21875.00000000000000000 -134.00000000000000000
-18550.00000000000000000 -21797.00000000000000000 -134.00000000000000000
-18550.00000000000000000 -21725.00000000000000000 -134.00000000000000000
-18550.00000000000000000 -21725.00000000000000000 -134.00000000000000000
-18550.00000000000000000 -21647.00000000000000000 -134.00000000000000000
-18550.00000000000000000 -21575.00000000000000000 -134.00000000000000000
-18550.00000000000000000 -21497.00000000000000000 -134.00000000000000000
-18550.00000000000000000 -21419.00000000000000000 -134.00000000000000000
-18550.00000000000000000 -21419.00000000000000000 -134.00000000000000000
-18550.00000000000000000 -21347.00000000000000000 -134.00000000000000000
-18550.00000000000000000 -21269.00000000000000000 -134.00000000000000000
-18550.00000000000000000 -21197.00000000000000000 -134.00000000000000000
-18550.00000000000000000 -21119.00000000000000000 -134.00000000000000000
-18550.00000000000000000 -21119.00000000000000000 -134.00000000000000000
-18550.00000000000000000 -21041.00000000000000000 -134.00000000000000000
-18550.00000000000000000 -20969.00000000000000000 -134.00000000000000000
-18550.00000000000000000 -20891.00000000000000000 -40.00000000000000000
-18550.00000000000000000 -20819.00000000000000000 -40.00000000000000000
-18550.00000000000000000 -20819.00000000000000000 -40.00000000000000000
-18550.00000000000000000 -20741.00000000000000000 -40.00000000000000000
-18550.00000000000000000 -20669.00000000000000000 -40.00000000000000000
-18550.00000000000000000 -20591.00000000000000000 -40.00000000000000000
-18550.00000000000000000 -20519.00000000000000000 -40.00000000000000000
-18550.00000000000000000 -20519.00000000000000000 -40.00000000000000000
-18550.00000000000000000 -20441.00000000000000000 -40.00000000000000000
-18550.00000000000000000 -20363.00000000000000000 -40.00000000000000000
-18550.00000000000000000 -20291.00000000000000000 -40.00000000000000000
-18550.00000000000000000 -20213.00000000000000000 -40.00000000000000000
-18550.00000000000000000 -20213.00000000000000000 -40.00000000000000000
-18550.00000000000000000 -20135.00000000000000000 -40.00000000000000000
-18550.00000000000000000 -20063.00000000000000000 -40.00000000000000000
-18550.00000000000000000 -19985.00000000000000000 -40.00000000000000000
-18550.00000000000000000 -19913.00000000000000000 0.00000000000000000
-18550.00000000000000000 -19913.00000000000000000 0.00000000000000000
-18550.00000000000000000 -19835.00000000000000000 0.00000000000000000
-18550.00000000000000000 -19763.00000000000000000 0.00000000000000000
-18550.00000000000000000 -19685.00000000000000000 0.00000000000000000
-18550.00000000000000000 -19685.00000000000000000 0.00000000000000000
-18550.00000000000000000 -19613.00000000000000000 0.00000000000000000
-18550.00000000000000000 -19535.00000000000000000 0.00000000000000000
-18550.00000000000000000 -19457.00000000000000000 0.00000000000000000
-18550.00000000000000000 -19385.00000000000000000 0.00000000000000000
-18550.00000000000000000 -19385.00000000000000000 0.00000000000000000
-18550.00000000000000000 -19307.00000000000000000 0.00000000000000000
-18550.00000000000000000 -19229.00000000000000000 0.00000000000000000
-18550.00000000000000000 -19157.00000000000000000 0.00000000000000000
-18550.00000000000000000 -19079.00000000000000000 0.00000000000000000
-18550.00000000000000000 -19079.00000000000000000 0.00000000000000000
-18550.00000000000000000 -19007.00000000000000000 0.00000000000000000
-18550.00000000000000000 -18929.00000000000000000 13.00000000000000000
-18550.00000000000000000 -18857.00000000000000000 13.00000000000000000
-18550.00000000000000000 -18779.00000000000000000 13.00000000000000000
-18550.00000000000000000 -18779.00000000000000000 13.00000000000000000
-18550.00000000000000000 -18707.00000000000000000 13.00000000000000000
-18550.00000000000000000 -18629.00000000000000000 13.00000000000000000
-18550.00000000000000000 -18557.00000000000000000 13.00000000000000000
-18550.00000000000000000 -18479.00000000000000000 13.00000000000000000
-18550.00000000000000000 -18479.00000000000000000 13.00000000000000000
-18550.00000000000000000 -18401.00000000000000000 13.00000000000000000
-18550.00000000000000000 -18329.00000000000000000 13.00000000000000000
-18550.00000000000000000 -18251.00000000000000000 13.00000000000000000
-18550.00000000000000000 -18179.00000000000000000 13.00000000000000000
-18550.00000000000000000 -18179.00000000000000000 13.00000000000000000
-18550.00000000000000000 -18101.00000000000000000 13.00000000000000000
-18550.00000000000000000 -18023.00000000000000000 13.00000000000000000
-18550.00000000000000000 -17951.00000000000000000 121.00000000000000000
-18550.00000000000000000 -17873.00000000000000000 121.00000000000000000
-18550.00000000000000000 -17873.00000000000000000 121.00000000000000000
-18550.00000000000000000 -17801.00000000000000000 121.00000000000000000
-18550.00000000000000000 -17723.00000000000000000 121.00000000000000000
-18550.00000000000000000 -17651.00000000000000000 121.00000000000000000
-18550.00000000000000000 -17573.00000000000000000 121.00000000000000000
-18550.00000000000000000 -17573.00000000000000000 121.00000000000000000
-18550.00000000000000000 -17501.00000000000000000 121.00000000000000000
-18550.00000000000000000 -17423.00000000000000000 121.00000000000000000
-18550.00000000000000000 -17345.00000000000000000 121.00000000000000000
-18550.00000000000000000 -17273.00000000000000000 121.00000000000000000
-18550.00000000000000000 -17273.00000000000000000 121.00000000000000000
-18550.00000000000000000 -17195.00000000000000000 121.00000000000000000
-18550.00000000000000000 -17123.00000000000000000 121.00000000000000000
-18550.00000000000000000 -17045.00000000000000000 121.00000000000000000
-18550.00000000000000000 -17045.00000000000000000 80.00000000000000000
-18550.00000000000000000 -16973.00000000000000000 80.00000000000000000
-18550.00000000000000000 -16895.00000000000000000 80.00000000000000000
-18550.00000000000000000 -16817.00000000000000000 80.00000000000000000
-18550.00000000000000000 -16745.00000000000000000 80.00000000000000000
-18550.00000000000000000 -16745.00000000000000000 80.00000000000000000
-18550.00000000000000000 -16667.00000000000000000 80.00000000000000000
-18550.00000000000000000 -16595.00000000000000000 80.00000000000000000
-18550.00000000000000000 -16517.00000000000000000 80.00000000000000000
-18550.00000000000000000 -16445.00000000000000000 80.00000000000000000
-18550.00000000000000000 -16445.00000000000000000 80.00000000000000000
-18550.00000000000000000 -16367.00000000000000000 80.00000000000000000
-18550.00000000000000000 -16289.00000000000000000 80.00000000000000000
-18550.00000000000000000 -16217.00000000000000000 80.00000000000000000
-18550.00000000000000000 -16139.00000000000000000 80.00000000000000000
-18550.00000000000000000 -16139.00000000000000000 80.00000000000000000
-18550.00000000000000000 -16067.00000000000000000 80.00000000000000000
-18550.00000000000000000 -15989.00000000000000000 27.00000000000000000
-18550.00000000000000000 -15917.00000000000000000 27.00000000000000000
-18550.00000000000000000 -15839.00000000000000000 27.00000000000000000
-18550.00000000000000000 -15839.00000000000000000 27.00000000000000000
-18550.00000000000000000 -15761.00000000000000000 27.00000000000000000
-18550.00000000000000000 -15689.00000000000000000 27.00000000000000000
-18550.00000000000000000 -15611.00000000000000000 27.00000000000000000
-18550.00000000000000000 -15539.00000000000000000 27.00000000000000000
-18550.00000000000000000 -15539.00000000000000000 27.00000000000000000
-18550.00000000000000000 -15461.00000000000000000 27.00000000000000000
-18550.00000000000000000 -15383.00000000000000000 27.00000000000000000
-18550.00000000000000000 -15311.00000000000000000 27.00000000000000000
-18550.00000000000000000 -15233.00000000000000000 27.00000000000000000
-18550.00000000000000000 -15233.00000000000000000 27.00000000000000000
-18550.00000000000000000 -15161.00000000000000000 27.00000000000000000
-18550.00000000000000000 -15083.00000000000000000 27.00000000000000000
-18550.00000000000000000 -15011.00000000000000000 -67.00000000000000000
-18550.00000000000000000 -14933.00000000000000000 -67.00000000000000000
-18550.00000000000000000 -14933.00000000000000000 -67.00000000000000000
-18550.00000000000000000 -14855.00000000000000000 -67.00000000000000000
-18550.00000000000000000 -14783.00000000000000000 -67.00000000000000000
-18550.00000000000000000 -14705.00000000000000000 -67.00000000000000000
-18550.00000000000000000 -14633.00000000000000000 -67.00000000000000000
-18550.00000000000000000 -14633.00000000000000000 -67.00000000000000000
-18550.00000000000000000 -14555.00000000000000000 -67.00000000000000000
-18550.00000000000000000 -14483.00000000000000000 -67.00000000000000000
-18550.00000000000000000 -14405.00000000000000000 -67.00000000000000000
-18550.00000000000000000 -14405.00000000000000000 -67.00000000000000000
-18550.00000000000000000 -14327.00000000000000000 -67.00000000000000000
-18550.00000000000000000 -14255.00000000000000000 -67.00000000000000000
-18550.00000000000000000 -14177.00000000000000000 -67.00000000000000000
-18550.00000000000000000 -14105.00000000000000000 -67.00000000000000000
-18550.00000000000000000 -14105.00000000000000000 -67.00000000000000000
-18550.00000000000000000 -14027.00000000000000000 -54.00000000000000000
-18550.00000000000000000 -13955.00000000000000000 -54.00000000000000000
-18550.00000000000000000 -13877.00000000000000000 -54.00000000000000000
-18550.00000000000000000 -13805.00000000000000000 -54.00000000000000000
-18550.00000000000000000 -13805.00000000000000000 -54.00000000000000000
-18550.00000000000000000 -13727.00000000000000000 -54.00000000000000000
-18550.00000000000000000 -13655.00000000000000000 -54.00000000000000000
-18550.00000000000000000 -13577.00000000000000000 -54.00000000000000000
-18550.00000000000000000 -13499.00000000000000000 -54.00000000000000000
-18550.00000000000000000 -13499.00000000000000000 -54.00000000000000000
-18550.00000000000000000 -13427.00000000000000000 -54.00000000000000000
-18550.00000000000000000 -13349.00000000000000000 -54.00000000000000000
-18550.00000000000000000 -13271.00000000000000000 -54.00000000000000000
-18550.00000000000000000 -13199.00000000000000000 -54.00000000000000000
-18550.00000000000000000 -13199.00000000000000000 -54.00000000000000000
-18550.00000000000000000 -13121.00000000000000000 -54.00000000000000000
-18550.00000000000000000 -13049.00000000000000000 -13.00000000000000000
-18550.00000000000000000 -12971.00000000000000000 -13.00000000000000000
-18550.00000000000000000 -12899.00000000000000000 -13.00000000000000000
-18550.00000000000000000 -12899.00000000000000000 -13.00000000000000000
-18550.00000000000000000 -12821.00000000000000000 -13.00000000000000000
-18550.00000000000000000 -12749.00000000000000000 -13.00000000000000000
-18550.00000000000000000 -12671.00000000000000000 -13.00000000000000000
-18550.00000000000000000 -12593.00000000000000000 -13.00000000000000000
-18550.00000000000000000 -12593.00000000000000000 -13.00000000000000000
-18550.00000000000000000 -12521.00000000000000000 -13.00000000000000000
-18550.00000000000000000 -12443.00000000000000000 -13.00000000000000000
-18550.00000000000000000 -12371.00000000000000000 -13.00000000000000000
-18550.00000000000000000 -12293.00000000000000000 -13.00000000000000000
-18550.00000000000000000 -12293.00000000000000000 -13.00000000000000000
-18550.00000000000000000 -12215.00000000000000000 -13.00000000000000000
-18550.00000000000000000 -12143.00000000000000000 -13.00000000000000000
-18550.00000000000000000 -12065.00000000000000000 -40.00000000000000000
-18550.00000000000000000 -11993.00000000000000000 -40.00000000000000000
-18550.00000000000000000 -11993.00000000000000000 -40.00000000000000000
-18550.00000000000000000 -11915.00000000000000000 -40.00000000000000000
-18550.00000000000000000 -11843.00000000000000000 -40.00000000000000000
-18550.00000000000000000 -11765.00000000000000000 -40.00000000000000000
-18550.00000000000000000 -11765.00000000000000000 -40.00000000000000000
-18550.00000000000000000 -11687.00000000000000000 -40.00000000000000000
-18550.00000000000000000 -11615.00000000000000000 -40.00000000000000000
-18550.00000000000000000 -11537.00000000000000000 -40.00000000000000000
-18550.00000000000000000 -11459.00000000000000000 -40.00000000000000000
-18550.00000000000000000 -11459.00000000000000000 -40.00000000000000000
-18550.00000000000000000 -11388.00000000000000000 -40.00000000000000000
-18550.00000000000000000 -11310.00000000000000000 -40.00000000000000000
-18550.00000000000000000 -11238.00000000000000000 -40.00000000000000000
-18550.00000000000000000 -11160.00000000000000000 -40.00000000000000000
-18550.00000000000000000 -11160.00000000000000000 -40.00000000000000000
-18550.00000000000000000 -11082.00000000000000000 54.00000000000000000
-18550.00000000000000000 -11010.00000000000000000 54.00000000000000000
-18550.00000000000000000 -10932.00000000000000000 54.00000000000000000
-18550.00000000000000000 -10860.00000000000000000 54.00000000000000000
-18550.00000000000000000 -10860.00000000000000000 54.00000000000000000
-18550.00000000000000000 -10782.00000000000000000 54.00000000000000000
-18550.00000000000000000 -10710.00000000000000000 54.00000000000000000
-18550.00000000000000000 -10632.00000000000000000 54.00000000000000000
-18550.00000000000000000 -10554.00000000000000000 54.00000000000000000
-18550.00000000000000000 -10554.00000000000000000 54.00000000000000000
-18550.00000000000000000 -10482.00000000000000000 54.00000000000000000
-18550.00000000000000000 -10404.00000000000000000 54.00000000000000000
-18550.00000000000000000 -10332.00000000000000000 54.00000000000000000
-18550.00000000000000000 -10254.00000000000000000 54.00000000000000000
-18550.00000000000000000 -10254.00000000000000000 54.00000000000000000
-18550.00000000000000000 -10176.00000000000000000 54.00000000000000000
-18550.00000000000000000 -10104.00000000000000000 27.00000000000000000
-18550.00000000000000000 -10026.00000000000000000 27.00000000000000000
-18550.00000000000000000 -9954.00000000000000000 27.00000000000000000
-18550.00000000000000000 -9954.00000000000000000 27.00000000000000000
-18550.00000000000000000 -9876.00000000000000000 27.00000000000000000
-18550.00000000000000000 -9804.00000000000000000 27.00000000000000000
-18550.00000000000000000 -9726.00000000000000000 27.00000000000000000
-18550.00000000000000000 -9726.00000000000000000 27.00000000000000000
-18550.00000000000000000 -9648.00000000000000000 27.00000000000000000
-18550.00000000000000000 -9576.00000000000000000 27.00000000000000000
-18550.00000000000000000 -9498.00000000000000000 27.00000000000000000
-18550.00000000000000000 -9420.00000000000000000 27.00000000000000000
-18550.00000000000000000 -9420.00000000000000000 27.00000000000000000
-18550.00000000000000000 -9348.00000000000000000 27.00000000000000000
-18550.00000000000000000 -9270.00000000000000000 27.00000000000000000
-18550.00000000000000000 -9198.00000000000000000 27.00000000000000000
-18550.00000000000000000 -9120.00000000000000000 94.00000000000000000
-18550.00000000000000000 -9120.00000000000000000 94.00000000000000000
-18550.00000000000000000 -9048.00000000000000000 94.00000000000000000
-18550.00000000000000000 -8970.00000000000000000 94.00000000000000000
-18550.00000000000000000 -8892.00000000000000000 94.00000000000000000
-18550.00000000000000000 -8820.00000000000000000 94.00000000000000000
-18550.00000000000000000 -8820.00000000000000000 94.00000000000000000
-18550.00000000000000000 -8742.00000000000000000 94.00000000000000000
-18550.00000000000000000 -8670.00000000000000000 94.00000000000000000
-18550.00000000000000000 -8592.00000000000000000 94.00000000000000000
-18550.00000000000000000 -8514.00000000000000000 94.00000000000000000
-18550.00000000000000000 -8514.00000000000000000 94.00000000000000000
-18550.00000000000000000 -8442.00000000000000000 94.00000000000000000
-18550.00000000000000000 -8364.00000000000000000 94.00000000000000000
-18550.00000000000000000 -8292.00000000000000000 94.00000000000000000
-18550.00000000000000000 -8214.00000000000000000 94.00000000000000000
-18550.00000000000000000 -8214.00000000000000000 94.00000000000000000
-18550.00000000000000000 -8142.00000000000000000 27.00000000000000000
-18550.00000000000000000 -8064.00000000000000000 27.00000000000000000
-18550.00000000000000000 -7986.00000000000000000 27.00000000000000000
-18550.00000000000000000 -7914.00000000000000000 27.00000000000000000
-18550.00000000000000000 -7914.00000000000000000 27.00000000000000000
-18550.00000000000000000 -7836.00000000000000000 27.00000000000000000
-18550.00000000000000000 -7764.00000000000000000 27.00000000000000000
-18550.00000000000000000 -7686.00000000000000000 27.00000000000000000
-18550.00000000000000000 -7686.00000000000000000 27.00000000000000000
-18550.00000000000000000 -7614.00000000000000000 27.00000000000000000
-18550.00000000000000000 -7536.00000000000000000 27.00000000000000000
-18550.00000000000000000 -7458.00000000000000000 27.00000000000000000
-18550.00000000000000000 -7386.00000000000000000 27.00000000000000000
-18550.00000000000000000 -7386.00000000000000000 27.00000000000000000
-18550.00000000000000000 -7308.00000000000000000 27.00000000000000000
-18550.00000000000000000 -7236.00000000000000000 27.00000000000000000
-18550.00000000000000000 -7158.00000000000000000 0.00000000000000000
-18550.00000000000000000 -7086.00000000000000000 0.00000000000000000
-18550.00000000000000000 -7086.00000000000000000 0.00000000000000000
-18550.00000000000000000 -7008.00000000000000000 0.00000000000000000
-18550.00000000000000000 -6930.00000000000000000 0.00000000000000000
-18550.00000000000000000 -6858.00000000000000000 0.00000000000000000
-18550.00000000000000000 -6780.00000000000000000 0.00000000000000000
-18550.00000000000000000 -6780.00000000000000000 0.00000000000000000
-18550.00000000000000000 -6708.00000000000000000 0.00000000000000000
-18550.00000000000000000 -6630.00000000000000000 0.00000000000000000
-18550.00000000000000000 -6552.00000000000000000 0.00000000000000000
-18550.00000000000000000 -6480.00000000000000000 0.00000000000000000
-18550.00000000000000000 -6480.00000000000000000 0.00000000000000000
-18550.00000000000000000 -6402.00000000000000000 0.00000000000000000
-18550.00000000000000000 -6330.00000000000000000 0.00000000000000000
-18550.00000000000000000 -6252.00000000000000000 0.00000000000000000
-18550.00000000000000000 -6180.00000000000000000 0.00000000000000000
-18550.00000000000000000 -6180.00000000000000000 0.00000000000000000
-18550.00000000000000000 -6102.00000000000000000 0.00000000000000000
-18550.00000000000000000 -6024.00000000000000000 0.00000000000000000
-18550.00000000000000000 -5952.00000000000000000 0.00000000000000000
-18550.00000000000000000 -5874.00000000000000000 0.00000000000000000
-18550.00000000000000000 -5874.00000000000000000 0.00000000000000000
-18550.00000000000000000 -5802.00000000000000000 0.00000000000000000
-18550.00000000000000000 -5724.00000000000000000 0.00000000000000000
-18550.00000000000000000 -5652.00000000000000000 0.00000000000000000
-18550.00000000000000000 -5574.00000000000000000 0.00000000000000000
-18550.00000000000000000 -5574.00000000000000000 0.00000000000000000
-18550.00000000000000000 -5496.00000000000000000 0.00000000000000000
-18550.00000000000000000 -5424.00000000000000000 0.00000000000000000
-18550.00000000000000000 -5346.00000000000000000 0.00000000000000000
-18550.00000000000000000 -5274.00000000000000000 0.00000000000000000
-18550.00000000000000000 -5274.00000000000000000 0.00000000000000000
-18550.00000000000000000 -5196.00000000000000000 -40.00000000000000000
-18550.00000000000000000 -5124.00000000000000000 -40.00000000000000000
-18550.00000000000000000 -5046.00000000000000000 -40.00000000000000000
-18550.00000000000000000 -5046.00000000000000000 -40.00000000000000000
-18550.00000000000000000 -4974.00000000000000000 -40.00000000000000000
-18550.00000000000000000 -4896.00000000000000000 -40.00000000000000000
-18550.00000000000000000 -4818.00000000000000000 -40.00000000000000000
-18550.00000000000000000 -4746.00000000000000000 -40.00000000000000000
-18550.00000000000000000 -4746.00000000000000000 -40.00000000000000000
-18550.00000000000000000 -4668.00000000000000000 -40.00000000000000000
-18550.00000000000000000 -4596.00000000000000000 -40.00000000000000000
-18550.00000000000000000 -4518.00000000000000000 -40.00000000000000000
-18550.00000000000000000 -4440.00000000000000000 -40.00000000000000000
-18550.00000000000000000 -4440.00000000000000000 -40.00000000000000000
-18550.00000000000000000 -4368.00000000000000000 -40.00000000000000000
-18550.00000000000000000 -4290.00000000000000000 -40.00000000000000000
-18550.00000000000000000 -4218.00000000000000000 -107.00000000000000000
-18550.00000000000000000 -4140.00000000000000000 -107.00000000000000000
-18550.00000000000000000 -4140.00000000000000000 -107.00000000000000000
-18550.00000000000000000 -4068.00000000000000000 -107.00000000000000000
-18550.00000000000000000 -3990.00000000000000000 -107.00000000000000000
-18550.00000000000000000 -3918.00000000000000000 -107.00000000000000000
-18550.00000000000000000 -3840.00000000000000000 -107.00000000000000000
-18550.00000000000000000 -3840.00000000000000000 -107.00000000000000000
-18550.00000000000000000 -3768.00000000000000000 -107.00000000000000000
-18550.00000000000000000 -3690.00000000000000000 -107.00000000000000000
-18550.00000000000000000 -3612.00000000000000000 -107.00000000000000000
-18550.00000000000000000 -3540.00000000000000000 -107.00000000000000000
-18550.00000000000000000 -3540.00000000000000000 -107.00000000000000000
-18550.00000000000000000 -3462.00000000000000000 -107.00000000000000000
-18550.00000000000000000 -3384.00000000000000000 -107.00000000000000000
-18550.00000000000000000 -3312.00000000000000000 -107.00000000000000000
-18550.00000000000000000 -3234.00000000000000000 94.00000000000000000
-18550.00000000000000000 -3234.00000000000000000 94.00000000000000000
-18550.00000000000000000 -3162.00000000000000000 94.00000000000000000
-18550.00000000000000000 -3084.00000000000000000 94.00000000000000000
-18550.00000000000000000 -3012.00000000000000000 94.00000000000000000
-18550.00000000000000000 -2934.00000000000000000 94.00000000000000000
-18550.00000000000000000 -2934.00000000000000000 94.00000000000000000
-18550.00000000000000000 -2862.00000000000000000 94.00000000000000000
-18550.00000000000000000 -2784.00000000000000000 94.00000000000000000
-18550.00000000000000000 -2706.00000000000000000 94.00000000000000000
-18550.00000000000000000 -2634.00000000000000000 94.00000000000000000
-18550.00000000000000000 -2634.00000000000000000 94.00000000000000000
-18550.00000000000000000 -2556.00000000000000000 94.00000000000000000
-18550.00000000000000000 -2478.00000000000000000 94.00000000000000000
-18550.00000000000000000 -2406.00000000000000000 94.00000000000000000
-18550.00000000000000000 -2406.00000000000000000 94.00000000000000000
-18550.00000000000000000 -2328.00000000000000000 94.00000000000000000
-18550.00000000000000000 -2256.00000000000000000 0.00000000000000000
-18550.00000000000000000 -2178.00000000000000000 0.00000000000000000
-18550.00000000000000000 -2106.00000000000000000 0.00000000000000000
-18550.00000000000000000 -2106.00000000000000000 0.00000000000000000
-18550.00000000000000000 -2028.00000000000000000 0.00000000000000000
-18550.00000000000000000 -1956.00000000000000000 0.00000000000000000
-18550.00000000000000000 -1878.00000000000000000 0.00000000000000000
-18550.00000000000000000 -1806.00000000000000000 0.00000000000000000
-18550.00000000000000000 -1806.00000000000000000 0.00000000000000000
-18550.00000000000000000 -1728.00000000000000000 0.00000000000000000
-18550.00000000000000000 -1650.00000000000000000 0.00000000000000000
-18550.00000000000000000 -1578.00000000000000000 0.00000000000000000
-18550.00000000000000000 -1500.00000000000000000 0.00000000000000000
-18550.00000000000000000 -1500.00000000000000000 0.00000000000000000
-18550.00000000000000000 -1422.00000000000000000 0.00000000000000000
-18550.00000000000000000 -1350.00000000000000000 0.00000000000000000
-18550.00000000000000000 -1272.00000000000000000 40.00000000000000000
-18550.00000000000000000 -1200.00000000000000000 40.00000000000000000
-18550.00000000000000000 -1200.00000000000000000 40.00000000000000000
-18550.00000000000000000 -1122.00000000000000000 40.00000000000000000
-18550.00000000000000000 -1050.00000000000000000 40.00000000000000000
-18550.00000000000000000 -972.00000000000000000 40.00000000000000000
-18550.00000000000000000 -900.00000000000000000 40.00000000000000000
-18550.00000000000000000 -900.00000000000000000 40.00000000000000000
-18550.00000000000000000 -822.00000000000000000 40.00000000000000000
-18550.00000000000000000 -744.00000000000000000 40.00000000000000000
-18550.00000000000000000 -672.00000000000000000 40.00000000000000000
-18550.00000000000000000 -594.00000000000000000 40.00000000000000000
-18550.00000000000000000 -594.00000000000000000 40.00000000000000000
-18550.00000000000000000 -516.00000000000000000 40.00000000000000000
-18550.00000000000000000 -444.00000000000000000 40.00000000000000000
-18550.00000000000000000 -366.00000000000000000 40.00000000000000000
-18550.00000000000000000 -294.00000000000000000 0.00000000000000000
-18550.00000000000000000 -294.00000000000000000 0.00000000000000000
-18550.00000000000000000 -216.00000000000000000 0.00000000000000000
-18550.00000000000000000 -144.00000000000000000 0.00000000000000000
-18550.00000000000000000 -66.00000000000000000 0.00000000000000000
-18550.00000000000000000 6.00000000000000000 0.00000000000000000
-18550.00000000000000000 6.00000000000000000 0.00000000000000000
-18550.00000000000000000 84.00000000000000000 0.00000000000000000
-18550.00000000000000000 156.00000000000000000 0.00000000000000000
-18550.00000000000000000 234.00000000000000000 0.00000000000000000
-18550.00000000000000000 234.00000000000000000 0.00000000000000000
-18550.00000000000000000 312.00000000000000000 0.00000000000000000
-18550.00000000000000000 384.00000000000000000 0.00000000000000000
-18550.00000000000000000 462.00000000000000000 0.00000000000000000
-18550.00000000000000000 534.00000000000000000 0.00000000000000000
-18550.00000000000000000 534.00000000000000000 0.00000000000000000
-18550.00000000000000000 612.00000000000000000 0.00000000000000000
-18550.00000000000000000 684.00000000000000000 13.00000000000000000
-18550.00000000000000000 762.00000000000000000 13.00000000000000000
-18550.00000000000000000 840.00000000000000000 13.00000000000000000
-18550.00000000000000000 840.00000000000000000 13.00000000000000000
-18550.00000000000000000 912.00000000000000000 13.00000000000000000
-18550.00000000000000000 990.00000000000000000 13.00000000000000000
-18550.00000000000000000 1062.00000000000000000 13.00000000000000000
-18550.00000000000000000 1140.00000000000000000 13.00000000000000000
-18550.00000000000000000 1140.00000000000000000 13.00000000000000000
-18550.00000000000000000 1212.00000000000000000 13.00000000000000000
-18550.00000000000000000 1290.00000000000000000 13.00000000000000000
-18550.00000000000000000 1368.00000000000000000 13.00000000000000000
-18550.00000000000000000 1440.00000000000000000 13.00000000000000000
-18550.00000000000000000 1440.00000000000000000 13.00000000000000000
-18550.00000000000000000 1518.00000000000000000 13.00000000000000000
-18550.00000000000000000 1590.00000000000000000 13.00000000000000000
-18550.00000000000000000 1668.00000000000000000 -40.00000000000000000
-18550.00000000000000000 1740.00000000000000000 -40.00000000000000000
-18550.00000000000000000 1740.00000000000000000 -40.00000000000000000
-18550.00000000000000000 1818.00000000000000000 -40.00000000000000000
-18550.00000000000000000 1890.00000000000000000 -40.00000000000000000
-18550.00000000000000000 1968.00000000000000000 -40.00000000000000000
-18550.00000000000000000 2040.00000000000000000 -40.00000000000000000
-18550.00000000000000000 2040.00000000000000000 -40.00000000000000000
-18550.00000000000000000 2118.00000000000000000 -40.00000000000000000
-18550.00000000000000000 2196.00000000000000000 -40.00000000000000000
-18550.00000000000000000 2268.00000000000000000 -40.00000000000000000
-18550.00000000000000000 2346.00000000000000000 -40.00000000000000000
-18550.00000000000000000 2346.00000000000000000 -40.00000000000000000
-18550.00000000000000000 2418.00000000000000000 -40.00000000000000000
-18550.00000000000000000 2496.00000000000000000 -40.00000000000000000
-18550.00000000000000000 2568.00000000000000000 -40.00000000000000000
-18550.00000000000000000 2646.00000000000000000 94.00000000000000000
-18550.00000000000000000 2646.00000000000000000 94.00000000000000000
-18550.00000000000000000 2718.00000000000000000 94.00000000000000000
-18550.00000000000000000 2796.00000000000000000 94.00000000000000000
-18550.00000000000000000 2868.00000000000000000 94.00000000000000000
-18550.00000000000000000 2946.00000000000000000 94.00000000000000000
-18550.00000000000000000 2946.00000000000000000 94.00000000000000000
-18550.00000000000000000 3024.00000000000000000 94.00000000000000000
-18550.00000000000000000 3096.00000000000000000 94.00000000000000000
-18550.00000000000000000 3174.00000000000000000 94.00000000000000000
-18550.00000000000000000 3174.00000000000000000 94.00000000000000000
-18550.00000000000000000 3252.00000000000000000 94.00000000000000000
-18550.00000000000000000 3324.00000000000000000 94.00000000000000000
-18550.00000000000000000 3402.00000000000000000 94.00000000000000000
-18550.00000000000000000 3474.00000000000000000 94.00000000000000000
-18550.00000000000000000 3474.00000000000000000 94.00000000000000000
-18550.00000000000000000 3552.00000000000000000 94.00000000000000000
-18550.00000000000000000 3624.00000000000000000 -27.00000000000000000
-18550.00000000000000000 3702.00000000000000000 -27.00000000000000000
-18550.00000000000000000 3780.00000000000000000 -27.00000000000000000
-18550.00000000000000000 3780.00000000000000000 -27.00000000000000000
-18550.00000000000000000 3852.00000000000000000 -27.00000000000000000
-18550.00000000000000000 3930.00000000000000000 -27.00000000000000000
-18550.00000000000000000 4002.00000000000000000 -27.00000000000000000
-18550.00000000000000000 4080.00000000000000000 -27.00000000000000000
-18550.00000000000000000 4080.00000000000000000 -27.00000000000000000
-18550.00000000000000000 4152.00000000000000000 -27.00000000000000000
-18550.00000000000000000 4230.00000000000000000 -27.00000000000000000
-18550.00000000000000000 4308.00000000000000000 -27.00000000000000000
-18550.00000000000000000 4380.00000000000000000 -27.00000000000000000
-18550.00000000000000000 4380.00000000000000000 -27.00000000000000000
-18550.00000000000000000 4458.00000000000000000 -27.00000000000000000
-18550.00000000000000000 4530.00000000000000000 -27.00000000000000000
-18550.00000000000000000 4608.00000000000000000 -80.00000000000000000
-18550.00000000000000000 4680.00000000000000000 -80.00000000000000000
-18550.00000000000000000 4680.00000000000000000 -80.00000000000000000
-18550.00000000000000000 4758.00000000000000000 -80.00000000000000000
-18550.00000000000000000 4830.00000000000000000 -80.00000000000000000
-18550.00000000000000000 4908.00000000000000000 -80.00000000000000000
-18550.00000000000000000 4980.00000000000000000 -80.00000000000000000
-18550.00000000000000000 4980.00000000000000000 -80.00000000000000000
-18550.00000000000000000 5058.00000000000000000 -80.00000000000000000
-18550.00000000000000000 5136.00000000000000000 -80.00000000000000000
-18550.00000000000000000 5208.00000000000000000 -80.00000000000000000
-18550.00000000000000000 5286.00000000000000000 -80.00000000000000000
-18550.00000000000000000 5286.00000000000000000 -80.00000000000000000
-18550.00000000000000000 5358.00000000000000000 -80.00000000000000000
-18550.00000000000000000 5436.00000000000000000 -80.00000000000000000
-18550.00000000000000000 5514.00000000000000000 -80.00000000000000000
-18550.00000000000000000 5586.00000000000000000 -40.00000000000000000
-18550.00000000000000000 5586.00000000000000000 -40.00000000000000000
-18550.00000000000000000 5664.00000000000000000 -40.00000000000000000
-18550.00000000000000000 5736.00000000000000000 -40.00000000000000000
-18550.00000000000000000 5814.00000000000000000 -40.00000000000000000
-18550.00000000000000000 5886.00000000000000000 -40.00000000000000000
-18550.00000000000000000 5886.00000000000000000 -40.00000000000000000
-18550.00000000000000000 5964.00000000000000000 -40.00000000000000000
-18550.00000000000000000 6036.00000000000000000 -40.00000000000000000
-18550.00000000000000000 6114.00000000000000000 -40.00000000000000000
-18550.00000000000000000 6114.00000000000000000 -40.00000000000000000
-18550.00000000000000000 6186.00000000000000000 -40.00000000000000000
-18550.00000000000000000 6264.00000000000000000 -40.00000000000000000
-18550.00000000000000000 6342.00000000000000000 -40.00000000000000000
-18550.00000000000000000 6414.00000000000000000 -40.00000000000000000
-18550.00000000000000000 6414.00000000000000000 -40.00000000000000000
-18550.00000000000000000 6492.00000000000000000 -40.00000000000000000
-18550.00000000000000000 6564.00000000000000000 27.00000000000000000
-18550.00000000000000000 6642.00000000000000000 27.00000000000000000
-18550.00000000000000000 6714.00000000000000000 27.00000000000000000
-18550.00000000000000000 6714.00000000000000000 27.00000000000000000
-18550.00000000000000000 6792.00000000000000000 27.00000000000000000
-18550.00000000000000000 6864.00000000000000000 27.00000000000000000
-18550.00000000000000000 6942.00000000000000000 27.00000000000000000
-18550.00000000000000000 7020.00000000000000000 27.00000000000000000
-18550.00000000000000000 7020.00000000000000000 27.00000000000000000
-18550.00000000000000000 7092.00000000000000000 27.00000000000000000
-18550.00000000000000000 7170.00000000000000000 27.00000000000000000
-18550.00000000000000000 7242.00000000000000000 27.00000000000000000
-18550.00000000000000000 7320.00000000000000000 27.00000000000000000
-18550.00000000000000000 7320.00000000000000000 27.00000000000000000
-18550.00000000000000000 7398.00000000000000000 27.00000000000000000
-18550.00000000000000000 7470.00000000000000000 27.00000000000000000
-18550.00000000000000000 7548.00000000000000000 40.00000000000000000
-18550.00000000000000000 7620.00000000000000000 40.00000000000000000
-18550.00000000000000000 7620.00000000000000000 40.00000000000000000
-18550.00000000000000000 7698.00000000000000000 40.00000000000000000
-18550.00000000000000000 7770.00000000000000000 40.00000000000000000
-18550.00000000000000000 7848.00000000000000000 40.00000000000000000
-18550.00000000000000000 7920.00000000000000000 40.00000000000000000
-18550.00000000000000000 7920.00000000000000000 40.00000000000000000
-18550.00000000000000000 7998.00000000000000000 40.00000000000000000
-18550.00000000000000000 8076.00000000000000000 40.00000000000000000
-18550.00000000000000000 8148.00000000000000000 40.00000000000000000
-18550.00000000000000000 8226.00000000000000000 40.00000000000000000
-18550.00000000000000000 8226.00000000000000000 40.00000000000000000
-18550.00000000000000000 8298.00000000000000000 40.00000000000000000
-18550.00000000000000000 8376.00000000000000000 40.00000000000000000
-18550.00000000000000000 8454.00000000000000000 40.00000000000000000
-18550.00000000000000000 8526.00000000000000000 -13.00000000000000000
-18550.00000000000000000 8526.00000000000000000 -13.00000000000000000
-18550.00000000000000000 8604.00000000000000000 -13.00000000000000000
-18550.00000000000000000 8676.00000000000000000 -13.00000000000000000
-18550.00000000000000000 8754.00000000000000000 -13.00000000000000000
-18550.00000000000000000 8826.00000000000000000 -13.00000000000000000
-18550.00000000000000000 8826.00000000000000000 -13.00000000000000000
-18550.00000000000000000 8904.00000000000000000 -13.00000000000000000
-18550.00000000000000000 8976.00000000000000000 -13.00000000000000000
-18550.00000000000000000 9054.00000000000000000 -13.00000000000000000
-18550.00000000000000000 9054.00000000000000000 -13.00000000000000000
-18550.00000000000000000 9132.00000000000000000 -13.00000000000000000
-18550.00000000000000000 9204.00000000000000000 -13.00000000000000000
-18550.00000000000000000 9282.00000000000000000 -13.00000000000000000
-18550.00000000000000000 9354.00000000000000000 -13.00000000000000000
-18550.00000000000000000 9354.00000000000000000 -13.00000000000000000
-18550.00000000000000000 9432.00000000000000000 -13.00000000000000000
-18550.00000000000000000 9510.00000000000000000 174.00000000000000000
-18550.00000000000000000 9582.00000000000000000 174.00000000000000000
-18550.00000000000000000 9660.00000000000000000 174.00000000000000000
-18550.00000000000000000 9660.00000000000000000 174.00000000000000000
-18550.00000000000000000 9732.00000000000000000 174.00000000000000000
-18550.00000000000000000 9810.00000000000000000 174.00000000000000000
-18550.00000000000000000 9882.00000000000000000 174.00000000000000000
-18550.00000000000000000 9960.00000000000000000 174.00000000000000000
-18550.00000000000000000 9960.00000000000000000 174.00000000000000000
-18550.00000000000000000 10038.00000000000000000 174.00000000000000000
-18550.00000000000000000 10110.00000000000000000 174.00000000000000000
-18550.00000000000000000 10188.00000000000000000 174.00000000000000000
-18550.00000000000000000 10260.00000000000000000 174.00000000000000000
-18550.00000000000000000 10260.00000000000000000 174.00000000000000000
-18550.00000000000000000 10338.00000000000000000 174.00000000000000000
-18550.00000000000000000 10410.00000000000000000 174.00000000000000000
-18550.00000000000000000 10486.00000000000000000 0.00000000000000000
-18550.00000000000000000 10555.00000000000000000 0.00000000000000000
-18550.00000000000000000 10555.00000000000000000 0.00000000000000000
-18550.00000000000000000 10626.00000000000000000 0.00000000000000000
-18550.00000000000000000 10691.00000000000000000 0.00000000000000000
-18550.00000000000000000 10745.00000000000000000 0.00000000000000000
-18550.00000000000000000 10793.00000000000000000 0.00000000000000000
-18550.00000000000000000 10793.00000000000000000 0.00000000000000000
-18550.00000000000000000 10824.00000000000000000 0.00000000000000000
-18550.00000000000000000 10845.00000000000000000 0.00000000000000000
-18550.00000000000000000 10854.00000000000000000 0.00000000000000000
-18550.00000000000000000 10857.00000000000000000 0.00000000000000000
-18550.00000000000000000 10857.00000000000000000 0.00000000000000000
-18550.00000000000000000 10857.00000000000000000 0.00000000000000000
-18550.00000000000000000 10857.00000000000000000 0.00000000000000000
-18550.00000000000000000 10857.00000000000000000 0.00000000000000000
-18550.00000000000000000 10857.00000000000000000 -67.00000000000000000
-18550.00000000000000000 10857.00000000000000000 -67.00000000000000000
-18550.00000000000000000 10857.00000000000000000 -67.00000000000000000
-18550.00000000000000000 10857.00000000000000000 -67.00000000000000000
-18550.00000000000000000 10857.00000000000000000 -67.00000000000000000
-18550.00000000000000000 10857.00000000000000000 -67.00000000000000000
-18550.00000000000000000 10857.00000000000000000 -67.00000000000000000
-18550.00000000000000000 10857.00000000000000000 -67.00000000000000000
-18550.00000000000000000 10857.00000000000000000 -67.00000000000000000
-18550.00000000000000000 10857.00000000000000000 -67.00000000000000000
-18550.00000000000000000 10857.00000000000000000 -67.00000000000000000
-18550.00000000000000000 10857.00000000000000000 -67.00000000000000000
-18550.00000000000000000 10857.00000000000000000 -67.00000000000000000
-18550.00000000000000000 10857.00000000000000000 -67.00000000000000000
-18550.00000000000000000 10857.00000000000000000 -67.00000000000000000
-18550.00000000000000000 10857.00000000000000000 -67.00000000000000000
-18550.00000000000000000 10857.00000000000000000 -67.00000000000000000
-18550.00000000000000000 10857.00000000000000000 40.00000000000000000
-18550.00000000000000000 10857.00000000000000000 40.00000000000000000
-18550.00000000000000000 10857.00000000000000000 40.00000000000000000
-18550.00000000000000000 10857.00000000000000000 40.00000000000000000
-18550.00000000000000000 10857.00000000000000000 40.00000000000000000
-18550.00000000000000000 10857.00000000000000000 40.00000000000000000
-18550.00000000000000000 10857.00000000000000000 40.00000000000000000
-18550.00000000000000000 10857.00000000000000000 40.00000000000000000
-18550.00000000000000000 10857.00000000000000000 40.00000000000000000
-18550.00000000000000000 10857.00000000000000000 40.00000000000000000
-18550.00000000000000000 10857.00000000000000000 40.00000000000000000
-18550.00000000000000000 10857.00000000000000000 40.00000000000000000
-18550.00000000000000000 10857.00000000000000000 40.00000000000000000
-18550.00000000000000000 10857.00000000000000000 40.00000000000000000
-18550.00000000000000000 10857.00000000000000000 40.00000000000000000
-18550.00000000000000000 10857.00000000000000000 40.00000000000000000
-18550.00000000000000000 10857.00000000000000000 -27.00000000000000000
-18550.00000000000000000 10857.00000000000000000 -27.00000000000000000
-18550.00000000000000000 10857.00000000000000000 -27.00000000000000000
-18550.00000000000000000 10857.00000000000000000 -27.00000000000000000
-18550.00000000000000000 10857.00000000000000000 -27.00000000000000000
-18550.00000000000000000 10857.00000000000000000 -27.00000000000000000
-18550.00000000000000000 10857.00000000000000000 -27.00000000000000000
-18550.00000000000000000 10857.00000000000000000 -27.00000000000000000
-18550.00000000000000000 10857.00000000000000000 -27.00000000000000000
-18550.00000000000000000 10857.00000000000000000 -27.00000000000000000
-18550.00000000000000000 10857.00000000000000000 -27.00000000000000000
-18550.00000000000000000 10857.00000000000000000 -27.00000000000000000
-18550.00000000000000000 10857.00000000000000000 -27.00000000000000000
-18550.00000000000000000 10857.00000000000000000 -27.00000000000000000
-18550.00000000000000000 10857.00000000000000000 -27.00000000000000000
-18550.00000000000000000 10857.00000000000000000 -27.00000000000000000
-18550.00000000000000000 10857.00000000000000000 0.00000000000000000
-18550.00000000000000000 10857.00000000000000000 0.00000000000000000
-18550.00000000000000000 10857.00000000000000000 0.00000000000000000
-18550.00000000000000000 10857.00000000000000000 0.00000000000000000
-18550.00000000000000000 10857.00000000000000000 0.00000000000000000
-18550.00000000000000000 10857.00000000000000000 0.00000000000000000
-18550.00000000000000000 10857.00000000000000000 0.00000000000000000
-18550.00000000000000000 10857.00000000000000000 0.00000000000000000
-18550.00000000000000000 10857.00000000000000000 0.00000000000000000
-18550.00000000000000000 10857.00000000000000000 0.00000000000000000
-18550.00000000000000000 10857.00000000000000000 0.00000000000000000
-18550.00000000000000000 10857.00000000000000000 0.00000000000000000
-18550.00000000000000000 10857.00000000000000000 0.00000000000000000
-18550.00000000000000000 10857.00000000000000000 0.00000000000000000
-18550.00000000000000000 10857.00000000000000000 0.00000000000000000
-18550.00000000000000000 10857.00000000000000000 0.00000000000000000
-18550.00000000000000000 10857.00000000000000000 0.00000000000000000
-18550.00000000000000000 10857.00000000000000000 13.00000000000000000
-18550.00000000000000000 10857.00000000000000000 13.00000000000000000
-18550.00000000000000000 10857.00000000000000000 13.00000000000000000
-18550.00000000000000000 10857.00000000000000000 13.00000000000000000
-18550.00000000000000000 10857.00000000000000000 13.00000000000000000
-18550.00000000000000000 10857.00000000000000000 13.00000000000000000
-18550.00000000000000000 10857.00000000000000000 13.00000000000000000
-18550.00000000000000000 10857.00000000000000000 13.00000000000000000
-18550.00000000000000000 10857.00000000000000000 13.00000000000000000
-18550.00000000000000000 10857.00000000000000000 13.00000000000000000
-18550.00000000000000000 10857.00000000000000000 13.00000000000000000
-18550.00000000000000000 10857.00000000000000000 13.00000000000000000
-18550.00000000000000000 10857.00000000000000000 13.00000000000000000
-18550.00000000000000000 10857.00000000000000000 13.00000000000000000
-18550.00000000000000000 10857.00000000000000000 13.00000000000000000
-18550.00000000000000000 10857.00000000000000000 13.00000000000000000
-18550.00000000000000000 10857.00000000000000000 -13.00000000000000000
-18550.00000000000000000 10857.00000000000000000 -13.00000000000000000
-18550.00000000000000000 10857.00000000000000000 -13.00000000000000000
-18550.00000000000000000 10857.00000000000000000 -13.00000000000000000
-18550.00000000000000000 10857.00000000000000000 -13.00000000000000000
-18550.00000000000000000 10857.00000000000000000 -13.00000000000000000
-18550.00000000000000000 10857.00000000000000000 -13.00000000000000000
-18550.00000000000000000 10857.00000000000000000 -13.00000000000000000
-18550.00000000000000000 10857.00000000000000000 -13.00000000000000000
-18550.00000000000000000 10857.00000000000000000 -13.00000000000000000
-18550.00000000000000000 10857.00000000000000000 -13.00000000000000000
-18550.00000000000000000 10857.00000000000000000 -13.00000000000000000
-18550.00000000000000000 10857.00000000000000000 -13.00000000000000000
-18550.00000000000000000 10857.00000000000000000 -13.00000000000000000
-18550.00000000000000000 10857.00000000000000000 -13.00000000000000000
-18551.00000000000000000 10858.00000000000000000 -13.00000000000000000
-18551.00000000000000000 10858.00000000000000000 13.00000000000000000
-18551.00000000000000000 10858.00000000000000000 13.00000000000000000
-18551.00000000000000000 10863.00000000000000000 13.00000000000000000
-18551.00000000000000000 10873.00000000000000000 13.00000000000000000
-18551.00000000000000000 10895.00000000000000000 13.00000000000000000
-18551.00000000000000000 10925.00000000000000000 13.00000000000000000
-18551.00000000000000000 10925.00000000000000000 13.00000000000000000
-18551.00000000000000000 10968.00000000000000000 13.00000000000000000
-18551.00000000000000000 11012.00000000000000000 13.00000000000000000
-18551.00000000000000000 11064.00000000000000000 13.00000000000000000
-18551.00000000000000000 11064.00000000000000000 13.00000000000000000
-18551.00000000000000000 11116.00000000000000000 13.00000000000000000
-18551.00000000000000000 11164.00000000000000000 13.00000000000000000
-18551.00000000000000000 11215.00000000000000000 13.00000000000000000
-18551.00000000000000000 11263.00000000000000000 13.00000000000000000
-18551.00000000000000000 11263.00000000000000000 13.00000000000000000
-18551.00000000000000000 11315.00000000000000000 13.00000000000000000
-18551.00000000000000000 11367.00000000000000000 -3031.00000000000000000
-18551.00000000000000000 11415.00000000000000000 -3031.00000000000000000
-18551.00000000000000000 11467.00000000000000000 -3031.00000000000000000
-18551.00000000000000000 11467.00000000000000000 -3031.00000000000000000
-18551.00000000000000000 11515.00000000000000000 -3031.00000000000000000
-18551.00000000000000000 11567.00000000000000000 -3031.00000000000000000
-18551.00000000000000000 11615.00000000000000000 -3031.00000000000000000
-18551.00000000000000000 11667.00000000000000000 -3031.00000000000000000
-18551.00000000000000000 11667.00000000000000000 -3031.00000000000000000
-18551.00000000000000000 11715.00000000000000000 -3031.00000000000000000
-18551.00000000000000000 11767.00000000000000000 -3031.00000000000000000
-18551.00000000000000000 11819.00000000000000000 -3031.00000000000000000
-18551.00000000000000000 11867.00000000000000000 -3031.00000000000000000
-18551.00000000000000000 11867.00000000000000000 -3031.00000000000000000
-18551.00000000000000000 11919.00000000000000000 -3031.00000000000000000
-18551.00000000000000000 11967.00000000000000000 -3031.00000000000000000
-18551.00000000000000000 12019.00000000000000000 -6089.00000000000000000
-18551.00000000000000000 12067.00000000000000000 -6089.00000000000000000
-18551.00000000000000000 12067.00000000000000000 -6089.00000000000000000
-18551.00000000000000000 12119.00000000000000000 -6089.00000000000000000
-18551.00000000000000000 12167.00000000000000000 -6089.00000000000000000
-18551.00000000000000000 12219.00000000000000000 -6089.00000000000000000
-18551.00000000000000000 12267.00000000000000000 -6089.00000000000000000
-18551.00000000000000000 12267.00000000000000000 -6089.00000000000000000
-18551.00000000000000000 12319.00000000000000000 -6089.00000000000000000
-18551.00000000000000000 12371.00000000000000000 -6089.00000000000000000
-18551.00000000000000000 12419.00000000000000000 -6089.00000000000000000
-18551.00000000000000000 12471.00000000000000000 -6089.00000000000000000
-18551.00000000000000000 12471.00000000000000000 -6089.00000000000000000
-18551.00000000000000000 12519.00000000000000000 -6089.00000000000000000
-18551.00000000000000000 12571.00000000000000000 -6089.00000000000000000
-18551.00000000000000000 12619.00000000000000000 -6089.00000000000000000
-18551.00000000000000000 12671.00000000000000000 -4694.00000000000000000
-18551.00000000000000000 12671.00000000000000000 -4694.00000000000000000
-18551.00000000000000000 12719.00000000000000000 -4694.00000000000000000
-18551.00000000000000000 12771.00000000000000000 -4694.00000000000000000
-18551.00000000000000000 12823.00000000000000000 -4694.00000000000000000
-18551.00000000000000000 12871.00000000000000000 -4694.00000000000000000
-18551.00000000000000000 12871.00000000000000000 -4694.00000000000000000
-18551.00000000000000000 12923.00000000000000000 -4694.00000000000000000
-18551.00000000000000000 12971.00000000000000000 -4694.00000000000000000
-18551.00000000000000000 13023.00000000000000000 -4694.00000000000000000
-18551.00000000000000000 13023.00000000000000000 -4694.00000000000000000
-18551.00000000000000000 13071.00000000000000000 -4694.00000000000000000
-18551.00000000000000000 13123.00000000000000000 -4694.00000000000000000
-18551.00000000000000000 13175.00000000000000000 -4694.00000000000000000
-18551.00000000000000000 13223.00000000000000000 -4694.00000000000000000
-18551.00000000000000000 13223.00000000000000000 -4694.00000000000000000
-18551.00000000000000000 13275.00000000000000000 -4694.00000000000000000
-18551.00000000000000000 13323.00000000000000000 -4439.00000000000000000
-18551.00000000000000000 13375.00000000000000000 -4439.00000000000000000
-18551.00000000000000000 13423.00000000000000000 -4439.00000000000000000
-18551.00000000000000000 13423.00000000000000000 -4439.00000000000000000
-18551.00000000000000000 13475.00000000000000000 -4439.00000000000000000
-18551.00000000000000000 13523.00000000000000000 -4439.00000000000000000
-18551.00000000000000000 13575.00000000000000000 -4439.00000000000000000
-18551.00000000000000000 13627.00000000000000000 -4439.00000000000000000
-18551.00000000000000000 13627.00000000000000000 -4439.00000000000000000
-18551.00000000000000000 13675.00000000000000000 -4439.00000000000000000
-18551.00000000000000000 13727.00000000000000000 -4439.00000000000000000
-18551.00000000000000000 13775.00000000000000000 -4439.00000000000000000
-18551.00000000000000000 13827.00000000000000000 -4439.00000000000000000
-18551.00000000000000000 13827.00000000000000000 -4439.00000000000000000
-18551.00000000000000000 13879.00000000000000000 -4439.00000000000000000
-18551.00000000000000000 13927.00000000000000000 -4439.00000000000000000
-18551.00000000000000000 13979.00000000000000000 -6075.00000000000000000
-18551.00000000000000000 14027.00000000000000000 -6075.00000000000000000
-18551.00000000000000000 14027.00000000000000000 -6075.00000000000000000
-18551.00000000000000000 14079.00000000000000000 -6075.00000000000000000
-18551.00000000000000000 14127.00000000000000000 -6075.00000000000000000
-18551.00000000000000000 14179.00000000000000000 -6075.00000000000000000
-18551.00000000000000000 14227.00000000000000000 -6075.00000000000000000
-18551.00000000000000000 14227.00000000000000000 -6075.00000000000000000
-18551.00000000000000000 14279.00000000000000000 -6075.00000000000000000
-18551.00000000000000000 14331.00000000000000000 -6075.00000000000000000
-18551.00000000000000000 14379.00000000000000000 -6075.00000000000000000
-18551.00000000000000000 14431.00000000000000000 -6075.00000000000000000
-18551.00000000000000000 14431.00000000000000000 -6075.00000000000000000
-18551.00000000000000000 14479.00000000000000000 -6075.00000000000000000
-18551.00000000000000000 14531.00000000000000000 -6075.00000000000000000
-18551.00000000000000000 14583.00000000000000000 -6075.00000000000000000
-18551.00000000000000000 14631.00000000000000000 -4479.00000000000000000
-18551.00000000000000000 14631.00000000000000000 -4479.00000000000000000
-18551.00000000000000000 14683.00000000000000000 -4479.00000000000000000
-18551.00000000000000000 14731.00000000000000000 -4479.00000000000000000
-18551.00000000000000000 14783.00000000000000000 -4479.00000000000000000
-18551.00000000000000000 14831.00000000000000000 -4479.00000000000000000
-18551.00000000000000000 14831.00000000000000000 -4479.00000000000000000
-18551.00000000000000000 14883.00000000000000000 -4479.00000000000000000
-18551.00000000000000000 14931.00000000000000000 -4479.00000000000000000
-18551.00000000000000000 14983.00000000000000000 -4479.00000000000000000
-18551.00000000000000000 14983.00000000000000000 -4479.00000000000000000
-18551.00000000000000000 15035.00000000000000000 -4479.00000000000000000
-18551.00000000000000000 15083.00000000000000000 -4479.00000000000000000
-18551.00000000000000000 15135.00000000000000000 -4479.00000000000000000
-18551.00000000000000000 15187.00000000000000000 -4479.00000000000000000
-18551.00000000000000000 15187.00000000000000000 -4479.00000000000000000
-18551.00000000000000000 15235.00000000000000000 -4479.00000000000000000
-18551.00000000000000000 15287.00000000000000000 -4761.00000000000000000
-18551.00000000000000000 15335.00000000000000000 -4761.00000000000000000
-18551.00000000000000000 15387.00000000000000000 -4761.00000000000000000
-18551.00000000000000000 15387.00000000000000000 -4761.00000000000000000
-18551.00000000000000000 15435.00000000000000000 -4761.00000000000000000
-18551.00000000000000000 15487.00000000000000000 -4761.00000000000000000
-18551.00000000000000000 15535.00000000000000000 -4761.00000000000000000
-18551.00000000000000000 15587.00000000000000000 -4761.00000000000000000
-18551.00000000000000000 15587.00000000000000000 -4761.00000000000000000
-18551.00000000000000000 15639.00000000000000000 -4761.00000000000000000
-18551.00000000000000000 15687.00000000000000000 -4761.00000000000000000
-18551.00000000000000000 15739.00000000000000000 -4761.00000000000000000
-18551.00000000000000000 15787.00000000000000000 -4761.00000000000000000
-18551.00000000000000000 15787.00000000000000000 -4761.00000000000000000
-18551.00000000000000000 15839.00000000000000000 -4761.00000000000000000
-18551.00000000000000000 15891.00000000000000000 -4761.00000000000000000
-18551.00000000000000000 15939.00000000000000000 -5981.00000000000000000
-18551.00000000000000000 15991.00000000000000000 -5981.00000000000000000
-18551.00000000000000000 15991.00000000000000000 -5981.00000000000000000
-18551.00000000000000000 16039.00000000000000000 -5981.00000000000000000
-18551.00000000000000000 16091.00000000000000000 -5981.00000000000000000
-18551.00000000000000000 16139.00000000000000000 -5981.00000000000000000
-18551.00000000000000000 16191.00000000000000000 -5981.00000000000000000
-18551.00000000000000000 16191.00000000000000000 -5981.00000000000000000
-18551.00000000000000000 16239.00000000000000000 -5981.00000000000000000
-18551.00000000000000000 16291.00000000000000000 -5981.00000000000000000
-18551.00000000000000000 16343.00000000000000000 -5981.00000000000000000
-18551.00000000000000000 16391.00000000000000000 -5981.00000000000000000
-18551.00000000000000000 16391.00000000000000000 -5981.00000000000000000
-18551.00000000000000000 16443.00000000000000000 -5981.00000000000000000
-18551.00000000000000000 16491.00000000000000000 -5981.00000000000000000
-18551.00000000000000000 16543.00000000000000000 -5981.00000000000000000
-18551.00000000000000000 16543.00000000000000000 -5981.00000000000000000
-18551.00000000000000000 16595.00000000000000000 -4305.00000000000000000
-18551.00000000000000000 16643.00000000000000000 -4305.00000000000000000
-18551.00000000000000000 16695.00000000000000000 -4305.00000000000000000
-18551.00000000000000000 16743.00000000000000000 -4305.00000000000000000
-18551.00000000000000000 16743.00000000000000000 -4305.00000000000000000
-18551.00000000000000000 16795.00000000000000000 -4305.00000000000000000
-18551.00000000000000000 16843.00000000000000000 -4305.00000000000000000
-18551.00000000000000000 16895.00000000000000000 -4305.00000000000000000
-18551.00000000000000000 16947.00000000000000000 -4305.00000000000000000
-18551.00000000000000000 16947.00000000000000000 -4305.00000000000000000
-18551.00000000000000000 16995.00000000000000000 -4305.00000000000000000
-18551.00000000000000000 17047.00000000000000000 -4305.00000000000000000
-18551.00000000000000000 17095.00000000000000000 -4305.00000000000000000
-18551.00000000000000000 17147.00000000000000000 -4305.00000000000000000
-18551.00000000000000000 17147.00000000000000000 -4305.00000000000000000
-18551.00000000000000000 17199.00000000000000000 -4305.00000000000000000
-18551.00000000000000000 17247.00000000000000000 -4265.00000000000000000
-18551.00000000000000000 17299.00000000000000000 -4265.00000000000000000
-18551.00000000000000000 17347.00000000000000000 -4265.00000000000000000
-18551.00000000000000000 17347.00000000000000000 -4265.00000000000000000
-18551.00000000000000000 17399.00000000000000000 -4265.00000000000000000
-18551.00000000000000000 17447.00000000000000000 -4265.00000000000000000
-18551.00000000000000000 17499.00000000000000000 -4265.00000000000000000
-18551.00000000000000000 17547.00000000000000000 -4265.00000000000000000
-18551.00000000000000000 17547.00000000000000000 -4265.00000000000000000
-18551.00000000000000000 17599.00000000000000000 -4265.00000000000000000
-18551.00000000000000000 17651.00000000000000000 -4265.00000000000000000
-18551.00000000000000000 17699.00000000000000000 -4265.00000000000000000
-18551.00000000000000000 17751.00000000000000000 -4265.00000000000000000
-18551.00000000000000000 17751.00000000000000000 -4265.00000000000000000
-18551.00000000000000000 17799.00000000000000000 -4265.00000000000000000
-18551.00000000000000000 17851.00000000000000000 -4265.00000000000000000
-18551.00000000000000000 17899.00000000000000000 -6075.00000000000000000
-18551.00000000000000000 17951.00000000000000000 -6075.00000000000000000
-18551.00000000000000000 17951.00000000000000000 -6075.00000000000000000
-18551.00000000000000000 18003.00000000000000000 -6075.00000000000000000
-18551.00000000000000000 18051.00000000000000000 -6075.00000000000000000
-18551.00000000000000000 18103.00000000000000000 -6075.00000000000000000
-18551.00000000000000000 18151.00000000000000000 -6075.00000000000000000
-18551.00000000000000000 18151.00000000000000000 -6075.00000000000000000
-18551.00000000000000000 18203.00000000000000000 -6075.00000000000000000
-18551.00000000000000000 18251.00000000000000000 -6075.00000000000000000
-18551.00000000000000000 18303.00000000000000000 -6075.00000000000000000
-18551.00000000000000000 18303.00000000000000000 -6075.00000000000000000
-18551.00000000000000000 18355.00000000000000000 -6075.00000000000000000
-18551.00000000000000000 18403.00000000000000000 -6075.00000000000000000
-18551.00000000000000000 18455.00000000000000000 -6075.00000000000000000
-18551.00000000000000000 18503.00000000000000000 -6075.00000000000000000
-18551.00000000000000000 18503.00000000000000000 -6075.00000000000000000
-18551.00000000000000000 18555.00000000000000000 -4520.00000000000000000
-18551.00000000000000000 18603.00000000000000000 -4520.00000000000000000
-18551.00000000000000000 18655.00000000000000000 -4520.00000000000000000
-18551.00000000000000000 18707.00000000000000000 -4520.00000000000000000
-18551.00000000000000000 18707.00000000000000000 -4520.00000000000000000
-18551.00000000000000000 18755.00000000000000000 -4520.00000000000000000
-18551.00000000000000000 18807.00000000000000000 -4520.00000000000000000
-18551.00000000000000000 18855.00000000000000000 -4520.00000000000000000
-18551.00000000000000000 18907.00000000000000000 -4520.00000000000000000
-18551.00000000000000000 18907.00000000000000000 -4520.00000000000000000
-18551.00000000000000000 18959.00000000000000000 -4520.00000000000000000
-18551.00000000000000000 19007.00000000000000000 -4520.00000000000000000
-18551.00000000000000000 19059.00000000000000000 -4520.00000000000000000
-18551.00000000000000000 19107.00000000000000000 -4520.00000000000000000
-18551.00000000000000000 19107.00000000000000000 -4520.00000000000000000
-18551.00000000000000000 19159.00000000000000000 -4520.00000000000000000
-18551.00000000000000000 19207.00000000000000000 -4305.00000000000000000
-18551.00000000000000000 19259.00000000000000000 -4305.00000000000000000
-18551.00000000000000000 19311.00000000000000000 -4305.00000000000000000
-18551.00000000000000000 19311.00000000000000000 -4305.00000000000000000
-18551.00000000000000000 19359.00000000000000000 -4305.00000000000000000
-18551.00000000000000000 19411.00000000000000000 -4305.00000000000000000
-18551.00000000000000000 19459.00000000000000000 -4305.00000000000000000
-18551.00000000000000000 19511.00000000000000000 -4305.00000000000000000
-18551.00000000000000000 19511.00000000000000000 -4305.00000000000000000
-18551.00000000000000000 19559.00000000000000000 -4305.00000000000000000
-18551.00000000000000000 19611.00000000000000000 -4305.00000000000000000
-18551.00000000000000000 19659.00000000000000000 -4305.00000000000000000
-18551.00000000000000000 19711.00000000000000000 -4305.00000000000000000
-18551.00000000000000000 19711.00000000000000000 -4305.00000000000000000
-18551.00000000000000000 19763.00000000000000000 -4305.00000000000000000
-18551.00000000000000000 19811.00000000000000000 -4305.00000000000000000
-18551.00000000000000000 19863.00000000000000000 -4345.00000000000000000
-18551.00000000000000000 19911.00000000000000000 -4345.00000000000000000
-18551.00000000000000000 19911.00000000000000000 -4345.00000000000000000
-18551.00000000000000000 19963.00000000000000000 -4345.00000000000000000
-18551.00000000000000000 20011.00000000000000000 -4345.00000000000000000
-18551.00000000000000000 20063.00000000000000000 -4345.00000000000000000
-18551.00000000000000000 20111.00000000000000000 -4345.00000000000000000
-18551.00000000000000000 20111.00000000000000000 -4345.00000000000000000
-18551.00000000000000000 20163.00000000000000000 -4345.00000000000000000
-18551.00000000000000000 20215.00000000000000000 -4345.00000000000000000
-18551.00000000000000000 20263.00000000000000000 -4345.00000000000000000
-18551.00000000000000000 20263.00000000000000000 -4345.00000000000000000
-18551.00000000000000000 20315.00000000000000000 -4345.00000000000000000
-18551.00000000000000000 20363.00000000000000000 -4345.00000000000000000
-18551.00000000000000000 20415.00000000000000000 -4345.00000000000000000
-18551.00000000000000000 20467.00000000000000000 -4345.00000000000000000
-18551.00000000000000000 20467.00000000000000000 -4345.00000000000000000
-18551.00000000000000000 20515.00000000000000000 -4694.00000000000000000
-18551.00000000000000000 20567.00000000000000000 -4694.00000000000000000
-18551.00000000000000000 20615.00000000000000000 -4694.00000000000000000
-18551.00000000000000000 20667.00000000000000000 -4694.00000000000000000
-18551.00000000000000000 20667.00000000000000000 -4694.00000000000000000
-18551.00000000000000000 20715.00000000000000000 -4694.00000000000000000
-18551.00000000000000000 20767.00000000000000000 -4694.00000000000000000
-18551.00000000000000000 20815.00000000000000000 -4694.00000000000000000
-18551.00000000000000000 20867.00000000000000000 -4694.00000000000000000
-18551.00000000000000000 20867.00000000000000000 -4694.00000000000000000
-18551.00000000000000000 20919.00000000000000000 -4694.00000000000000000
-18551.00000000000000000 20967.00000000000000000 -4694.00000000000000000
-18551.00000000000000000 21019.00000000000000000 -4694.00000000000000000
-18551.00000000000000000 21067.00000000000000000 -4694.00000000000000000
-18551.00000000000000000 21067.00000000000000000 -4694.00000000000000000
-18551.00000000000000000 21119.00000000000000000 -4694.00000000000000000
-18551.00000000000000000 21167.00000000000000000 -4587.00000000000000000
-18551.00000000000000000 21219.00000000000000000 -4587.00000000000000000
-18551.00000000000000000 21267.00000000000000000 -4587.00000000000000000
-18551.00000000000000000 21267.00000000000000000 -4587.00000000000000000
-18551.00000000000000000 21319.00000000000000000 -4587.00000000000000000
-18551.00000000000000000 21367.00000000000000000 -4587.00000000000000000
-18551.00000000000000000 21419.00000000000000000 -4587.00000000000000000
-18551.00000000000000000 21471.00000000000000000 -4587.00000000000000000
-18551.00000000000000000 21471.00000000000000000 -4587.00000000000000000
-18551.00000000000000000 21519.00000000000000000 -4587.00000000000000000
-18551.00000000000000000 21571.00000000000000000 -4587.00000000000000000
-18551.00000000000000000 21619.00000000000000000 -4587.00000000000000000
-18551.00000000000000000 21671.00000000000000000 -4587.00000000000000000
-18551.00000000000000000 21671.00000000000000000 -4587.00000000000000000
-18551.00000000000000000 21723.00000000000000000 -4587.00000000000000000
-18551.00000000000000000 21771.00000000000000000 -4587.00000000000000000
-18551.00000000000000000 21823.00000000000000000 -4506.00000000000000000
-18551.00000000000000000 21871.00000000000000000 -4506.00000000000000000
-18551.00000000000000000 21871.00000000000000000 -4506.00000000000000000
-18551.00000000000000000 21923.00000000000000000 -4506.00000000000000000
-18551.00000000000000000 21971.00000000000000000 -4506.00000000000000000
-18551.00000000000000000 22023.00000000000000000 -4506.00000000000000000
-18551.00000000000000000 22071.00000000000000000 -4506.00000000000000000
-18551.00000000000000000 22071.00000000000000000 -4506.00000000000000000
-18551.00000000000000000 22123.00000000000000000 -4506.00000000000000000
-18551.00000000000000000 22175.00000000000000000 -4506.00000000000000000
-18551.00000000000000000 22223.00000000000000000 -4506.00000000000000000
-18551.00000000000000000 22223.00000000000000000 -4506.00000000000000000
-18551.00000000000000000 22275.00000000000000000 -4506.00000000000000000
-18551.00000000000000000 22323.00000000000000000 -4506.00000000000000000
-18551.00000000000000000 22375.00000000000000000 -4506.00000000000000000
-18551.00000000000000000 22423.00000000000000000 -4506.00000000000000000
-18551.00000000000000000 22423.00000000000000000 -4506.00000000000000000
-18551.00000000000000000 22475.00000000000000000 -4600.00000000000000000
-18551.00000000000000000 22527.00000000000000000 -4600.00000000000000000
-18551.00000000000000000 22575.00000000000000000 -4600.00000000000000000
-18551.00000000000000000 22627.00000000000000000 -4600.00000000000000000
-18551.00000000000000000 22627.00000000000000000 -4600.00000000000000000
-18551.00000000000000000 22675.00000000000000000 -4600.00000000000000000
-18551.00000000000000000 22727.00000000000000000 -4600.00000000000000000
-18551.00000000000000000 22775.00000000000000000 -4600.00000000000000000
-18551.00000000000000000 22827.00000000000000000 -4600.00000000000000000
-18551.00000000000000000 22827.00000000000000000 -4600.00000000000000000
-18551.00000000000000000 22879.00000000000000000 -4600.00000000000000000
-18551.00000000000000000 22927.00000000000000000 -4600.00000000000000000
-18551.00000000000000000 22979.00000000000000000 -4600.00000000000000000
-18551.00000000000000000 23027.00000000000000000 -4600.00000000000000000
-18551.00000000000000000 23027.00000000000000000 -4600.00000000000000000
-18551.00000000000000000 23079.00000000000000000 -4600.00000000000000000
-18551.00000000000000000 23131.00000000000000000 -4654.00000000000000000
-18551.00000000000000000 23179.00000000000000000 -4654.00000000000000000
-18551.00000000000000000 23231.00000000000000000 -4654.00000000000000000
-18551.00000000000000000 23231.00000000000000000 -4654.00000000000000000
-18551.00000000000000000 23279.00000000000000000 -4654.00000000000000000
-18551.00000000000000000 23331.00000000000000000 -4654.00000000000000000
-18551.00000000000000000 23379.00000000000000000 -4654.00000000000000000
-18551.00000000000000000 23431.00000000000000000 -4654.00000000000000000
-18551.00000000000000000 23431.00000000000000000 -4654.00000000000000000
-18551.00000000000000000 23483.00000000000000000 -4654.00000000000000000
-18551.00000000000000000 23531.00000000000000000 -4654.00000000000000000
-18551.00000000000000000 23583.00000000000000000 -4654.00000000000000000
-18551.00000000000000000 23631.00000000000000000 -4654.00000000000000000
-18551.00000000000000000 23631.00000000000000000 -4654.00000000000000000
-18551.00000000000000000 23683.00000000000000000 -4654.00000000000000000
-18551.00000000000000000 23735.00000000000000000 -4654.00000000000000000
-18551.00000000000000000 23783.00000000000000000 -4533.00000000000000000
-18551.00000000000000000 23783.00000000000000000 -4533.00000000000000000
-18551.00000000000000000 23835.00000000000000000 -4533.00000000000000000
-18551.00000000000000000 23883.00000000000000000 -4533.00000000000000000
-18551.00000000000000000 23935.00000000000000000 -4533.00000000000000000
-18551.00000000000000000 23983.00000000000000000 -4533.00000000000000000
-18551.00000000000000000 23983.00000000000000000 -4533.00000000000000000
-18551.00000000000000000 24035.00000000000000000 -4533.00000000000000000
-18551.00000000000000000 24083.00000000000000000 -4533.00000000000000000
-18551.00000000000000000 24135.00000000000000000 -4533.00000000000000000
-18551.00000000000000000 24187.00000000000000000 -4533.00000000000000000
-18551.00000000000000000 24187.00000000000000000 -4533.00000000000000000
-18551.00000000000000000 24235.00000000000000000 -4533.00000000000000000
-18551.00000000000000000 24287.00000000000000000 -4533.00000000000000000
-18551.00000000000000000 24335.00000000000000000 -4533.00000000000000000
-18551.00000000000000000 24387.00000000000000000 -4533.00000000000000000
-18551.00000000000000000 24387.00000000000000000 -4533.00000000000000000
-18551.00000000000000000 24435.00000000000000000 -4318.00000000000000000
-18551.00000000000000000 24487.00000000000000000 -4318.00000000000000000
-18551.00000000000000000 24537.00000000000000000 -4318.00000000000000000
-18551.00000000000000000 24580.00000000000000000 -4318.00000000000000000
-18551.00000000000000000 24580.00000000000000000 -4318.00000000000000000
-18551.00000000000000000 24619.00000000000000000 -4318.00000000000000000
-18551.00000000000000000 24646.00000000000000000 -4318.00000000000000000
-18551.00000000000000000 24667.00000000000000000 -4318.00000000000000000
-18551.00000000000000000 24680.00000000000000000 -4318.00000000000000000
-18551.00000000000000000 24680.00000000000000000 -4318.00000000000000000
-18551.00000000000000000 24688.00000000000000000 -4318.00000000000000000
-18551.00000000000000000 24692.00000000000000000 -4318.00000000000000000
-18551.00000000000000000 24695.00000000000000000 -4318.00000000000000000
-18551.00000000000000000 24696.00000000000000000 -4318.00000000000000000
-18551.00000000000000000 24696.00000000000000000 -4318.00000000000000000
-18551.00000000000000000 24696.00000000000000000 -4318.00000000000000000
-18550.00000000000000000 24697.00000000000000000 -2186.00000000000000000
-18550.00000000000000000 24697.00000000000000000 -2186.00000000000000000
-18550.00000000000000000 24697.00000000000000000 -2186.00000000000000000
-18550.00000000000000000 24697.00000000000000000 -2186.00000000000000000
-18550.00000000000000000 24697.00000000000000000 -2186.00000000000000000
-18550.00000000000000000 24697.00000000000000000 -2186.00000000000000000
-18550.00000000000000000 24697.00000000000000000 -2186.00000000000000000
-18550.00000000000000000 24697.00000000000000000 -2186.00000000000000000
-18550.00000000000000000 24697.00000000000000000 -2186.00000000000000000
-18550.00000000000000000 24697.00000000000000000 -2186.00000000000000000
-18550.00000000000000000 24697.00000000000000000 -2186.00000000000000000
-18550.00000000000000000 24697.00000000000000000 -2186.00000000000000000
-18550.00000000000000000 24697.00000000000000000 -2186.00000000000000000
-18550.00000000000000000 24697.00000000000000000 -2186.00000000000000000
-18550.00000000000000000 24697.00000000000000000 -2186.00000000000000000
-18550.00000000000000000 24697.00000000000000000 -2186.00000000000000000
-18550.00000000000000000 24697.00000000000000000 -188.00000000000000000
-18550.00000000000000000 24697.00000000000000000 -188.00000000000000000
-18550.00000000000000000 24697.00000000000000000 -188.00000000000000000
-18550.00000000000000000 24697.00000000000000000 -188.00000000000000000
-18550.00000000000000000 24697.00000000000000000 -188.00000000000000000
-18550.00000000000000000 24697.00000000000000000 -188.00000000000000000
-18550.00000000000000000 24697.00000000000000000 -188.00000000000000000
-18550.00000000000000000 24697.00000000000000000 -188.00000000000000000
-18550.00000000000000000 24697.00000000000000000 -188.00000000000000000
-18550.00000000000000000 24697.00000000000000000 -188.00000000000000000
-18550.00000000000000000 24697.00000000000000000 -188.00000000000000000
-18550.00000000000000000 24697.00000000000000000 -188.00000000000000000
-18550.00000000000000000 24697.00000000000000000 -188.00000000000000000
-18550.00000000000000000 24697.00000000000000000 -188.00000000000000000
-18550.00000000000000000 24697.00000000000000000 -188.00000000000000000
-18550.00000000000000000 24697.00000000000000000 -188.00000000000000000
-18550.00000000000000000 24697.00000000000000000 0.00000000000000000
-18550.00000000000000000 24697.00000000000000000 0.00000000000000000
-18550.00000000000000000 24697.00000000000000000 0.00000000000000000
-18550.00000000000000000 24697.00000000000000000 0.00000000000000000
-18550.00000000000000000 24697.00000000000000000 0.00000000000000000
-18550.00000000000000000 24697.00000000000000000 0.00000000000000000
-18550.00000000000000000 24697.00000000000000000 0.00000000000000000
-18550.00000000000000000 24697.00000000000000000 0.00000000000000000
-18550.00000000000000000 24697.00000000000000000 0.00000000000000000
-18550.00000000000000000 24697.00000000000000000 0.00000000000000000
-18550.00000000000000000 24697.00000000000000000 0.00000000000000000
-18550.00000000000000000 24697.00000000000000000 0.00000000000000000
-18550.00000000000000000 24697.00000000000000000 0.00000000000000000
-18550.00000000000000000 24697.00000000000000000 0.00000000000000000
-18550.00000000000000000 24697.00000000000000000 0.00000000000000000
-18550.00000000000000000 24697.00000000000000000 0.00000000000000000
-18550.00000000000000000 24697.00000000000000000 0.00000000000000000
-18550.00000000000000000 24697.00000000000000000 0.00000000000000000
-18550.00000000000000000 24697.00000000000000000 0.00000000000000000
-18550.00000000000000000 24697.00000000000000000 0.00000000000000000
-18550.00000000000000000 24697.00000000000000000 0.00000000000000000
-18550.00000000000000000 24697.00000000000000000 0.00000000000000000
-18550.00000000000000000 24697.00000000000000000 0.00000000000000000
-18550.00000000000000000 24697.00000000000000000 0.00000000000000000
-18550.00000000000000000 24697.00000000000000000 0.00000000000000000
-18550.00000000000000000 24697.00000000000000000 0.00000000000000000
-18550.00000000000000000 24697.00000000000000000 0.00000000000000000
-18550.00000000000000000 24697.00000000000000000 0.00000000000000000
-18550.00000000000000000 24697.00000000000000000 0.00000000000000000
-18550.00000000000000000 24697.00000000000000000 0.00000000000000000
-18550.00000000000000000 24697.00000000000000000 0.00000000000000000
-18550.00000000000000000 24697.00000000000000000 0.00000000000000000
-18550.00000000000000000 24697.00000000000000000 0.00000000000000000
-18550.00000000000000000 24697.00000000000000000 27.00000000000000000
-18550.00000000000000000 24697.00000000000000000 27.00000000000000000
-18550.00000000000000000 24697.00000000000000000 27.00000000000000000
-18550.00000000000000000 24697.00000000000000000 27.00000000000000000
-18550.00000000000000000 24697.00000000000000000 27.00000000000000000
-18550.00000000000000000 24697.00000000000000000 27.00000000000000000
-18550.00000000000000000 24697.00000000000000000 27.00000000000000000
-18550.00000000000000000 24697.00000000000000000 27.00000000000000000
-18550.00000000000000000 24697.00000000000000000 27.00000000000000000
-18550.00000000000000000 24697.00000000000000000 27.00000000000000000
-18550.00000000000000000 24697.00000000000000000 27.00000000000000000
-18550.00000000000000000 24697.00000000000000000 27.00000000000000000
-18550.00000000000000000 24697.00000000000000000 27.00000000000000000
-18550.00000000000000000 24697.00000000000000000 27.00000000000000000
-18550.00000000000000000 24697.00000000000000000 27.00000000000000000
-18550.00000000000000000 24697.00000000000000000 27.00000000000000000
-18550.00000000000000000 24697.00000000000000000 0.00000000000000000
-18550.00000000000000000 24697.00000000000000000 0.00000000000000000
-18550.00000000000000000 24697.00000000000000000 0.00000000000000000
-18550.00000000000000000 24697.00000000000000000 0.00000000000000000
-18550.00000000000000000 24697.00000000000000000 0.00000000000000000
-18550.00000000000000000 24697.00000000000000000 0.00000000000000000
-18550.00000000000000000 24697.00000000000000000 0.00000000000000000
-18550.00000000000000000 24697.00000000000000000 0.00000000000000000
-18550.00000000000000000 24697.00000000000000000 0.00000000000000000
-18550.00000000000000000 24697.00000000000000000 0.00000000000000000
-18550.00000000000000000 24697.00000000000000000 0.00000000000000000
-18550.00000000000000000 24697.00000000000000000 0.00000000000000000
-18550.00000000000000000 24697.00000000000000000 0.00000000000000000
-18550.00000000000000000 24697.00000000000000000 0.00000000000000000
-18550.00000000000000000 24697.00000000000000000 0.00000000000000000
-18550.00000000000000000 24697.00000000000000000 0.00000000000000000
-18550.00000000000000000 24697.00000000000000000 0.00000000000000000
-18550.00000000000000000 24697.00000000000000000 0.00000000000000000
-18550.00000000000000000 24697.00000000000000000 0.00000000000000000
-18550.00000000000000000 24697.00000000000000000 0.00000000000000000
-18550.00000000000000000 24697.00000000000000000 0.00000000000000000
-18550.00000000000000000 24697.00000000000000000 0.00000000000000000
-18550.00000000000000000 24697.00000000000000000 0.00000000000000000
-18550.00000000000000000 24697.00000000000000000 0.00000000000000000
-18550.00000000000000000 24697.00000000000000000 0.00000000000000000
-18550.00000000000000000 24697.00000000000000000 0.00000000000000000
-18550.00000000000000000 24697.00000000000000000 0.00000000000000000
-18550.00000000000000000 24697.00000000000000000 0.00000000000000000
-18550.00000000000000000 24697.00000000000000000 0.00000000000000000
-18550.00000000000000000 24697.00000000000000000 0.00000000000000000
-18550.00000000000000000 24697.00000000000000000 0.00000000000000000
-18550.00000000000000000 24697.00000000000000000 0.00000000000000000
-18550.00000000000000000 24697.00000000000000000 0.00000000000000000
-18550.00000000000000000 24697.00000000000000000 13.00000000000000000
-18550.00000000000000000 24697.00000000000000000 13.00000000000000000
-18550.00000000000000000 24697.00000000000000000 13.00000000000000000
-18550.00000000000000000 24697.00000000000000000 13.00000000000000000
-18550.00000000000000000 24697.00000000000000000 13.00000000000000000
-18550.00000000000000000 24697.00000000000000000 13.00000000000000000
-18550.00000000000000000 24697.00000000000000000 13.00000000000000000
-18550.00000000000000000 24697.00000000000000000 13.00000000000000000
-18550.00000000000000000 24697.00000000000000000 13.00000000000000000
-18550.00000000000000000 24697.00000000000000000 13.00000000000000000
-18550.00000000000000000 24697.00000000000000000 13.00000000000000000
-18550.00000000000000000 24697.00000000000000000 13.00000000000000000
-18550.00000000000000000 24697.00000000000000000 13.00000000000000000
-18550.00000000000000000 24697.00000000000000000 13.00000000000000000
-18550.00000000000000000 24697.00000000000000000 13.00000000000000000
-18550.00000000000000000 24697.00000000000000000 13.00000000000000000
-18550.00000000000000000 24697.00000000000000000 27.00000000000000000
-18550.00000000000000000 24697.00000000000000000 27.00000000000000000
-18550.00000000000000000 24697.00000000000000000 27.00000000000000000
-18550.00000000000000000 24697.00000000000000000 27.00000000000000000
-18550.00000000000000000 24697.00000000000000000 27.00000000000000000
-18550.00000000000000000 24697.00000000000000000 27.00000000000000000
-18550.00000000000000000 24697.00000000000000000 27.00000000000000000
-18550.00000000000000000 24697.00000000000000000 27.00000000000000000
-18550.00000000000000000 24697.00000000000000000 27.00000000000000000
-18550.00000000000000000 24697.00000000000000000 27.00000000000000000
-18550.00000000000000000 24697.00000000000000000 27.00000000000000000
-18550.00000000000000000 24697.00000000000000000 27.00000000000000000
-18550.00000000000000000 24697.00000000000000000 27.00000000000000000
-18550.00000000000000000 24697.00000000000000000 27.00000000000000000
-18550.00000000000000000 24697.00000000000000000 27.00000000000000000
-18550.00000000000000000 24697.00000000000000000 27.00000000000000000
-18550.00000000000000000 24697.00000000000000000 27.00000000000000000
-18550.00000000000000000 24697.00000000000000000 0.00000000000000000
-18550.00000000000000000 24697.00000000000000000 0.00000000000000000
-18550.00000000000000000 24697.00000000000000000 0.00000000000000000
-18550.00000000000000000 24697.00000000000000000 0.00000000000000000
-18550.00000000000000000 24697.00000000000000000 0.00000000000000000
-18550.00000000000000000 24697.00000000000000000 0.00000000000000000
-18550.00000000000000000 24697.00000000000000000 0.00000000000000000
-18550.00000000000000000 24697.00000000000000000 0.00000000000000000
-18550.00000000000000000 24697.00000000000000000 0.00000000000000000
-18550.00000000000000000 24697.00000000000000000 0.00000000000000000
-18550.00000000000000000 24697.00000000000000000 0.00000000000000000
-18550.00000000000000000 24697.00000000000000000 0.00000000000000000
-18550.00000000000000000 24697.00000000000000000 0.00000000000000000
-18550.00000000000000000 24697.00000000000000000 0.00000000000000000
-18550.00000000000000000 24697.00000000000000000 0.00000000000000000
-18550.00000000000000000 24697.00000000000000000 0.00000000000000000
-18550.00000000000000000 24697.00000000000000000 0.00000000000000000
-18550.00000000000000000 24697.00000000000000000 0.00000000000000000
-18550.00000000000000000 24697.00000000000000000 0.00000000000000000
-18550.00000000000000000 24697.00000000000000000 0.00000000000000000
-18550.00000000000000000 24697.00000000000000000 0.00000000000000000
-18550.00000000000000000 24697.00000000000000000 0.00000000000000000
-18550.00000000000000000 24697.00000000000000000 0.00000000000000000
-18550.00000000000000000 24697.00000000000000000 0.00000000000000000
-18550.00000000000000000 24697.00000000000000000 0.00000000000000000
-18550.00000000000000000 24697.00000000000000000 0.00000000000000000
-18550.00000000000000000 24697.00000000000000000 0.00000000000000000
-18550.00000000000000000 24697.00000000000000000 0.00000000000000000
-18550.00000000000000000 24697.00000000000000000 0.00000000000000000
-18550.00000000000000000 24697.00000000000000000 0.00000000000000000
-18550.00000000000000000 24697.00000000000000000 0.00000000000000000
-18550.00000000000000000 24697.00000000000000000 0.00000000000000000
-18550.00000000000000000 24697.00000000000000000 -13.00000000000000000
-18550.00000000000000000 24697.00000000000000000 -13.00000000000000000
-18550.00000000000000000 24697.00000000000000000 -13.00000000000000000
-18550.00000000000000000 24697.00000000000000000 -13.00000000000000000
-18550.00000000000000000 24697.00000000000000000 -13.00000000000000000
-18550.00000000000000000 24697.00000000000000000 -13.00000000000000000
-18550.00000000000000000 24697.00000000000000000 -13.00000000000000000
-18550.00000000000000000 24697.00000000000000000 -13.00000000000000000
-18550.00000000000000000 24697.00000000000000000 -13.00000000000000000
-18550.00000000000000000 24697.00000000000000000 -13.00000000000000000
-18550.00000000000000000 24697.00000000000000000 -13.00000000000000000
-18550.00000000000000000 24697.00000000000000000 -13.00000000000000000
-18550.00000000000000000 24697.00000000000000000 -13.00000000000000000
-18550.00000000000000000 24697.00000000000000000 -13.00000000000000000
-18550.00000000000000000 24697.00000000000000000 -13.00000000000000000
-18550.00000000000000000 24697.00000000000000000 -13.00000000000000000
-18550.00000000000000000 24697.00000000000000000 -13.00000000000000000
-18550.00000000000000000 24697.00000000000000000 0.00000000000000000
-18550.00000000000000000 24697.00000000000000000 0.00000000000000000
-18550.00000000000000000 24697.00000000000000000 0.00000000000000000
-18550.00000000000000000 24697.00000000000000000 0.00000000000000000
-18550.00000000000000000 24697.00000000000000000 0.00000000000000000
-18550.00000000000000000 24697.00000000000000000 0.00000000000000000
-18550.00000000000000000 24697.00000000000000000 0.00000000000000000
-18550.00000000000000000 24697.00000000000000000 0.00000000000000000
-18550.00000000000000000 24697.00000000000000000 0.00000000000000000
-18550.00000000000000000 24697.00000000000000000 0.00000000000000000
-18550.00000000000000000 24697.00000000000000000 0.00000000000000000
-18550.00000000000000000 24697.00000000000000000 0.00000000000000000
-18550.00000000000000000 24697.00000000000000000 0.00000000000000000
-18550.00000000000000000 24697.00000000000000000 0.00000000000000000
-18550.00000000000000000 24697.00000000000000000 0.00000000000000000
-18550.00000000000000000 24697.00000000000000000 0.00000000000000000
-18550.00000000000000000 24697.00000000000000000 0.00000000000000000
-18550.00000000000000000 24697.00000000000000000 0.00000000000000000
-18550.00000000000000000 24697.00000000000000000 0.00000000000000000
-18550.00000000000000000 24697.00000000000000000 0.00000000000000000
-18550.00000000000000000 24697.00000000000000000 0.00000000000000000
-18550.00000000000000000 24697.00000000000000000 0.00000000000000000
-18550.00000000000000000 24697.00000000000000000 0.00000000000000000
-18550.00000000000000000 24697.00000000000000000 0.00000000000000000
-18550.00000000000000000 24697.00000000000000000 0.00000000000000000
-18550.00000000000000000 24697.00000000000000000 0.00000000000000000
-18550.00000000000000000 24697.00000000000000000 0.00000000000000000
-18550.00000000000000000 24697.00000000000000000 0.00000000000000000
-18550.00000000000000000 24697.00000000000000000 0.00000000000000000
-18550.00000000000000000 24697.00000000000000000 0.00000000000000000
-18550.00000000000000000 24697.00000000000000000 0.00000000000000000
-18550.00000000000000000 24697.00000000000000000 0.00000000000000000
-18550.00000000000000000 24697.00000000000000000 0.00000000000000000
-18550.00000000000000000 24697.00000000000000000 0.00000000000000000
-18550.00000000000000000 24697.00000000000000000 0.00000000000000000
-18550.00000000000000000 24697.00000000000000000 0.00000000000000000
-18550.00000000000000000 24697.00000000000000000 0.00000000000000000
-18550.00000000000000000 24697.00000000000000000 0.00000000000000000
-18550.00000000000000000 24697.00000000000000000 0.00000000000000000
-18550.00000000000000000 24697.00000000000000000 0.00000000000000000
-18550.00000000000000000 24697.00000000000000000 0.00000000000000000
-18550.00000000000000000 24697.00000000000000000 0.00000000000000000
-18550.00000000000000000 24697.00000000000000000 0.00000000000000000
-18550.00000000000000000 24697.00000000000000000 0.00000000000000000
-18550.00000000000000000 24697.00000000000000000 0.00000000000000000
-18550.00000000000000000 24697.00000000000000000 0.00000000000000000
-18550.00000000000000000 24697.00000000000000000 0.00000000000000000
-18550.00000000000000000 24697.00000000000000000 0.00000000000000000
-18550.00000000000000000 24697.00000000000000000 0.00000000000000000
-18550.00000000000000000 24697.00000000000000000 0.00000000000000000
-18550.00000000000000000 24697.00000000000000000 0.00000000000000000
-18550.00000000000000000 24697.00000000000000000 0.00000000000000000
-18550.00000000000000000 24697.00000000000000000 0.00000000000000000
-18550.00000000000000000 24697.00000000000000000 0.00000000000000000
-18550.00000000000000000 24697.00000000000000000 0.00000000000000000
-18550.00000000000000000 24697.00000000000000000 0.00000000000000000
-18550.00000000000000000 24697.00000000000000000 0.00000000000000000
-18550.00000000000000000 24697.00000000000000000 0.00000000000000000
-18550.00000000000000000 24697.00000000000000000 0.00000000000000000
-18550.00000000000000000 24697.00000000000000000 0.00000000000000000
-18550.00000000000000000 24697.00000000000000000 0.00000000000000000
-18550.00000000000000000 24697.00000000000000000 0.00000000000000000
-18550.00000000000000000 24697.00000000000000000 0.00000000000000000
-18550.00000000000000000 24697.00000000000000000 0.00000000000000000
-18550.00000000000000000 24697.00000000000000000 0.00000000000000000
-18550.00000000000000000 24697.00000000000000000 0.00000000000000000
-18550.00000000000000000 24697.00000000000000000 0.00000000000000000
-18550.00000000000000000 24697.00000000000000000 0.00000000000000000
-18550.00000000000000000 24697.00000000000000000 0.00000000000000000
-18550.00000000000000000 24697.00000000000000000 0.00000000000000000
-18550.00000000000000000 24697.00000000000000000 0.00000000000000000
-18550.00000000000000000 24697.00000000000000000 0.00000000000000000
-18550.00000000000000000 24697.00000000000000000 0.00000000000000000
-18550.00000000000000000 24697.00000000000000000 0.00000000000000000
-18550.00000000000000000 24697.00000000000000000 0.00000000000000000
-18550.00000000000000000 24697.00000000000000000 0.00000000000000000
-18550.00000000000000000 24697.00000000000000000 0.00000000000000000
-18550.00000000000000000 24697.00000000000000000 0.00000000000000000
-18550.00000000000000000 24697.00000000000000000 0.00000000000000000
-18550.00000000000000000 24697.00000000000000000 0.00000000000000000
-18550.00000000000000000 24697.00000000000000000 0.00000000000000000
-18550.00000000000000000 24697.00000000000000000 0.00000000000000000
-18550.00000000000000000 24697.00000000000000000 0.00000000000000000
-18550.00000000000000000 24697.00000000000000000 0.00000000000000000
-18550.00000000000000000 24697.00000000000000000 0.00000000000000000
-18550.00000000000000000 24697.00000000000000000 0.00000000000000000
-18550.00000000000000000 24697.00000000000000000 0.00000000000000000
-18550.00000000000000000 24697.00000000000000000 0.00000000000000000
-18550.00000000000000000 24697.00000000000000000 0.00000000000000000
-18550.00000000000000000 24697.00000000000000000 0.00000000000000000
-18550.00000000000000000 24697.00000000000000000 0.00000000000000000
-18550.00000000000000000 24697.00000000000000000 0.00000000000000000
-18550.00000000000000000 24697.00000000000000000 0.00000000000000000
-18550.00000000000000000 24697.00000000000000000 0.00000000000000000
-18550.00000000000000000 24697.00000000000000000 0.00000000000000000
-18550.00000000000000000 24697.00000000000000000 0.00000000000000000
-18550.00000000000000000 24697.00000000000000000 0.00000000000000000
-18550.00000000000000000 24697.00000000000000000 0.00000000000000000
-18550.00000000000000000 24697.00000000000000000 0.00000000000000000
-18550.00000000000000000 24697.00000000000000000 0.00000000000000000
-18550.00000000000000000 24697.00000000000000000 0.00000000000000000
-18550.00000000000000000 24697.00000000000000000 0.00000000000000000
-18550.00000000000000000 24697.00000000000000000 0.00000000000000000
-18550.00000000000000000 24697.00000000000000000 0.00000000000000000
-18550.00000000000000000 24697.00000000000000000 0.00000000000000000
-18550.00000000000000000 24697.00000000000000000 0.00000000000000000
-18550.00000000000000000 24697.00000000000000000 0.00000000000000000
-18550.00000000000000000 24697.00000000000000000 0.00000000000000000
-18550.00000000000000000 24698.00000000000000000 0.00000000000000000
-18550.00000000000000000 24699.00000000000000000 0.00000000000000000
-18550.00000000000000000 24701.00000000000000000 0.00000000000000000
-18550.00000000000000000 24704.00000000000000000 0.00000000000000000
-18550.00000000000000000 24704.00000000000000000 0.00000000000000000
-18550.00000000000000000 24709.00000000000000000 0.00000000000000000
-18550.00000000000000000 24715.00000000000000000 -1891.00000000000000000
-18549.00000000000000000 24723.00000000000000000 -1891.00000000000000000
-18549.00000000000000000 24723.00000000000000000 -1891.00000000000000000
-18549.00000000000000000 24732.00000000000000000 -1891.00000000000000000
-18548.00000000000000000 24741.00000000000000000 -1891.00000000000000000
-18548.00000000000000000 24751.00000000000000000 -1891.00000000000000000
-18547.00000000000000000 24761.00000000000000000 -1891.00000000000000000
-18547.00000000000000000 24761.00000000000000000 -1891.00000000000000000
-18547.00000000000000000 24771.00000000000000000 -1891.00000000000000000
-18546.00000000000000000 24780.00000000000000000 -1891.00000000000000000
-18545.00000000000000000 24788.00000000000000000 -1891.00000000000000000
-18544.00000000000000000 24796.00000000000000000 -1891.00000000000000000
-18544.00000000000000000 24796.00000000000000000 -1891.00000000000000000
-18544.00000000000000000 24802.00000000000000000 -1891.00000000000000000
-18543.00000000000000000 24809.00000000000000000 -1891.00000000000000000
-18543.00000000000000000 24815.00000000000000000 -1891.00000000000000000
-18542.00000000000000000 24822.00000000000000000 -99096.00000000000000000
-18542.00000000000000000 24822.00000000000000000 -99096.00000000000000000
-18541.00000000000000000 24828.00000000000000000 -99096.00000000000000000
-18540.00000000000000000 24835.00000000000000000 -99096.00000000000000000
-18540.00000000000000000 24842.00000000000000000 -99096.00000000000000000
-18539.00000000000000000 24850.00000000000000000 -99096.00000000000000000
-18539.00000000000000000 24850.00000000000000000 -99096.00000000000000000
-18538.00000000000000000 24857.00000000000000000 -99096.00000000000000000
-18537.00000000000000000 24865.00000000000000000 -99096.00000000000000000
-18536.00000000000000000 24874.00000000000000000 -99096.00000000000000000
-18535.00000000000000000 24882.00000000000000000 -99096.00000000000000000
-18535.00000000000000000 24882.00000000000000000 -99096.00000000000000000
-18534.00000000000000000 24891.00000000000000000 -99096.00000000000000000
-18532.00000000000000000 24900.00000000000000000 -99096.00000000000000000
-18531.00000000000000000 24908.00000000000000000 -99096.00000000000000000
-18530.00000000000000000 24917.00000000000000000 -99096.00000000000000000
-18530.00000000000000000 24917.00000000000000000 -99096.00000000000000000
-18528.00000000000000000 24925.00000000000000000 -322179.00000000000000000
-18527.00000000000000000 24934.00000000000000000 -322179.00000000000000000
-18525.00000000000000000 24942.00000000000000000 -322179.00000000000000000
-18523.00000000000000000 24950.00000000000000000 -322179.00000000000000000
-18523.00000000000000000 24950.00000000000000000 -322179.00000000000000000
-18522.00000000000000000 24958.00000000000000000 -322179.00000000000000000
-18520.00000000000000000 24967.00000000000000000 -322179.00000000000000000
-18518.00000000000000000 24976.00000000000000000 -322179.00000000000000000
-18516.00000000000000000 24984.00000000000000000 -322179.00000000000000000
-18516.00000000000000000 24984.00000000000000000 -322179.00000000000000000
-18514.00000000000000000 24992.00000000000000000 -322179.00000000000000000
-18512.00000000000000000 25000.00000000000000000 -322179.00000000000000000
-18510.00000000000000000 25009.00000000000000000 -322179.00000000000000000
-18510.00000000000000000 25009.00000000000000000 -322179.00000000000000000
-18508.00000000000000000 25017.00000000000000000 -322179.00000000000000000
-18506.00000000000000000 25025.00000000000000000 -322179.00000000000000000
-18503.00000000000000000 25033.00000000000000000 -278941.00000000000000000
-18501.00000000000000000 25041.00000000000000000 -278941.00000000000000000
-18501.00000000000000000 25041.00000000000000000 -278941.00000000000000000
-18499.00000000000000000 25050.00000000000000000 -278941.00000000000000000
-18496.00000000000000000 25058.00000000000000000 -278941.00000000000000000
-18494.00000000000000000 25066.00000000000000000 -278941.00000000000000000
-18491.00000000000000000 25074.00000000000000000 -278941.00000000000000000
-18491.00000000000000000 25074.00000000000000000 -278941.00000000000000000
-18489.00000000000000000 25082.00000000000000000 -278941.00000000000000000
-18486.00000000000000000 25091.00000000000000000 -278941.00000000000000000
-18484.00000000000000000 25099.00000000000000000 -278941.00000000000000000
-18481.00000000000000000 25107.00000000000000000 -278941.00000000000000000
-18481.00000000000000000 25107.00000000000000000 -278941.00000000000000000
-18478.00000000000000000 25115.00000000000000000 -278941.00000000000000000
-18476.00000000000000000 25123.00000000000000000 -278941.00000000000000000
-18473.00000000000000000 25132.00000000000000000 -278941.00000000000000000
-18470.00000000000000000 25139.00000000000000000 -281784.00000000000000000
-18470.00000000000000000 25139.00000000000000000 -281784.00000000000000000
-18467.00000000000000000 25148.00000000000000000 -281784.00000000000000000
-18464.00000000000000000 25155.00000000000000000 -281784.00000000000000000
-18461.00000000000000000 25163.00000000000000000 -281784.00000000000000000
-18458.00000000000000000 25172.00000000000000000 -281784.00000000000000000
-18458.00000000000000000 25172.00000000000000000 -281784.00000000000000000
-18455.00000000000000000 25179.00000000000000000 -281784.00000000000000000
-18451.00000000000000000 25188.00000000000000000 -281784.00000000000000000
-18448.00000000000000000 25195.00000000000000000 -281784.00000000000000000
-18445.00000000000000000 25203.00000000000000000 -281784.00000000000000000
-18445.00000000000000000 25203.00000000000000000 -281784.00000000000000000
-18441.00000000000000000 25211.00000000000000000 -281784.00000000000000000
-18438.00000000000000000 25219.00000000000000000 -281784.00000000000000000
-18434.00000000000000000 25227.00000000000000000 -281784.00000000000000000
-18434.00000000000000000 25227.00000000000000000 -281784.00000000000000000
-18431.00000000000000000 25234.00000000000000000 -281784.00000000000000000
-18427.00000000000000000 25242.00000000000000000 -281140.00000000000000000
-18423.00000000000000000 25250.00000000000000000 -281140.00000000000000000
-18420.00000000000000000 25258.00000000000000000 -281140.00000000000000000
-18420.00000000000000000 25258.00000000000000000 -281140.00000000000000000
-18416.00000000000000000 25265.00000000000000000 -281140.00000000000000000
-18412.00000000000000000 25273.00000000000000000 -281140.00000000000000000
-18408.00000000000000000 25281.00000000000000000 -281140.00000000000000000
-18405.00000000000000000 25288.00000000000000000 -281140.00000000000000000
-18405.00000000000000000 25288.00000000000000000 -281140.00000000000000000
-18401.00000000000000000 25296.00000000000000000 -281140.00000000000000000
-18396.00000000000000000 25303.00000000000000000 -281140.00000000000000000
-18393.00000000000000000 25311.00000000000000000 -281140.00000000000000000
-18389.00000000000000000 25318.00000000000000000 -281140.00000000000000000
-18389.00000000000000000 25318.00000000000000000 -281140.00000000000000000
-18385.00000000000000000 25325.00000000000000000 -281140.00000000000000000
-18380.00000000000000000 25333.00000000000000000 -281140.00000000000000000
-18376.00000000000000000 25340.00000000000000000 -281328.00000000000000000
-18372.00000000000000000 25348.00000000000000000 -281328.00000000000000000
-18372.00000000000000000 25348.00000000000000000 -281328.00000000000000000
-18368.00000000000000000 25355.00000000000000000 -281328.00000000000000000
-18363.00000000000000000 25363.00000000000000000 -281328.00000000000000000
-18359.00000000000000000 25370.00000000000000000 -281328.00000000000000000
-18354.00000000000000000 25377.00000000000000000 -281328.00000000000000000
-18354.00000000000000000 25377.00000000000000000 -281328.00000000000000000
-18350.00000000000000000 25384.00000000000000000 -281328.00000000000000000
-18345.00000000000000000 25392.00000000000000000 -281328.00000000000000000
-18340.00000000000000000 25400.00000000000000000 -281328.00000000000000000
-18336.00000000000000000 25406.00000000000000000 -281328.00000000000000000
-18336.00000000000000000 25406.00000000000000000 -281328.00000000000000000
-18331.00000000000000000 25414.00000000000000000 -281328.00000000000000000
-18326.00000000000000000 25420.00000000000000000 -281328.00000000000000000
-18321.00000000000000000 25428.00000000000000000 -281328.00000000000000000
-18316.00000000000000000 25434.00000000000000000 -281436.00000000000000000
-18316.00000000000000000 25434.00000000000000000 -281436.00000000000000000
-18311.00000000000000000 25441.00000000000000000 -281436.00000000000000000
-18307.00000000000000000 25448.00000000000000000 -281436.00000000000000000
-18302.00000000000000000 25455.00000000000000000 -281436.00000000000000000
-18297.00000000000000000 25462.00000000000000000 -281436.00000000000000000
-18297.00000000000000000 25462.00000000000000000 -281436.00000000000000000
-18292.00000000000000000 25469.00000000000000000 -281436.00000000000000000
-18286.00000000000000000 25476.00000000000000000 -281436.00000000000000000
-18281.00000000000000000 25483.00000000000000000 -281436.00000000000000000
-18276.00000000000000000 25490.00000000000000000 -281436.00000000000000000
-18276.00000000000000000 25490.00000000000000000 -281436.00000000000000000
-18271.00000000000000000 25496.00000000000000000 -281436.00000000000000000
-18266.00000000000000000 25503.00000000000000000 -281436.00000000000000000
-18261.00000000000000000 25510.00000000000000000 -281436.00000000000000000
-18255.00000000000000000 25517.00000000000000000 -281436.00000000000000000
-18255.00000000000000000 25517.00000000000000000 -281436.00000000000000000
-18250.00000000000000000 25523.00000000000000000 -280671.00000000000000000
-18244.00000000000000000 25530.00000000000000000 -280671.00000000000000000
-18239.00000000000000000 25537.00000000000000000 -280671.00000000000000000
-18233.00000000000000000 25543.00000000000000000 -280671.00000000000000000
-18233.00000000000000000 25543.00000000000000000 -280671.00000000000000000
-18227.00000000000000000 25549.00000000000000000 -280671.00000000000000000
-18222.00000000000000000 25555.00000000000000000 -280671.00000000000000000
-18216.00000000000000000 25562.00000000000000000 -280671.00000000000000000
-18211.00000000000000000 25568.00000000000000000 -280671.00000000000000000
-18211.00000000000000000 25568.00000000000000000 -280671.00000000000000000
-18205.00000000000000000 25575.00000000000000000 -280671.00000000000000000
-18199.00000000000000000 25581.00000000000000000 -280671.00000000000000000
-18193.00000000000000000 25587.00000000000000000 -280671.00000000000000000
-18193.00000000000000000 25587.00000000000000000 -280671.00000000000000000
-18188.00000000000000000 25593.00000000000000000 -280671.00000000000000000
-18181.00000000000000000 25599.00000000000000000 -280671.00000000000000000
-18175.00000000000000000 25605.00000000000000000 -281073.00000000000000000
-18169.00000000000000000 25611.00000000000000000 -281073.00000000000000000
-18169.00000000000000000 25611.00000000000000000 -281073.00000000000000000
-18163.00000000000000000 25617.00000000000000000 -281073.00000000000000000
-18157.00000000000000000 25623.00000000000000000 -281073.00000000000000000
-18151.00000000000000000 25629.00000000000000000 -281073.00000000000000000
-18145.00000000000000000 25635.00000000000000000 -281073.00000000000000000
-18145.00000000000000000 25635.00000000000000000 -281073.00000000000000000
-18139.00000000000000000 25641.00000000000000000 -281073.00000000000000000
-18133.00000000000000000 25646.00000000000000000 -281073.00000000000000000
-18126.00000000000000000 25652.00000000000000000 -281073.00000000000000000
-18120.00000000000000000 25659.00000000000000000 -281073.00000000000000000
-18120.00000000000000000 25659.00000000000000000 -281073.00000000000000000
-18114.00000000000000000 25664.00000000000000000 -281073.00000000000000000
-18107.00000000000000000 25670.00000000000000000 -281073.00000000000000000
-18101.00000000000000000 25675.00000000000000000 -281073.00000000000000000
-18094.00000000000000000 25681.00000000000000000 -281194.00000000000000000
-18094.00000000000000000 25681.00000000000000000 -281194.00000000000000000
-18088.00000000000000000 25687.00000000000000000 -281194.00000000000000000
-18081.00000000000000000 25692.00000000000000000 -281194.00000000000000000
-18074.00000000000000000 25698.00000000000000000 -281194.00000000000000000
-18068.00000000000000000 25703.00000000000000000 -281194.00000000000000000
-18068.00000000000000000 25703.00000000000000000 -281194.00000000000000000
-18061.00000000000000000 25709.00000000000000000 -281194.00000000000000000
-18055.00000000000000000 25714.00000000000000000 -281194.00000000000000000
-18048.00000000000000000 25719.00000000000000000 -281194.00000000000000000
-18041.00000000000000000 25725.00000000000000000 -281194.00000000000000000
-18041.00000000000000000 25725.00000000000000000 -281194.00000000000000000
-18034.00000000000000000 25730.00000000000000000 -281194.00000000000000000
-18027.00000000000000000 25735.00000000000000000 -281194.00000000000000000
-18020.00000000000000000 25740.00000000000000000 -281194.00000000000000000
-18013.00000000000000000 25745.00000000000000000 -281194.00000000000000000
-18013.00000000000000000 25745.00000000000000000 -281194.00000000000000000
-18007.00000000000000000 25750.00000000000000000 -375046.00000000000000000
-17999.00000000000000000 25755.00000000000000000 -375046.00000000000000000
-17993.00000000000000000 25759.00000000000000000 -375046.00000000000000000
-17985.00000000000000000 25764.00000000000000000 -375046.00000000000000000
-17985.00000000000000000 25764.00000000000000000 -375046.00000000000000000
-17978.00000000000000000 25769.00000000000000000 -375046.00000000000000000
-17971.00000000000000000 25774.00000000000000000 -375046.00000000000000000
-17964.00000000000000000 25779.00000000000000000 -375046.00000000000000000
-17957.00000000000000000 25783.00000000000000000 -375046.00000000000000000
-17957.00000000000000000 25783.00000000000000000 -375046.00000000000000000
-17949.00000000000000000 25788.00000000000000000 -375046.00000000000000000
-17942.00000000000000000 25793.00000000000000000 -375046.00000000000000000
-17935.00000000000000000 25797.00000000000000000 -375046.00000000000000000
-17928.00000000000000000 25802.00000000000000000 -375046.00000000000000000
-17928.00000000000000000 25802.00000000000000000 -375046.00000000000000000
-17920.00000000000000000 25806.00000000000000000 -375046.00000000000000000
-17914.00000000000000000 25811.00000000000000000 -281154.00000000000000000
-17906.00000000000000000 25815.00000000000000000 -281154.00000000000000000
-17906.00000000000000000 25815.00000000000000000 -281154.00000000000000000
-17899.00000000000000000 25819.00000000000000000 -281154.00000000000000000
-17891.00000000000000000 25824.00000000000000000 -281154.00000000000000000
-17883.00000000000000000 25828.00000000000000000 -281154.00000000000000000
-17876.00000000000000000 25832.00000000000000000 -281154.00000000000000000
-17876.00000000000000000 25832.00000000000000000 -281154.00000000000000000
-17869.00000000000000000 25836.00000000000000000 -281154.00000000000000000
-17861.00000000000000000 25840.00000000000000000 -281154.00000000000000000
-17854.00000000000000000 25844.00000000000000000 -281154.00000000000000000
-17846.00000000000000000 25848.00000000000000000 -281154.00000000000000000
-17846.00000000000000000 25848.00000000000000000 -281154.00000000000000000
-17838.00000000000000000 25852.00000000000000000 -281154.00000000000000000
-17831.00000000000000000 25855.00000000000000000 -281154.00000000000000000
-17823.00000000000000000 25859.00000000000000000 -281154.00000000000000000
-17815.00000000000000000 25863.00000000000000000 -281556.00000000000000000
-17815.00000000000000000 25863.00000000000000000 -281556.00000000000000000
-17808.00000000000000000 25867.00000000000000000 -281556.00000000000000000
-17800.00000000000000000 25870.00000000000000000 -281556.00000000000000000
-17793.00000000000000000 25874.00000000000000000 -281556.00000000000000000
-17785.00000000000000000 25878.00000000000000000 -281556.00000000000000000
-17785.00000000000000000 25878.00000000000000000 -281556.00000000000000000
-17777.00000000000000000 25881.00000000000000000 -281556.00000000000000000
-17769.00000000000000000 25884.00000000000000000 -281556.00000000000000000
-17762.00000000000000000 25888.00000000000000000 -281556.00000000000000000
-17753.00000000000000000 25891.00000000000000000 -281556.00000000000000000
-17753.00000000000000000 25891.00000000000000000 -281556.00000000000000000
-17746.00000000000000000 25894.00000000000000000 -281556.00000000000000000
-17738.00000000000000000 25898.00000000000000000 -281556.00000000000000000
-17730.00000000000000000 25901.00000000000000000 -281556.00000000000000000
-17722.00000000000000000 25904.00000000000000000 -281556.00000000000000000
-17722.00000000000000000 25904.00000000000000000 -281556.00000000000000000
-17715.00000000000000000 25907.00000000000000000 -375113.00000000000000000
-17708.00000000000000000 25910.00000000000000000 -375113.00000000000000000
-17701.00000000000000000 25912.00000000000000000 -375113.00000000000000000
-17695.00000000000000000 25915.00000000000000000 -375113.00000000000000000
-17695.00000000000000000 25915.00000000000000000 -375113.00000000000000000
-17688.00000000000000000 25917.00000000000000000 -375113.00000000000000000
-17682.00000000000000000 25919.00000000000000000 -375113.00000000000000000
-17677.00000000000000000 25922.00000000000000000 -375113.00000000000000000
-17671.00000000000000000 25923.00000000000000000 -375113.00000000000000000
-17671.00000000000000000 25923.00000000000000000 -375113.00000000000000000
-17666.00000000000000000 25925.00000000000000000 -375113.00000000000000000
-17661.00000000000000000 25927.00000000000000000 -375113.00000000000000000
-17656.00000000000000000 25929.00000000000000000 -375113.00000000000000000
-17651.00000000000000000 25931.00000000000000000 -375113.00000000000000000
-17651.00000000000000000 25931.00000000000000000 -375113.00000000000000000
-17646.00000000000000000 25933.00000000000000000 -375113.00000000000000000
-17641.00000000000000000 25935.00000000000000000 -214258.00000000000000000
-17635.00000000000000000 25937.00000000000000000 -214258.00000000000000000
-17628.00000000000000000 25940.00000000000000000 -214258.00000000000000000
-17628.00000000000000000 25940.00000000000000000 -214258.00000000000000000
-17620.00000000000000000 25943.00000000000000000 -214258.00000000000000000
-17611.00000000000000000 25946.00000000000000000 -214258.00000000000000000
-17600.00000000000000000 25949.00000000000000000 -214258.00000000000000000
-17589.00000000000000000 25953.00000000000000000 -214258.00000000000000000
-17589.00000000000000000 25953.00000000000000000 -214258.00000000000000000
-17575.00000000000000000 25958.00000000000000000 -214258.00000000000000000
-17561.00000000000000000 25963.00000000000000000 -214258.00000000000000000
-17543.00000000000000000 25969.00000000000000000 -214258.00000000000000000
-17543.00000000000000000 25969.00000000000000000 -214258.00000000000000000
-17523.00000000000000000 25976.00000000000000000 -214258.00000000000000000
-17502.00000000000000000 25983.00000000000000000 -214258.00000000000000000
-17477.00000000000000000 25991.00000000000000000 -214258.00000000000000000
-17452.00000000000000000 26000.00000000000000000 -71670.00000000000000000
-17452.00000000000000000 26000.00000000000000000 -71670.00000000000000000
-17422.00000000000000000 26010.00000000000000000 -71670.00000000000000000
-17392.00000000000000000 26020.00000000000000000 -71670.00000000000000000
-17357.00000000000000000 26032.00000000000000000 -71670.00000000000000000
-17318.00000000000000000 26044.00000000000000000 -71670.00000000000000000
-17318.00000000000000000 26044.00000000000000000 -71670.00000000000000000
-17280.00000000000000000 26057.00000000000000000 -71670.00000000000000000
-17237.00000000000000000 26072.00000000000000000 -71670.00000000000000000
-17195.00000000000000000 26086.00000000000000000 -71670.00000000000000000
-17148.00000000000000000 26102.00000000000000000 -71670.00000000000000000
-17148.00000000000000000 26102.00000000000000000 -71670.00000000000000000
-17099.00000000000000000 26118.00000000000000000 -71670.00000000000000000
-17054.00000000000000000 26133.00000000000000000 -71670.00000000000000000
-17004.00000000000000000 26150.00000000000000000 -71670.00000000000000000
-16959.00000000000000000 26165.00000000000000000 -71670.00000000000000000
-16959.00000000000000000 26165.00000000000000000 -71670.00000000000000000
-16910.00000000000000000 26181.00000000000000000 -6491.00000000000000000
-16864.00000000000000000 26197.00000000000000000 -6491.00000000000000000
-16815.00000000000000000 26213.00000000000000000 -6491.00000000000000000
-16769.00000000000000000 26228.00000000000000000 -6491.00000000000000000
-16769.00000000000000000 26228.00000000000000000 -6491.00000000000000000
-16720.00000000000000000 26245.00000000000000000 -6491.00000000000000000
-16671.00000000000000000 26262.00000000000000000 -6491.00000000000000000
-16625.00000000000000000 26277.00000000000000000 -6491.00000000000000000
-16576.00000000000000000 26294.00000000000000000 -6491.00000000000000000
-16576.00000000000000000 26294.00000000000000000 -6491.00000000000000000
-16530.00000000000000000 26309.00000000000000000 -6491.00000000000000000
-16481.00000000000000000 26325.00000000000000000 -6491.00000000000000000
-16436.00000000000000000 26341.00000000000000000 -6491.00000000000000000
-16386.00000000000000000 26357.00000000000000000 -6491.00000000000000000
-16386.00000000000000000 26357.00000000000000000 -6491.00000000000000000
-16341.00000000000000000 26372.00000000000000000 -6491.00000000000000000
-16291.00000000000000000 26389.00000000000000000 -295.00000000000000000
-16246.00000000000000000 26404.00000000000000000 -295.00000000000000000
-16197.00000000000000000 26421.00000000000000000 -295.00000000000000000
-16197.00000000000000000 26421.00000000000000000 -295.00000000000000000
-16147.00000000000000000 26437.00000000000000000 -295.00000000000000000
-16102.00000000000000000 26453.00000000000000000 -295.00000000000000000
-16053.00000000000000000 26469.00000000000000000 -295.00000000000000000
-16007.00000000000000000 26484.00000000000000000 -295.00000000000000000
-16007.00000000000000000 26484.00000000000000000 -295.00000000000000000
-15958.00000000000000000 26501.00000000000000000 -295.00000000000000000
-15912.00000000000000000 26516.00000000000000000 -295.00000000000000000
-15863.00000000000000000 26533.00000000000000000 -295.00000000000000000
-15863.00000000000000000 26533.00000000000000000 -295.00000000000000000
-15814.00000000000000000 26549.00000000000000000 -295.00000000000000000
-15768.00000000000000000 26565.00000000000000000 -295.00000000000000000
-15723.00000000000000000 26580.00000000000000000 -295.00000000000000000
-15673.00000000000000000 26596.00000000000000000 -67.00000000000000000
-15673.00000000000000000 26596.00000000000000000 -67.00000000000000000
-15624.00000000000000000 26613.00000000000000000 -67.00000000000000000
-15579.00000000000000000 26628.00000000000000000 -67.00000000000000000
-15529.00000000000000000 26645.00000000000000000 -67.00000000000000000
-15484.00000000000000000 26660.00000000000000000 -67.00000000000000000
-15484.00000000000000000 26660.00000000000000000 -67.00000000000000000
-15434.00000000000000000 26676.00000000000000000 -67.00000000000000000
-15389.00000000000000000 26692.00000000000000000 -67.00000000000000000
-15340.00000000000000000 26708.00000000000000000 -67.00000000000000000
-15290.00000000000000000 26725.00000000000000000 -67.00000000000000000
-15290.00000000000000000 26725.00000000000000000 -67.00000000000000000
-15245.00000000000000000 26740.00000000000000000 -67.00000000000000000
-15196.00000000000000000 26757.00000000000000000 -67.00000000000000000
-15150.00000000000000000 26772.00000000000000000 -67.00000000000000000
-15101.00000000000000000 26788.00000000000000000 -67.00000000000000000
-15101.00000000000000000 26788.00000000000000000 -67.00000000000000000
-15055.00000000000000000 26804.00000000000000000 -13.00000000000000000
-15006.00000000000000000 26820.00000000000000000 -13.00000000000000000
-14957.00000000000000000 26837.00000000000000000 -13.00000000000000000
-14911.00000000000000000 26852.00000000000000000 -13.00000000000000000
-14911.00000000000000000 26852.00000000000000000 -13.00000000000000000
-14866.00000000000000000 26867.00000000000000000 -13.00000000000000000
-14816.00000000000000000 26884.00000000000000000 -13.00000000000000000
-14767.00000000000000000 26900.00000000000000000 -13.00000000000000000
-14721.00000000000000000 26916.00000000000000000 -13.00000000000000000
-14721.00000000000000000 26916.00000000000000000 -13.00000000000000000
-14672.00000000000000000 26932.00000000000000000 -13.00000000000000000
-14627.00000000000000000 26947.00000000000000000 -13.00000000000000000
-14577.00000000000000000 26964.00000000000000000 -13.00000000000000000
-14532.00000000000000000 26979.00000000000000000 -13.00000000000000000
-14532.00000000000000000 26979.00000000000000000 -13.00000000000000000
-14483.00000000000000000 26996.00000000000000000 -13.00000000000000000
-14437.00000000000000000 27011.00000000000000000 13.00000000000000000
-14388.00000000000000000 27028.00000000000000000 13.00000000000000000
-14342.00000000000000000 27043.00000000000000000 13.00000000000000000
-14342.00000000000000000 27043.00000000000000000 13.00000000000000000
-14293.00000000000000000 27059.00000000000000000 13.00000000000000000
-14247.00000000000000000 27075.00000000000000000 13.00000000000000000
-14198.00000000000000000 27091.00000000000000000 13.00000000000000000
-14149.00000000000000000 27108.00000000000000000 13.00000000000000000
-14149.00000000000000000 27108.00000000000000000 13.00000000000000000
-14103.00000000000000000 27123.00000000000000000 13.00000000000000000
-14054.00000000000000000 27140.00000000000000000 13.00000000000000000
-14009.00000000000000000 27155.00000000000000000 13.00000000000000000
-13959.00000000000000000 27171.00000000000000000 13.00000000000000000
-13959.00000000000000000 27171.00000000000000000 13.00000000000000000
-13910.00000000000000000 27188.00000000000000000 13.00000000000000000
-13864.00000000000000000 27203.00000000000000000 13.00000000000000000
-13815.00000000000000000 27220.00000000000000000 40.00000000000000000
-13770.00000000000000000 27235.00000000000000000 40.00000000000000000
-13770.00000000000000000 27235.00000000000000000 40.00000000000000000
-13720.00000000000000000 27251.00000000000000000 40.00000000000000000
-13675.00000000000000000 27267.00000000000000000 40.00000000000000000
-13626.00000000000000000 27283.00000000000000000 40.00000000000000000
-13580.00000000000000000 27299.00000000000000000 40.00000000000000000
-13580.00000000000000000 27299.00000000000000000 40.00000000000000000
-13531.00000000000000000 27315.00000000000000000 40.00000000000000000
-13485.00000000000000000 27331.00000000000000000 40.00000000000000000
-13436.00000000000000000 27347.00000000000000000 40.00000000000000000
-13436.00000000000000000 27347.00000000000000000 40.00000000000000000
-13387.00000000000000000 27364.00000000000000000 40.00000000000000000
-13341.00000000000000000 27379.00000000000000000 40.00000000000000000
-13292.00000000000000000 27395.00000000000000000 40.00000000000000000
-13246.00000000000000000 27411.00000000000000000 40.00000000000000000
-13246.00000000000000000 27411.00000000000000000 40.00000000000000000
-13197.00000000000000000 27427.00000000000000000 40.00000000000000000
-13148.00000000000000000 27444.00000000000000000 40.00000000000000000
-13102.00000000000000000 27459.00000000000000000 40.00000000000000000
-13053.00000000000000000 27476.00000000000000000 40.00000000000000000
-13053.00000000000000000 27476.00000000000000000 40.00000000000000000
-13007.00000000000000000 27491.00000000000000000 40.00000000000000000
-12958.00000000000000000 27507.00000000000000000 40.00000000000000000
-12913.00000000000000000 27522.00000000000000000 40.00000000000000000
-12863.00000000000000000 27539.00000000000000000 40.00000000000000000
-12863.00000000000000000 27539.00000000000000000 40.00000000000000000
-12814.00000000000000000 27555.00000000000000000 40.00000000000000000
-12768.00000000000000000 27571.00000000000000000 40.00000000000000000
-12719.00000000000000000 27587.00000000000000000 40.00000000000000000
-12674.00000000000000000 27603.00000000000000000 40.00000000000000000
-12674.00000000000000000 27603.00000000000000000 40.00000000000000000
-12624.00000000000000000 27619.00000000000000000 40.00000000000000000
-12579.00000000000000000 27635.00000000000000000 -27.00000000000000000
-12530.00000000000000000 27651.00000000000000000 -27.00000000000000000
-12480.00000000000000000 27668.00000000000000000 -27.00000000000000000
-12480.00000000000000000 27668.00000000000000000 -27.00000000000000000
-12435.00000000000000000 27683.00000000000000000 -27.00000000000000000
-12386.00000000000000000 27699.00000000000000000 -27.00000000000000000
-12340.00000000000000000 27715.00000000000000000 -27.00000000000000000
-12291.00000000000000000 27731.00000000000000000 -27.00000000000000000
-12291.00000000000000000 27731.00000000000000000 -27.00000000000000000
-12245.00000000000000000 27746.00000000000000000 -27.00000000000000000
-12196.00000000000000000 27763.00000000000000000 -27.00000000000000000
-12147.00000000000000000 27779.00000000000000000 -27.00000000000000000
-12101.00000000000000000 27795.00000000000000000 -27.00000000000000000
-12101.00000000000000000 27795.00000000000000000 -27.00000000000000000
-12052.00000000000000000 27811.00000000000000000 -27.00000000000000000
-12006.00000000000000000 27827.00000000000000000 -27.00000000000000000
-11957.00000000000000000 27843.00000000000000000 -94.00000000000000000
-11957.00000000000000000 27843.00000000000000000 -94.00000000000000000
-11912.00000000000000000 27859.00000000000000000 -94.00000000000000000
-11862.00000000000000000 27875.00000000000000000 -94.00000000000000000
-11817.00000000000000000 27890.00000000000000000 -94.00000000000000000
-11767.00000000000000000 27907.00000000000000000 -94.00000000000000000
-11767.00000000000000000 27907.00000000000000000 -94.00000000000000000
-11718.00000000000000000 27923.00000000000000000 -94.00000000000000000
-11673.00000000000000000 27939.00000000000000000 -94.00000000000000000
-11623.00000000000000000 27955.00000000000000000 -94.00000000000000000
-11578.00000000000000000 27970.00000000000000000 -94.00000000000000000
-11578.00000000000000000 27970.00000000000000000 -94.00000000000000000
-11529.00000000000000000 27987.00000000000000000 -94.00000000000000000
-11483.00000000000000000 28002.00000000000000000 -94.00000000000000000
-11434.00000000000000000 28019.00000000000000000 -94.00000000000000000
-11384.00000000000000000 28035.00000000000000000 -94.00000000000000000
-11384.00000000000000000 28035.00000000000000000 -94.00000000000000000
-11339.00000000000000000 28050.00000000000000000 27.00000000000000000
-11290.00000000000000000 28067.00000000000000000 27.00000000000000000
-11244.00000000000000000 28082.00000000000000000 27.00000000000000000
-11195.00000000000000000 28099.00000000000000000 27.00000000000000000
-11195.00000000000000000 28099.00000000000000000 27.00000000000000000
-11149.00000000000000000 28114.00000000000000000 27.00000000000000000
-11100.00000000000000000 28131.00000000000000000 27.00000000000000000
-11055.00000000000000000 28146.00000000000000000 27.00000000000000000
-11005.00000000000000000 28163.00000000000000000 27.00000000000000000
-11005.00000000000000000 28163.00000000000000000 27.00000000000000000
-10956.00000000000000000 28179.00000000000000000 27.00000000000000000
-10911.00000000000000000 28194.00000000000000000 27.00000000000000000
-10864.00000000000000000 28210.00000000000000000 27.00000000000000000
-10823.00000000000000000 28224.00000000000000000 27.00000000000000000
-10823.00000000000000000 28224.00000000000000000 27.00000000000000000
-10782.00000000000000000 28237.00000000000000000 27.00000000000000000
-10748.00000000000000000 28249.00000000000000000 -54.00000000000000000
-10715.00000000000000000 28260.00000000000000000 -54.00000000000000000
-10687.00000000000000000 28269.00000000000000000 -54.00000000000000000
-10687.00000000000000000 28269.00000000000000000 -54.00000000000000000
-10660.00000000000000000 28278.00000000000000000 -54.00000000000000000
-10638.00000000000000000 28286.00000000000000000 -54.00000000000000000
-10615.00000000000000000 28293.00000000000000000 -54.00000000000000000
-10596.00000000000000000 28299.00000000000000000 -54.00000000000000000
-10596.00000000000000000 28299.00000000000000000 -54.00000000000000000
-10576.00000000000000000 28306.00000000000000000 -54.00000000000000000
-10558.00000000000000000 28312.00000000000000000 -54.00000000000000000
-10542.00000000000000000 28316.00000000000000000 -54.00000000000000000
-10526.00000000000000000 28321.00000000000000000 -54.00000000000000000
-10526.00000000000000000 28321.00000000000000000 -54.00000000000000000
-10512.00000000000000000 28325.00000000000000000 -54.00000000000000000
-10499.00000000000000000 28329.00000000000000000 -54.00000000000000000
-10487.00000000000000000 28332.00000000000000000 -59425.00000000000000000
-10475.00000000000000000 28336.00000000000000000 -59425.00000000000000000
-10475.00000000000000000 28336.00000000000000000 -59425.00000000000000000
-10464.00000000000000000 28338.00000000000000000 -59425.00000000000000000
-10453.00000000000000000 28341.00000000000000000 -59425.00000000000000000
-10443.00000000000000000 28344.00000000000000000 -59425.00000000000000000
-10433.00000000000000000 28346.00000000000000000 -59425.00000000000000000
-10433.00000000000000000 28346.00000000000000000 -59425.00000000000000000
-10423.00000000000000000 28349.00000000000000000 -59425.00000000000000000
-10412.00000000000000000 28352.00000000000000000 -59425.00000000000000000
-10402.00000000000000000 28354.00000000000000000 -59425.00000000000000000
-10391.00000000000000000 28357.00000000000000000 -59425.00000000000000000
-10391.00000000000000000 28357.00000000000000000 -59425.00000000000000000
-10380.00000000000000000 28360.00000000000000000 -59425.00000000000000000
-10368.00000000000000000 28363.00000000000000000 -59425.00000000000000000
-10356.00000000000000000 28366.00000000000000000 -59425.00000000000000000
-10343.00000000000000000 28369.00000000000000000 -184526.00000000000000000
-10343.00000000000000000 28369.00000000000000000 -184526.00000000000000000
-10331.00000000000000000 28372.00000000000000000 -184526.00000000000000000
-10318.00000000000000000 28375.00000000000000000 -184526.00000000000000000
-10306.00000000000000000 28377.00000000000000000 -184526.00000000000000000
-10292.00000000000000000 28380.00000000000000000 -184526.00000000000000000
-10292.00000000000000000 28380.00000000000000000 -184526.00000000000000000
-10279.00000000000000000 28383.00000000000000000 -184526.00000000000000000
-10267.00000000000000000 28385.00000000000000000 -184526.00000000000000000
-10253.00000000000000000 28387.00000000000000000 -184526.00000000000000000
-10241.00000000000000000 28390.00000000000000000 -184526.00000000000000000
-10241.00000000000000000 28390.00000000000000000 -184526.00000000000000000
-10227.00000000000000000 28392.00000000000000000 -184526.00000000000000000
-10215.00000000000000000 28394.00000000000000000 -184526.00000000000000000
-10202.00000000000000000 28396.00000000000000000 -184526.00000000000000000
-10202.00000000000000000 28396.00000000000000000 -184526.00000000000000000
-10189.00000000000000000 28398.00000000000000000 -184526.00000000000000000
-10176.00000000000000000 28399.00000000000000000 -274502.00000000000000000
-10163.00000000000000000 28401.00000000000000000 -274502.00000000000000000
-10150.00000000000000000 28403.00000000000000000 -274502.00000000000000000
-10150.00000000000000000 28403.00000000000000000 -274502.00000000000000000
-10136.00000000000000000 28404.00000000000000000 -274502.00000000000000000
-10124.00000000000000000 28406.00000000000000000 -274502.00000000000000000
-10110.00000000000000000 28407.00000000000000000 -274502.00000000000000000
-10098.00000000000000000 28408.00000000000000000 -274502.00000000000000000
-10098.00000000000000000 28408.00000000000000000 -274502.00000000000000000
-10084.00000000000000000 28410.00000000000000000 -274502.00000000000000000
-10072.00000000000000000 28411.00000000000000000 -274502.00000000000000000
-10058.00000000000000000 28412.00000000000000000 -274502.00000000000000000
-10044.00000000000000000 28413.00000000000000000 -274502.00000000000000000
-10044.00000000000000000 28413.00000000000000000 -274502.00000000000000000
-10032.00000000000000000 28414.00000000000000000 -274502.00000000000000000
-10019.00000000000000000 28415.00000000000000000 -274502.00000000000000000
-10008.00000000000000000 28415.00000000000000000 -280389.00000000000000000
-9995.00000000000000000 28416.00000000000000000 -280389.00000000000000000
-9995.00000000000000000 28416.00000000000000000 -280389.00000000000000000
-9985.00000000000000000 28417.00000000000000000 -280389.00000000000000000
-9973.00000000000000000 28417.00000000000000000 -280389.00000000000000000
-9963.00000000000000000 28417.00000000000000000 -280389.00000000000000000
-9953.00000000000000000 28418.00000000000000000 -280389.00000000000000000
-9953.00000000000000000 28418.00000000000000000 -280389.00000000000000000
-9944.00000000000000000 28418.00000000000000000 -280389.00000000000000000
-9933.00000000000000000 28418.00000000000000000 -280389.00000000000000000
-9923.00000000000000000 28419.00000000000000000 -280389.00000000000000000
-9914.00000000000000000 28419.00000000000000000 -280389.00000000000000000
-9914.00000000000000000 28419.00000000000000000 -280389.00000000000000000
-9903.00000000000000000 28419.00000000000000000 -280389.00000000000000000
-9892.00000000000000000 28419.00000000000000000 -280389.00000000000000000
-9881.00000000000000000 28420.00000000000000000 -280389.00000000000000000
-9869.00000000000000000 28420.00000000000000000 -207848.00000000000000000
-9869.00000000000000000 28420.00000000000000000 -207848.00000000000000000
-9856.00000000000000000 28420.00000000000000000 -207848.00000000000000000
-9841.00000000000000000 28420.00000000000000000 -207848.00000000000000000
-9827.00000000000000000 28420.00000000000000000 -207848.00000000000000000
-9811.00000000000000000 28420.00000000000000000 -207848.00000000000000000
-9811.00000000000000000 28420.00000000000000000 -207848.00000000000000000
-9795.00000000000000000 28420.00000000000000000 -207848.00000000000000000
-9776.00000000000000000 28420.00000000000000000 -207848.00000000000000000
-9757.00000000000000000 28420.00000000000000000 -207848.00000000000000000
-9735.00000000000000000 28420.00000000000000000 -207848.00000000000000000
-9735.00000000000000000 28420.00000000000000000 -207848.00000000000000000
-9712.00000000000000000 28421.00000000000000000 -207848.00000000000000000
-9686.00000000000000000 28421.00000000000000000 -207848.00000000000000000
-9658.00000000000000000 28421.00000000000000000 -207848.00000000000000000
-9629.00000000000000000 28421.00000000000000000 -207848.00000000000000000
-9629.00000000000000000 28421.00000000000000000 -207848.00000000000000000
-9595.00000000000000000 28421.00000000000000000 -64723.00000000000000000
-9561.00000000000000000 28420.00000000000000000 -64723.00000000000000000
-9521.00000000000000000 28420.00000000000000000 -64723.00000000000000000
-9481.00000000000000000 28421.00000000000000000 -64723.00000000000000000
-9481.00000000000000000 28421.00000000000000000 -64723.00000000000000000
-9435.00000000000000000 28420.00000000000000000 -64723.00000000000000000
-9392.00000000000000000 28420.00000000000000000 -64723.00000000000000000
-9342.00000000000000000 28420.00000000000000000 -64723.00000000000000000
-9342.00000000000000000 28420.00000000000000000 -64723.00000000000000000
-9295.00000000000000000 28420.00000000000000000 -64723.00000000000000000
-9244.00000000000000000 28420.00000000000000000 -64723.00000000000000000
-9192.00000000000000000 28420.00000000000000000 -64723.00000000000000000
-9144.00000000000000000 28420.00000000000000000 -64723.00000000000000000
-9144.00000000000000000 28420.00000000000000000 -64723.00000000000000000
-9092.00000000000000000 28420.00000000000000000 -64723.00000000000000000
-9044.00000000000000000 28420.00000000000000000 -64723.00000000000000000
-8992.00000000000000000 28420.00000000000000000 -4332.00000000000000000
-8944.00000000000000000 28420.00000000000000000 -4332.00000000000000000
-8944.00000000000000000 28420.00000000000000000 -4332.00000000000000000
-8892.00000000000000000 28420.00000000000000000 -4332.00000000000000000
-8840.00000000000000000 28420.00000000000000000 -4332.00000000000000000
-8792.00000000000000000 28421.00000000000000000 -4332.00000000000000000
-8740.00000000000000000 28420.00000000000000000 -4332.00000000000000000
-8740.00000000000000000 28420.00000000000000000 -4332.00000000000000000
-8692.00000000000000000 28420.00000000000000000 -4332.00000000000000000
-8640.00000000000000000 28421.00000000000000000 -4332.00000000000000000
-8592.00000000000000000 28420.00000000000000000 -4332.00000000000000000
-8540.00000000000000000 28420.00000000000000000 -4332.00000000000000000
-8540.00000000000000000 28420.00000000000000000 -4332.00000000000000000
-8488.00000000000000000 28421.00000000000000000 -4332.00000000000000000
-8440.00000000000000000 28420.00000000000000000 -4332.00000000000000000
-8388.00000000000000000 28420.00000000000000000 -4332.00000000000000000
-8340.00000000000000000 28420.00000000000000000 -322.00000000000000000
-8340.00000000000000000 28420.00000000000000000 -322.00000000000000000
-8288.00000000000000000 28420.00000000000000000 -322.00000000000000000
-8240.00000000000000000 28420.00000000000000000 -322.00000000000000000
-8188.00000000000000000 28421.00000000000000000 -322.00000000000000000
-8140.00000000000000000 28421.00000000000000000 -322.00000000000000000
-8140.00000000000000000 28421.00000000000000000 -322.00000000000000000
-8088.00000000000000000 28420.00000000000000000 -322.00000000000000000
-8040.00000000000000000 28421.00000000000000000 -322.00000000000000000
-7988.00000000000000000 28420.00000000000000000 -322.00000000000000000
-7936.00000000000000000 28420.00000000000000000 -322.00000000000000000
-7936.00000000000000000 28420.00000000000000000 -322.00000000000000000
-7888.00000000000000000 28421.00000000000000000 -322.00000000000000000
-7836.00000000000000000 28420.00000000000000000 -322.00000000000000000
-7788.00000000000000000 28420.00000000000000000 -322.00000000000000000
-7736.00000000000000000 28421.00000000000000000 -322.00000000000000000
-7736.00000000000000000 28421.00000000000000000 -322.00000000000000000
-7688.00000000000000000 28420.00000000000000000 -54.00000000000000000
-7636.00000000000000000 28420.00000000000000000 -54.00000000000000000
-7584.00000000000000000 28420.00000000000000000 -54.00000000000000000
-7536.00000000000000000 28420.00000000000000000 -54.00000000000000000
-7536.00000000000000000 28420.00000000000000000 -54.00000000000000000
-7484.00000000000000000 28420.00000000000000000 -54.00000000000000000
-7436.00000000000000000 28420.00000000000000000 -54.00000000000000000
-7384.00000000000000000 28421.00000000000000000 -54.00000000000000000
-7384.00000000000000000 28421.00000000000000000 -54.00000000000000000
-7336.00000000000000000 28420.00000000000000000 -54.00000000000000000
-7284.00000000000000000 28420.00000000000000000 -54.00000000000000000
-7232.00000000000000000 28421.00000000000000000 -54.00000000000000000
-7184.00000000000000000 28420.00000000000000000 -54.00000000000000000
-7184.00000000000000000 28420.00000000000000000 -54.00000000000000000
-7132.00000000000000000 28420.00000000000000000 -54.00000000000000000
-7084.00000000000000000 28421.00000000000000000 -54.00000000000000000
-7032.00000000000000000 28420.00000000000000000 27.00000000000000000
-6984.00000000000000000 28421.00000000000000000 27.00000000000000000
-6984.00000000000000000 28421.00000000000000000 27.00000000000000000
-6933.00000000000000000 28421.00000000000000000 27.00000000000000000
-6886.00000000000000000 28421.00000000000000000 27.00000000000000000
-6840.00000000000000000 28421.00000000000000000 27.00000000000000000
-6800.00000000000000000 28421.00000000000000000 27.00000000000000000
-6800.00000000000000000 28421.00000000000000000 27.00000000000000000
-6762.00000000000000000 28421.00000000000000000 27.00000000000000000
-6729.00000000000000000 28421.00000000000000000 27.00000000000000000
-6702.00000000000000000 28421.00000000000000000 27.00000000000000000
-6675.00000000000000000 28420.00000000000000000 27.00000000000000000
-6675.00000000000000000 28420.00000000000000000 27.00000000000000000
-6654.00000000000000000 28420.00000000000000000 27.00000000000000000
-6633.00000000000000000 28420.00000000000000000 27.00000000000000000
-6615.00000000000000000 28420.00000000000000000 27.00000000000000000
-6598.00000000000000000 28420.00000000000000000 -6183.00000000000000000
-6598.00000000000000000 28420.00000000000000000 -6183.00000000000000000
-6582.00000000000000000 28419.00000000000000000 -6183.00000000000000000
-6566.00000000000000000 28419.00000000000000000 -6183.00000000000000000
-6552.00000000000000000 28419.00000000000000000 -6183.00000000000000000
-6538.00000000000000000 28418.00000000000000000 -6183.00000000000000000
-6538.00000000000000000 28418.00000000000000000 -6183.00000000000000000
-6525.00000000000000000 28417.00000000000000000 -6183.00000000000000000
-6512.00000000000000000 28417.00000000000000000 -6183.00000000000000000
-6500.00000000000000000 28416.00000000000000000 -6183.00000000000000000
-6488.00000000000000000 28416.00000000000000000 -6183.00000000000000000
-6488.00000000000000000 28416.00000000000000000 -6183.00000000000000000
-6475.00000000000000000 28415.00000000000000000 -6183.00000000000000000
-6462.00000000000000000 28414.00000000000000000 -6183.00000000000000000
-6450.00000000000000000 28414.00000000000000000 -6183.00000000000000000
-6437.00000000000000000 28413.00000000000000000 -6183.00000000000000000
-6437.00000000000000000 28413.00000000000000000 -6183.00000000000000000
-6424.00000000000000000 28412.00000000000000000 -147511.00000000000000000
-6410.00000000000000000 28411.00000000000000000 -147511.00000000000000000
-6397.00000000000000000 28410.00000000000000000 -147511.00000000000000000
-6382.00000000000000000 28409.00000000000000000 -147511.00000000000000000
-6382.00000000000000000 28409.00000000000000000 -147511.00000000000000000
-6368.00000000000000000 28408.00000000000000000 -147511.00000000000000000
-6353.00000000000000000 28407.00000000000000000 -147511.00000000000000000
-6338.00000000000000000 28405.00000000000000000 -147511.00000000000000000
-6321.00000000000000000 28404.00000000000000000 -147511.00000000000000000
-6321.00000000000000000 28404.00000000000000000 -147511.00000000000000000
-6304.00000000000000000 28402.00000000000000000 -147511.00000000000000000
-6289.00000000000000000 28400.00000000000000000 -147511.00000000000000000
-6272.00000000000000000 28398.00000000000000000 -147511.00000000000000000
-6256.00000000000000000 28396.00000000000000000 -147511.00000000000000000
-6256.00000000000000000 28396.00000000000000000 -147511.00000000000000000
-6239.00000000000000000 28394.00000000000000000 -147511.00000000000000000
-6224.00000000000000000 28392.00000000000000000 -247800.00000000000000000
-6207.00000000000000000 28389.00000000000000000 -247800.00000000000000000
-6191.00000000000000000 28387.00000000000000000 -247800.00000000000000000
-6191.00000000000000000 28387.00000000000000000 -247800.00000000000000000
-6175.00000000000000000 28384.00000000000000000 -247800.00000000000000000
-6159.00000000000000000 28382.00000000000000000 -247800.00000000000000000
-6142.00000000000000000 28379.00000000000000000 -247800.00000000000000000
-6142.00000000000000000 28379.00000000000000000 -247800.00000000000000000
-6127.00000000000000000 28376.00000000000000000 -247800.00000000000000000
-6110.00000000000000000 28373.00000000000000000 -247800.00000000000000000
-6094.00000000000000000 28370.00000000000000000 -247800.00000000000000000
-6078.00000000000000000 28367.00000000000000000 -247800.00000000000000000
-6078.00000000000000000 28367.00000000000000000 -247800.00000000000000000
-6062.00000000000000000 28363.00000000000000000 -247800.00000000000000000
-6045.00000000000000000 28359.00000000000000000 -247800.00000000000000000
-6030.00000000000000000 28356.00000000000000000 -247800.00000000000000000
-6013.00000000000000000 28352.00000000000000000 -279504.00000000000000000
-6013.00000000000000000 28352.00000000000000000 -279504.00000000000000000
-5998.00000000000000000 28349.00000000000000000 -279504.00000000000000000
-5981.00000000000000000 28345.00000000000000000 -279504.00000000000000000
-5966.00000000000000000 28341.00000000000000000 -279504.00000000000000000
-5950.00000000000000000 28337.00000000000000000 -279504.00000000000000000
-5950.00000000000000000 28337.00000000000000000 -279504.00000000000000000
-5934.00000000000000000 28333.00000000000000000 -279504.00000000000000000
-5918.00000000000000000 28328.00000000000000000 -279504.00000000000000000
-5902.00000000000000000 28324.00000000000000000 -279504.00000000000000000
-5886.00000000000000000 28320.00000000000000000 -279504.00000000000000000
-5886.00000000000000000 28320.00000000000000000 -279504.00000000000000000
-5870.00000000000000000 28315.00000000000000000 -279504.00000000000000000
-5855.00000000000000000 28310.00000000000000000 -279504.00000000000000000
-5839.00000000000000000 28305.00000000000000000 -279504.00000000000000000
-5824.00000000000000000 28301.00000000000000000 -279504.00000000000000000
-5824.00000000000000000 28301.00000000000000000 -279504.00000000000000000
-5808.00000000000000000 28295.00000000000000000 -375314.00000000000000000
-5793.00000000000000000 28290.00000000000000000 -375314.00000000000000000
-5776.00000000000000000 28285.00000000000000000 -375314.00000000000000000
-5760.00000000000000000 28279.00000000000000000 -375314.00000000000000000
-5760.00000000000000000 28279.00000000000000000 -375314.00000000000000000
-5745.00000000000000000 28274.00000000000000000 -375314.00000000000000000
-5729.00000000000000000 28268.00000000000000000 -375314.00000000000000000
-5715.00000000000000000 28263.00000000000000000 -375314.00000000000000000
-5699.00000000000000000 28257.00000000000000000 -375314.00000000000000000
-5699.00000000000000000 28257.00000000000000000 -375314.00000000000000000
-5683.00000000000000000 28251.00000000000000000 -375314.00000000000000000
-5668.00000000000000000 28246.00000000000000000 -375314.00000000000000000
-5653.00000000000000000 28239.00000000000000000 -375314.00000000000000000
-5638.00000000000000000 28233.00000000000000000 -375314.00000000000000000
-5638.00000000000000000 28233.00000000000000000 -375314.00000000000000000
-5622.00000000000000000 28227.00000000000000000 -375314.00000000000000000
-5608.00000000000000000 28221.00000000000000000 -281073.00000000000000000
-5592.00000000000000000 28214.00000000000000000 -281073.00000000000000000
-5592.00000000000000000 28214.00000000000000000 -281073.00000000000000000
-5578.00000000000000000 28208.00000000000000000 -281073.00000000000000000
-5562.00000000000000000 28201.00000000000000000 -281073.00000000000000000
-5547.00000000000000000 28194.00000000000000000 -281073.00000000000000000
-5532.00000000000000000 28188.00000000000000000 -281073.00000000000000000
-5532.00000000000000000 28188.00000000000000000 -281073.00000000000000000
-5517.00000000000000000 28181.00000000000000000 -281073.00000000000000000
-5503.00000000000000000 28174.00000000000000000 -281073.00000000000000000
-5487.00000000000000000 28166.00000000000000000 -281073.00000000000000000
-5473.00000000000000000 28160.00000000000000000 -281073.00000000000000000
-5473.00000000000000000 28160.00000000000000000 -281073.00000000000000000
-5458.00000000000000000 28152.00000000000000000 -281073.00000000000000000
-5443.00000000000000000 28144.00000000000000000 -281073.00000000000000000
-5429.00000000000000000 28137.00000000000000000 -281073.00000000000000000
-5414.00000000000000000 28129.00000000000000000 -281382.00000000000000000
-5414.00000000000000000 28129.00000000000000000 -281382.00000000000000000
-5400.00000000000000000 28122.00000000000000000 -281382.00000000000000000
-5385.00000000000000000 28113.00000000000000000 -281382.00000000000000000
-5371.00000000000000000 28106.00000000000000000 -281382.00000000000000000
-5356.00000000000000000 28098.00000000000000000 -281382.00000000000000000
-5356.00000000000000000 28098.00000000000000000 -281382.00000000000000000
-5343.00000000000000000 28090.00000000000000000 -281382.00000000000000000
-5328.00000000000000000 28081.00000000000000000 -281382.00000000000000000
-5313.00000000000000000 28073.00000000000000000 -281382.00000000000000000
-5299.00000000000000000 28065.00000000000000000 -281382.00000000000000000
-5299.00000000000000000 28065.00000000000000000 -281382.00000000000000000
-5285.00000000000000000 28056.00000000000000000 -281382.00000000000000000
-5271.00000000000000000 28048.00000000000000000 -281382.00000000000000000
-5257.00000000000000000 28039.00000000000000000 -281382.00000000000000000
-5244.00000000000000000 28031.00000000000000000 -281382.00000000000000000
-5244.00000000000000000 28031.00000000000000000 -281382.00000000000000000
-5229.00000000000000000 28022.00000000000000000 -375355.00000000000000000
-5216.00000000000000000 28013.00000000000000000 -375355.00000000000000000
-5202.00000000000000000 28004.00000000000000000 -375355.00000000000000000
-5189.00000000000000000 27995.00000000000000000 -375355.00000000000000000
-5189.00000000000000000 27995.00000000000000000 -375355.00000000000000000
-5175.00000000000000000 27986.00000000000000000 -375355.00000000000000000
-5161.00000000000000000 27976.00000000000000000 -375355.00000000000000000
-5148.00000000000000000 27967.00000000000000000 -375355.00000000000000000
-5134.00000000000000000 27957.00000000000000000 -375355.00000000000000000
-5134.00000000000000000 27957.00000000000000000 -375355.00000000000000000
-5122.00000000000000000 27948.00000000000000000 -375355.00000000000000000
-5108.00000000000000000 27938.00000000000000000 -375355.00000000000000000
-5095.00000000000000000 27929.00000000000000000 -375355.00000000000000000
-5082.00000000000000000 27919.00000000000000000 -375355.00000000000000000
-5082.00000000000000000 27919.00000000000000000 -375355.00000000000000000
-5068.00000000000000000 27908.00000000000000000 -375355.00000000000000000
-5055.00000000000000000 27899.00000000000000000 -281140.00000000000000000
-5043.00000000000000000 27889.00000000000000000 -281140.00000000000000000
-5030.00000000000000000 27878.00000000000000000 -281140.00000000000000000
-5030.00000000000000000 27878.00000000000000000 -281140.00000000000000000
-5016.00000000000000000 27868.00000000000000000 -281140.00000000000000000
-5004.00000000000000000 27858.00000000000000000 -281140.00000000000000000
-4991.00000000000000000 27847.00000000000000000 -281140.00000000000000000
-4979.00000000000000000 27837.00000000000000000 -281140.00000000000000000
-4979.00000000000000000 27837.00000000000000000 -281140.00000000000000000
-4966.00000000000000000 27826.00000000000000000 -281140.00000000000000000
-4953.00000000000000000 27815.00000000000000000 -281140.00000000000000000
-4941.00000000000000000 27805.00000000000000000 -281140.00000000000000000
-4941.00000000000000000 27805.00000000000000000 -281140.00000000000000000
-4928.00000000000000000 27794.00000000000000000 -281140.00000000000000000
-4916.00000000000000000 27784.00000000000000000 -281140.00000000000000000
-4903.00000000000000000 27772.00000000000000000 -281140.00000000000000000
-4892.00000000000000000 27762.00000000000000000 -281114.00000000000000000
-4892.00000000000000000 27762.00000000000000000 -281114.00000000000000000
-4879.00000000000000000 27750.00000000000000000 -281114.00000000000000000
-4868.00000000000000000 27740.00000000000000000 -281114.00000000000000000
-4855.00000000000000000 27728.00000000000000000 -281114.00000000000000000
-4844.00000000000000000 27717.00000000000000000 -281114.00000000000000000
-4844.00000000000000000 27717.00000000000000000 -281114.00000000000000000
-4832.00000000000000000 27705.00000000000000000 -281114.00000000000000000
-4821.00000000000000000 27694.00000000000000000 -281114.00000000000000000
-4808.00000000000000000 27682.00000000000000000 -281114.00000000000000000
-4797.00000000000000000 27671.00000000000000000 -281114.00000000000000000
-4797.00000000000000000 27671.00000000000000000 -281114.00000000000000000
-4785.00000000000000000 27659.00000000000000000 -281114.00000000000000000
-4774.00000000000000000 27646.00000000000000000 -281114.00000000000000000
-4763.00000000000000000 27635.00000000000000000 -281114.00000000000000000
-4751.00000000000000000 27623.00000000000000000 -281114.00000000000000000
-4751.00000000000000000 27623.00000000000000000 -281114.00000000000000000
-4740.00000000000000000 27611.00000000000000000 -281154.00000000000000000
-4729.00000000000000000 27598.00000000000000000 -281154.00000000000000000
-4719.00000000000000000 27587.00000000000000000 -281154.00000000000000000
-4707.00000000000000000 27574.00000000000000000 -281154.00000000000000000
-4707.00000000000000000 27574.00000000000000000 -281154.00000000000000000
-4697.00000000000000000 27562.00000000000000000 -281154.00000000000000000
-4686.00000000000000000 27549.00000000000000000 -281154.00000000000000000
-4676.00000000000000000 27538.00000000000000000 -281154.00000000000000000
-4665.00000000000000000 27524.00000000000000000 -281154.00000000000000000
-4665.00000000000000000 27524.00000000000000000 -281154.00000000000000000
-4654.00000000000000000 27512.00000000000000000 -281154.00000000000000000
-4644.00000000000000000 27499.00000000000000000 -281154.00000000000000000
-4633.00000000000000000 27486.00000000000000000 -281154.00000000000000000
-4623.00000000000000000 27474.00000000000000000 -281154.00000000000000000
-4623.00000000000000000 27474.00000000000000000 -281154.00000000000000000
-4613.00000000000000000 27461.00000000000000000 -281154.00000000000000000
-4603.00000000000000000 27448.00000000000000000 -281422.00000000000000000
-4593.00000000000000000 27435.00000000000000000 -281422.00000000000000000
-4584.00000000000000000 27422.00000000000000000 -281422.00000000000000000
-4584.00000000000000000 27422.00000000000000000 -281422.00000000000000000
-4573.00000000000000000 27409.00000000000000000 -281422.00000000000000000
-4564.00000000000000000 27396.00000000000000000 -281422.00000000000000000
-4554.00000000000000000 27383.00000000000000000 -281422.00000000000000000
-4545.00000000000000000 27370.00000000000000000 -281422.00000000000000000
-4545.00000000000000000 27370.00000000000000000 -281422.00000000000000000
-4535.00000000000000000 27356.00000000000000000 -281422.00000000000000000
-4525.00000000000000000 27342.00000000000000000 -281422.00000000000000000
-4516.00000000000000000 27329.00000000000000000 -281422.00000000000000000
-4506.00000000000000000 27315.00000000000000000 -281422.00000000000000000
-4506.00000000000000000 27315.00000000000000000 -281422.00000000000000000
-4497.00000000000000000 27302.00000000000000000 -281422.00000000000000000
-4488.00000000000000000 27288.00000000000000000 -281422.00000000000000000
-4479.00000000000000000 27274.00000000000000000 -375261.00000000000000000
-4470.00000000000000000 27260.00000000000000000 -375261.00000000000000000
-4470.00000000000000000 27260.00000000000000000 -375261.00000000000000000
-4462.00000000000000000 27246.00000000000000000 -375261.00000000000000000
-4453.00000000000000000 27232.00000000000000000 -375261.00000000000000000
-4445.00000000000000000 27219.00000000000000000 -375261.00000000000000000
-4436.00000000000000000 27204.00000000000000000 -375261.00000000000000000
-4436.00000000000000000 27204.00000000000000000 -375261.00000000000000000
-4428.00000000000000000 27191.00000000000000000 -375261.00000000000000000
-4419.00000000000000000 27176.00000000000000000 -375261.00000000000000000
-4411.00000000000000000 27161.00000000000000000 -375261.00000000000000000
-4403.00000000000000000 27147.00000000000000000 -375261.00000000000000000
-4403.00000000000000000 27147.00000000000000000 -375261.00000000000000000
-4395.00000000000000000 27133.00000000000000000 -375261.00000000000000000
-4387.00000000000000000 27119.00000000000000000 -375261.00000000000000000
-4379.00000000000000000 27104.00000000000000000 -375261.00000000000000000
-4372.00000000000000000 27090.00000000000000000 -281731.00000000000000000
-4372.00000000000000000 27090.00000000000000000 -281731.00000000000000000
-4364.00000000000000000 27075.00000000000000000 -281731.00000000000000000
-4356.00000000000000000 27060.00000000000000000 -281731.00000000000000000
-4349.00000000000000000 27046.00000000000000000 -281731.00000000000000000
-4349.00000000000000000 27046.00000000000000000 -281731.00000000000000000
-4341.00000000000000000 27031.00000000000000000 -281731.00000000000000000
-4334.00000000000000000 27017.00000000000000000 -281731.00000000000000000
-4327.00000000000000000 27002.00000000000000000 -281731.00000000000000000
-4320.00000000000000000 26987.00000000000000000 -281731.00000000000000000
-4320.00000000000000000 26987.00000000000000000 -281731.00000000000000000
-4313.00000000000000000 26972.00000000000000000 -281731.00000000000000000
-4306.00000000000000000 26956.00000000000000000 -281731.00000000000000000
-4299.00000000000000000 26942.00000000000000000 -281731.00000000000000000
-4292.00000000000000000 26927.00000000000000000 -281731.00000000000000000
-4292.00000000000000000 26927.00000000000000000 -281731.00000000000000000
-4286.00000000000000000 26913.00000000000000000 -281731.00000000000000000
-4280.00000000000000000 26899.00000000000000000 -281114.00000000000000000
-4274.00000000000000000 26886.00000000000000000 -281114.00000000000000000
-4269.00000000000000000 26873.00000000000000000 -281114.00000000000000000
-4269.00000000000000000 26873.00000000000000000 -281114.00000000000000000
-4264.00000000000000000 26861.00000000000000000 -281114.00000000000000000
-4259.00000000000000000 26849.00000000000000000 -281114.00000000000000000
-4254.00000000000000000 26837.00000000000000000 -281114.00000000000000000
-4250.00000000000000000 26827.00000000000000000 -281114.00000000000000000
-4250.00000000000000000 26827.00000000000000000 -281114.00000000000000000
-4246.00000000000000000 26817.00000000000000000 -281114.00000000000000000
-4243.00000000000000000 26808.00000000000000000 -281114.00000000000000000
-4240.00000000000000000 26798.00000000000000000 -281114.00000000000000000
-4236.00000000000000000 26790.00000000000000000 -281114.00000000000000000
-4236.00000000000000000 26790.00000000000000000 -281114.00000000000000000
-4234.00000000000000000 26783.00000000000000000 -281114.00000000000000000
-4231.00000000000000000 26775.00000000000000000 -281114.00000000000000000
-4229.00000000000000000 26769.00000000000000000 -280229.00000000000000000
-4226.00000000000000000 26762.00000000000000000 -280229.00000000000000000
-4226.00000000000000000 26762.00000000000000000 -280229.00000000000000000
-4224.00000000000000000 26755.00000000000000000 -280229.00000000000000000
-4222.00000000000000000 26748.00000000000000000 -280229.00000000000000000
-4219.00000000000000000 26741.00000000000000000 -280229.00000000000000000
-4217.00000000000000000 26734.00000000000000000 -280229.00000000000000000
-4217.00000000000000000 26734.00000000000000000 -280229.00000000000000000
-4214.00000000000000000 26726.00000000000000000 -280229.00000000000000000
-4212.00000000000000000 26717.00000000000000000 -280229.00000000000000000
-4209.00000000000000000 26708.00000000000000000 -280229.00000000000000000
-4206.00000000000000000 26698.00000000000000000 -280229.00000000000000000
-4206.00000000000000000 26698.00000000000000000 -280229.00000000000000000
-4203.00000000000000000 26687.00000000000000000 -280229.00000000000000000
-4199.00000000000000000 26676.00000000000000000 -280229.00000000000000000
-4195.00000000000000000 26662.00000000000000000 -280229.00000000000000000
-4192.00000000000000000 26649.00000000000000000 -67512.00000000000000000
-4192.00000000000000000 26649.00000000000000000 -67512.00000000000000000
-4187.00000000000000000 26632.00000000000000000 -67512.00000000000000000
-4183.00000000000000000 26616.00000000000000000 -67512.00000000000000000
-4178.00000000000000000 26596.00000000000000000 -67512.00000000000000000
-4173.00000000000000000 26576.00000000000000000 -67512.00000000000000000
-4173.00000000000000000 26576.00000000000000000 -67512.00000000000000000
-4167.00000000000000000 26552.00000000000000000 -67512.00000000000000000
-4161.00000000000000000 26528.00000000000000000 -67512.00000000000000000
-4154.00000000000000000 26500.00000000000000000 -67512.00000000000000000
-4154.00000000000000000 26500.00000000000000000 -67512.00000000000000000
-4147.00000000000000000 26470.00000000000000000 -67512.00000000000000000
-4140.00000000000000000 26440.00000000000000000 -67512.00000000000000000
-4132.00000000000000000 26405.00000000000000000 -67512.00000000000000000
-4125.00000000000000000 26370.00000000000000000 -67512.00000000000000000
-4125.00000000000000000 26370.00000000000000000 -67512.00000000000000000
-4118.00000000000000000 26330.00000000000000000 -67512.00000000000000000
-4112.00000000000000000 26290.00000000000000000 75640.00000000000000000
-4106.00000000000000000 26246.00000000000000000 75640.00000000000000000
-4100.00000000000000000 26199.00000000000000000 75640.00000000000000000
-4100.00000000000000000 26199.00000000000000000 75640.00000000000000000
-4096.00000000000000000 26154.00000000000000000 75640.00000000000000000
-4091.00000000000000000 26105.00000000000000000 75640.00000000000000000
-4088.00000000000000000 26058.00000000000000000 75640.00000000000000000
-4085.00000000000000000 26007.00000000000000000 75640.00000000000000000
-4085.00000000000000000 26007.00000000000000000 75640.00000000000000000
-4084.00000000000000000 25959.00000000000000000 75640.00000000000000000
-4082.00000000000000000 25907.00000000000000000 75640.00000000000000000
-4082.00000000000000000 25855.00000000000000000 75640.00000000000000000
-4082.00000000000000000 25808.00000000000000000 75640.00000000000000000
-4082.00000000000000000 25808.00000000000000000 75640.00000000000000000
-4081.00000000000000000 25756.00000000000000000 75640.00000000000000000
-4081.00000000000000000 25708.00000000000000000 75640.00000000000000000
-4081.00000000000000000 25656.00000000000000000 254506.00000000000000000
-4081.00000000000000000 25608.00000000000000000 254506.00000000000000000
-4081.00000000000000000 25608.00000000000000000 254506.00000000000000000
-4081.00000000000000000 25556.00000000000000000 254506.00000000000000000
-4081.00000000000000000 25508.00000000000000000 254506.00000000000000000
-4081.00000000000000000 25456.00000000000000000 254506.00000000000000000
-4081.00000000000000000 25408.00000000000000000 254506.00000000000000000
-4081.00000000000000000 25408.00000000000000000 254506.00000000000000000
-4081.00000000000000000 25356.00000000000000000 254506.00000000000000000
-4081.00000000000000000 25304.00000000000000000 254506.00000000000000000
-4081.00000000000000000 25256.00000000000000000 254506.00000000000000000
-4081.00000000000000000 25204.00000000000000000 254506.00000000000000000
-4081.00000000000000000 25204.00000000000000000 254506.00000000000000000
-4082.00000000000000000 25156.00000000000000000 254506.00000000000000000
-4082.00000000000000000 25104.00000000000000000 254506.00000000000000000
-4082.00000000000000000 25056.00000000000000000 254506.00000000000000000
-4082.00000000000000000 25004.00000000000000000 185478.00000000000000000
-4082.00000000000000000 25004.00000000000000000 185478.00000000000000000
-4081.00000000000000000 24956.00000000000000000 185478.00000000000000000
-4081.00000000000000000 24905.00000000000000000 185478.00000000000000000
-4081.00000000000000000 24853.00000000000000000 185478.00000000000000000
-4081.00000000000000000 24805.00000000000000000 185478.00000000000000000
-4081.00000000000000000 24805.00000000000000000 185478.00000000000000000
-4081.00000000000000000 24754.00000000000000000 185478.00000000000000000
-4081.00000000000000000 24707.00000000000000000 185478.00000000000000000
-4081.00000000000000000 24656.00000000000000000 185478.00000000000000000
-4081.00000000000000000 24656.00000000000000000 185478.00000000000000000
-4081.00000000000000000 24609.00000000000000000 185478.00000000000000000
-4081.00000000000000000 24558.00000000000000000 185478.00000000000000000
-4081.00000000000000000 24507.00000000000000000 185478.00000000000000000
-4081.00000000000000000 24459.00000000000000000 185478.00000000000000000
-4081.00000000000000000 24459.00000000000000000 185478.00000000000000000
-4081.00000000000000000 24408.00000000000000000 185478.00000000000000000
-4081.00000000000000000 24360.00000000000000000 190225.00000000000000000
-4081.00000000000000000 24308.00000000000000000 190225.00000000000000000
-4081.00000000000000000 24260.00000000000000000 190225.00000000000000000
-4081.00000000000000000 24260.00000000000000000 190225.00000000000000000
-4081.00000000000000000 24209.00000000000000000 190225.00000000000000000
-4081.00000000000000000 24163.00000000000000000 190225.00000000000000000
-4081.00000000000000000 24114.00000000000000000 190225.00000000000000000
-4081.00000000000000000 24069.00000000000000000 190225.00000000000000000
-4081.00000000000000000 24069.00000000000000000 190225.00000000000000000
-4081.00000000000000000 24020.00000000000000000 190225.00000000000000000
-4081.00000000000000000 23971.00000000000000000 190225.00000000000000000
-4081.00000000000000000 23925.00000000000000000 190225.00000000000000000
-4081.00000000000000000 23874.00000000000000000 190225.00000000000000000
-4081.00000000000000000 23874.00000000000000000 190225.00000000000000000
-4081.00000000000000000 23826.00000000000000000 190225.00000000000000000
-4081.00000000000000000 23774.00000000000000000 190225.00000000000000000
-4081.00000000000000000 23726.00000000000000000 184915.00000000000000000
-4081.00000000000000000 23675.00000000000000000 184915.00000000000000000
-4081.00000000000000000 23675.00000000000000000 184915.00000000000000000
-4081.00000000000000000 23628.00000000000000000 184915.00000000000000000
-4081.00000000000000000 23577.00000000000000000 184915.00000000000000000
-4081.00000000000000000 23528.00000000000000000 184915.00000000000000000
-4081.00000000000000000 23483.00000000000000000 184915.00000000000000000
-4081.00000000000000000 23483.00000000000000000 184915.00000000000000000
-4081.00000000000000000 23434.00000000000000000 184915.00000000000000000
-4081.00000000000000000 23389.00000000000000000 184915.00000000000000000
-4081.00000000000000000 23339.00000000000000000 184915.00000000000000000
-4081.00000000000000000 23293.00000000000000000 184915.00000000000000000
-4081.00000000000000000 23293.00000000000000000 184915.00000000000000000
-4081.00000000000000000 23242.00000000000000000 184915.00000000000000000
-4081.00000000000000000 23192.00000000000000000 184915.00000000000000000
-4081.00000000000000000 23148.00000000000000000 184915.00000000000000000
-4081.00000000000000000 23100.00000000000000000 157006.00000000000000000
-4081.00000000000000000 23100.00000000000000000 157006.00000000000000000
-4081.00000000000000000 23057.00000000000000000 157006.00000000000000000
-4081.00000000000000000 23011.00000000000000000 157006.00000000000000000
-4081.00000000000000000 22969.00000000000000000 157006.00000000000000000
-4081.00000000000000000 22922.00000000000000000 157006.00000000000000000
-4081.00000000000000000 22922.00000000000000000 157006.00000000000000000
-4081.00000000000000000 22879.00000000000000000 157006.00000000000000000
-4081.00000000000000000 22832.00000000000000000 157006.00000000000000000
-4081.00000000000000000 22783.00000000000000000 157006.00000000000000000
-4081.00000000000000000 22737.00000000000000000 157006.00000000000000000
-4081.00000000000000000 22737.00000000000000000 157006.00000000000000000
-4081.00000000000000000 22687.00000000000000000 157006.00000000000000000
-4081.00000000000000000 22641.00000000000000000 157006.00000000000000000
-4081.00000000000000000 22591.00000000000000000 157006.00000000000000000
-4081.00000000000000000 22591.00000000000000000 157006.00000000000000000
-4081.00000000000000000 22547.00000000000000000 157006.00000000000000000
-4081.00000000000000000 22500.00000000000000000 155490.00000000000000000
-4081.00000000000000000 22454.00000000000000000 155490.00000000000000000
-4081.00000000000000000 22410.00000000000000000 155490.00000000000000000
-4081.00000000000000000 22410.00000000000000000 155490.00000000000000000
-4081.00000000000000000 22363.00000000000000000 155490.00000000000000000
-4081.00000000000000000 22317.00000000000000000 155490.00000000000000000
-4081.00000000000000000 22267.00000000000000000 155490.00000000000000000
-4081.00000000000000000 22219.00000000000000000 155490.00000000000000000
-4081.00000000000000000 22219.00000000000000000 155490.00000000000000000
-4080.00000000000000000 22168.00000000000000000 155490.00000000000000000
-4080.00000000000000000 22116.00000000000000000 155490.00000000000000000
-4078.00000000000000000 22069.00000000000000000 155490.00000000000000000
-4077.00000000000000000 22018.00000000000000000 155490.00000000000000000
-4077.00000000000000000 22018.00000000000000000 155490.00000000000000000
-4075.00000000000000000 21972.00000000000000000 155490.00000000000000000
-4073.00000000000000000 21923.00000000000000000 155490.00000000000000000
-4070.00000000000000000 21879.00000000000000000 139571.00000000000000000
-4067.00000000000000000 21831.00000000000000000 139571.00000000000000000
-4067.00000000000000000 21831.00000000000000000 139571.00000000000000000
-4063.00000000000000000 21786.00000000000000000 139571.00000000000000000
-4058.00000000000000000 21737.00000000000000000 139571.00000000000000000
-4053.00000000000000000 21687.00000000000000000 139571.00000000000000000
-4047.00000000000000000 21640.00000000000000000 139571.00000000000000000
-4047.00000000000000000 21640.00000000000000000 139571.00000000000000000
-4040.00000000000000000 21588.00000000000000000 139571.00000000000000000
-4033.00000000000000000 21541.00000000000000000 139571.00000000000000000
-4025.00000000000000000 21490.00000000000000000 139571.00000000000000000
-4016.00000000000000000 21439.00000000000000000 139571.00000000000000000
-4016.00000000000000000 21439.00000000000000000 139571.00000000000000000
-4008.00000000000000000 21391.00000000000000000 139571.00000000000000000
-3998.00000000000000000 21340.00000000000000000 139571.00000000000000000
-3988.00000000000000000 21293.00000000000000000 139571.00000000000000000
-3977.00000000000000000 21243.00000000000000000 150179.00000000000000000
-3977.00000000000000000 21243.00000000000000000 150179.00000000000000000
-3967.00000000000000000 21198.00000000000000000 150179.00000000000000000
-3955.00000000000000000 21150.00000000000000000 150179.00000000000000000
-3944.00000000000000000 21107.00000000000000000 150179.00000000000000000
-3932.00000000000000000 21060.00000000000000000 150179.00000000000000000
-3932.00000000000000000 21060.00000000000000000 150179.00000000000000000
-3919.00000000000000000 21016.00000000000000000 150179.00000000000000000
-3905.00000000000000000 20969.00000000000000000 150179.00000000000000000
-3891.00000000000000000 20924.00000000000000000 150179.00000000000000000
-3876.00000000000000000 20875.00000000000000000 150179.00000000000000000
-3876.00000000000000000 20875.00000000000000000 150179.00000000000000000
-3861.00000000000000000 20830.00000000000000000 150179.00000000000000000
-3844.00000000000000000 20781.00000000000000000 150179.00000000000000000
-3826.00000000000000000 20732.00000000000000000 150179.00000000000000000
-3809.00000000000000000 20687.00000000000000000 150179.00000000000000000
-3809.00000000000000000 20687.00000000000000000 150179.00000000000000000
-3791.00000000000000000 20638.00000000000000000 167708.00000000000000000
-3773.00000000000000000 20594.00000000000000000 167708.00000000000000000
-3753.00000000000000000 20546.00000000000000000 167708.00000000000000000
-3734.00000000000000000 20502.00000000000000000 167708.00000000000000000
-3734.00000000000000000 20502.00000000000000000 167708.00000000000000000
-3712.00000000000000000 20454.00000000000000000 167708.00000000000000000
-3692.00000000000000000 20411.00000000000000000 167708.00000000000000000
-3670.00000000000000000 20364.00000000000000000 167708.00000000000000000
-3670.00000000000000000 20364.00000000000000000 167708.00000000000000000
-3649.00000000000000000 20321.00000000000000000 167708.00000000000000000
-3625.00000000000000000 20274.00000000000000000 167708.00000000000000000
-3601.00000000000000000 20228.00000000000000000 167708.00000000000000000
-3578.00000000000000000 20186.00000000000000000 167708.00000000000000000
-3578.00000000000000000 20186.00000000000000000 167708.00000000000000000
-3553.00000000000000000 20140.00000000000000000 167708.00000000000000000
-3529.00000000000000000 20099.00000000000000000 167708.00000000000000000
-3503.00000000000000000 20054.00000000000000000 172496.00000000000000000
-3478.00000000000000000 20013.00000000000000000 172496.00000000000000000
-3478.00000000000000000 20013.00000000000000000 172496.00000000000000000
-3451.00000000000000000 19969.00000000000000000 172496.00000000000000000
-3425.00000000000000000 19928.00000000000000000 172496.00000000000000000
-3397.00000000000000000 19885.00000000000000000 172496.00000000000000000
-3368.00000000000000000 19841.00000000000000000 172496.00000000000000000
-3368.00000000000000000 19841.00000000000000000 172496.00000000000000000
-3341.00000000000000000 19802.00000000000000000 172496.00000000000000000
-3311.00000000000000000 19759.00000000000000000 172496.00000000000000000
-3283.00000000000000000 19720.00000000000000000 172496.00000000000000000
-3252.00000000000000000 19679.00000000000000000 172496.00000000000000000
-3252.00000000000000000 19679.00000000000000000 172496.00000000000000000
-3222.00000000000000000 19641.00000000000000000 172496.00000000000000000
-3190.00000000000000000 19600.00000000000000000 172496.00000000000000000
-3160.00000000000000000 19562.00000000000000000 172496.00000000000000000
-3127.00000000000000000 19522.00000000000000000 185411.00000000000000000
-3127.00000000000000000 19522.00000000000000000 185411.00000000000000000
-3094.00000000000000000 19482.00000000000000000 185411.00000000000000000
-3062.00000000000000000 19446.00000000000000000 185411.00000000000000000
-3028.00000000000000000 19407.00000000000000000 185411.00000000000000000
-2996.00000000000000000 19372.00000000000000000 185411.00000000000000000
-2996.00000000000000000 19372.00000000000000000 185411.00000000000000000
-2960.00000000000000000 19333.00000000000000000 185411.00000000000000000
-2927.00000000000000000 19299.00000000000000000 185411.00000000000000000
-2891.00000000000000000 19262.00000000000000000 185411.00000000000000000
-2857.00000000000000000 19228.00000000000000000 185411.00000000000000000
-2857.00000000000000000 19228.00000000000000000 185411.00000000000000000
-2820.00000000000000000 19191.00000000000000000 185411.00000000000000000
-2782.00000000000000000 19156.00000000000000000 185411.00000000000000000
-2747.00000000000000000 19123.00000000000000000 185411.00000000000000000
-2708.00000000000000000 19088.00000000000000000 185411.00000000000000000
-2708.00000000000000000 19088.00000000000000000 185411.00000000000000000
-2672.00000000000000000 19056.00000000000000000 257268.00000000000000000
-2633.00000000000000000 19022.00000000000000000 257268.00000000000000000
-2596.00000000000000000 18991.00000000000000000 257268.00000000000000000
-2556.00000000000000000 18958.00000000000000000 257268.00000000000000000
-2556.00000000000000000 18958.00000000000000000 257268.00000000000000000
-2518.00000000000000000 18928.00000000000000000 257268.00000000000000000
-2477.00000000000000000 18897.00000000000000000 257268.00000000000000000
-2436.00000000000000000 18865.00000000000000000 257268.00000000000000000
-2397.00000000000000000 18837.00000000000000000 257268.00000000000000000
-2397.00000000000000000 18837.00000000000000000 257268.00000000000000000
-2355.00000000000000000 18806.00000000000000000 257268.00000000000000000
-2313.00000000000000000 18776.00000000000000000 257268.00000000000000000
-2273.00000000000000000 18749.00000000000000000 257268.00000000000000000
-2273.00000000000000000 18749.00000000000000000 257268.00000000000000000
-2230.00000000000000000 18720.00000000000000000 257268.00000000000000000
-2190.00000000000000000 18694.00000000000000000 257268.00000000000000000
-2146.00000000000000000 18666.00000000000000000 200619.00000000000000000
-2102.00000000000000000 18639.00000000000000000 200619.00000000000000000
-2102.00000000000000000 18639.00000000000000000 200619.00000000000000000
-2060.00000000000000000 18614.00000000000000000 200619.00000000000000000
-2015.00000000000000000 18588.00000000000000000 200619.00000000000000000
-1974.00000000000000000 18565.00000000000000000 200619.00000000000000000
-1928.00000000000000000 18540.00000000000000000 200619.00000000000000000
-1928.00000000000000000 18540.00000000000000000 200619.00000000000000000
-1886.00000000000000000 18517.00000000000000000 200619.00000000000000000
-1842.00000000000000000 18494.00000000000000000 200619.00000000000000000
-1802.00000000000000000 18473.00000000000000000 200619.00000000000000000
-1760.00000000000000000 18453.00000000000000000 200619.00000000000000000
-1760.00000000000000000 18453.00000000000000000 200619.00000000000000000
-1721.00000000000000000 18434.00000000000000000 200619.00000000000000000
-1686.00000000000000000 18416.00000000000000000 200619.00000000000000000
-1652.00000000000000000 18402.00000000000000000 200619.00000000000000000
-1621.00000000000000000 18388.00000000000000000 213575.00000000000000000
-1621.00000000000000000 18388.00000000000000000 213575.00000000000000000
-1595.00000000000000000 18376.00000000000000000 213575.00000000000000000
-1568.00000000000000000 18365.00000000000000000 213575.00000000000000000
-1542.00000000000000000 18354.00000000000000000 213575.00000000000000000
-1518.00000000000000000 18344.00000000000000000 213575.00000000000000000
-1518.00000000000000000 18344.00000000000000000 213575.00000000000000000
-1492.00000000000000000 18334.00000000000000000 213575.00000000000000000
-1468.00000000000000000 18325.00000000000000000 213575.00000000000000000
-1442.00000000000000000 18314.00000000000000000 213575.00000000000000000
-1442.00000000000000000 18314.00000000000000000 213575.00000000000000000
-1416.00000000000000000 18304.00000000000000000 213575.00000000000000000
-1392.00000000000000000 18295.00000000000000000 213575.00000000000000000
-1366.00000000000000000 18286.00000000000000000 213575.00000000000000000
-1341.00000000000000000 18277.00000000000000000 213575.00000000000000000
-1341.00000000000000000 18277.00000000000000000 213575.00000000000000000
-1315.00000000000000000 18268.00000000000000000 213575.00000000000000000
-1288.00000000000000000 18259.00000000000000000 275669.00000000000000000
-1264.00000000000000000 18250.00000000000000000 275669.00000000000000000
-1239.00000000000000000 18242.00000000000000000 275669.00000000000000000
-1239.00000000000000000 18242.00000000000000000 275669.00000000000000000
-1213.00000000000000000 18234.00000000000000000 275669.00000000000000000
-1186.00000000000000000 18226.00000000000000000 275669.00000000000000000
-1161.00000000000000000 18218.00000000000000000 275669.00000000000000000
-1134.00000000000000000 18210.00000000000000000 275669.00000000000000000
-1134.00000000000000000 18210.00000000000000000 275669.00000000000000000
-1108.00000000000000000 18202.00000000000000000 275669.00000000000000000
-1083.00000000000000000 18195.00000000000000000 275669.00000000000000000
-1056.00000000000000000 18187.00000000000000000 275669.00000000000000000
-1031.00000000000000000 18181.00000000000000000 275669.00000000000000000
-1031.00000000000000000 18181.00000000000000000 275669.00000000000000000
-1004.00000000000000000 18173.00000000000000000 275669.00000000000000000
-977.00000000000000000 18166.00000000000000000 275669.00000000000000000
-952.00000000000000000 18160.00000000000000000 374684.00000000000000000
-925.00000000000000000 18154.00000000000000000 374684.00000000000000000
-925.00000000000000000 18154.00000000000000000 374684.00000000000000000
-899.00000000000000000 18148.00000000000000000 374684.00000000000000000
-872.00000000000000000 18142.00000000000000000 374684.00000000000000000
-847.00000000000000000 18136.00000000000000000 374684.00000000000000000
-820.00000000000000000 18130.00000000000000000 374684.00000000000000000
-820.00000000000000000 18130.00000000000000000 374684.00000000000000000
-794.00000000000000000 18125.00000000000000000 374684.00000000000000000
-767.00000000000000000 18120.00000000000000000 374684.00000000000000000
-740.00000000000000000 18114.00000000000000000 374684.00000000000000000
-714.00000000000000000 18110.00000000000000000 374684.00000000000000000
-714.00000000000000000 18110.00000000000000000 374684.00000000000000000
-687.00000000000000000 18105.00000000000000000 374684.00000000000000000
-661.00000000000000000 18101.00000000000000000 374684.00000000000000000
-634.00000000000000000 18096.00000000000000000 374684.00000000000000000
-634.00000000000000000 18096.00000000000000000 374684.00000000000000000
-606.00000000000000000 18092.00000000000000000 281503.00000000000000000
-581.00000000000000000 18088.00000000000000000 281503.00000000000000000
-553.00000000000000000 18084.00000000000000000 281503.00000000000000000
-527.00000000000000000 18080.00000000000000000 281503.00000000000000000
-527.00000000000000000 18080.00000000000000000 281503.00000000000000000
-500.00000000000000000 18076.00000000000000000 281503.00000000000000000
-474.00000000000000000 18073.00000000000000000 281503.00000000000000000
-446.00000000000000000 18070.00000000000000000 281503.00000000000000000
-418.00000000000000000 18067.00000000000000000 281503.00000000000000000
-418.00000000000000000 18067.00000000000000000 281503.00000000000000000
-393.00000000000000000 18064.00000000000000000 281503.00000000000000000
-365.00000000000000000 18061.00000000000000000 281503.00000000000000000
-339.00000000000000000 18059.00000000000000000 281503.00000000000000000
-311.00000000000000000 18056.00000000000000000 281503.00000000000000000
-311.00000000000000000 18056.00000000000000000 281503.00000000000000000
-283.00000000000000000 18054.00000000000000000 281503.00000000000000000
-258.00000000000000000 18052.00000000000000000 281355.00000000000000000
-230.00000000000000000 18050.00000000000000000 281355.00000000000000000
-204.00000000000000000 18048.00000000000000000 281355.00000000000000000
-204.00000000000000000 18048.00000000000000000 281355.00000000000000000
-176.00000000000000000 18047.00000000000000000 281355.00000000000000000
-150.00000000000000000 18046.00000000000000000 281355.00000000000000000
-122.00000000000000000 18045.00000000000000000 281355.00000000000000000
-97.00000000000000000 18044.00000000000000000 281355.00000000000000000
-97.00000000000000000 18044.00000000000000000 281355.00000000000000000
-69.00000000000000000 18043.00000000000000000 281355.00000000000000000
-41.00000000000000000 18043.00000000000000000 281355.00000000000000000
-15.00000000000000000 18042.00000000000000000 281355.00000000000000000
13.00000000000000000 18042.00000000000000000 281355.00000000000000000
13.00000000000000000 18042.00000000000000000 281355.00000000000000000
39.00000000000000000 18042.00000000000000000 281355.00000000000000000
67.00000000000000000 18042.00000000000000000 281355.00000000000000000
95.00000000000000000 18042.00000000000000000 281731.00000000000000000
121.00000000000000000 18043.00000000000000000 281731.00000000000000000
121.00000000000000000 18043.00000000000000000 281731.00000000000000000
149.00000000000000000 18044.00000000000000000 281731.00000000000000000
175.00000000000000000 18044.00000000000000000 281731.00000000000000000
202.00000000000000000 18045.00000000000000000 281731.00000000000000000
228.00000000000000000 18047.00000000000000000 281731.00000000000000000
228.00000000000000000 18047.00000000000000000 281731.00000000000000000
256.00000000000000000 18048.00000000000000000 281731.00000000000000000
284.00000000000000000 18050.00000000000000000 281731.00000000000000000
310.00000000000000000 18052.00000000000000000 281731.00000000000000000
310.00000000000000000 18052.00000000000000000 281731.00000000000000000
338.00000000000000000 18054.00000000000000000 281731.00000000000000000
363.00000000000000000 18056.00000000000000000 281731.00000000000000000
391.00000000000000000 18058.00000000000000000 281731.00000000000000000
417.00000000000000000 18060.00000000000000000 281731.00000000000000000
417.00000000000000000 18060.00000000000000000 281731.00000000000000000
445.00000000000000000 18063.00000000000000000 281301.00000000000000000
471.00000000000000000 18066.00000000000000000 281301.00000000000000000
498.00000000000000000 18069.00000000000000000 281301.00000000000000000
526.00000000000000000 18072.00000000000000000 281301.00000000000000000
526.00000000000000000 18072.00000000000000000 281301.00000000000000000
552.00000000000000000 18075.00000000000000000 281301.00000000000000000
579.00000000000000000 18079.00000000000000000 281301.00000000000000000
605.00000000000000000 18083.00000000000000000 281301.00000000000000000
633.00000000000000000 18087.00000000000000000 281301.00000000000000000
633.00000000000000000 18087.00000000000000000 281301.00000000000000000
658.00000000000000000 18091.00000000000000000 281301.00000000000000000
686.00000000000000000 18095.00000000000000000 281301.00000000000000000
713.00000000000000000 18099.00000000000000000 281301.00000000000000000
739.00000000000000000 18104.00000000000000000 281301.00000000000000000
739.00000000000000000 18104.00000000000000000 281301.00000000000000000
764.00000000000000000 18108.00000000000000000 281301.00000000000000000
792.00000000000000000 18113.00000000000000000 281315.00000000000000000
819.00000000000000000 18118.00000000000000000 281315.00000000000000000
845.00000000000000000 18124.00000000000000000 281315.00000000000000000
845.00000000000000000 18124.00000000000000000 281315.00000000000000000
872.00000000000000000 18129.00000000000000000 281315.00000000000000000
897.00000000000000000 18135.00000000000000000 281315.00000000000000000
925.00000000000000000 18141.00000000000000000 281315.00000000000000000
950.00000000000000000 18146.00000000000000000 281315.00000000000000000
950.00000000000000000 18146.00000000000000000 281315.00000000000000000
977.00000000000000000 18153.00000000000000000 281315.00000000000000000
1004.00000000000000000 18159.00000000000000000 281315.00000000000000000
1029.00000000000000000 18165.00000000000000000 281315.00000000000000000
1056.00000000000000000 18172.00000000000000000 281315.00000000000000000
1056.00000000000000000 18172.00000000000000000 281315.00000000000000000
1081.00000000000000000 18179.00000000000000000 281315.00000000000000000
1108.00000000000000000 18186.00000000000000000 281315.00000000000000000
1135.00000000000000000 18194.00000000000000000 281583.00000000000000000
1160.00000000000000000 18201.00000000000000000 281583.00000000000000000
1160.00000000000000000 18201.00000000000000000 281583.00000000000000000
1187.00000000000000000 18208.00000000000000000 281583.00000000000000000
1212.00000000000000000 18216.00000000000000000 281583.00000000000000000
1238.00000000000000000 18224.00000000000000000 281583.00000000000000000
1263.00000000000000000 18232.00000000000000000 281583.00000000000000000
1263.00000000000000000 18232.00000000000000000 281583.00000000000000000
1290.00000000000000000 18240.00000000000000000 281583.00000000000000000
1317.00000000000000000 18249.00000000000000000 281583.00000000000000000
1341.00000000000000000 18257.00000000000000000 281583.00000000000000000
1341.00000000000000000 18257.00000000000000000 281583.00000000000000000
1368.00000000000000000 18266.00000000000000000 281583.00000000000000000
1392.00000000000000000 18274.00000000000000000 281583.00000000000000000
1418.00000000000000000 18284.00000000000000000 281583.00000000000000000
1442.00000000000000000 18293.00000000000000000 281583.00000000000000000
1442.00000000000000000 18293.00000000000000000 281583.00000000000000000
1469.00000000000000000 18302.00000000000000000 281342.00000000000000000
1493.00000000000000000 18312.00000000000000000 281342.00000000000000000
1519.00000000000000000 18322.00000000000000000 281342.00000000000000000
1545.00000000000000000 18332.00000000000000000 281342.00000000000000000
1545.00000000000000000 18332.00000000000000000 281342.00000000000000000
1569.00000000000000000 18341.00000000000000000 281342.00000000000000000
1594.00000000000000000 18352.00000000000000000 281342.00000000000000000
1618.00000000000000000 18362.00000000000000000 281342.00000000000000000
1644.00000000000000000 18373.00000000000000000 281342.00000000000000000
1644.00000000000000000 18373.00000000000000000 281342.00000000000000000
1669.00000000000000000 18384.00000000000000000 281342.00000000000000000
1698.00000000000000000 18396.00000000000000000 281342.00000000000000000
1728.00000000000000000 18410.00000000000000000 281342.00000000000000000
1759.00000000000000000 18425.00000000000000000 281342.00000000000000000
1759.00000000000000000 18425.00000000000000000 281342.00000000000000000
1794.00000000000000000 18442.00000000000000000 281342.00000000000000000
1830.00000000000000000 18459.00000000000000000 278914.00000000000000000
1871.00000000000000000 18480.00000000000000000 278914.00000000000000000
1911.00000000000000000 18502.00000000000000000 278914.00000000000000000
1911.00000000000000000 18502.00000000000000000 278914.00000000000000000
1955.00000000000000000 18524.00000000000000000 278914.00000000000000000
2001.00000000000000000 18548.00000000000000000 278914.00000000000000000
2043.00000000000000000 18572.00000000000000000 278914.00000000000000000
2088.00000000000000000 18597.00000000000000000 278914.00000000000000000
2088.00000000000000000 18597.00000000000000000 278914.00000000000000000
2129.00000000000000000 18622.00000000000000000 278914.00000000000000000
2174.00000000000000000 18648.00000000000000000 278914.00000000000000000
2218.00000000000000000 18676.00000000000000000 278914.00000000000000000
2259.00000000000000000 18702.00000000000000000 278914.00000000000000000
2259.00000000000000000 18702.00000000000000000 278914.00000000000000000
2302.00000000000000000 18730.00000000000000000 278914.00000000000000000
2342.00000000000000000 18757.00000000000000000 278914.00000000000000000
2385.00000000000000000 18786.00000000000000000 214071.00000000000000000
2424.00000000000000000 18814.00000000000000000 214071.00000000000000000
2424.00000000000000000 18814.00000000000000000 214071.00000000000000000
2466.00000000000000000 18845.00000000000000000 214071.00000000000000000
2504.00000000000000000 18873.00000000000000000 214071.00000000000000000
2546.00000000000000000 18905.00000000000000000 214071.00000000000000000
2583.00000000000000000 18935.00000000000000000 214071.00000000000000000
2583.00000000000000000 18935.00000000000000000 214071.00000000000000000
2624.00000000000000000 18967.00000000000000000 214071.00000000000000000
2664.00000000000000000 19000.00000000000000000 214071.00000000000000000
2701.00000000000000000 19031.00000000000000000 214071.00000000000000000
2701.00000000000000000 19031.00000000000000000 214071.00000000000000000
2740.00000000000000000 19065.00000000000000000 214071.00000000000000000
2776.00000000000000000 19097.00000000000000000 214071.00000000000000000
2814.00000000000000000 19132.00000000000000000 214071.00000000000000000
2849.00000000000000000 19165.00000000000000000 214071.00000000000000000
2849.00000000000000000 19165.00000000000000000 214071.00000000000000000
2887.00000000000000000 19201.00000000000000000 201612.00000000000000000
2921.00000000000000000 19235.00000000000000000 201612.00000000000000000
2958.00000000000000000 19271.00000000000000000 201612.00000000000000000
2994.00000000000000000 19309.00000000000000000 201612.00000000000000000
2994.00000000000000000 19309.00000000000000000 201612.00000000000000000
3027.00000000000000000 19344.00000000000000000 201612.00000000000000000
3062.00000000000000000 19382.00000000000000000 201612.00000000000000000
3094.00000000000000000 19418.00000000000000000 201612.00000000000000000
3129.00000000000000000 19457.00000000000000000 201612.00000000000000000
3129.00000000000000000 19457.00000000000000000 201612.00000000000000000
3162.00000000000000000 19496.00000000000000000 201612.00000000000000000
3193.00000000000000000 19533.00000000000000000 201612.00000000000000000
3226.00000000000000000 19572.00000000000000000 201612.00000000000000000
3255.00000000000000000 19609.00000000000000000 201612.00000000000000000
3255.00000000000000000 19609.00000000000000000 201612.00000000000000000
3286.00000000000000000 19649.00000000000000000 201612.00000000000000000
3317.00000000000000000 19690.00000000000000000 189032.00000000000000000
3345.00000000000000000 19728.00000000000000000 189032.00000000000000000
3375.00000000000000000 19770.00000000000000000 189032.00000000000000000
3375.00000000000000000 19770.00000000000000000 189032.00000000000000000
3403.00000000000000000 19808.00000000000000000 189032.00000000000000000
3432.00000000000000000 19851.00000000000000000 189032.00000000000000000
3458.00000000000000000 19890.00000000000000000 189032.00000000000000000
3486.00000000000000000 19932.00000000000000000 189032.00000000000000000
3486.00000000000000000 19932.00000000000000000 189032.00000000000000000
3511.00000000000000000 19971.00000000000000000 189032.00000000000000000
3537.00000000000000000 20014.00000000000000000 189032.00000000000000000
3563.00000000000000000 20057.00000000000000000 189032.00000000000000000
3586.00000000000000000 20098.00000000000000000 189032.00000000000000000
3586.00000000000000000 20098.00000000000000000 189032.00000000000000000
3612.00000000000000000 20143.00000000000000000 189032.00000000000000000
3635.00000000000000000 20185.00000000000000000 189032.00000000000000000
3659.00000000000000000 20230.00000000000000000 184941.00000000000000000
3681.00000000000000000 20273.00000000000000000 184941.00000000000000000
3681.00000000000000000 20273.00000000000000000 184941.00000000000000000
3705.00000000000000000 20319.00000000000000000 184941.00000000000000000
3726.00000000000000000 20362.00000000000000000 184941.00000000000000000
3748.00000000000000000 20409.00000000000000000 184941.00000000000000000
3748.00000000000000000 20409.00000000000000000 184941.00000000000000000
3769.00000000000000000 20453.00000000000000000 184941.00000000000000000
3790.00000000000000000 20500.00000000000000000 184941.00000000000000000
3810.00000000000000000 20548.00000000000000000 184941.00000000000000000
3829.00000000000000000 20592.00000000000000000 184941.00000000000000000
3829.00000000000000000 20592.00000000000000000 184941.00000000000000000
3848.00000000000000000 20640.00000000000000000 184941.00000000000000000
3866.00000000000000000 20685.00000000000000000 184941.00000000000000000
3884.00000000000000000 20733.00000000000000000 184941.00000000000000000
3901.00000000000000000 20782.00000000000000000 184941.00000000000000000
3901.00000000000000000 20782.00000000000000000 184941.00000000000000000
3917.00000000000000000 20826.00000000000000000 176761.00000000000000000
3933.00000000000000000 20875.00000000000000000 176761.00000000000000000
3947.00000000000000000 20920.00000000000000000 176761.00000000000000000
3962.00000000000000000 20969.00000000000000000 176761.00000000000000000
3962.00000000000000000 20969.00000000000000000 176761.00000000000000000
3976.00000000000000000 21015.00000000000000000 176761.00000000000000000
3990.00000000000000000 21065.00000000000000000 176761.00000000000000000
4002.00000000000000000 21111.00000000000000000 176761.00000000000000000
4015.00000000000000000 21161.00000000000000000 176761.00000000000000000
4015.00000000000000000 21161.00000000000000000 176761.00000000000000000
4027.00000000000000000 21212.00000000000000000 176761.00000000000000000
4038.00000000000000000 21258.00000000000000000 176761.00000000000000000
4049.00000000000000000 21309.00000000000000000 176761.00000000000000000
4059.00000000000000000 21355.00000000000000000 176761.00000000000000000
4059.00000000000000000 21355.00000000000000000 176761.00000000000000000
4068.00000000000000000 21404.00000000000000000 176761.00000000000000000
4076.00000000000000000 21449.00000000000000000 170337.00000000000000000
4084.00000000000000000 21498.00000000000000000 170337.00000000000000000
4091.00000000000000000 21543.00000000000000000 170337.00000000000000000
4091.00000000000000000 21543.00000000000000000 170337.00000000000000000
4098.00000000000000000 21593.00000000000000000 170337.00000000000000000
4105.00000000000000000 21640.00000000000000000 170337.00000000000000000
4111.00000000000000000 21690.00000000000000000 170337.00000000000000000
4116.00000000000000000 21736.00000000000000000 170337.00000000000000000
4116.00000000000000000 21736.00000000000000000 170337.00000000000000000
4120.00000000000000000 21784.00000000000000000 170337.00000000000000000
4125.00000000000000000 21831.00000000000000000 170337.00000000000000000
4128.00000000000000000 21874.00000000000000000 170337.00000000000000000
4131.00000000000000000 21920.00000000000000000 170337.00000000000000000
4131.00000000000000000 21920.00000000000000000 170337.00000000000000000
4133.00000000000000000 21968.00000000000000000 170337.00000000000000000
4135.00000000000000000 22013.00000000000000000 170337.00000000000000000
4136.00000000000000000 22064.00000000000000000 148852.00000000000000000
4137.00000000000000000 22111.00000000000000000 148852.00000000000000000
4137.00000000000000000 22111.00000000000000000 148852.00000000000000000
4138.00000000000000000 22163.00000000000000000 148852.00000000000000000
4138.00000000000000000 22211.00000000000000000 148852.00000000000000000
4138.00000000000000000 22262.00000000000000000 148852.00000000000000000
4138.00000000000000000 22310.00000000000000000 148852.00000000000000000
4138.00000000000000000 22310.00000000000000000 148852.00000000000000000
4138.00000000000000000 22362.00000000000000000 148852.00000000000000000
4138.00000000000000000 22410.00000000000000000 148852.00000000000000000
4138.00000000000000000 22462.00000000000000000 148852.00000000000000000
4138.00000000000000000 22462.00000000000000000 148852.00000000000000000
4138.00000000000000000 22512.00000000000000000 148852.00000000000000000
4138.00000000000000000 22558.00000000000000000 148852.00000000000000000
4138.00000000000000000 22606.00000000000000000 148852.00000000000000000
4138.00000000000000000 22649.00000000000000000 148852.00000000000000000
4138.00000000000000000 22649.00000000000000000 148852.00000000000000000
4138.00000000000000000 22695.00000000000000000 137774.00000000000000000
4138.00000000000000000 22739.00000000000000000 137774.00000000000000000
4138.00000000000000000 22787.00000000000000000 137774.00000000000000000
4138.00000000000000000 22833.00000000000000000 137774.00000000000000000
4138.00000000000000000 22833.00000000000000000 137774.00000000000000000
4138.00000000000000000 22883.00000000000000000 137774.00000000000000000
4138.00000000000000000 22933.00000000000000000 137774.00000000000000000
4138.00000000000000000 22978.00000000000000000 137774.00000000000000000
4138.00000000000000000 23026.00000000000000000 137774.00000000000000000
4138.00000000000000000 23026.00000000000000000 137774.00000000000000000
4138.00000000000000000 23070.00000000000000000 137774.00000000000000000
4138.00000000000000000 23117.00000000000000000 137774.00000000000000000
4138.00000000000000000 23163.00000000000000000 137774.00000000000000000
4138.00000000000000000 23205.00000000000000000 137774.00000000000000000
4138.00000000000000000 23205.00000000000000000 137774.00000000000000000
4138.00000000000000000 23251.00000000000000000 137774.00000000000000000
4138.00000000000000000 23295.00000000000000000 154914.00000000000000000
4138.00000000000000000 23342.00000000000000000 154914.00000000000000000
4138.00000000000000000 23388.00000000000000000 154914.00000000000000000
4138.00000000000000000 23388.00000000000000000 154914.00000000000000000
4138.00000000000000000 23438.00000000000000000 154914.00000000000000000
4138.00000000000000000 23488.00000000000000000 154914.00000000000000000
4138.00000000000000000 23535.00000000000000000 154914.00000000000000000
4138.00000000000000000 23584.00000000000000000 154914.00000000000000000
4138.00000000000000000 23584.00000000000000000 154914.00000000000000000
4138.00000000000000000 23629.00000000000000000 154914.00000000000000000
4138.00000000000000000 23677.00000000000000000 154914.00000000000000000
4138.00000000000000000 23722.00000000000000000 154914.00000000000000000
4138.00000000000000000 23772.00000000000000000 154914.00000000000000000
4138.00000000000000000 23772.00000000000000000 154914.00000000000000000
4138.00000000000000000 23822.00000000000000000 154914.00000000000000000
4138.00000000000000000 23869.00000000000000000 154914.00000000000000000
4138.00000000000000000 23921.00000000000000000 150635.00000000000000000
4138.00000000000000000 23968.00000000000000000 150635.00000000000000000
4138.00000000000000000 23968.00000000000000000 150635.00000000000000000
4138.00000000000000000 24020.00000000000000000 150635.00000000000000000
4138.00000000000000000 24068.00000000000000000 150635.00000000000000000
4138.00000000000000000 24119.00000000000000000 150635.00000000000000000
4138.00000000000000000 24166.00000000000000000 150635.00000000000000000
4138.00000000000000000 24166.00000000000000000 150635.00000000000000000
4138.00000000000000000 24216.00000000000000000 150635.00000000000000000
4138.00000000000000000 24265.00000000000000000 150635.00000000000000000
4138.00000000000000000 24311.00000000000000000 150635.00000000000000000
4138.00000000000000000 24311.00000000000000000 150635.00000000000000000
4138.00000000000000000 24361.00000000000000000 150635.00000000000000000
4138.00000000000000000 24408.00000000000000000 150635.00000000000000000
4138.00000000000000000 24459.00000000000000000 150635.00000000000000000
4138.00000000000000000 24507.00000000000000000 150635.00000000000000000
4138.00000000000000000 24507.00000000000000000 150635.00000000000000000
4138.00000000000000000 24558.00000000000000000 187811.00000000000000000
4138.00000000000000000 24606.00000000000000000 187811.00000000000000000
4138.00000000000000000 24657.00000000000000000 187811.00000000000000000
4138.00000000000000000 24705.00000000000000000 187811.00000000000000000
4138.00000000000000000 24705.00000000000000000 187811.00000000000000000
4138.00000000000000000 24756.00000000000000000 187811.00000000000000000
4138.00000000000000000 24802.00000000000000000 187811.00000000000000000
4138.00000000000000000 24853.00000000000000000 187811.00000000000000000
4138.00000000000000000 24899.00000000000000000 187811.00000000000000000
4138.00000000000000000 24899.00000000000000000 187811.00000000000000000
4138.00000000000000000 24950.00000000000000000 187811.00000000000000000
4138.00000000000000000 25000.00000000000000000 187811.00000000000000000
4138.00000000000000000 25047.00000000000000000 187811.00000000000000000
4138.00000000000000000 25098.00000000000000000 187811.00000000000000000
4138.00000000000000000 25098.00000000000000000 187811.00000000000000000
4138.00000000000000000 25146.00000000000000000 187811.00000000000000000
4138.00000000000000000 25197.00000000000000000 188388.00000000000000000
4139.00000000000000000 25245.00000000000000000 188388.00000000000000000
4139.00000000000000000 25296.00000000000000000 188388.00000000000000000
4139.00000000000000000 25296.00000000000000000 188388.00000000000000000
4139.00000000000000000 25344.00000000000000000 188388.00000000000000000
4139.00000000000000000 25396.00000000000000000 188388.00000000000000000
4140.00000000000000000 25444.00000000000000000 188388.00000000000000000
4142.00000000000000000 25496.00000000000000000 188388.00000000000000000
4142.00000000000000000 25496.00000000000000000 188388.00000000000000000
4143.00000000000000000 25544.00000000000000000 188388.00000000000000000
4146.00000000000000000 25596.00000000000000000 188388.00000000000000000
4150.00000000000000000 25647.00000000000000000 188388.00000000000000000
4154.00000000000000000 25695.00000000000000000 188388.00000000000000000
4154.00000000000000000 25695.00000000000000000 188388.00000000000000000
4158.00000000000000000 25743.00000000000000000 188388.00000000000000000
4164.00000000000000000 25794.00000000000000000 188388.00000000000000000
4171.00000000000000000 25846.00000000000000000 256209.00000000000000000
4179.00000000000000000 25893.00000000000000000 256209.00000000000000000
4179.00000000000000000 25893.00000000000000000 256209.00000000000000000
4186.00000000000000000 25940.00000000000000000 256209.00000000000000000
4196.00000000000000000 25991.00000000000000000 256209.00000000000000000
4206.00000000000000000 26041.00000000000000000 256209.00000000000000000
4215.00000000000000000 26085.00000000000000000 256209.00000000000000000
4215.00000000000000000 26085.00000000000000000 256209.00000000000000000
4226.00000000000000000 26131.00000000000000000 256209.00000000000000000
4235.00000000000000000 26169.00000000000000000 256209.00000000000000000
4245.00000000000000000 26208.00000000000000000 256209.00000000000000000
4255.00000000000000000 26244.00000000000000000 256209.00000000000000000
4255.00000000000000000 26244.00000000000000000 256209.00000000000000000
4264.00000000000000000 26274.00000000000000000 256209.00000000000000000
4272.00000000000000000 26304.00000000000000000 256209.00000000000000000
4280.00000000000000000 26329.00000000000000000 256209.00000000000000000
4287.00000000000000000 26354.00000000000000000 192371.00000000000000000
4287.00000000000000000 26354.00000000000000000 192371.00000000000000000
4294.00000000000000000 26374.00000000000000000 192371.00000000000000000
4300.00000000000000000 26395.00000000000000000 192371.00000000000000000
4306.00000000000000000 26412.00000000000000000 192371.00000000000000000
4311.00000000000000000 26428.00000000000000000 192371.00000000000000000
4311.00000000000000000 26428.00000000000000000 192371.00000000000000000
4316.00000000000000000 26442.00000000000000000 192371.00000000000000000
4321.00000000000000000 26455.00000000000000000 192371.00000000000000000
4325.00000000000000000 26468.00000000000000000 192371.00000000000000000
4329.00000000000000000 26478.00000000000000000 192371.00000000000000000
4329.00000000000000000 26478.00000000000000000 192371.00000000000000000
4333.00000000000000000 26488.00000000000000000 192371.00000000000000000
4337.00000000000000000 26497.00000000000000000 192371.00000000000000000
4341.00000000000000000 26506.00000000000000000 192371.00000000000000000
4341.00000000000000000 26506.00000000000000000 192371.00000000000000000
4344.00000000000000000 26514.00000000000000000 192371.00000000000000000
4348.00000000000000000 26523.00000000000000000 59077.00000000000000000
4351.00000000000000000 26531.00000000000000000 59077.00000000000000000
4354.00000000000000000 26539.00000000000000000 59077.00000000000000000
4354.00000000000000000 26539.00000000000000000 59077.00000000000000000
4358.00000000000000000 26547.00000000000000000 59077.00000000000000000
4361.00000000000000000 26555.00000000000000000 59077.00000000000000000
4365.00000000000000000 26564.00000000000000000 59077.00000000000000000
4368.00000000000000000 26572.00000000000000000 59077.00000000000000000
4368.00000000000000000 26572.00000000000000000 59077.00000000000000000
4372.00000000000000000 26581.00000000000000000 59077.00000000000000000
4376.00000000000000000 26591.00000000000000000 59077.00000000000000000
4380.00000000000000000 26601.00000000000000000 59077.00000000000000000
4385.00000000000000000 26611.00000000000000000 59077.00000000000000000
4385.00000000000000000 26611.00000000000000000 59077.00000000000000000
4389.00000000000000000 26622.00000000000000000 59077.00000000000000000
4395.00000000000000000 26634.00000000000000000 59077.00000000000000000
4400.00000000000000000 26646.00000000000000000 -77517.00000000000000000
4406.00000000000000000 26660.00000000000000000 -77517.00000000000000000
4406.00000000000000000 26660.00000000000000000 -77517.00000000000000000
4412.00000000000000000 26674.00000000000000000 -77517.00000000000000000
4419.00000000000000000 26687.00000000000000000 -77517.00000000000000000
4426.00000000000000000 26702.00000000000000000 -77517.00000000000000000
4432.00000000000000000 26716.00000000000000000 -77517.00000000000000000
4432.00000000000000000 26716.00000000000000000 -77517.00000000000000000
4440.00000000000000000 26732.00000000000000000 -77517.00000000000000000
4448.00000000000000000 26747.00000000000000000 -77517.00000000000000000
4456.00000000000000000 26765.00000000000000000 -77517.00000000000000000
4465.00000000000000000 26781.00000000000000000 -77517.00000000000000000
4465.00000000000000000 26781.00000000000000000 -77517.00000000000000000
4474.00000000000000000 26799.00000000000000000 -77517.00000000000000000
4483.00000000000000000 26817.00000000000000000 -77517.00000000000000000
4492.00000000000000000 26834.00000000000000000 -77517.00000000000000000
4502.00000000000000000 26852.00000000000000000 -224773.00000000000000000
4502.00000000000000000 26852.00000000000000000 -224773.00000000000000000
4511.00000000000000000 26868.00000000000000000 -224773.00000000000000000
4521.00000000000000000 26886.00000000000000000 -224773.00000000000000000
4530.00000000000000000 26903.00000000000000000 -224773.00000000000000000
4540.00000000000000000 26920.00000000000000000 -224773.00000000000000000
4540.00000000000000000 26920.00000000000000000 -224773.00000000000000000
4550.00000000000000000 26936.00000000000000000 -224773.00000000000000000
4560.00000000000000000 26954.00000000000000000 -224773.00000000000000000
4570.00000000000000000 26970.00000000000000000 -224773.00000000000000000
4581.00000000000000000 26987.00000000000000000 -224773.00000000000000000
4581.00000000000000000 26987.00000000000000000 -224773.00000000000000000
4592.00000000000000000 27005.00000000000000000 -224773.00000000000000000
4602.00000000000000000 27021.00000000000000000 -224773.00000000000000000
4613.00000000000000000 27038.00000000000000000 -224773.00000000000000000
4623.00000000000000000 27054.00000000000000000 -224773.00000000000000000
4623.00000000000000000 27054.00000000000000000 -224773.00000000000000000
4634.00000000000000000 27071.00000000000000000 -278203.00000000000000000
4644.00000000000000000 27087.00000000000000000 -278203.00000000000000000
4656.00000000000000000 27104.00000000000000000 -278203.00000000000000000
4656.00000000000000000 27104.00000000000000000 -278203.00000000000000000
4666.00000000000000000 27119.00000000000000000 -278203.00000000000000000
4678.00000000000000000 27136.00000000000000000 -278203.00000000000000000
4689.00000000000000000 27151.00000000000000000 -278203.00000000000000000
4701.00000000000000000 27168.00000000000000000 -278203.00000000000000000
4701.00000000000000000 27168.00000000000000000 -278203.00000000000000000
4713.00000000000000000 27185.00000000000000000 -278203.00000000000000000
4724.00000000000000000 27200.00000000000000000 -278203.00000000000000000
4736.00000000000000000 27216.00000000000000000 -278203.00000000000000000
4747.00000000000000000 27231.00000000000000000 -278203.00000000000000000
4747.00000000000000000 27231.00000000000000000 -278203.00000000000000000
4760.00000000000000000 27247.00000000000000000 -278203.00000000000000000
4771.00000000000000000 27262.00000000000000000 -278203.00000000000000000
4784.00000000000000000 27278.00000000000000000 -280336.00000000000000000
4795.00000000000000000 27293.00000000000000000 -280336.00000000000000000
4795.00000000000000000 27293.00000000000000000 -280336.00000000000000000
4808.00000000000000000 27309.00000000000000000 -280336.00000000000000000
4820.00000000000000000 27323.00000000000000000 -280336.00000000000000000
4833.00000000000000000 27339.00000000000000000 -280336.00000000000000000
4845.00000000000000000 27354.00000000000000000 -280336.00000000000000000
4845.00000000000000000 27354.00000000000000000 -280336.00000000000000000
4859.00000000000000000 27369.00000000000000000 -280336.00000000000000000
4872.00000000000000000 27385.00000000000000000 -280336.00000000000000000
4884.00000000000000000 27399.00000000000000000 -280336.00000000000000000
4898.00000000000000000 27414.00000000000000000 -280336.00000000000000000
4898.00000000000000000 27414.00000000000000000 -280336.00000000000000000
4910.00000000000000000 27428.00000000000000000 -280336.00000000000000000
4924.00000000000000000 27443.00000000000000000 -280336.00000000000000000
4937.00000000000000000 27457.00000000000000000 -280336.00000000000000000
4951.00000000000000000 27472.00000000000000000 -280711.00000000000000000
4951.00000000000000000 27472.00000000000000000 -280711.00000000000000000
4964.00000000000000000 27486.00000000000000000 -280711.00000000000000000
4978.00000000000000000 27501.00000000000000000 -280711.00000000000000000
4991.00000000000000000 27514.00000000000000000 -280711.00000000000000000
5005.00000000000000000 27529.00000000000000000 -280711.00000000000000000
5005.00000000000000000 27529.00000000000000000 -280711.00000000000000000
5019.00000000000000000 27544.00000000000000000 -280711.00000000000000000
5033.00000000000000000 27557.00000000000000000 -280711.00000000000000000
5048.00000000000000000 27571.00000000000000000 -280711.00000000000000000
5062.00000000000000000 27584.00000000000000000 -280711.00000000000000000
5062.00000000000000000 27584.00000000000000000 -280711.00000000000000000
5076.00000000000000000 27598.00000000000000000 -280711.00000000000000000
5090.00000000000000000 27611.00000000000000000 -280711.00000000000000000
5105.00000000000000000 27625.00000000000000000 -280711.00000000000000000
5119.00000000000000000 27637.00000000000000000 -280711.00000000000000000
5119.00000000000000000 27637.00000000000000000 -280711.00000000000000000
5134.00000000000000000 27651.00000000000000000 -374979.00000000000000000
5149.00000000000000000 27665.00000000000000000 -374979.00000000000000000
5163.00000000000000000 27677.00000000000000000 -374979.00000000000000000
5179.00000000000000000 27690.00000000000000000 -374979.00000000000000000
5179.00000000000000000 27690.00000000000000000 -374979.00000000000000000
5193.00000000000000000 27703.00000000000000000 -374979.00000000000000000
5209.00000000000000000 27716.00000000000000000 -374979.00000000000000000
5223.00000000000000000 27728.00000000000000000 -374979.00000000000000000
5239.00000000000000000 27741.00000000000000000 -374979.00000000000000000
5239.00000000000000000 27741.00000000000000000 -374979.00000000000000000
5255.00000000000000000 27754.00000000000000000 -374979.00000000000000000
5269.00000000000000000 27765.00000000000000000 -374979.00000000000000000
5285.00000000000000000 27778.00000000000000000 -374979.00000000000000000
5300.00000000000000000 27790.00000000000000000 -374979.00000000000000000
5300.00000000000000000 27790.00000000000000000 -374979.00000000000000000
5317.00000000000000000 27802.00000000000000000 -374979.00000000000000000
5332.00000000000000000 27814.00000000000000000 -280980.00000000000000000
5348.00000000000000000 27826.00000000000000000 -280980.00000000000000000
5348.00000000000000000 27826.00000000000000000 -280980.00000000000000000
5365.00000000000000000 27838.00000000000000000 -280980.00000000000000000
5380.00000000000000000 27849.00000000000000000 -280980.00000000000000000
5397.00000000000000000 27861.00000000000000000 -280980.00000000000000000
5412.00000000000000000 27872.00000000000000000 -280980.00000000000000000
5412.00000000000000000 27872.00000000000000000 -280980.00000000000000000
5429.00000000000000000 27884.00000000000000000 -280980.00000000000000000
5444.00000000000000000 27894.00000000000000000 -280980.00000000000000000
5461.00000000000000000 27906.00000000000000000 -280980.00000000000000000
5478.00000000000000000 27917.00000000000000000 -280980.00000000000000000
5478.00000000000000000 27917.00000000000000000 -280980.00000000000000000
5493.00000000000000000 27927.00000000000000000 -280980.00000000000000000
5511.00000000000000000 27939.00000000000000000 -280980.00000000000000000
5527.00000000000000000 27949.00000000000000000 -280980.00000000000000000
5544.00000000000000000 27960.00000000000000000 -281167.00000000000000000
5544.00000000000000000 27960.00000000000000000 -281167.00000000000000000
5560.00000000000000000 27970.00000000000000000 -281167.00000000000000000
5577.00000000000000000 27980.00000000000000000 -281167.00000000000000000
5594.00000000000000000 27990.00000000000000000 -281167.00000000000000000
5611.00000000000000000 28000.00000000000000000 -281167.00000000000000000
5611.00000000000000000 28000.00000000000000000 -281167.00000000000000000
5627.00000000000000000 28010.00000000000000000 -281167.00000000000000000
5645.00000000000000000 28020.00000000000000000 -281167.00000000000000000
5663.00000000000000000 28030.00000000000000000 -281167.00000000000000000
5679.00000000000000000 28039.00000000000000000 -281167.00000000000000000
5679.00000000000000000 28039.00000000000000000 -281167.00000000000000000
5697.00000000000000000 28049.00000000000000000 -281167.00000000000000000
5714.00000000000000000 28058.00000000000000000 -281167.00000000000000000
5732.00000000000000000 28068.00000000000000000 -281167.00000000000000000
5748.00000000000000000 28077.00000000000000000 -281167.00000000000000000
5748.00000000000000000 28077.00000000000000000 -281167.00000000000000000
5766.00000000000000000 28086.00000000000000000 -375475.00000000000000000
5783.00000000000000000 28095.00000000000000000 -375475.00000000000000000
5801.00000000000000000 28104.00000000000000000 -375475.00000000000000000
5820.00000000000000000 28113.00000000000000000 -375475.00000000000000000
5820.00000000000000000 28113.00000000000000000 -375475.00000000000000000
5837.00000000000000000 28121.00000000000000000 -375475.00000000000000000
5855.00000000000000000 28130.00000000000000000 -375475.00000000000000000
5872.00000000000000000 28138.00000000000000000 -375475.00000000000000000
5890.00000000000000000 28147.00000000000000000 -375475.00000000000000000
5890.00000000000000000 28147.00000000000000000 -375475.00000000000000000
5908.00000000000000000 28154.00000000000000000 -375475.00000000000000000
5926.00000000000000000 28163.00000000000000000 -375475.00000000000000000
5945.00000000000000000 28171.00000000000000000 -375475.00000000000000000
5962.00000000000000000 28178.00000000000000000 -375475.00000000000000000
5962.00000000000000000 28178.00000000000000000 -375475.00000000000000000
5980.00000000000000000 28186.00000000000000000 -375475.00000000000000000
5998.00000000000000000 28194.00000000000000000 -281368.00000000000000000
6017.00000000000000000 28201.00000000000000000 -281368.00000000000000000
6035.00000000000000000 28208.00000000000000000 -281368.00000000000000000
6035.00000000000000000 28208.00000000000000000 -281368.00000000000000000
6054.00000000000000000 28216.00000000000000000 -281368.00000000000000000
6072.00000000000000000 28222.00000000000000000 -281368.00000000000000000
6091.00000000000000000 28230.00000000000000000 -281368.00000000000000000
6091.00000000000000000 28230.00000000000000000 -281368.00000000000000000
6109.00000000000000000 28236.00000000000000000 -281368.00000000000000000
6128.00000000000000000 28243.00000000000000000 -281368.00000000000000000
6147.00000000000000000 28250.00000000000000000 -281368.00000000000000000
6165.00000000000000000 28256.00000000000000000 -281368.00000000000000000
6165.00000000000000000 28256.00000000000000000 -281368.00000000000000000
6185.00000000000000000 28262.00000000000000000 -281368.00000000000000000
6202.00000000000000000 28268.00000000000000000 -281368.00000000000000000
6222.00000000000000000 28275.00000000000000000 -281368.00000000000000000
6240.00000000000000000 28280.00000000000000000 -281288.00000000000000000
6240.00000000000000000 28280.00000000000000000 -281288.00000000000000000
6259.00000000000000000 28286.00000000000000000 -281288.00000000000000000
6278.00000000000000000 28292.00000000000000000 -281288.00000000000000000
6296.00000000000000000 28298.00000000000000000 -281288.00000000000000000
6316.00000000000000000 28303.00000000000000000 -281288.00000000000000000
6316.00000000000000000 28303.00000000000000000 -281288.00000000000000000
6334.00000000000000000 28309.00000000000000000 -281288.00000000000000000
6354.00000000000000000 28314.00000000000000000 -281288.00000000000000000
6372.00000000000000000 28319.00000000000000000 -281288.00000000000000000
6392.00000000000000000 28324.00000000000000000 -281288.00000000000000000
6392.00000000000000000 28324.00000000000000000 -281288.00000000000000000
6410.00000000000000000 28329.00000000000000000 -281288.00000000000000000
6430.00000000000000000 28333.00000000000000000 -281288.00000000000000000
6450.00000000000000000 28338.00000000000000000 -281288.00000000000000000
6468.00000000000000000 28342.00000000000000000 -281288.00000000000000000
6468.00000000000000000 28342.00000000000000000 -281288.00000000000000000
6488.00000000000000000 28347.00000000000000000 -375086.00000000000000000
6507.00000000000000000 28351.00000000000000000 -375086.00000000000000000
6527.00000000000000000 28355.00000000000000000 -375086.00000000000000000
6545.00000000000000000 28359.00000000000000000 -375086.00000000000000000
6545.00000000000000000 28359.00000000000000000 -375086.00000000000000000
6565.00000000000000000 28363.00000000000000000 -375086.00000000000000000
6584.00000000000000000 28366.00000000000000000 -375086.00000000000000000
6604.00000000000000000 28370.00000000000000000 -375086.00000000000000000
6624.00000000000000000 28374.00000000000000000 -375086.00000000000000000
6624.00000000000000000 28374.00000000000000000 -375086.00000000000000000
6642.00000000000000000 28377.00000000000000000 -375086.00000000000000000
6663.00000000000000000 28380.00000000000000000 -375086.00000000000000000
6681.00000000000000000 28383.00000000000000000 -375086.00000000000000000
6702.00000000000000000 28386.00000000000000000 -375086.00000000000000000
6702.00000000000000000 28386.00000000000000000 -375086.00000000000000000
6720.00000000000000000 28388.00000000000000000 -375086.00000000000000000
6740.00000000000000000 28391.00000000000000000 -281261.00000000000000000
6761.00000000000000000 28394.00000000000000000 -281261.00000000000000000
6779.00000000000000000 28396.00000000000000000 -281261.00000000000000000
6779.00000000000000000 28396.00000000000000000 -281261.00000000000000000
6800.00000000000000000 28399.00000000000000000 -281261.00000000000000000
6818.00000000000000000 28401.00000000000000000 -281261.00000000000000000
6839.00000000000000000 28403.00000000000000000 -281261.00000000000000000
6857.00000000000000000 28404.00000000000000000 -281261.00000000000000000
6857.00000000000000000 28404.00000000000000000 -281261.00000000000000000
6878.00000000000000000 28406.00000000000000000 -281261.00000000000000000
6897.00000000000000000 28408.00000000000000000 -281261.00000000000000000
6917.00000000000000000 28409.00000000000000000 -281261.00000000000000000
6917.00000000000000000 28409.00000000000000000 -281261.00000000000000000
6936.00000000000000000 28411.00000000000000000 -281261.00000000000000000
6954.00000000000000000 28412.00000000000000000 -281261.00000000000000000
6973.00000000000000000 28413.00000000000000000 -281261.00000000000000000
6990.00000000000000000 28414.00000000000000000 -280014.00000000000000000
6990.00000000000000000 28414.00000000000000000 -280014.00000000000000000
7007.00000000000000000 28415.00000000000000000 -280014.00000000000000000
7022.00000000000000000 28416.00000000000000000 -280014.00000000000000000
7037.00000000000000000 28417.00000000000000000 -280014.00000000000000000
7050.00000000000000000 28417.00000000000000000 -280014.00000000000000000
7050.00000000000000000 28417.00000000000000000 -280014.00000000000000000
7064.00000000000000000 28418.00000000000000000 -280014.00000000000000000
7076.00000000000000000 28418.00000000000000000 -280014.00000000000000000
7087.00000000000000000 28419.00000000000000000 -280014.00000000000000000
7098.00000000000000000 28419.00000000000000000 -280014.00000000000000000
7098.00000000000000000 28419.00000000000000000 -280014.00000000000000000
7107.00000000000000000 28419.00000000000000000 -280014.00000000000000000
7116.00000000000000000 28420.00000000000000000 -280014.00000000000000000
7125.00000000000000000 28420.00000000000000000 -280014.00000000000000000
7134.00000000000000000 28420.00000000000000000 -280014.00000000000000000
7134.00000000000000000 28420.00000000000000000 -280014.00000000000000000
7143.00000000000000000 28420.00000000000000000 -259294.00000000000000000
7153.00000000000000000 28420.00000000000000000 -259294.00000000000000000
7164.00000000000000000 28420.00000000000000000 -259294.00000000000000000
7175.00000000000000000 28420.00000000000000000 -259294.00000000000000000
7175.00000000000000000 28420.00000000000000000 -259294.00000000000000000
7187.00000000000000000 28420.00000000000000000 -259294.00000000000000000
7202.00000000000000000 28420.00000000000000000 -259294.00000000000000000
7219.00000000000000000 28420.00000000000000000 -259294.00000000000000000
7236.00000000000000000 28420.00000000000000000 -259294.00000000000000000
7236.00000000000000000 28420.00000000000000000 -259294.00000000000000000
7256.00000000000000000 28420.00000000000000000 -259294.00000000000000000
7277.00000000000000000 28421.00000000000000000 -259294.00000000000000000
7302.00000000000000000 28421.00000000000000000 -259294.00000000000000000
7329.00000000000000000 28421.00000000000000000 -259294.00000000000000000
7329.00000000000000000 28421.00000000000000000 -259294.00000000000000000
7357.00000000000000000 28421.00000000000000000 -259294.00000000000000000
7390.00000000000000000 28421.00000000000000000 -55845.00000000000000000
7423.00000000000000000 28420.00000000000000000 -55845.00000000000000000
7462.00000000000000000 28420.00000000000000000 -55845.00000000000000000
7462.00000000000000000 28420.00000000000000000 -55845.00000000000000000
7504.00000000000000000 28420.00000000000000000 -55845.00000000000000000
7545.00000000000000000 28421.00000000000000000 -55845.00000000000000000
7592.00000000000000000 28420.00000000000000000 -55845.00000000000000000
7637.00000000000000000 28421.00000000000000000 -55845.00000000000000000
7637.00000000000000000 28421.00000000000000000 -55845.00000000000000000
7688.00000000000000000 28421.00000000000000000 -55845.00000000000000000
7736.00000000000000000 28420.00000000000000000 -55845.00000000000000000
7788.00000000000000000 28421.00000000000000000 -55845.00000000000000000
7788.00000000000000000 28421.00000000000000000 -55845.00000000000000000
7840.00000000000000000 28421.00000000000000000 -55845.00000000000000000
7888.00000000000000000 28421.00000000000000000 -55845.00000000000000000
7940.00000000000000000 28421.00000000000000000 -55845.00000000000000000
7988.00000000000000000 28421.00000000000000000 -3433.00000000000000000
7988.00000000000000000 28421.00000000000000000 -3433.00000000000000000
8040.00000000000000000 28421.00000000000000000 -3433.00000000000000000
8088.00000000000000000 28421.00000000000000000 -3433.00000000000000000
8140.00000000000000000 28421.00000000000000000 -3433.00000000000000000
8188.00000000000000000 28421.00000000000000000 -3433.00000000000000000
8188.00000000000000000 28421.00000000000000000 -3433.00000000000000000
8240.00000000000000000 28421.00000000000000000 -3433.00000000000000000
8288.00000000000000000 28421.00000000000000000 -3433.00000000000000000
8340.00000000000000000 28421.00000000000000000 -3433.00000000000000000
8392.00000000000000000 28421.00000000000000000 -3433.00000000000000000
8392.00000000000000000 28421.00000000000000000 -3433.00000000000000000
8440.00000000000000000 28421.00000000000000000 -3433.00000000000000000
8492.00000000000000000 28421.00000000000000000 -3433.00000000000000000
8540.00000000000000000 28421.00000000000000000 -3433.00000000000000000
8592.00000000000000000 28421.00000000000000000 -3433.00000000000000000
8592.00000000000000000 28421.00000000000000000 -3433.00000000000000000
8640.00000000000000000 28421.00000000000000000 -322.00000000000000000
8692.00000000000000000 28421.00000000000000000 -322.00000000000000000
8740.00000000000000000 28421.00000000000000000 -322.00000000000000000
8792.00000000000000000 28421.00000000000000000 -322.00000000000000000
8792.00000000000000000 28421.00000000000000000 -322.00000000000000000
8840.00000000000000000 28421.00000000000000000 -322.00000000000000000
8892.00000000000000000 28421.00000000000000000 -322.00000000000000000