Time(sec)	Motor[9].ActPos	Motor[9].DesPos	Motor[9].iqcmd	Motor[10].ActPos	Motor[10].DesPos	Motor[10].iqcmd	Motor[11].ActPos	Motor[11].DesPos	Motor[11].iqcmd	Motor[13].ActPos	Motor[13].DesPos	Motor[13].iqcmd	Motor[14].ActPos	Motor[14].DesPos	Motor[14].iqcmd	Motor[15].ActPos	Motor[15].DesPos	Motor[15].iqcmd	Global.gWs_Welding_PosC	Global.gWs_Welding_PosX	Global.gWs_Welding_PosY	Global.gWs_Welding_VelC	Global.gWs_Welding_VelX	Global.gWs_Welding_VelY	Ptr.pUmem_Sta_ProgPos[9]	Ptr.pUmem_Sta_ProgPos[10]	Ptr.pUmem_Sta_ProgPos[11]	Ptr.pUmem_Sta_ProgPos[13]	Ptr.pUmem_Sta_ProgPos[14]	Ptr.pUmem_Sta_ProgPos[15]	Ptr.pUmem_Sta_Velocity[9]	Ptr.pUmem_Sta_Velocity[10]	Ptr.pUmem_Sta_Velocity[11]	Ptr.pUmem_Sta_Velocity[13]	Ptr.pUmem_Sta_Velocity[14]	Ptr.pUmem_Sta_Velocity[15]	Time(sec)	Motor[9] Act Position	Motor[9] Cmd Position	Motor[9] Act Velocity	Motor[9] Cmd Velocity	Motor[9] Act Acceleration	Motor[9] Cmd Acceleration	Motor[9] Following Error	Motor[9] Servo Cmd Out	Motor[10] Act Position	Motor[10] Cmd Position	Motor[10] Act Velocity	Motor[10] Cmd Velocity	Motor[10] Act Acceleration	Motor[10] Cmd Acceleration	Motor[10] Following Error	Motor[10] Servo Cmd Out	Motor[11] Act Position	Motor[11] Cmd Position	Motor[11] Act Velocity	Motor[11] Cmd Velocity	Motor[11] Act Acceleration	Motor[11] Cmd Acceleration	Motor[11] Following Error	Motor[11] Servo Cmd Out	Motor[13] Act Position	Motor[13] Cmd Position	Motor[13] Act Velocity	Motor[13] Cmd Velocity	Motor[13] Act Acceleration	Motor[13] Cmd Acceleration	Motor[13] Following Error	Motor[13] Servo Cmd Out	Motor[14] Act Position	Motor[14] Cmd Position	Motor[14] Act Velocity	Motor[14] Cmd Velocity	Motor[14] Act Acceleration	Motor[14] Cmd Acceleration	Motor[14] Following Error	Motor[14] Servo Cmd Out	Motor[15] Act Position	Motor[15] Cmd Position	Motor[15] Act Velocity	Motor[15] Cmd Velocity	Motor[15] Act Acceleration	Motor[15] Cmd Acceleration	Motor[15] Following Error	Motor[15] Servo Cmd Out	Global.gWs_Welding_PosC	Global.gWs_Welding_PosX	Global.gWs_Welding_PosY	Global.gWs_Welding_VelC	Global.gWs_Welding_VelX	Global.gWs_Welding_VelY	Ptr.pUmem_Sta_ProgPos[9]	Ptr.pUmem_Sta_ProgPos[10]	Ptr.pUmem_Sta_ProgPos[11]	Ptr.pUmem_Sta_ProgPos[13]	Ptr.pUmem_Sta_ProgPos[14]	Ptr.pUmem_Sta_ProgPos[15]	Ptr.pUmem_Sta_Velocity[9]	Ptr.pUmem_Sta_Velocity[10]	Ptr.pUmem_Sta_Velocity[11]	Ptr.pUmem_Sta_Velocity[13]	Ptr.pUmem_Sta_Velocity[14]	Ptr.pUmem_Sta_Velocity[15]	
3587124031 	320741 	320741 	-1239.3699 	1530 	1530 	-108.30963 	90760.9736175537 	90761 	73.858841 	370000 	370000 	-894.0567 	0 	0 	-2473.6177 	0.00064849853515625 	0 	75.783112 	0 	0 	0 	720 	800 	800 	5789 	-320693 	90761 	-370000 	0 	0 	0 	0 	0 	0 	0 	0 	3587124031 	320741 	320741 	-50.0008466653573 	0 	100003.38613129 	0 	0 	-1239.3699 	1530 	1530 	0 	0 	0 	0 	0 	-108.30963 	90760.9736175537 	90761 	0 	0 	21458.3985841823 	0 	0.0263824462890625 	73.858841 	370000 	370000 	0 	0 	0 	0 	0 	-894.0567 	0 	0 	-50.0008471310265 	0 	100003.387062644 	0 	0 	-2473.6177 	0.00064849853515625 	0 	21.4580353485871 	0 	-64375.1957525469 	0 	-0.00064849853515625 	75.783112 	0 	0 	0 	720 	800 	800 	5789 	-320693 	90761 	-370000 	0 	0 	0 	0 	0 	0 	0 	0 	
3587124041 	320740.95 	320741 	-1239.3699 	1530 	1530 	-108.30963 	90760.9736175537 	90761 	73.858841 	370000 	370000 	-894.0567 	-0.0500000007450581 	0 	-2473.6177 	0.0221061706542969 	0 	75.783112 	0 	0 	0 	720 	800 	800 	5789 	-320693 	90761 	-370000 	0 	0 	0 	0 	0 	0 	0 	0 	3587124041 	320740.95 	320741 	0 	0 	100003.38613129 	0 	0.0500000002793968 	-1239.3699 	1530 	1530 	0 	0 	0 	0 	0 	-108.30963 	90760.9736175537 	90761 	10.7290176742936 	0 	21458.3985841823 	0 	0.0263824462890625 	73.858841 	370000 	370000 	0 	0 	0 	0 	0 	-894.0567 	-0.0500000007450581 	0 	0 	0 	100003.387062644 	0 	0.0500000007450581 	-2473.6177 	0.0221061706542969 	0 	-10.7290176742936 	0 	-64375.1957525469 	0 	-0.0221061706542969 	75.783112 	0 	0 	0 	720 	800 	800 	5789 	-320693 	90761 	-370000 	0 	0 	0 	0 	0 	0 	0 	0 	
3587124051 	320741 	320741 	-1239.3699 	1530 	1530 	-108.30963 	90760.9950752258 	90761 	73.858841 	370000 	370000 	-894.0567 	0 	0 	-2473.6177 	-0.0208091735839844 	0 	75.783112 	0 	0 	0 	720 	800 	800 	5789 	-320693 	90761 	-370000 	0 	0 	0 	0 	0 	0 	0 	0 	3587124051 	320741 	320741 	25.0004233326786 	0 	-50001.6930656452 	0 	0 	-1239.3699 	1530 	1530 	0 	0 	0 	0 	0 	-108.30963 	90760.9950752258 	90761 	10.7290176742936 	0 	-21458.3985841823 	0 	0.00492477416992188 	73.858841 	370000 	370000 	0 	0 	0 	0 	0 	-894.0567 	0 	0 	25.0004235655132 	0 	-50001.6935313222 	0 	0 	-2473.6177 	-0.0208091735839844 	0 	0 	0 	85833.5943367292 	0 	0.0208091735839844 	75.783112 	0 	0 	0 	720 	800 	800 	5789 	-320693 	90761 	-370000 	0 	0 	0 	0 	0 	0 	0 	0 	
3587124061 	320741 	320741 	-1239.3699 	1530 	1530 	-108.30963 	90760.9950752258 	90761 	73.858841 	370000 	370000 	-894.0567 	0 	0 	-2473.6177 	0.0221061706542969 	0 	75.783112 	0 	0 	0 	720 	800 	800 	5789 	-320693 	90761 	-370000 	0 	0 	0 	0 	0 	0 	0 	27 	3587124061 	320741 	320741 	0 	0 	0 	0 	0 	-1239.3699 	1530 	1530 	-25.0004232162614 	0 	-50001.6928328067 	0 	0 	-108.30963 	90760.9950752258 	90761 	0 	0 	0 	0 	0.00492477416992188 	73.858841 	370000 	370000 	0 	0 	0 	0 	0 	-894.0567 	0 	0 	0 	0 	0 	0 	0 	-2473.6177 	0.0221061706542969 	0 	10.7290176742936 	0 	-64375.1957525469 	0 	-0.0221061706542969 	75.783112 	0 	0 	0 	720 	800 	800 	5789 	-320693 	90761 	-370000 	0 	0 	0 	0 	0 	0 	0 	27 	
3587124071 	320741 	320741 	-1239.3699 	1529.94999999995 	1530 	-108.30963 	90760.9950752258 	90761 	73.858841 	370000 	370000 	-894.0567 	0 	0 	-2473.6177 	0.00064849853515625 	0 	75.783112 	0 	0 	0 	720 	800 	800 	5789 	-320693 	90761 	-370000 	0 	0 	0 	0 	0 	0 	0 	27 	3587124071 	320741 	320741 	0 	0 	0 	0 	0 	-1239.3699 	1529.94999999995 	1530 	0 	0 	100003.385665613 	0 	0.0500000000465661 	-108.30963 	90760.9950752258 	90761 	0 	0 	0 	0 	0.00492477416992188 	73.858841 	370000 	370000 	0 	0 	0 	0 	0 	-894.0567 	0 	0 	0 	0 	0 	0 	0 	-2473.6177 	0.00064849853515625 	0 	-10.7290176742936 	0 	21458.3985841823 	0 	-0.00064849853515625 	75.783112 	0 	0 	0 	720 	800 	800 	5789 	-320693 	90761 	-370000 	0 	0 	0 	0 	0 	0 	0 	27 	
3587124081 	320741 	320741 	-1239.3699 	1530 	1530 	-108.30963 	90760.9950752258 	90761 	73.858841 	370000 	370000 	-894.0567 	0 	0 	-2473.6177 	0.00064849853515625 	0 	75.783112 	0 	0 	0 	720 	800 	800 	5789 	-320693 	90761 	-370000 	0 	0 	0 	0 	0 	0 	0 	27 	3587124081 	320741 	320741 	0 	0 	0 	0 	0 	-1239.3699 	1530 	1530 	25.0004232162614 	0 	-50001.6928328067 	0 	0 	-108.30963 	90760.9950752258 	90761 	0 	0 	0 	0 	0.00492477416992188 	73.858841 	370000 	370000 	0 	0 	0 	0 	0 	-894.0567 	0 	0 	0 	0 	0 	0 	0 	-2473.6177 	0.00064849853515625 	0 	0 	0 	0 	0 	-0.00064849853515625 	75.783112 	0 	0 	0 	720 	800 	800 	5789 	-320693 	90761 	-370000 	0 	0 	0 	0 	0 	0 	0 	27 	
3587124091 	320741 	320741 	-1239.3699 	1530 	1530 	-108.30963 	90760.9950752258 	90761 	73.858841 	370000 	370000 	-894.0567 	0 	0 	-2473.6177 	0.00064849853515625 	0 	75.783112 	0 	0 	0 	720 	800 	800 	5789 	-320693 	90761 	-370000 	0 	0 	0 	0 	0 	0 	0 	27 	3587124091 	320741 	320741 	0 	0 	0 	0 	0 	-1239.3699 	1530 	1530 	0 	0 	0 	0 	0 	-108.30963 	90760.9950752258 	90761 	0 	0 	0 	0 	0.00492477416992188 	73.858841 	370000 	370000 	0 	0 	0 	0 	0 	-894.0567 	0 	0 	0 	0 	0 	0 	0 	-2473.6177 	0.00064849853515625 	0 	0 	0 	0 	0 	-0.00064849853515625 	75.783112 	0 	0 	0 	720 	800 	800 	5789 	-320693 	90761 	-370000 	0 	0 	0 	0 	0 	0 	0 	27 	
3587124101 	320741 	320741 	-1239.3699 	1530 	1530 	-108.30963 	90760.9950752258 	90761 	73.858841 	370000 	370000 	-894.0567 	0 	0 	-2473.6177 	0.00064849853515625 	0 	75.783112 	0 	0 	0 	720 	800 	800 	5789 	-320693 	90761 	-370000 	0 	0 	0 	0 	0 	0 	0 	27 	3587124101 	320741 	320741 	0 	0 	0 	0 	0 	-1239.3699 	1530 	1530 	0 	0 	0 	0 	0 	-108.30963 	90760.9950752258 	90761 	0 	0 	0 	0 	0.00492477416992188 	73.858841 	370000 	370000 	0 	0 	0 	0 	0 	-894.0567 	0 	0 	0 	0 	0 	0 	0 	-2473.6177 	0.00064849853515625 	0 	0 	0 	0 	0 	-0.00064849853515625 	75.783112 	0 	0 	0 	720 	800 	800 	5789 	-320693 	90761 	-370000 	0 	0 	0 	0 	0 	0 	0 	27 	
3587124111 	320741 	320741 	-1239.3699 	1530 	1530 	-108.30963 	90760.9950752258 	90761 	73.858841 	370000 	370000 	-894.0567 	0 	0 	-2473.6177 	0.00064849853515625 	0 	75.783112 	0 	0 	0 	720 	800 	800 	5789 	-320693 	90761 	-370000 	0 	0 	0 	0 	0 	0 	0 	27 	3587124111 	320741 	320741 	0 	0 	0 	0 	0 	-1239.3699 	1530 	1530 	0 	0 	0 	0 	0 	-108.30963 	90760.9950752258 	90761 	0 	0 	0 	0 	0.00492477416992188 	73.858841 	370000 	370000 	0 	0 	0 	0 	0 	-894.0567 	0 	0 	0 	0 	0 	0 	0 	-2473.6177 	0.00064849853515625 	0 	0 	0 	0 	0 	-0.00064849853515625 	75.783112 	0 	0 	0 	720 	800 	800 	5789 	-320693 	90761 	-370000 	0 	0 	0 	0 	0 	0 	0 	27 	
3587124121 	320741 	320741 	-1239.3699 	1530 	1530 	-108.30963 	90760.9950752258 	90761 	73.858841 	370000 	370000 	-894.0567 	0 	0 	-2473.6177 	0.00064849853515625 	0 	75.783112 	0 	0 	0 	720 	800 	800 	5789 	-320693 	90761 	-370000 	0 	0 	0 	0 	0 	0 	0 	27 	3587124121 	320741 	320741 	0 	0 	0 	0 	0 	-1239.3699 	1530 	1530 	0 	0 	0 	0 	0 	-108.30963 	90760.9950752258 	90761 	0 	0 	0 	0 	0.00492477416992188 	73.858841 	370000 	370000 	0 	0 	0 	0 	0 	-894.0567 	0 	0 	25.0004230998441 	0 	50001.6925999681 	0 	0 	-2473.6177 	0.00064849853515625 	0 	0 	0 	0 	0 	-0.00064849853515625 	75.783112 	0 	0 	0 	720 	800 	800 	5789 	-320693 	90761 	-370000 	0 	0 	0 	0 	0 	0 	0 	27 	
3587124131 	320741 	320741 	-1239.3699 	1530 	1530 	-108.30963 	90760.9950752258 	90761 	73.858841 	370000 	370000 	-894.0567 	0.0499999998137355 	0 	-2473.6177 	0.00064849853515625 	0 	75.783112 	0 	0 	0 	720 	800 	800 	5789 	-320693 	90761 	-370000 	0 	0 	0 	0 	0 	0 	0 	27 	3587124131 	320741 	320741 	0 	0 	0 	0 	0 	-1239.3699 	1530 	1530 	0 	0 	0 	0 	0 	-108.30963 	90760.9950752258 	90761 	10.7290176742936 	0 	21458.3985841823 	0 	0.00492477416992188 	73.858841 	370000 	370000 	0 	0 	0 	0 	0 	-894.0567 	0.0499999998137355 	0 	0 	0 	-100003.385199936 	0 	-0.0499999998137355 	-2473.6177 	0.00064849853515625 	0 	0 	0 	0 	0 	-0.00064849853515625 	75.783112 	0 	0 	0 	720 	800 	800 	5789 	-320693 	90761 	-370000 	0 	0 	0 	0 	0 	0 	0 	27 	
3587124141 	320741 	320741 	-1239.3699 	1530 	1530 	-108.30963 	90761.0165328979 	90761 	73.858841 	370000 	370000 	-894.0567 	0 	0 	-2473.6177 	0.00064849853515625 	0 	75.783112 	0 	0 	0 	720 	800 	800 	5789 	-320693 	90761 	-370000 	0 	0 	0 	0 	0 	0 	0 	27 	3587124141 	320741 	320741 	0 	0 	0 	0 	0 	-1239.3699 	1530 	1530 	0 	0 	0 	0 	0 	-108.30963 	90761.0165328979 	90761 	0 	0 	-42916.7971683646 	0 	-0.0165328979492188 	73.858841 	370000 	370000 	0 	0 	0 	0 	0 	-894.0567 	0 	0 	-25.0004230998441 	0 	50001.6925999681 	0 	0 	-2473.6177 	0.00064849853515625 	0 	0 	0 	0 	0 	-0.00064849853515625 	75.783112 	0 	0 	0 	720 	800 	800 	5789 	-320693 	90761 	-370000 	0 	0 	0 	0 	0 	0 	0 	27 	
3587124151 	320741 	320741 	-1239.3699 	1530 	1530 	-108.30963 	90760.9950752258 	90761 	73.858841 	370000 	370000 	-894.0567 	0 	0 	-2473.6177 	0.00064849853515625 	0 	75.783112 	0 	0 	0 	720 	800 	800 	5789 	-320693 	90761 	-370000 	0 	0 	0 	0 	0 	0 	0 	27 	3587124151 	320741 	320741 	0 	0 	0 	0 	0 	-1239.3699 	1530 	1530 	0 	0 	0 	0 	0 	-108.30963 	90760.9950752258 	90761 	-21.4580353485871 	0 	0 	0 	0.00492477416992188 	73.858841 	370000 	370000 	0 	0 	0 	0 	0 	-894.0567 	0 	0 	0 	0 	0 	0 	0 	-2473.6177 	0.00064849853515625 	0 	0 	0 	0 	0 	-0.00064849853515625 	75.783112 	0 	0 	0 	720 	800 	800 	5789 	-320693 	90761 	-370000 	0 	0 	0 	0 	0 	0 	0 	27 	
3587124161 	320741 	320741 	-1239.3699 	1530 	1530 	-108.30963 	90760.9736175537 	90761 	73.858841 	370000 	370000 	-894.0567 	0 	0 	-2473.6177 	0.00064849853515625 	0 	75.783112 	0 	0 	0 	720 	800 	800 	5789 	-320693 	90761 	-370000 	0 	0 	0 	31 	0 	0 	0 	27 	3587124161 	320741 	320741 	0 	0 	0 	0 	0 	-1239.3699 	1530 	1530 	0 	0 	0 	0 	0 	-108.30963 	90760.9736175537 	90761 	10.7290176742936 	0 	64375.1957525469 	0 	0.0263824462890625 	73.858841 	370000 	370000 	0 	0 	0 	0 	0 	-894.0567 	0 	0 	0 	0 	0 	0 	0 	-2473.6177 	0.00064849853515625 	0 	10.7290176742936 	0 	21458.3985841823 	0 	-0.00064849853515625 	75.783112 	0 	0 	0 	720 	800 	800 	5789 	-320693 	90761 	-370000 	0 	0 	0 	31 	0 	0 	0 	27 	
3587124171 	320741 	320741 	-1239.3699 	1530 	1530 	-108.30963 	90761.0165328979 	90761 	73.858841 	370000 	370000 	-894.0567 	0 	0 	-2473.6177 	0.0221061706542969 	0 	75.783112 	0 	0 	0 	720 	800 	800 	5789 	-320693 	90761 	-370000 	0 	0 	0 	31 	0 	0 	0 	27 	3587124171 	320741 	320741 	-25.0004233326786 	0 	-50001.6930656452 	0 	0 	-1239.3699 	1530 	1530 	0 	0 	0 	0 	0 	-108.30963 	90761.0165328979 	90761 	10.7290176742936 	0 	-64375.1957525469 	0 	-0.0165328979492188 	73.858841 	370000 	370000 	0 	0 	0 	0 	0 	-894.0567 	0 	0 	0 	0 	0 	0 	0 	-2473.6177 	0.0221061706542969 	0 	0 	0 	-42916.7971683646 	0 	-0.0221061706542969 	75.783112 	0 	0 	0 	720 	800 	800 	5789 	-320693 	90761 	-370000 	0 	0 	0 	31 	0 	0 	0 	27 	
3587124181 	320740.95 	320741 	-1239.3699 	1530 	1530 	-108.30963 	90760.9950752258 	90761 	73.858841 	370000 	370000 	-894.0567 	0 	0 	-2473.6177 	0.00064849853515625 	0 	75.783112 	0 	0 	0 	720 	800 	800 	5789 	-320693 	90761 	-370000 	0 	0 	0 	31 	13 	0 	0 	27 	3587124181 	320740.95 	320741 	0 	0 	100003.38613129 	0 	0.0500000002793968 	-1239.3699 	1530 	1530 	0 	0 	0 	0 	0 	-108.30963 	90760.9950752258 	90761 	0 	0 	42916.7971683646 	0 	0.00492477416992188 	73.858841 	370000 	370000 	0 	0 	0 	0 	0 	-894.0567 	0 	0 	0 	0 	0 	0 	0 	-2473.6177 	0.00064849853515625 	0 	0 	0 	42916.7971683646 	0 	-0.00064849853515625 	75.783112 	0 	0 	0 	720 	800 	800 	5789 	-320693 	90761 	-370000 	0 	0 	0 	31 	13 	0 	0 	27 	
3587124191 	320741 	320741 	-1239.3699 	1530 	1530 	-108.30963 	90761.0165328979 	90761 	73.858841 	370000 	370000 	-894.0567 	0 	0 	-2473.6177 	0.0221061706542969 	0 	75.783112 	0 	0 	0 	720 	800 	800 	5789 	-320693 	90761 	-370000 	0 	0 	0 	31 	13 	0 	0 	27 	3587124191 	320741 	320741 	25.0004233326786 	0 	-50001.6930656452 	0 	0 	-1239.3699 	1530 	1530 	0 	0 	0 	0 	0 	-108.30963 	90761.0165328979 	90761 	-10.7290176742936 	0 	-64375.1957525469 	0 	-0.0165328979492188 	73.858841 	370000 	370000 	0 	0 	0 	0 	0 	-894.0567 	0 	0 	0 	0 	0 	0 	0 	-2473.6177 	0.0221061706542969 	0 	0 	0 	-42916.7971683646 	0 	-0.0221061706542969 	75.783112 	0 	0 	0 	720 	800 	800 	5789 	-320693 	90761 	-370000 	0 	0 	0 	31 	13 	0 	0 	27 	
3587124201 	320741 	320741 	-1239.3699 	1530 	1530 	-108.30963 	90760.9736175537 	90761 	73.858841 	370000 	370000 	-894.0567 	0 	0 	-2473.6177 	0.00064849853515625 	0 	75.783112 	0 	0 	0 	720 	800 	800 	5789 	-320693 	90761 	-370000 	0 	0 	0 	31 	13 	0 	0 	27 	3587124201 	320741 	320741 	0 	0 	0 	0 	0 	-1239.3699 	1530 	1530 	0 	0 	0 	0 	0 	-108.30963 	90760.9736175537 	90761 	-10.7290176742936 	0 	64375.1957525469 	0 	0.0263824462890625 	73.858841 	370000 	370000 	0 	0 	0 	0 	0 	-894.0567 	0 	0 	0 	0 	0 	0 	0 	-2473.6177 	0.00064849853515625 	0 	-10.7290176742936 	0 	21458.3985841823 	0 	-0.00064849853515625 	75.783112 	0 	0 	0 	720 	800 	800 	5789 	-320693 	90761 	-370000 	0 	0 	0 	31 	13 	0 	0 	27 	
3587124211 	320741 	320741 	-1239.3699 	1530 	1530 	-108.30963 	90760.9950752258 	90761 	73.858841 	370000 	370000 	-894.0567 	0 	0 	-2473.6177 	0.00064849853515625 	0 	75.783112 	0 	0 	0 	720 	800 	800 	5789 	-320693 	90761 	-370000 	0 	0 	0 	31 	13 	0 	0 	27 	3587124211 	320741 	320741 	0 	0 	0 	0 	0 	-1239.3699 	1530 	1530 	0 	0 	0 	0 	0 	-108.30963 	90760.9950752258 	90761 	10.7290176742936 	0 	-21458.3985841823 	0 	0.00492477416992188 	73.858841 	370000 	370000 	0 	0 	0 	0 	0 	-894.0567 	0 	0 	0 	0 	0 	0 	0 	-2473.6177 	0.00064849853515625 	0 	0 	0 	0 	0 	-0.00064849853515625 	75.783112 	0 	0 	0 	720 	800 	800 	5789 	-320693 	90761 	-370000 	0 	0 	0 	31 	13 	0 	0 	27 	
3587124221 	320741 	320741 	-1239.3699 	1530 	1530 	-108.30963 	90760.9950752258 	90761 	73.858841 	370000 	370000 	-894.0567 	0 	0 	-2473.6177 	0.00064849853515625 	0 	75.783112 	0 	0 	0 	720 	800 	800 	5789 	-320693 	90761 	-370000 	0 	0 	0 	31 	13 	0 	0 	27 	3587124221 	320741 	320741 	0 	0 	0 	0 	0 	-1239.3699 	1530 	1530 	0 	0 	0 	0 	0 	-108.30963 	90760.9950752258 	90761 	0 	0 	0 	0 	0.00492477416992188 	73.858841 	370000 	370000 	0 	0 	0 	0 	0 	-894.0567 	0 	0 	-25.0004235655132 	0 	-50001.6935313222 	0 	0 	-2473.6177 	0.00064849853515625 	0 	0 	0 	0 	0 	-0.00064849853515625 	75.783112 	0 	0 	0 	720 	800 	800 	5789 	-320693 	90761 	-370000 	0 	0 	0 	31 	13 	0 	0 	27 	
3587124231 	320741 	320741 	-1239.3699 	1530 	1530 	-108.30963 	90760.9950752258 	90761 	73.858841 	370000 	370000 	-894.0567 	-0.0500000007450581 	0 	-2473.6177 	0.00064849853515625 	0 	75.783112 	0 	0 	0 	720 	800 	800 	5789 	-320693 	90761 	-370000 	0 	0 	0 	31 	13 	0 	0 	13 	3587124231 	320741 	320741 	0 	0 	0 	0 	0 	-1239.3699 	1530 	1530 	0 	0 	0 	0 	0 	-108.30963 	90760.9950752258 	90761 	-10.7290176742936 	0 	-21458.3985841823 	0 	0.00492477416992188 	73.858841 	370000 	370000 	0 	0 	0 	0 	0 	-894.0567 	-0.0500000007450581 	0 	0 	0 	100003.387062644 	0 	0.0500000007450581 	-2473.6177 	0.00064849853515625 	0 	-21.4580353485871 	0 	-42916.7971683646 	0 	-0.00064849853515625 	75.783112 	0 	0 	0 	720 	800 	800 	5789 	-320693 	90761 	-370000 	0 	0 	0 	31 	13 	0 	0 	13 	
3587124241 	320741 	320741 	-1239.3699 	1530 	1530 	-108.30963 	90760.9736175537 	90761 	73.858841 	370000 	370000 	-894.0567 	0 	0 	-2473.6177 	-0.042266845703125 	0 	75.783112 	0 	0 	0 	720 	800 	800 	5789 	-320693 	90761 	-370000 	0 	0 	0 	31 	13 	0 	0 	13 	3587124241 	320741 	320741 	0 	0 	0 	0 	0 	-1239.3699 	1530 	1530 	0 	0 	0 	0 	0 	-108.30963 	90760.9736175537 	90761 	0 	0 	42916.7971683646 	0 	0.0263824462890625 	73.858841 	370000 	370000 	0 	0 	0 	0 	0 	-894.0567 	0 	0 	50.0008466653573 	0 	-0.000931354105216245 	0 	0 	-2473.6177 	-0.042266845703125 	0 	0 	0 	85833.5943367292 	0 	0.042266845703125 	75.783112 	0 	0 	0 	720 	800 	800 	5789 	-320693 	90761 	-370000 	0 	0 	0 	31 	13 	0 	0 	13 	
3587124251 	320741 	320741 	-1239.3699 	1530 	1530 	-108.30963 	90760.9950752258 	90761 	73.858841 	370000 	370000 	-894.0567 	0.0499999998137355 	0 	-2473.6177 	0.00064849853515625 	0 	75.783112 	0 	0 	0 	720 	800 	800 	5789 	-320693 	90761 	-370000 	0 	0 	0 	31 	13 	0 	0 	13 	3587124251 	320741 	320741 	0 	0 	0 	0 	0 	-1239.3699 	1530 	1530 	0 	0 	0 	0 	0 	-108.30963 	90760.9950752258 	90761 	10.7290176742936 	0 	-21458.3985841823 	0 	0.00492477416992188 	73.858841 	370000 	370000 	0 	0 	0 	0 	0 	-894.0567 	0.0499999998137355 	0 	0 	0 	-100003.385199936 	0 	-0.0499999998137355 	-2473.6177 	0.00064849853515625 	0 	21.4580353485871 	0 	-42916.7971683646 	0 	-0.00064849853515625 	75.783112 	0 	0 	0 	720 	800 	800 	5789 	-320693 	90761 	-370000 	0 	0 	0 	31 	13 	0 	0 	13 	
3587124261 	320741 	320741 	-1239.3699 	1530 	1530 	-108.30963 	90760.9950752258 	90761 	73.858841 	370000 	370000 	-894.0567 	0 	0 	-2473.6177 	0.00064849853515625 	0 	75.783112 	0 	0 	0 	720 	800 	800 	5789 	-320693 	90761 	-370000 	0 	0 	0 	31 	13 	0 	0 	13 	3587124261 	320741 	320741 	0 	0 	0 	0 	0 	-1239.3699 	1530 	1530 	0 	0 	0 	0 	0 	-108.30963 	90760.9950752258 	90761 	-10.7290176742936 	0 	-21458.3985841823 	0 	0.00492477416992188 	73.858841 	370000 	370000 	0 	0 	0 	0 	0 	-894.0567 	0 	0 	-25.0004230998441 	0 	50001.6925999681 	0 	0 	-2473.6177 	0.00064849853515625 	0 	0 	0 	0 	0 	-0.00064849853515625 	75.783112 	0 	0 	0 	720 	800 	800 	5789 	-320693 	90761 	-370000 	0 	0 	0 	31 	13 	0 	0 	13 	
3587124271 	320741 	320741 	-1239.3699 	1530 	1530 	-108.30963 	90760.9736175537 	90761 	73.858841 	370000 	370000 	-894.0567 	0 	0 	-2473.6177 	0.00064849853515625 	0 	75.783112 	0 	0 	0 	720 	800 	800 	5789 	-320693 	90761 	-370000 	0 	0 	0 	31 	13 	0 	0 	13 	3587124271 	320741 	320741 	0 	0 	0 	0 	0 	-1239.3699 	1530 	1530 	0 	0 	0 	0 	0 	-108.30963 	90760.9736175537 	90761 	0 	0 	42916.7971683646 	0 	0.0263824462890625 	73.858841 	370000 	370000 	0 	0 	0 	0 	0 	-894.0567 	0 	0 	-25.0004235655132 	0 	-50001.6935313222 	0 	0 	-2473.6177 	0.00064849853515625 	0 	0 	0 	0 	0 	-0.00064849853515625 	75.783112 	0 	0 	0 	720 	800 	800 	5789 	-320693 	90761 	-370000 	0 	0 	0 	31 	13 	0 	0 	13 	
3587124281 	320741 	320741 	-1239.3699 	1530 	1530 	-108.30963 	90760.9950752258 	90761 	73.858841 	370000 	370000 	-894.0567 	-0.0500000007450581 	0 	-2473.6177 	0.00064849853515625 	0 	75.783112 	0 	0 	0 	720 	800 	800 	5789 	-320693 	90761 	-370000 	0 	0 	0 	31 	13 	0 	0 	13 	3587124281 	320741 	320741 	0 	0 	0 	0 	0 	-1239.3699 	1530 	1530 	0 	0 	0 	0 	0 	-108.30963 	90760.9950752258 	90761 	10.7290176742936 	0 	-21458.3985841823 	0 	0.00492477416992188 	73.858841 	370000 	370000 	0 	0 	0 	0 	0 	-894.0567 	-0.0500000007450581 	0 	0 	0 	100003.387062644 	0 	0.0500000007450581 	-2473.6177 	0.00064849853515625 	0 	0 	0 	0 	0 	-0.00064849853515625 	75.783112 	0 	0 	0 	720 	800 	800 	5789 	-320693 	90761 	-370000 	0 	0 	0 	31 	13 	0 	0 	13 	
3587124291 	320741 	320741 	-1239.3699 	1530 	1530 	-108.30963 	90760.9950752258 	90761 	73.858841 	370000 	370000 	-894.0567 	0 	0 	-2473.6177 	0.00064849853515625 	0 	75.783112 	0 	0 	0 	720 	800 	800 	5789 	-320693 	90761 	-370000 	0 	0 	0 	31 	13 	0 	0 	13 	3587124291 	320741 	320741 	0 	0 	0 	0 	0 	-1239.3699 	1530 	1530 	0 	0 	0 	0 	0 	-108.30963 	90760.9950752258 	90761 	10.7290176742936 	0 	21458.3985841823 	0 	0.00492477416992188 	73.858841 	370000 	370000 	0 	0 	0 	0 	0 	-894.0567 	0 	0 	25.0004235655132 	0 	-50001.6935313222 	0 	0 	-2473.6177 	0.00064849853515625 	0 	0 	0 	0 	0 	-0.00064849853515625 	75.783112 	0 	0 	0 	720 	800 	800 	5789 	-320693 	90761 	-370000 	0 	0 	0 	31 	13 	0 	0 	13 	
3587124301 	320741 	320741 	-1239.3699 	1530 	1530 	-108.30963 	90761.0165328979 	90761 	73.858841 	370000 	370000 	-894.0567 	0 	0 	-2473.6177 	0.00064849853515625 	0 	75.783112 	0 	0 	0 	720 	800 	800 	5789 	-320693 	90761 	-370000 	0 	0 	0 	31 	13 	0 	0 	13 	3587124301 	320741 	320741 	0 	0 	0 	0 	0 	-1239.3699 	1530 	1530 	0 	0 	0 	0 	0 	-108.30963 	90761.0165328979 	90761 	0 	0 	-42916.7971683646 	0 	-0.0165328979492188 	73.858841 	370000 	370000 	0 	0 	0 	0 	0 	-894.0567 	0 	0 	0 	0 	0 	0 	0 	-2473.6177 	0.00064849853515625 	0 	0 	0 	0 	0 	-0.00064849853515625 	75.783112 	0 	0 	0 	720 	800 	800 	5789 	-320693 	90761 	-370000 	0 	0 	0 	31 	13 	0 	0 	13 	
3587124311 	320741 	320741 	-1239.3699 	1530 	1530 	-108.30963 	90760.9950752258 	90761 	73.858841 	370000 	370000 	-894.0567 	0 	0 	-2473.6177 	0.00064849853515625 	0 	75.783112 	0 	0 	0 	720 	800 	800 	5789 	-320693 	90761 	-370000 	0 	0 	0 	31 	13 	0 	0 	13 	3587124311 	320741 	320741 	0 	0 	0 	0 	0 	-1239.3699 	1530 	1530 	0 	0 	0 	0 	0 	-108.30963 	90760.9950752258 	90761 	-10.7290176742936 	0 	21458.3985841823 	0 	0.00492477416992188 	73.858841 	370000 	370000 	0 	0 	0 	0 	0 	-894.0567 	0 	0 	0 	0 	0 	0 	0 	-2473.6177 	0.00064849853515625 	0 	0 	0 	0 	0 	-0.00064849853515625 	75.783112 	0 	0 	0 	720 	800 	800 	5789 	-320693 	90761 	-370000 	0 	0 	0 	31 	13 	0 	0 	13 	
3587124321 	320741 	320741 	-1239.3699 	1530 	1530 	-108.30963 	90760.9950752258 	90761 	73.858841 	370000 	370000 	-894.0567 	0 	0 	-2473.6177 	0.00064849853515625 	0 	75.783112 	0 	0 	0 	720 	800 	800 	5789 	-320693 	90761 	-370000 	0 	0 	0 	31 	13 	0 	0 	13 	3587124321 	320741 	320741 	0 	0 	0 	0 	0 	-1239.3699 	1530 	1530 	0 	0 	0 	0 	0 	-108.30963 	90760.9950752258 	90761 	0 	0 	0 	0 	0.00492477416992188 	73.858841 	370000 	370000 	0 	0 	0 	0 	0 	-894.0567 	0 	0 	0 	0 	0 	0 	0 	-2473.6177 	0.00064849853515625 	0 	-10.7290176742936 	0 	-21458.3985841823 	0 	-0.00064849853515625 	75.783112 	0 	0 	0 	720 	800 	800 	5789 	-320693 	90761 	-370000 	0 	0 	0 	31 	13 	0 	0 	13 	
3587124331 	320741 	320741 	-1239.3699 	1530 	1530 	-108.30963 	90760.9950752258 	90761 	73.858841 	370000 	370000 	-894.0567 	0 	0 	-2473.6177 	-0.0208091735839844 	0 	75.783112 	0 	0 	0 	720 	800 	800 	5789 	-320693 	90761 	-370000 	0 	0 	0 	0 	13 	0 	0 	13 	3587124331 	320741 	320741 	0 	0 	0 	0 	0 	-1239.3699 	1530 	1530 	0 	0 	0 	0 	0 	-108.30963 	90760.9950752258 	90761 	0 	0 	0 	0 	0.00492477416992188 	73.858841 	370000 	370000 	0 	0 	0 	0 	0 	-894.0567 	0 	0 	0 	0 	0 	0 	0 	-2473.6177 	-0.0208091735839844 	0 	10.7290176742936 	0 	64375.1957525469 	0 	0.0208091735839844 	75.783112 	0 	0 	0 	720 	800 	800 	5789 	-320693 	90761 	-370000 	0 	0 	0 	0 	13 	0 	0 	13 	
3587124341 	320741 	320741 	-1239.3699 	1530 	1530 	-108.30963 	90760.9950752258 	90761 	73.858841 	370000 	370000 	-894.0567 	0 	0 	-2473.6177 	0.0221061706542969 	0 	75.783112 	0 	0 	0 	720 	800 	800 	5789 	-320693 	90761 	-370000 	0 	0 	0 	0 	0 	0 	0 	13 	3587124341 	320741 	320741 	0 	0 	0 	0 	0 	-1239.3699 	1530 	1530 	0 	0 	0 	0 	0 	-108.30963 	90760.9950752258 	90761 	0 	0 	0 	0 	0.00492477416992188 	73.858841 	370000 	370000 	0 	0 	0 	0 	0 	-894.0567 	0 	0 	0 	0 	0 	0 	0 	-2473.6177 	0.0221061706542969 	0 	21.4580353485871 	0 	-42916.7971683646 	0 	-0.0221061706542969 	75.783112 	0 	0 	0 	720 	800 	800 	5789 	-320693 	90761 	-370000 	0 	0 	0 	0 	0 	0 	0 	13 	
3587124351 	320741 	320741 	-1239.3699 	1530 	1530 	-108.30963 	90760.9950752258 	90761 	73.858841 	370000 	370000 	-894.0567 	0 	0 	-2473.6177 	0.0221061706542969 	0 	75.783112 	0 	0 	0 	720 	800 	800 	5789 	-320693 	90761 	-370000 	0 	0 	0 	0 	0 	0 	0 	13 	3587124351 	320741 	320741 	0 	0 	0 	0 	0 	-1239.3699 	1530 	1530 	0 	0 	0 	0 	0 	-108.30963 	90760.9950752258 	90761 	0 	0 	0 	0 	0.00492477416992188 	73.858841 	370000 	370000 	0 	0 	0 	0 	0 	-894.0567 	0 	0 	0 	0 	0 	0 	0 	-2473.6177 	0.0221061706542969 	0 	-10.7290176742936 	0 	-21458.3985841823 	0 	-0.0221061706542969 	75.783112 	0 	0 	0 	720 	800 	800 	5789 	-320693 	90761 	-370000 	0 	0 	0 	0 	0 	0 	0 	13 	
3587124361 	320741 	320741 	-1239.3699 	1530 	1530 	-108.30963 	90760.9950752258 	90761 	73.858841 	370000 	370000 	-894.0567 	0 	0 	-2473.6177 	0.00064849853515625 	0 	75.783112 	0 	0 	0 	720 	800 	800 	5789 	-320693 	90761 	-370000 	0 	0 	0 	0 	0 	0 	0 	13 	3587124361 	320741 	320741 	0 	0 	0 	0 	0 	-1239.3699 	1530 	1530 	0 	0 	0 	0 	0 	-108.30963 	90760.9950752258 	90761 	0 	0 	0 	0 	0.00492477416992188 	73.858841 	370000 	370000 	0 	0 	0 	0 	0 	-894.0567 	0 	0 	25.0004230998441 	0 	50001.6925999681 	0 	0 	-2473.6177 	0.00064849853515625 	0 	-21.4580353485871 	0 	0 	0 	-0.00064849853515625 	75.783112 	0 	0 	0 	720 	800 	800 	5789 	-320693 	90761 	-370000 	0 	0 	0 	0 	0 	0 	0 	13 	
3587124371 	320741 	320741 	-1239.3699 	1530 	1530 	-108.30963 	90760.9950752258 	90761 	73.858841 	370000 	370000 	-894.0567 	0.0499999998137355 	0 	-2473.6177 	-0.0208091735839844 	0 	75.783112 	0 	0 	0 	720 	800 	800 	5789 	-320693 	90761 	-370000 	0 	0 	0 	0 	0 	0 	0 	13 	3587124371 	320741 	320741 	0 	0 	0 	0 	0 	-1239.3699 	1530 	1530 	0 	0 	0 	0 	0 	-108.30963 	90760.9950752258 	90761 	0 	0 	0 	0 	0.00492477416992188 	73.858841 	370000 	370000 	0 	0 	0 	0 	0 	-894.0567 	0.0499999998137355 	0 	0 	0 	-100003.385199936 	0 	-0.0499999998137355 	-2473.6177 	-0.0208091735839844 	0 	-10.7290176742936 	0 	21458.3985841823 	0 	0.0208091735839844 	75.783112 	0 	0 	0 	720 	800 	800 	5789 	-320693 	90761 	-370000 	0 	0 	0 	0 	0 	0 	0 	13 	
3587124381 	320741 	320741 	-1239.3699 	1530 	1530 	-108.30963 	90760.9950752258 	90761 	73.858841 	370000 	370000 	-894.0567 	0 	0 	-2473.6177 	-0.0208091735839844 	0 	75.783112 	0 	0 	0 	720 	800 	800 	5789 	-320693 	90761 	-370000 	0 	0 	0 	0 	0 	0 	0 	13 	3587124381 	320741 	320741 	0 	0 	0 	0 	0 	-1239.3699 	1530 	1530 	0 	0 	0 	0 	0 	-108.30963 	90760.9950752258 	90761 	0 	0 	0 	0 	0.00492477416992188 	73.858841 	370000 	370000 	0 	0 	0 	0 	0 	-894.0567 	0 	0 	-25.0004230998441 	0 	50001.6925999681 	0 	0 	-2473.6177 	-0.0208091735839844 	0 	10.7290176742936 	0 	21458.3985841823 	0 	0.0208091735839844 	75.783112 	0 	0 	0 	720 	800 	800 	5789 	-320693 	90761 	-370000 	0 	0 	0 	0 	0 	0 	0 	13 	
3587124391 	320741 	320741 	-1239.3699 	1530 	1530 	-108.30963 	90760.9950752258 	90761 	73.858841 	370000 	370000 	-894.0567 	0 	0 	-2473.6177 	0.00064849853515625 	0 	75.783112 	0 	0 	0 	720 	800 	800 	5789 	-320693 	90761 	-370000 	0 	0 	0 	0 	0 	0 	0 	0 	3587124391 	320741 	320741 	0 	0 	0 	0 	0 	-1239.3699 	1530 	1530 	0 	0 	0 	0 	0 	-108.30963 	90760.9950752258 	90761 	0 	0 	0 	0 	0.00492477416992188 	73.858841 	370000 	370000 	0 	0 	0 	0 	0 	-894.0567 	0 	0 	0 	0 	0 	0 	0 	-2473.6177 	0.00064849853515625 	0 	10.7290176742936 	0 	-21458.3985841823 	0 	-0.00064849853515625 	75.783112 	0 	0 	0 	720 	800 	800 	5789 	-320693 	90761 	-370000 	0 	0 	0 	0 	0 	0 	0 	0 	
3587124401 	320741 	320741 	-1239.3699 	1530 	1530 	-108.30963 	90760.9950752258 	90761 	73.858841 	370000 	370000 	-894.0567 	0 	0 	-2473.6177 	0.00064849853515625 	0 	75.783112 	0 	0 	0 	720 	800 	800 	5789 	-320693 	90761 	-370000 	0 	0 	0 	0 	0 	0 	0 	0 	3587124401 	320741 	320741 	0 	0 	0 	0 	0 	-1239.3699 	1530 	1530 	0 	0 	0 	0 	0 	-108.30963 	90760.9950752258 	90761 	-10.7290176742936 	0 	-21458.3985841823 	0 	0.00492477416992188 	73.858841 	370000 	370000 	0 	0 	0 	0 	0 	-894.0567 	0 	0 	0 	0 	0 	0 	0 	-2473.6177 	0.00064849853515625 	0 	-10.7290176742936 	0 	-21458.3985841823 	0 	-0.00064849853515625 	75.783112 	0 	0 	0 	720 	800 	800 	5789 	-320693 	90761 	-370000 	0 	0 	0 	0 	0 	0 	0 	0 	
3587124411 	320741 	320741 	-1239.3699 	1530 	1530 	-108.30963 	90760.9736175537 	90761 	73.858841 	370000 	370000 	-894.0567 	0 	0 	-2473.6177 	-0.0208091735839844 	0 	75.783112 	0 	0 	0 	720 	800 	800 	5789 	-320693 	90761 	-370000 	0 	0 	0 	0 	0 	0 	0 	0 	3587124411 	320741 	320741 	0 	0 	0 	0 	0 	-1239.3699 	1530 	1530 	25.000423187157 	0 	50001.692774597 	0 	0 	-108.30963 	90760.9736175537 	90761 	-10.7290176742936 	0 	21458.3985841823 	0 	0.0263824462890625 	73.858841 	370000 	370000 	0 	0 	0 	0 	0 	-894.0567 	0 	0 	0 	0 	0 	0 	0 	-2473.6177 	-0.0208091735839844 	0 	0 	0 	42916.7971683646 	0 	0.0208091735839844 	75.783112 	0 	0 	0 	720 	800 	800 	5789 	-320693 	90761 	-370000 	0 	0 	0 	0 	0 	0 	0 	0 	
3587124421 	320741 	320741 	-1239.3699 	1530.04999999999 	1530 	-108.30963 	90760.9736175537 	90761 	73.858841 	370000 	370000 	-894.0567 	0 	0 	-2473.6177 	0.00064849853515625 	0 	75.783112 	0 	0 	0 	720 	800 	800 	5789 	-320693 	90761 	-370000 	0 	0 	0 	0 	0 	0 	0 	0 	3587124421 	320741 	320741 	0 	0 	0 	0 	0 	-1239.3699 	1530.04999999999 	1530 	0 	0 	-100003.385549194 	0 	-0.0499999999883585 	-108.30963 	90760.9736175537 	90761 	21.4580353485871 	0 	42916.7971683646 	0 	0.0263824462890625 	73.858841 	370000 	370000 	0 	0 	0 	0 	0 	-894.0567 	0 	0 	0 	0 	0 	0 	0 	-2473.6177 	0.00064849853515625 	0 	10.7290176742936 	0 	-21458.3985841823 	0 	-0.00064849853515625 	75.783112 	0 	0 	0 	720 	800 	800 	5789 	-320693 	90761 	-370000 	0 	0 	0 	0 	0 	0 	0 	0 	
3587124431 	320741 	320741 	-1239.3699 	1530 	1530 	-108.30963 	90761.0165328979 	90761 	73.858841 	370000 	370000 	-894.0567 	0 	0 	-2473.6177 	0.00064849853515625 	0 	75.783112 	0 	0 	0 	720 	800 	800 	5789 	-320693 	90761 	-370000 	0 	0 	0 	0 	0 	0 	0 	0 	3587124431 	320741 	320741 	0 	0 	0 	0 	0 	-1239.3699 	1530 	1530 	-25.000423187157 	0 	50001.692774597 	0 	0 	-108.30963 	90761.0165328979 	90761 	10.7290176742936 	0 	-64375.1957525469 	0 	-0.0165328979492188 	73.858841 	370000 	370000 	0 	0 	0 	0 	0 	-894.0567 	0 	0 	0 	0 	0 	0 	0 	-2473.6177 	0.00064849853515625 	0 	10.7290176742936 	0 	21458.3985841823 	0 	-0.00064849853515625 	75.783112 	0 	0 	0 	720 	800 	800 	5789 	-320693 	90761 	-370000 	0 	0 	0 	0 	0 	0 	0 	0 	
3587124441 	320741 	320741 	-1239.3699 	1530 	1530 	-108.30963 	90760.9950752258 	90761 	73.858841 	370000 	370000 	-894.0567 	0 	0 	-2473.6177 	0.0221061706542969 	0 	75.783112 	0 	0 	0 	720 	800 	800 	5789 	-320693 	90761 	-370000 	0 	0 	0 	0 	0 	0 	0 	0 	3587124441 	320741 	320741 	-25.0004233326786 	0 	-50001.6930656452 	0 	0 	-1239.3699 	1530 	1530 	0 	0 	0 	0 	0 	-108.30963 	90760.9950752258 	90761 	-10.7290176742936 	0 	21458.3985841823 	0 	0.00492477416992188 	73.858841 	370000 	370000 	0 	0 	0 	0 	0 	-894.0567 	0 	0 	0 	0 	0 	0 	0 	-2473.6177 	0.0221061706542969 	0 	-10.7290176742936 	0 	-64375.1957525469 	0 	-0.0221061706542969 	75.783112 	0 	0 	0 	720 	800 	800 	5789 	-320693 	90761 	-370000 	0 	0 	0 	0 	0 	0 	0 	0 	
3587124451 	320740.95 	320741 	-1239.3699 	1530 	1530 	-108.30963 	90760.9950752258 	90761 	73.858841 	370000 	370000 	-894.0567 	0 	0 	-2473.6177 	-0.0208091735839844 	0 	75.783112 	0 	0 	0 	720 	800 	800 	5789 	-320693 	90761 	-370000 	0 	0 	0 	0 	0 	0 	0 	0 	3587124451 	320740.95 	320741 	0 	0 	100003.38613129 	0 	0.0500000002793968 	-1239.3699 	1530 	1530 	0 	0 	0 	0 	0 	-108.30963 	90760.9950752258 	90761 	0 	0 	0 	0 	0.00492477416992188 	73.858841 	370000 	370000 	0 	0 	0 	0 	0 	-894.0567 	0 	0 	0 	0 	0 	0 	0 	-2473.6177 	-0.0208091735839844 	0 	0 	0 	85833.5943367292 	0 	0.0208091735839844 	75.783112 	0 	0 	0 	720 	800 	800 	5789 	-320693 	90761 	-370000 	0 	0 	0 	0 	0 	0 	0 	0 	
3587124461 	320741 	320741 	-1239.3699 	1530 	1530 	-108.30963 	90760.9950752258 	90761 	73.858841 	370000 	370000 	-894.0567 	0 	0 	-2473.6177 	0.0221061706542969 	0 	75.783112 	0 	0 	0 	720 	800 	800 	5789 	-320693 	90761 	-370000 	0 	0 	0 	0 	0 	0 	0 	0 	3587124461 	320741 	320741 	25.0004233326786 	0 	-50001.6930656452 	0 	0 	-1239.3699 	1530 	1530 	0 	0 	0 	0 	0 	-108.30963 	90760.9950752258 	90761 	0 	0 	0 	0 	0.00492477416992188 	73.858841 	370000 	370000 	0 	0 	0 	0 	0 	-894.0567 	0 	0 	0 	0 	0 	0 	0 	-2473.6177 	0.0221061706542969 	0 	10.7290176742936 	0 	-64375.1957525469 	0 	-0.0221061706542969 	75.783112 	0 	0 	0 	720 	800 	800 	5789 	-320693 	90761 	-370000 	0 	0 	0 	0 	0 	0 	0 	0 	
3587124471 	320741 	320741 	-1239.3699 	1530 	1530 	-108.30963 	90760.9950752258 	90761 	73.858841 	370000 	370000 	-894.0567 	0 	0 	-2473.6177 	0.00064849853515625 	0 	75.783112 	0 	0 	0 	720 	800 	800 	5789 	-320693 	90761 	-370000 	0 	0 	0 	0 	0 	0 	0 	0 	3587124471 	320741 	320741 	0 	0 	0 	0 	0 	-1239.3699 	1530 	1530 	0 	0 	0 	0 	0 	-108.30963 	90760.9950752258 	90761 	10.7290176742936 	0 	21458.3985841823 	0 	0.00492477416992188 	73.858841 	370000 	370000 	0 	0 	0 	0 	0 	-894.0567 	0 	0 	25.0004230998441 	0 	50001.6925999681 	0 	0 	-2473.6177 	0.00064849853515625 	0 	-21.4580353485871 	0 	0 	0 	-0.00064849853515625 	75.783112 	0 	0 	0 	720 	800 	800 	5789 	-320693 	90761 	-370000 	0 	0 	0 	0 	0 	0 	0 	0 	
3587124481 	320741 	320741 	-1239.3699 	1530 	1530 	-108.30963 	90761.0165328979 	90761 	73.858841 	370000 	370000 	-894.0567 	0.0499999998137355 	0 	-2473.6177 	-0.0208091735839844 	0 	75.783112 	0 	0 	0 	720 	800 	800 	5789 	-320693 	90761 	-370000 	0 	0 	0 	0 	0 	0 	0 	0 	3587124481 	320741 	320741 	0 	0 	0 	0 	0 	-1239.3699 	1530 	1530 	0 	0 	0 	0 	0 	-108.30963 	90761.0165328979 	90761 	0 	0 	-42916.7971683646 	0 	-0.0165328979492188 	73.858841 	370000 	370000 	0 	0 	0 	0 	0 	-894.0567 	0.0499999998137355 	0 	0 	0 	-100003.385199936 	0 	-0.0499999998137355 	-2473.6177 	-0.0208091735839844 	0 	0 	0 	42916.7971683646 	0 	0.0208091735839844 	75.783112 	0 	0 	0 	720 	800 	800 	5789 	-320693 	90761 	-370000 	0 	0 	0 	0 	0 	0 	0 	0 	
3587124491 	320741 	320741 	-1239.3699 	1530 	1530 	-108.30963 	90760.9950752258 	90761 	73.858841 	370000 	370000 	-894.0567 	0 	0 	-2473.6177 	0.00064849853515625 	0 	75.783112 	0 	0 	0 	720 	800 	800 	5789 	-320693 	90761 	-370000 	0 	0 	0 	0 	0 	0 	0 	0 	3587124491 	320741 	320741 	25.0004230998441 	0 	50001.6925999681 	0 	0 	-1239.3699 	1530 	1530 	0 	0 	0 	0 	0 	-108.30963 	90760.9950752258 	90761 	-10.7290176742936 	0 	21458.3985841823 	0 	0.00492477416992188 	73.858841 	370000 	370000 	0 	0 	0 	0 	0 	-894.0567 	0 	0 	-25.0004230998441 	0 	50001.6925999681 	0 	0 	-2473.6177 	0.00064849853515625 	0 	21.4580353485871 	0 	0 	0 	-0.00064849853515625 	75.783112 	0 	0 	0 	720 	800 	800 	5789 	-320693 	90761 	-370000 	0 	0 	0 	0 	0 	0 	0 	0 	
3587124501 	320741.05 	320741 	-1239.3699 	1530 	1530 	-108.30963 	90760.9950752258 	90761 	73.858841 	370000 	370000 	-894.0567 	0 	0 	-2473.6177 	0.0221061706542969 	0 	75.783112 	0 	0 	0 	720 	800 	800 	5789 	-320693 	90761 	-370000 	0 	0 	0 	0 	-13 	0 	0 	0 	3587124501 	320741.05 	320741 	0 	0 	-100003.385199936 	0 	-0.0499999998137355 	-1239.3699 	1530 	1530 	0 	0 	0 	0 	0 	-108.30963 	90760.9950752258 	90761 	10.7290176742936 	0 	21458.3985841823 	0 	0.00492477416992188 	73.858841 	370000 	370000 	0 	0 	0 	0 	0 	-894.0567 	0 	0 	0 	0 	0 	0 	0 	-2473.6177 	0.0221061706542969 	0 	0 	0 	-42916.7971683646 	0 	-0.0221061706542969 	75.783112 	0 	0 	0 	720 	800 	800 	5789 	-320693 	90761 	-370000 	0 	0 	0 	0 	-13 	0 	0 	0 	
3587124511 	320741 	320741 	-1239.3699 	1530 	1530 	-108.30963 	90761.0165328979 	90761 	73.858841 	370000 	370000 	-894.0567 	0 	0 	-2473.6177 	0.00064849853515625 	0 	75.783112 	0 	0 	0 	720 	800 	800 	5789 	-320693 	90761 	-370000 	0 	0 	0 	0 	-13 	0 	0 	0 	3587124511 	320741 	320741 	-25.0004230998441 	0 	50001.6925999681 	0 	0 	-1239.3699 	1530 	1530 	0 	0 	0 	0 	0 	-108.30963 	90761.0165328979 	90761 	0 	0 	-42916.7971683646 	0 	-0.0165328979492188 	73.858841 	370000 	370000 	0 	0 	0 	0 	0 	-894.0567 	0 	0 	0 	0 	0 	0 	0 	-2473.6177 	0.00064849853515625 	0 	-10.7290176742936 	0 	21458.3985841823 	0 	-0.00064849853515625 	75.783112 	0 	0 	0 	720 	800 	800 	5789 	-320693 	90761 	-370000 	0 	0 	0 	0 	-13 	0 	0 	0 	
3587124521 	320741 	320741 	-1239.3699 	1530 	1530 	-108.30963 	90760.9950752258 	90761 	73.858841 	370000 	370000 	-894.0567 	0 	0 	-2473.6177 	0.00064849853515625 	0 	75.783112 	0 	0 	0 	720 	800 	800 	5789 	-320693 	90761 	-370000 	0 	0 	0 	0 	-13 	0 	0 	0 	3587124521 	320741 	320741 	-25.0004233326786 	0 	-50001.6930656452 	0 	0 	-1239.3699 	1530 	1530 	0 	0 	0 	0 	0 	-108.30963 	90760.9950752258 	90761 	-10.7290176742936 	0 	21458.3985841823 	0 	0.00492477416992188 	73.858841 	370000 	370000 	0 	0 	0 	0 	0 	-894.0567 	0 	0 	0 	0 	0 	0 	0 	-2473.6177 	0.00064849853515625 	0 	0 	0 	0 	0 	-0.00064849853515625 	75.783112 	0 	0 	0 	720 	800 	800 	5789 	-320693 	90761 	-370000 	0 	0 	0 	0 	-13 	0 	0 	0 	
3587124531 	320740.95 	320741 	-1239.3699 	1530 	1530 	-108.30963 	90760.9950752258 	90761 	73.858841 	370000 	370000 	-894.0567 	0 	0 	-2473.6177 	0.00064849853515625 	0 	75.783112 	0 	0 	0 	720 	800 	800 	5789 	-320693 	90761 	-370000 	0 	0 	0 	0 	-13 	0 	0 	0 	3587124531 	320740.95 	320741 	0 	0 	100003.38613129 	0 	0.0500000002793968 	-1239.3699 	1530 	1530 	0 	0 	0 	0 	0 	-108.30963 	90760.9950752258 	90761 	0 	0 	0 	0 	0.00492477416992188 	73.858841 	370000 	370000 	0 	0 	0 	0 	0 	-894.0567 	0 	0 	0 	0 	0 	0 	0 	-2473.6177 	0.00064849853515625 	0 	0 	0 	0 	0 	-0.00064849853515625 	75.783112 	0 	0 	0 	720 	800 	800 	5789 	-320693 	90761 	-370000 	0 	0 	0 	0 	-13 	0 	0 	0 	
3587124541 	320741 	320741 	-1239.3699 	1530 	1530 	-108.30963 	90760.9950752258 	90761 	73.858841 	370000 	370000 	-894.0567 	0 	0 	-2473.6177 	0.00064849853515625 	0 	75.783112 	0 	0 	0 	720 	800 	800 	5789 	-320693 	90761 	-370000 	0 	0 	0 	0 	-13 	0 	0 	0 	3587124541 	320741 	320741 	50.0008464325227 	0 	-0.000465677052608123 	0 	0 	-1239.3699 	1530 	1530 	0 	0 	0 	0 	0 	-108.30963 	90760.9950752258 	90761 	0 	0 	0 	0 	0.00492477416992188 	73.858841 	370000 	370000 	0 	0 	0 	0 	0 	-894.0567 	0 	0 	0 	0 	0 	0 	0 	-2473.6177 	0.00064849853515625 	0 	0 	0 	0 	0 	-0.00064849853515625 	75.783112 	0 	0 	0 	720 	800 	800 	5789 	-320693 	90761 	-370000 	0 	0 	0 	0 	-13 	0 	0 	0 	
3587124551 	320741.05 	320741 	-1239.3699 	1530 	1530 	-108.30963 	90760.9950752258 	90761 	73.858841 	370000 	370000 	-894.0567 	0 	0 	-2473.6177 	0.00064849853515625 	0 	75.783112 	0 	0 	0 	720 	800 	800 	5789 	-320693 	90761 	-370000 	0 	0 	0 	0 	-13 	0 	0 	0 	3587124551 	320741.05 	320741 	0 	0 	-100003.385199936 	0 	-0.0499999998137355 	-1239.3699 	1530 	1530 	0 	0 	0 	0 	0 	-108.30963 	90760.9950752258 	90761 	10.7290176742936 	0 	21458.3985841823 	0 	0.00492477416992188 	73.858841 	370000 	370000 	0 	0 	0 	0 	0 	-894.0567 	0 	0 	0 	0 	0 	0 	0 	-2473.6177 	0.00064849853515625 	0 	0 	0 	0 	0 	-0.00064849853515625 	75.783112 	0 	0 	0 	720 	800 	800 	5789 	-320693 	90761 	-370000 	0 	0 	0 	0 	-13 	0 	0 	0 	
3587124561 	320741 	320741 	-1239.3699 	1530 	1530 	-108.30963 	90761.0165328979 	90761 	73.858841 	370000 	370000 	-894.0567 	0 	0 	-2473.6177 	0.00064849853515625 	0 	75.783112 	0 	0 	0 	720 	800 	800 	5789 	-320693 	90761 	-370000 	0 	0 	0 	0 	-13 	0 	0 	0 	3587124561 	320741 	320741 	-25.0004230998441 	0 	50001.6925999681 	0 	0 	-1239.3699 	1530 	1530 	0 	0 	0 	0 	0 	-108.30963 	90761.0165328979 	90761 	10.7290176742936 	0 	-21458.3985841823 	0 	-0.0165328979492188 	73.858841 	370000 	370000 	0 	0 	0 	0 	0 	-894.0567 	0 	0 	0 	0 	0 	0 	0 	-2473.6177 	0.00064849853515625 	0 	0 	0 	0 	0 	-0.00064849853515625 	75.783112 	0 	0 	0 	720 	800 	800 	5789 	-320693 	90761 	-370000 	0 	0 	0 	0 	-13 	0 	0 	0 	
3587124571 	320741 	320741 	-1239.3699 	1530 	1530 	-108.30963 	90761.0165328979 	90761 	73.858841 	370000 	370000 	-894.0567 	0 	0 	-2473.6177 	0.00064849853515625 	0 	75.783112 	0 	0 	0 	720 	800 	800 	5789 	-320693 	90761 	-370000 	0 	0 	0 	0 	-13 	0 	0 	0 	3587124571 	320741 	320741 	0 	0 	0 	0 	0 	-1239.3699 	1530 	1530 	0 	0 	0 	0 	0 	-108.30963 	90761.0165328979 	90761 	-10.7290176742936 	0 	-21458.3985841823 	0 	-0.0165328979492188 	73.858841 	370000 	370000 	0 	0 	0 	0 	0 	-894.0567 	0 	0 	25.0004230998441 	0 	50001.6925999681 	0 	0 	-2473.6177 	0.00064849853515625 	0 	0 	0 	0 	0 	-0.00064849853515625 	75.783112 	0 	0 	0 	720 	800 	800 	5789 	-320693 	90761 	-370000 	0 	0 	0 	0 	-13 	0 	0 	0 	
3587124581 	320741 	320741 	-1239.3699 	1530 	1530 	-108.30963 	90760.9950752258 	90761 	73.858841 	370000 	370000 	-894.0567 	0.0499999998137355 	0 	-2473.6177 	0.00064849853515625 	0 	75.783112 	0 	0 	0 	720 	800 	800 	5789 	-320693 	90761 	-370000 	0 	0 	0 	0 	-13 	0 	0 	0 	3587124581 	320741 	320741 	0 	0 	0 	0 	0 	-1239.3699 	1530 	1530 	25.000423187157 	0 	50001.692774597 	0 	0 	-108.30963 	90760.9950752258 	90761 	-21.4580353485871 	0 	0 	0 	0.00492477416992188 	73.858841 	370000 	370000 	0 	0 	0 	0 	0 	-894.0567 	0.0499999998137355 	0 	0 	0 	-100003.385199936 	0 	-0.0499999998137355 	-2473.6177 	0.00064849853515625 	0 	0 	0 	0 	0 	-0.00064849853515625 	75.783112 	0 	0 	0 	720 	800 	800 	5789 	-320693 	90761 	-370000 	0 	0 	0 	0 	-13 	0 	0 	0 	
3587124591 	320741 	320741 	-1239.3699 	1530.04999999999 	1530 	-108.30963 	90760.9736175537 	90761 	73.858841 	370000 	370000 	-894.0567 	0 	0 	-2473.6177 	0.00064849853515625 	0 	75.783112 	0 	0 	0 	720 	800 	800 	5789 	-320693 	90761 	-370000 	0 	0 	0 	0 	-13 	0 	0 	0 	3587124591 	320741 	320741 	0 	0 	0 	0 	0 	-1239.3699 	1530.04999999999 	1530 	0 	0 	-100003.385549194 	0 	-0.0499999999883585 	-108.30963 	90760.9736175537 	90761 	0 	0 	42916.7971683646 	0 	0.0263824462890625 	73.858841 	370000 	370000 	0 	0 	0 	0 	0 	-894.0567 	0 	0 	-25.0004230998441 	0 	50001.6925999681 	0 	0 	-2473.6177 	0.00064849853515625 	0 	0 	0 	0 	0 	-0.00064849853515625 	75.783112 	0 	0 	0 	720 	800 	800 	5789 	-320693 	90761 	-370000 	0 	0 	0 	0 	-13 	0 	0 	0 	
3587124601 	320741 	320741 	-1239.3699 	1530 	1530 	-108.30963 	90760.9950752258 	90761 	73.858841 	370000 	370000 	-894.0567 	0 	0 	-2473.6177 	0.00064849853515625 	0 	75.783112 	0 	0 	0 	720 	800 	800 	5789 	-320693 	90761 	-370000 	0 	0 	0 	0 	-13 	0 	0 	0 	3587124601 	320741 	320741 	0 	0 	0 	0 	0 	-1239.3699 	1530 	1530 	-25.000423187157 	0 	50001.692774597 	0 	0 	-108.30963 	90760.9950752258 	90761 	10.7290176742936 	0 	-21458.3985841823 	0 	0.00492477416992188 	73.858841 	370000 	370000 	0 	0 	0 	0 	0 	-894.0567 	0 	0 	25.0004230998441 	0 	50001.6925999681 	0 	0 	-2473.6177 	0.00064849853515625 	0 	10.7290176742936 	0 	21458.3985841823 	0 	-0.00064849853515625 	75.783112 	0 	0 	0 	720 	800 	800 	5789 	-320693 	90761 	-370000 	0 	0 	0 	0 	-13 	0 	0 	0 	
3587124611 	320741 	320741 	-1239.3699 	1530 	1530 	-108.30963 	90760.9950752258 	90761 	73.858841 	370000 	370000 	-894.0567 	0.0499999998137355 	0 	-2473.6177 	0.0221061706542969 	0 	75.783112 	0 	0 	0 	720 	800 	800 	5789 	-320693 	90761 	-370000 	0 	0 	0 	0 	-13 	0 	0 	0 	3587124611 	320741 	320741 	0 	0 	0 	0 	0 	-1239.3699 	1530 	1530 	0 	0 	0 	0 	0 	-108.30963 	90760.9950752258 	90761 	0 	0 	0 	0 	0.00492477416992188 	73.858841 	370000 	370000 	0 	0 	0 	0 	0 	-894.0567 	0.0499999998137355 	0 	0 	0 	-100003.385199936 	0 	-0.0499999998137355 	-2473.6177 	0.0221061706542969 	0 	0 	0 	-42916.7971683646 	0 	-0.0221061706542969 	75.783112 	0 	0 	0 	720 	800 	800 	5789 	-320693 	90761 	-370000 	0 	0 	0 	0 	-13 	0 	0 	0 	
3587124621 	320741 	320741 	-1239.3699 	1530 	1530 	-108.30963 	90760.9950752258 	90761 	73.858841 	370000 	370000 	-894.0567 	0 	0 	-2473.6177 	0.00064849853515625 	0 	75.783112 	0 	0 	0 	720 	800 	800 	5789 	-320693 	90761 	-370000 	0 	0 	0 	0 	-13 	0 	0 	0 	3587124621 	320741 	320741 	0 	0 	0 	0 	0 	-1239.3699 	1530 	1530 	0 	0 	0 	0 	0 	-108.30963 	90760.9950752258 	90761 	0 	0 	0 	0 	0.00492477416992188 	73.858841 	370000 	370000 	0 	0 	0 	0 	0 	-894.0567 	0 	0 	-25.0004230998441 	0 	50001.6925999681 	0 	0 	-2473.6177 	0.00064849853515625 	0 	0 	0 	42916.7971683646 	0 	-0.00064849853515625 	75.783112 	0 	0 	0 	720 	800 	800 	5789 	-320693 	90761 	-370000 	0 	0 	0 	0 	-13 	0 	0 	0 	
3587124631 	320741 	320741 	-1239.3699 	1530 	1530 	-108.30963 	90760.9950752258 	90761 	73.858841 	370000 	370000 	-894.0567 	0 	0 	-2473.6177 	0.0221061706542969 	0 	75.783112 	0 	0 	0 	720 	800 	800 	5789 	-320693 	90761 	-370000 	0 	0 	0 	0 	-13 	0 	0 	0 	3587124631 	320741 	320741 	0 	0 	0 	0 	0 	-1239.3699 	1530 	1530 	0 	0 	0 	0 	0 	-108.30963 	90760.9950752258 	90761 	10.7290176742936 	0 	21458.3985841823 	0 	0.00492477416992188 	73.858841 	370000 	370000 	0 	0 	0 	0 	0 	-894.0567 	0 	0 	25.0004230998441 	0 	50001.6925999681 	0 	0 	-2473.6177 	0.0221061706542969 	0 	0 	0 	-42916.7971683646 	0 	-0.0221061706542969 	75.783112 	0 	0 	0 	720 	800 	800 	5789 	-320693 	90761 	-370000 	0 	0 	0 	0 	-13 	0 	0 	0 	
3587124641 	320741 	320741 	-1239.3699 	1530 	1530 	-108.30963 	90761.0165328979 	90761 	73.858841 	370000 	370000 	-894.0567 	0.0499999998137355 	0 	-2473.6177 	0.00064849853515625 	0 	75.783112 	0 	0 	0 	720 	800 	800 	5789 	-320693 	90761 	-370000 	0 	0 	0 	0 	-13 	0 	0 	0 	3587124641 	320741 	320741 	0 	0 	0 	0 	0 	-1239.3699 	1530 	1530 	0 	0 	0 	0 	0 	-108.30963 	90761.0165328979 	90761 	-10.7290176742936 	0 	-64375.1957525469 	0 	-0.0165328979492188 	73.858841 	370000 	370000 	0 	0 	0 	0 	0 	-894.0567 	0.0499999998137355 	0 	0 	0 	-100003.385199936 	0 	-0.0499999998137355 	-2473.6177 	0.00064849853515625 	0 	0 	0 	42916.7971683646 	0 	-0.00064849853515625 	75.783112 	0 	0 	0 	720 	800 	800 	5789 	-320693 	90761 	-370000 	0 	0 	0 	0 	-13 	0 	0 	0 	
3587124651 	320741 	320741 	-1239.3699 	1530 	1530 	-108.30963 	90760.9736175537 	90761 	73.858841 	370000 	370000 	-894.0567 	0 	0 	-2473.6177 	0.0221061706542969 	0 	75.783112 	0 	0 	0 	720 	800 	800 	5789 	-320693 	90761 	-370000 	0 	0 	0 	31 	-13 	0 	0 	0 	3587124651 	320741 	320741 	0 	0 	0 	0 	0 	-1239.3699 	1530 	1530 	0 	0 	0 	0 	0 	-108.30963 	90760.9736175537 	90761 	-21.4580353485871 	0 	42916.7971683646 	0 	0.0263824462890625 	73.858841 	370000 	370000 	0 	0 	0 	0 	0 	-894.0567 	0 	0 	-25.0004230998441 	0 	50001.6925999681 	0 	0 	-2473.6177 	0.0221061706542969 	0 	0 	0 	-42916.7971683646 	0 	-0.0221061706542969 	75.783112 	0 	0 	0 	720 	800 	800 	5789 	-320693 	90761 	-370000 	0 	0 	0 	31 	-13 	0 	0 	0 	
3587124661 	320741 	320741 	-1239.3699 	1530 	1530 	-108.30963 	90760.9736175537 	90761 	73.858841 	370000 	370000 	-894.0567 	0 	0 	-2473.6177 	0.00064849853515625 	0 	75.783112 	0 	0 	0 	720 	800 	800 	5789 	-320693 	90761 	-370000 	0 	0 	0 	31 	-13 	0 	0 	0 	3587124661 	320741 	320741 	0 	0 	0 	0 	0 	-1239.3699 	1530 	1530 	0 	0 	0 	0 	0 	-108.30963 	90760.9736175537 	90761 	10.7290176742936 	0 	21458.3985841823 	0 	0.0263824462890625 	73.858841 	370000 	370000 	0 	0 	0 	0 	0 	-894.0567 	0 	0 	0 	0 	0 	0 	0 	-2473.6177 	0.00064849853515625 	0 	-10.7290176742936 	0 	21458.3985841823 	0 	-0.00064849853515625 	75.783112 	0 	0 	0 	720 	800 	800 	5789 	-320693 	90761 	-370000 	0 	0 	0 	31 	-13 	0 	0 	0 	
3587124671 	320741 	320741 	-1239.3699 	1530 	1530 	-108.30963 	90760.9950752258 	90761 	73.858841 	370000 	370000 	-894.0567 	0 	0 	-2473.6177 	0.00064849853515625 	0 	75.783112 	0 	0 	0 	720 	800 	800 	5789 	-320693 	90761 	-370000 	0 	0 	0 	31 	-27 	0 	0 	0 	3587124671 	320741 	320741 	0 	0 	0 	0 	0 	-1239.3699 	1530 	1530 	0 	0 	0 	0 	0 	-108.30963 	90760.9950752258 	90761 	10.7290176742936 	0 	-21458.3985841823 	0 	0.00492477416992188 	73.858841 	370000 	370000 	0 	0 	0 	0 	0 	-894.0567 	0 	0 	0 	0 	0 	0 	0 	-2473.6177 	0.00064849853515625 	0 	10.7290176742936 	0 	21458.3985841823 	0 	-0.00064849853515625 	75.783112 	0 	0 	0 	720 	800 	800 	5789 	-320693 	90761 	-370000 	0 	0 	0 	31 	-27 	0 	0 	0 	
3587124681 	320741 	320741 	-1239.3699 	1530 	1530 	-108.30963 	90760.9950752258 	90761 	73.858841 	370000 	370000 	-894.0567 	0 	0 	-2473.6177 	0.0221061706542969 	0 	75.783112 	0 	0 	0 	720 	800 	800 	5789 	-320693 	90761 	-370000 	0 	0 	0 	31 	-27 	0 	0 	0 	3587124681 	320741 	320741 	0 	0 	0 	0 	0 	-1239.3699 	1530 	1530 	0 	0 	0 	0 	0 	-108.30963 	90760.9950752258 	90761 	0 	0 	0 	0 	0.00492477416992188 	73.858841 	370000 	370000 	0 	0 	0 	0 	0 	-894.0567 	0 	0 	0 	0 	0 	0 	0 	-2473.6177 	0.0221061706542969 	0 	-10.7290176742936 	0 	-64375.1957525469 	0 	-0.0221061706542969 	75.783112 	0 	0 	0 	720 	800 	800 	5789 	-320693 	90761 	-370000 	0 	0 	0 	31 	-27 	0 	0 	0 	
3587124691 	320741 	320741 	-1239.3699 	1530 	1530 	-108.30963 	90760.9950752258 	90761 	73.858841 	370000 	370000 	-894.0567 	0 	0 	-2473.6177 	-0.0208091735839844 	0 	75.783112 	0 	0 	0 	720 	800 	800 	5789 	-320693 	90761 	-370000 	0 	0 	0 	31 	-27 	0 	0 	0 	3587124691 	320741 	320741 	0 	0 	0 	0 	0 	-1239.3699 	1530 	1530 	0 	0 	0 	0 	0 	-108.30963 	90760.9950752258 	90761 	0 	0 	0 	0 	0.00492477416992188 	73.858841 	370000 	370000 	0 	0 	0 	0 	0 	-894.0567 	0 	0 	0 	0 	0 	0 	0 	-2473.6177 	-0.0208091735839844 	0 	-21.4580353485871 	0 	42916.7971683646 	0 	0.0208091735839844 	75.783112 	0 	0 	0 	720 	800 	800 	5789 	-320693 	90761 	-370000 	0 	0 	0 	31 	-27 	0 	0 	0 	
3587124701 	320741 	320741 	-1239.3699 	1530 	1530 	-108.30963 	90760.9950752258 	90761 	73.858841 	370000 	370000 	-894.0567 	0 	0 	-2473.6177 	-0.0208091735839844 	0 	75.783112 	0 	0 	0 	720 	800 	800 	5789 	-320693 	90761 	-370000 	0 	0 	0 	31 	-27 	0 	0 	0 	3587124701 	320741 	320741 	0 	0 	0 	0 	0 	-1239.3699 	1530 	1530 	0 	0 	0 	0 	0 	-108.30963 	90760.9950752258 	90761 	10.7290176742936 	0 	21458.3985841823 	0 	0.00492477416992188 	73.858841 	370000 	370000 	0 	0 	0 	0 	0 	-894.0567 	0 	0 	0 	0 	0 	0 	0 	-2473.6177 	-0.0208091735839844 	0 	0 	0 	0 	0 	0.0208091735839844 	75.783112 	0 	0 	0 	720 	800 	800 	5789 	-320693 	90761 	-370000 	0 	0 	0 	31 	-27 	0 	0 	0 	
3587124711 	320741 	320741 	-1239.3699 	1530 	1530 	-108.30963 	90761.0165328979 	90761 	73.858841 	370000 	370000 	-894.0567 	0 	0 	-2473.6177 	-0.0208091735839844 	0 	75.783112 	0 	0 	0 	720 	800 	800 	5789 	-320693 	90761 	-370000 	0 	0 	0 	31 	-27 	0 	0 	0 	3587124711 	320741 	320741 	0 	0 	0 	0 	0 	-1239.3699 	1530 	1530 	0 	0 	0 	0 	0 	-108.30963 	90761.0165328979 	90761 	0 	0 	-42916.7971683646 	0 	-0.0165328979492188 	73.858841 	370000 	370000 	0 	0 	0 	0 	0 	-894.0567 	0 	0 	0 	0 	0 	0 	0 	-2473.6177 	-0.0208091735839844 	0 	10.7290176742936 	0 	21458.3985841823 	0 	0.0208091735839844 	75.783112 	0 	0 	0 	720 	800 	800 	5789 	-320693 	90761 	-370000 	0 	0 	0 	31 	-27 	0 	0 	0 	
3587124721 	320741 	320741 	-1239.3699 	1530 	1530 	-108.30963 	90760.9950752258 	90761 	73.858841 	370000 	370000 	-894.0567 	0 	0 	-2473.6177 	0.00064849853515625 	0 	75.783112 	0 	0 	0 	720 	800 	800 	5789 	-320693 	90761 	-370000 	0 	0 	0 	31 	-27 	0 	0 	0 	3587124721 	320741 	320741 	0 	0 	0 	0 	0 	-1239.3699 	1530 	1530 	0 	0 	0 	0 	0 	-108.30963 	90760.9950752258 	90761 	-10.7290176742936 	0 	21458.3985841823 	0 	0.00492477416992188 	73.858841 	370000 	370000 	0 	0 	0 	0 	0 	-894.0567 	0 	0 	0 	0 	0 	0 	0 	-2473.6177 	0.00064849853515625 	0 	10.7290176742936 	0 	-21458.3985841823 	0 	-0.00064849853515625 	75.783112 	0 	0 	0 	720 	800 	800 	5789 	-320693 	90761 	-370000 	0 	0 	0 	31 	-27 	0 	0 	0 	
3587124731 	320741 	320741 	-1239.3699 	1530 	1530 	-108.30963 	90760.9950752258 	90761 	73.858841 	370000 	370000 	-894.0567 	0 	0 	-2473.6177 	0.00064849853515625 	0 	75.783112 	0 	0 	0 	720 	800 	800 	5789 	-320693 	90761 	-370000 	0 	0 	0 	31 	-27 	0 	0 	0 	3587124731 	320741 	320741 	0 	0 	0 	0 	0 	-1239.3699 	1530 	1530 	0 	0 	0 	0 	0 	-108.30963 	90760.9950752258 	90761 	-10.7290176742936 	0 	-21458.3985841823 	0 	0.00492477416992188 	73.858841 	370000 	370000 	0 	0 	0 	0 	0 	-894.0567 	0 	0 	-25.0004235655132 	0 	-50001.6935313222 	0 	0 	-2473.6177 	0.00064849853515625 	0 	10.7290176742936 	0 	21458.3985841823 	0 	-0.00064849853515625 	75.783112 	0 	0 	0 	720 	800 	800 	5789 	-320693 	90761 	-370000 	0 	0 	0 	31 	-27 	0 	0 	0 	
3587124741 	320741 	320741 	-1239.3699 	1530 	1530 	-108.30963 	90760.9736175537 	90761 	73.858841 	370000 	370000 	-894.0567 	-0.0500000007450581 	0 	-2473.6177 	0.0221061706542969 	0 	75.783112 	0 	0 	0 	720 	800 	800 	5789 	-320693 	90761 	-370000 	0 	0 	0 	31 	-27 	0 	0 	0 	3587124741 	320741 	320741 	0 	0 	0 	0 	0 	-1239.3699 	1530 	1530 	0 	0 	0 	0 	0 	-108.30963 	90760.9736175537 	90761 	0 	0 	42916.7971683646 	0 	0.0263824462890625 	73.858841 	370000 	370000 	0 	0 	0 	0 	0 	-894.0567 	-0.0500000007450581 	0 	25.0004230998441 	0 	150005.079662613 	0 	0.0500000007450581 	-2473.6177 	0.0221061706542969 	0 	0 	0 	-42916.7971683646 	0 	-0.0221061706542969 	75.783112 	0 	0 	0 	720 	800 	800 	5789 	-320693 	90761 	-370000 	0 	0 	0 	31 	-27 	0 	0 	0 	
3587124751 	320741 	320741 	-1239.3699 	1530 	1530 	-108.30963 	90760.9950752258 	90761 	73.858841 	370000 	370000 	-894.0567 	0.0499999998137355 	0 	-2473.6177 	0.00064849853515625 	0 	75.783112 	0 	0 	0 	720 	800 	800 	5789 	-320693 	90761 	-370000 	0 	0 	0 	31 	-27 	0 	0 	0 	3587124751 	320741 	320741 	0 	0 	0 	0 	0 	-1239.3699 	1530 	1530 	0 	0 	0 	0 	0 	-108.30963 	90760.9950752258 	90761 	10.7290176742936 	0 	-21458.3985841823 	0 	0.00492477416992188 	73.858841 	370000 	370000 	0 	0 	0 	0 	0 	-894.0567 	0.0499999998137355 	0 	25.0004235655132 	0 	-150005.078731259 	0 	-0.0499999998137355 	-2473.6177 	0.00064849853515625 	0 	-21.4580353485871 	0 	0 	0 	-0.00064849853515625 	75.783112 	0 	0 	0 	720 	800 	800 	5789 	-320693 	90761 	-370000 	0 	0 	0 	31 	-27 	0 	0 	0 	
3587124761 	320741 	320741 	-1239.3699 	1530 	1530 	-108.30963 	90760.9950752258 	90761 	73.858841 	370000 	370000 	-894.0567 	0 	0 	-2473.6177 	-0.0208091735839844 	0 	75.783112 	0 	0 	0 	720 	800 	800 	5789 	-320693 	90761 	-370000 	0 	0 	0 	31 	-27 	0 	0 	0 	3587124761 	320741 	320741 	0 	0 	0 	0 	0 	-1239.3699 	1530 	1530 	0 	0 	0 	0 	0 	-108.30963 	90760.9950752258 	90761 	10.7290176742936 	0 	21458.3985841823 	0 	0.00492477416992188 	73.858841 	370000 	370000 	0 	0 	0 	0 	0 	-894.0567 	0 	0 	-25.0004230998441 	0 	50001.6925999681 	0 	0 	-2473.6177 	-0.0208091735839844 	0 	-10.7290176742936 	0 	21458.3985841823 	0 	0.0208091735839844 	75.783112 	0 	0 	0 	720 	800 	800 	5789 	-320693 	90761 	-370000 	0 	0 	0 	31 	-27 	0 	0 	0 	
3587124771 	320741 	320741 	-1239.3699 	1530 	1530 	-108.30963 	90761.0165328979 	90761 	73.858841 	370000 	370000 	-894.0567 	0 	0 	-2473.6177 	-0.0208091735839844 	0 	75.783112 	0 	0 	0 	720 	800 	800 	5789 	-320693 	90761 	-370000 	0 	0 	0 	31 	-27 	0 	0 	0 	3587124771 	320741 	320741 	0 	0 	0 	0 	0 	-1239.3699 	1530 	1530 	0 	0 	0 	0 	0 	-108.30963 	90761.0165328979 	90761 	10.7290176742936 	0 	-21458.3985841823 	0 	-0.0165328979492188 	73.858841 	370000 	370000 	0 	0 	0 	0 	0 	-894.0567 	0 	0 	0 	0 	0 	0 	0 	-2473.6177 	-0.0208091735839844 	0 	10.7290176742936 	0 	21458.3985841823 	0 	0.0208091735839844 	75.783112 	0 	0 	0 	720 	800 	800 	5789 	-320693 	90761 	-370000 	0 	0 	0 	31 	-27 	0 	0 	0 	
3587124781 	320741 	320741 	-1239.3699 	1530 	1530 	-108.30963 	90761.0165328979 	90761 	73.858841 	370000 	370000 	-894.0567 	0 	0 	-2473.6177 	0.00064849853515625 	0 	75.783112 	0 	0 	0 	720 	800 	800 	5789 	-320693 	90761 	-370000 	0 	0 	0 	31 	-27 	0 	0 	0 	3587124781 	320741 	320741 	0 	0 	0 	0 	0 	-1239.3699 	1530 	1530 	0 	0 	0 	0 	0 	-108.30963 	90761.0165328979 	90761 	0 	0 	0 	0 	-0.0165328979492188 	73.858841 	370000 	370000 	0 	0 	0 	0 	0 	-894.0567 	0 	0 	25.0004230998441 	0 	50001.6925999681 	0 	0 	-2473.6177 	0.00064849853515625 	0 	21.4580353485871 	0 	0 	0 	-0.00064849853515625 	75.783112 	0 	0 	0 	720 	800 	800 	5789 	-320693 	90761 	-370000 	0 	0 	0 	31 	-27 	0 	0 	0 	
3587124791 	320741 	320741 	-1239.3699 	1530 	1530 	-108.30963 	90761.0165328979 	90761 	73.858841 	370000 	370000 	-894.0567 	0.0499999998137355 	0 	-2473.6177 	0.0221061706542969 	0 	75.783112 	0 	0 	0 	720 	800 	800 	5789 	-320693 	90761 	-370000 	0 	0 	0 	31 	-27 	0 	0 	0 	3587124791 	320741 	320741 	0 	0 	0 	0 	0 	-1239.3699 	1530 	1530 	0 	0 	0 	0 	0 	-108.30963 	90761.0165328979 	90761 	0 	0 	0 	0 	-0.0165328979492188 	73.858841 	370000 	370000 	0 	0 	0 	0 	0 	-894.0567 	0.0499999998137355 	0 	0 	0 	-100003.385199936 	0 	-0.0499999998137355 	-2473.6177 	0.0221061706542969 	0 	0 	0 	-42916.7971683646 	0 	-0.0221061706542969 	75.783112 	0 	0 	0 	720 	800 	800 	5789 	-320693 	90761 	-370000 	0 	0 	0 	31 	-27 	0 	0 	0 	
3587124801 	320741 	320741 	-1239.3699 	1530 	1530 	-108.30963 	90761.0165328979 	90761 	73.858841 	370000 	370000 	-894.0567 	0 	0 	-2473.6177 	0.00064849853515625 	0 	75.783112 	0 	0 	0 	720 	800 	800 	5789 	-320693 	90761 	-370000 	0 	0 	0 	31 	-27 	0 	0 	0 	3587124801 	320741 	320741 	0 	0 	0 	0 	0 	-1239.3699 	1530 	1530 	0 	0 	0 	0 	0 	-108.30963 	90761.0165328979 	90761 	-10.7290176742936 	0 	-21458.3985841823 	0 	-0.0165328979492188 	73.858841 	370000 	370000 	0 	0 	0 	0 	0 	-894.0567 	0 	0 	-25.0004230998441 	0 	50001.6925999681 	0 	0 	-2473.6177 	0.00064849853515625 	0 	-10.7290176742936 	0 	21458.3985841823 	0 	-0.00064849853515625 	75.783112 	0 	0 	0 	720 	800 	800 	5789 	-320693 	90761 	-370000 	0 	0 	0 	31 	-27 	0 	0 	0 	
3587124811 	320741 	320741 	-1239.3699 	1530 	1530 	-108.30963 	90760.9950752258 	90761 	73.858841 	370000 	370000 	-894.0567 	0 	0 	-2473.6177 	0.00064849853515625 	0 	75.783112 	0 	0 	0 	720 	800 	800 	5789 	-320693 	90761 	-370000 	0 	0 	0 	31 	-27 	0 	0 	0 	3587124811 	320741 	320741 	0 	0 	0 	0 	0 	-1239.3699 	1530 	1530 	0 	0 	0 	0 	0 	-108.30963 	90760.9950752258 	90761 	-10.7290176742936 	0 	21458.3985841823 	0 	0.00492477416992188 	73.858841 	370000 	370000 	0 	0 	0 	0 	0 	-894.0567 	0 	0 	0 	0 	0 	0 	0 	-2473.6177 	0.00064849853515625 	0 	0 	0 	0 	0 	-0.00064849853515625 	75.783112 	0 	0 	0 	720 	800 	800 	5789 	-320693 	90761 	-370000 	0 	0 	0 	31 	-27 	0 	0 	0 	
3587124821 	320741 	320741 	-1239.3699 	1530 	1530 	-108.30963 	90760.9950752258 	90761 	73.858841 	370000 	370000 	-894.0567 	0 	0 	-2473.6177 	0.00064849853515625 	0 	75.783112 	0 	0 	0 	720 	800 	800 	5789 	-320693 	90761 	-370000 	0 	0 	0 	0 	-27 	0 	0 	0 	3587124821 	320741 	320741 	0 	0 	0 	0 	0 	-1239.3699 	1530 	1530 	0 	0 	0 	0 	0 	-108.30963 	90760.9950752258 	90761 	10.7290176742936 	0 	21458.3985841823 	0 	0.00492477416992188 	73.858841 	370000 	370000 	0 	0 	0 	0 	0 	-894.0567 	0 	0 	-25.0004235655132 	0 	-50001.6935313222 	0 	0 	-2473.6177 	0.00064849853515625 	0 	0 	0 	0 	0 	-0.00064849853515625 	75.783112 	0 	0 	0 	720 	800 	800 	5789 	-320693 	90761 	-370000 	0 	0 	0 	0 	-27 	0 	0 	0 	
3587124831 	320741 	320741 	-1239.3699 	1530 	1530 	-108.30963 	90761.0165328979 	90761 	73.858841 	370000 	370000 	-894.0567 	-0.0500000007450581 	0 	-2473.6177 	0.00064849853515625 	0 	75.783112 	0 	0 	0 	720 	800 	800 	5789 	-320693 	90761 	-370000 	0 	0 	0 	0 	-13 	0 	0 	0 	3587124831 	320741 	320741 	0 	0 	0 	0 	0 	-1239.3699 	1530 	1530 	0 	0 	0 	0 	0 	-108.30963 	90761.0165328979 	90761 	-10.7290176742936 	0 	-64375.1957525469 	0 	-0.0165328979492188 	73.858841 	370000 	370000 	0 	0 	0 	0 	0 	-894.0567 	-0.0500000007450581 	0 	25.0004230998441 	0 	150005.079662613 	0 	0.0500000007450581 	-2473.6177 	0.00064849853515625 	0 	10.7290176742936 	0 	21458.3985841823 	0 	-0.00064849853515625 	75.783112 	0 	0 	0 	720 	800 	800 	5789 	-320693 	90761 	-370000 	0 	0 	0 	0 	-13 	0 	0 	0 	
3587124841 	320741 	320741 	-1239.3699 	1530 	1530 	-108.30963 	90760.9736175537 	90761 	73.858841 	370000 	370000 	-894.0567 	0.0499999998137355 	0 	-2473.6177 	0.0221061706542969 	0 	75.783112 	0 	0 	0 	720 	800 	800 	5789 	-320693 	90761 	-370000 	0 	0 	0 	0 	-13 	0 	0 	0 	3587124841 	320741 	320741 	0 	0 	0 	0 	0 	-1239.3699 	1530 	1530 	-25.0004232162614 	0 	-50001.6928328067 	0 	0 	-108.30963 	90760.9736175537 	90761 	-21.4580353485871 	0 	42916.7971683646 	0 	0.0263824462890625 	73.858841 	370000 	370000 	0 	0 	0 	0 	0 	-894.0567 	0.0499999998137355 	0 	0 	0 	-200006.772262581 	0 	-0.0499999998137355 	-2473.6177 	0.0221061706542969 	0 	0 	0 	-42916.7971683646 	0 	-0.0221061706542969 	75.783112 	0 	0 	0 	720 	800 	800 	5789 	-320693 	90761 	-370000 	0 	0 	0 	0 	-13 	0 	0 	0 	
3587124851 	320741 	320741 	-1239.3699 	1529.94999999995 	1530 	-108.30963 	90760.9736175537 	90761 	73.858841 	370000 	370000 	-894.0567 	-0.0500000007450581 	0 	-2473.6177 	0.00064849853515625 	0 	75.783112 	0 	0 	0 	720 	800 	800 	5789 	-320693 	90761 	-370000 	0 	0 	0 	0 	-13 	0 	0 	0 	3587124851 	320741 	320741 	0 	0 	0 	0 	0 	-1239.3699 	1529.94999999995 	1530 	0 	0 	100003.385665613 	0 	0.0500000000465661 	-108.30963 	90760.9736175537 	90761 	10.7290176742936 	0 	21458.3985841823 	0 	0.0263824462890625 	73.858841 	370000 	370000 	0 	0 	0 	0 	0 	-894.0567 	-0.0500000007450581 	0 	-25.0004230998441 	0 	150005.079662613 	0 	0.0500000007450581 	-2473.6177 	0.00064849853515625 	0 	-21.4580353485871 	0 	0 	0 	-0.00064849853515625 	75.783112 	0 	0 	0 	720 	800 	800 	5789 	-320693 	90761 	-370000 	0 	0 	0 	0 	-13 	0 	0 	0 	
3587124861 	320741 	320741 	-1239.3699 	1530 	1530 	-108.30963 	90760.9950752258 	90761 	73.858841 	370000 	370000 	-894.0567 	0 	0 	-2473.6177 	-0.0208091735839844 	0 	75.783112 	0 	0 	0 	720 	800 	800 	5789 	-320693 	90761 	-370000 	0 	0 	0 	0 	-13 	0 	0 	0 	3587124861 	320741 	320741 	0 	0 	0 	0 	0 	-1239.3699 	1530 	1530 	25.0004232162614 	0 	-50001.6928328067 	0 	0 	-108.30963 	90760.9950752258 	90761 	10.7290176742936 	0 	-21458.3985841823 	0 	0.00492477416992188 	73.858841 	370000 	370000 	0 	0 	0 	0 	0 	-894.0567 	0 	0 	25.0004235655132 	0 	-50001.6935313222 	0 	0 	-2473.6177 	-0.0208091735839844 	0 	-10.7290176742936 	0 	21458.3985841823 	0 	0.0208091735839844 	75.783112 	0 	0 	0 	720 	800 	800 	5789 	-320693 	90761 	-370000 	0 	0 	0 	0 	-13 	0 	0 	0 	
3587124871 	320741 	320741 	-1239.3699 	1530 	1530 	-108.30963 	90760.9950752258 	90761 	73.858841 	370000 	370000 	-894.0567 	0 	0 	-2473.6177 	-0.0208091735839844 	0 	75.783112 	0 	0 	0 	720 	800 	800 	5789 	-320693 	90761 	-370000 	0 	0 	0 	0 	-13 	0 	0 	0 	3587124871 	320741 	320741 	0 	0 	0 	0 	0 	-1239.3699 	1530 	1530 	0 	0 	0 	0 	0 	-108.30963 	90760.9950752258 	90761 	-10.7290176742936 	0 	-21458.3985841823 	0 	0.00492477416992188 	73.858841 	370000 	370000 	0 	0 	0 	0 	0 	-894.0567 	0 	0 	0 	0 	0 	0 	0 	-2473.6177 	-0.0208091735839844 	0 	10.7290176742936 	0 	21458.3985841823 	0 	0.0208091735839844 	75.783112 	0 	0 	0 	720 	800 	800 	5789 	-320693 	90761 	-370000 	0 	0 	0 	0 	-13 	0 	0 	0 	
3587124881 	320741 	320741 	-1239.3699 	1530 	1530 	-108.30963 	90760.9736175537 	90761 	73.858841 	370000 	370000 	-894.0567 	0 	0 	-2473.6177 	0.00064849853515625 	0 	75.783112 	0 	0 	0 	720 	800 	800 	5789 	-320693 	90761 	-370000 	0 	0 	0 	0 	-13 	0 	0 	13 	3587124881 	320741 	320741 	0 	0 	0 	0 	0 	-1239.3699 	1530 	1530 	0 	0 	0 	0 	0 	-108.30963 	90760.9736175537 	90761 	0 	0 	42916.7971683646 	0 	0.0263824462890625 	73.858841 	370000 	370000 	0 	0 	0 	0 	0 	-894.0567 	0 	0 	0 	0 	0 	0 	0 	-2473.6177 	0.00064849853515625 	0 	10.7290176742936 	0 	-21458.3985841823 	0 	-0.00064849853515625 	75.783112 	0 	0 	0 	720 	800 	800 	5789 	-320693 	90761 	-370000 	0 	0 	0 	0 	-13 	0 	0 	13 	
3587124891 	320741 	320741 	-1239.3699 	1530 	1530 	-108.30963 	90760.9950752258 	90761 	73.858841 	370000 	370000 	-894.0567 	0 	0 	-2473.6177 	0.00064849853515625 	0 	75.783112 	0 	0 	0 	720 	800 	800 	5789 	-320693 	90761 	-370000 	0 	0 	0 	0 	-13 	0 	0 	13 	3587124891 	320741 	320741 	0 	0 	0 	0 	0 	-1239.3699 	1530 	1530 	0 	0 	0 	0 	0 	-108.30963 	90760.9950752258 	90761 	10.7290176742936 	0 	-21458.3985841823 	0 	0.00492477416992188 	73.858841 	370000 	370000 	0 	0 	0 	0 	0 	-894.0567 	0 	0 	0 	0 	0 	0 	0 	-2473.6177 	0.00064849853515625 	0 	0 	0 	0 	0 	-0.00064849853515625 	75.783112 	0 	0 	0 	720 	800 	800 	5789 	-320693 	90761 	-370000 	0 	0 	0 	0 	-13 	0 	0 	13 	
3587124901 	320741 	320741 	-1239.3699 	1530 	1530 	-108.30963 	90760.9950752258 	90761 	73.858841 	370000 	370000 	-894.0567 	0 	0 	-2473.6177 	0.00064849853515625 	0 	75.783112 	0 	0 	0 	720 	800 	800 	5789 	-320693 	90761 	-370000 	0 	0 	0 	0 	-13 	0 	0 	13 	3587124901 	320741 	320741 	0 	0 	0 	0 	0 	-1239.3699 	1530 	1530 	0 	0 	0 	0 	0 	-108.30963 	90760.9950752258 	90761 	0 	0 	0 	0 	0.00492477416992188 	73.858841 	370000 	370000 	0 	0 	0 	0 	0 	-894.0567 	0 	0 	-25.0004235655132 	0 	-50001.6935313222 	0 	0 	-2473.6177 	0.00064849853515625 	0 	0 	0 	0 	0 	-0.00064849853515625 	75.783112 	0 	0 	0 	720 	800 	800 	5789 	-320693 	90761 	-370000 	0 	0 	0 	0 	-13 	0 	0 	13 	
3587124911 	320741 	320741 	-1239.3699 	1530 	1530 	-108.30963 	90760.9950752258 	90761 	73.858841 	370000 	370000 	-894.0567 	-0.0500000007450581 	0 	-2473.6177 	0.00064849853515625 	0 	75.783112 	0 	0 	0 	720 	800 	800 	5789 	-320693 	90761 	-370000 	0 	0 	0 	0 	-13 	0 	0 	13 	3587124911 	320741 	320741 	0 	0 	0 	0 	0 	-1239.3699 	1530 	1530 	0 	0 	0 	0 	0 	-108.30963 	90760.9950752258 	90761 	0 	0 	0 	0 	0.00492477416992188 	73.858841 	370000 	370000 	0 	0 	0 	0 	0 	-894.0567 	-0.0500000007450581 	0 	0 	0 	100003.387062644 	0 	0.0500000007450581 	-2473.6177 	0.00064849853515625 	0 	-10.7290176742936 	0 	-21458.3985841823 	0 	-0.00064849853515625 	75.783112 	0 	0 	0 	720 	800 	800 	5789 	-320693 	90761 	-370000 	0 	0 	0 	0 	-13 	0 	0 	13 	
3587124921 	320741 	320741 	-1239.3699 	1530 	1530 	-108.30963 	90760.9950752258 	90761 	73.858841 	370000 	370000 	-894.0567 	0 	0 	-2473.6177 	-0.0208091735839844 	0 	75.783112 	0 	0 	0 	720 	800 	800 	5789 	-320693 	90761 	-370000 	0 	0 	0 	0 	-13 	0 	0 	13 	3587124921 	320741 	320741 	0 	0 	0 	0 	0 	-1239.3699 	1530 	1530 	0 	0 	0 	0 	0 	-108.30963 	90760.9950752258 	90761 	10.7290176742936 	0 	21458.3985841823 	0 	0.00492477416992188 	73.858841 	370000 	370000 	0 	0 	0 	0 	0 	-894.0567 	0 	0 	0 	0 	-100003.387062644 	0 	0 	-2473.6177 	-0.0208091735839844 	0 	0 	0 	42916.7971683646 	0 	0.0208091735839844 	75.783112 	0 	0 	0 	720 	800 	800 	5789 	-320693 	90761 	-370000 	0 	0 	0 	0 	-13 	0 	0 	13 	
3587124931 	320741 	320741 	-1239.3699 	1530 	1530 	-108.30963 	90761.0165328979 	90761 	73.858841 	370000 	370000 	-894.0567 	-0.0500000007450581 	0 	-2473.6177 	0.00064849853515625 	0 	75.783112 	0 	0 	0 	720 	800 	800 	5789 	-320693 	90761 	-370000 	0 	0 	0 	0 	-13 	0 	0 	13 	3587124931 	320741 	320741 	0 	0 	0 	0 	0 	-1239.3699 	1530 	1530 	0 	0 	0 	0 	0 	-108.30963 	90761.0165328979 	90761 	0 	0 	-42916.7971683646 	0 	-0.0165328979492188 	73.858841 	370000 	370000 	0 	0 	0 	0 	0 	-894.0567 	-0.0500000007450581 	0 	0 	0 	100003.387062644 	0 	0.0500000007450581 	-2473.6177 	0.00064849853515625 	0 	0 	0 	-42916.7971683646 	0 	-0.00064849853515625 	75.783112 	0 	0 	0 	720 	800 	800 	5789 	-320693 	90761 	-370000 	0 	0 	0 	0 	-13 	0 	0 	13 	
3587124941 	320741 	320741 	-1239.3699 	1530 	1530 	-108.30963 	90760.9950752258 	90761 	73.858841 	370000 	370000 	-894.0567 	0 	0 	-2473.6177 	-0.0208091735839844 	0 	75.783112 	0 	0 	0 	720 	800 	800 	5789 	-320693 	90761 	-370000 	0 	0 	0 	0 	-13 	0 	0 	13 	3587124941 	320741 	320741 	0 	0 	0 	0 	0 	-1239.3699 	1530 	1530 	0 	0 	0 	0 	0 	-108.30963 	90760.9950752258 	90761 	-21.4580353485871 	0 	0 	0 	0.00492477416992188 	73.858841 	370000 	370000 	0 	0 	0 	0 	0 	-894.0567 	0 	0 	25.0004235655132 	0 	-50001.6935313222 	0 	0 	-2473.6177 	-0.0208091735839844 	0 	0 	0 	42916.7971683646 	0 	0.0208091735839844 	75.783112 	0 	0 	0 	720 	800 	800 	5789 	-320693 	90761 	-370000 	0 	0 	0 	0 	-13 	0 	0 	13 	
3587124951 	320741 	320741 	-1239.3699 	1530 	1530 	-108.30963 	90760.9736175537 	90761 	73.858841 	370000 	370000 	-894.0567 	0 	0 	-2473.6177 	0.00064849853515625 	0 	75.783112 	0 	0 	0 	720 	800 	800 	5789 	-320693 	90761 	-370000 	0 	0 	0 	0 	-13 	0 	0 	13 	3587124951 	320741 	320741 	0 	0 	0 	0 	0 	-1239.3699 	1530 	1530 	0 	0 	0 	0 	0 	-108.30963 	90760.9736175537 	90761 	-10.7290176742936 	0 	21458.3985841823 	0 	0.0263824462890625 	73.858841 	370000 	370000 	0 	0 	0 	0 	0 	-894.0567 	0 	0 	0 	0 	0 	0 	0 	-2473.6177 	0.00064849853515625 	0 	10.7290176742936 	0 	-21458.3985841823 	0 	-0.00064849853515625 	75.783112 	0 	0 	0 	720 	800 	800 	5789 	-320693 	90761 	-370000 	0 	0 	0 	0 	-13 	0 	0 	13 	
3587124961 	320741 	320741 	-1239.3699 	1530 	1530 	-108.30963 	90760.9736175537 	90761 	73.858841 	370000 	370000 	-894.0567 	0 	0 	-2473.6177 	0.00064849853515625 	0 	75.783112 	0 	0 	0 	720 	800 	800 	5789 	-320693 	90761 	-370000 	0 	0 	0 	0 	-13 	0 	0 	13 	3587124961 	320741 	320741 	0 	0 	0 	0 	0 	-1239.3699 	1530 	1530 	0 	0 	0 	0 	0 	-108.30963 	90760.9736175537 	90761 	10.7290176742936 	0 	21458.3985841823 	0 	0.0263824462890625 	73.858841 	370000 	370000 	0 	0 	0 	0 	0 	-894.0567 	0 	0 	0 	0 	0 	0 	0 	-2473.6177 	0.00064849853515625 	0 	10.7290176742936 	0 	21458.3985841823 	0 	-0.00064849853515625 	75.783112 	0 	0 	0 	720 	800 	800 	5789 	-320693 	90761 	-370000 	0 	0 	0 	0 	-13 	0 	0 	13 	
3587124971 	320741 	320741 	-1239.3699 	1530 	1530 	-108.30963 	90760.9950752258 	90761 	73.858841 	370000 	370000 	-894.0567 	0 	0 	-2473.6177 	0.0221061706542969 	0 	75.783112 	0 	0 	0 	720 	800 	800 	5789 	-320693 	90761 	-370000 	0 	0 	0 	0 	-13 	0 	0 	13 	3587124971 	320741 	320741 	0 	0 	0 	0 	0 	-1239.3699 	1530 	1530 	0 	0 	0 	0 	0 	-108.30963 	90760.9950752258 	90761 	10.7290176742936 	0 	-21458.3985841823 	0 	0.00492477416992188 	73.858841 	370000 	370000 	0 	0 	0 	0 	0 	-894.0567 	0 	0 	0 	0 	0 	0 	0 	-2473.6177 	0.0221061706542969 	0 	0 	0 	-42916.7971683646 	0 	-0.0221061706542969 	75.783112 	0 	0 	0 	720 	800 	800 	5789 	-320693 	90761 	-370000 	0 	0 	0 	0 	-13 	0 	0 	13 	
3587124981 	320741 	320741 	-1239.3699 	1530 	1530 	-108.30963 	90760.9950752258 	90761 	73.858841 	370000 	370000 	-894.0567 	0 	0 	-2473.6177 	0.00064849853515625 	0 	75.783112 	0 	0 	0 	720 	800 	800 	5789 	-320693 	90761 	-370000 	0 	0 	0 	0 	-13 	0 	0 	13 	3587124981 	320741 	320741 	0 	0 	0 	0 	0 	-1239.3699 	1530 	1530 	0 	0 	0 	0 	0 	-108.30963 	90760.9950752258 	90761 	0 	0 	0 	0 	0.00492477416992188 	73.858841 	370000 	370000 	0 	0 	0 	0 	0 	-894.0567 	0 	0 	0 	0 	0 	0 	0 	-2473.6177 	0.00064849853515625 	0 	-10.7290176742936 	0 	21458.3985841823 	0 	-0.00064849853515625 	75.783112 	0 	0 	0 	720 	800 	800 	5789 	-320693 	90761 	-370000 	0 	0 	0 	0 	-13 	0 	0 	13 	
3587124991 	320741 	320741 	-1239.3699 	1530 	1530 	-108.30963 	90760.9950752258 	90761 	73.858841 	370000 	370000 	-894.0567 	0 	0 	-2473.6177 	0.00064849853515625 	0 	75.783112 	0 	0 	0 	720 	800 	800 	5789 	-320693 	90761 	-370000 	0 	0 	0 	0 	0 	0 	0 	13 	3587124991 	320741 	320741 	0 	0 	0 	0 	0 	-1239.3699 	1530 	1530 	0 	0 	0 	0 	0 	-108.30963 	90760.9950752258 	90761 	-10.7290176742936 	0 	-21458.3985841823 	0 	0.00492477416992188 	73.858841 	370000 	370000 	0 	0 	0 	0 	0 	-894.0567 	0 	0 	0 	0 	0 	0 	0 	-2473.6177 	0.00064849853515625 	0 	0 	0 	0 	0 	-0.00064849853515625 	75.783112 	0 	0 	0 	720 	800 	800 	5789 	-320693 	90761 	-370000 	0 	0 	0 	0 	0 	0 	0 	13 	
3587125001 	320741 	320741 	-1239.3699 	1530 	1530 	-108.30963 	90760.9736175537 	90761 	73.858841 	370000 	370000 	-894.0567 	0 	0 	-2473.6177 	0.00064849853515625 	0 	75.783112 	0 	0 	0 	720 	800 	800 	5789 	-320693 	90761 	-370000 	0 	0 	0 	0 	0 	0 	0 	13 	3587125001 	320741 	320741 	0 	0 	0 	0 	0 	-1239.3699 	1530 	1530 	0 	0 	0 	0 	0 	-108.30963 	90760.9736175537 	90761 	0 	0 	42916.7971683646 	0 	0.0263824462890625 	73.858841 	370000 	370000 	0 	0 	0 	0 	0 	-894.0567 	0 	0 	0 	0 	0 	0 	0 	-2473.6177 	0.00064849853515625 	0 	0 	0 	0 	0 	-0.00064849853515625 	75.783112 	0 	0 	0 	720 	800 	800 	5789 	-320693 	90761 	-370000 	0 	0 	0 	0 	0 	0 	0 	13 	
3587125011 	320741 	320741 	-1239.3699 	1530 	1530 	-108.30963 	90760.9950752258 	90761 	73.858841 	370000 	370000 	-894.0567 	0 	0 	-2473.6177 	0.00064849853515625 	0 	75.783112 	0 	0 	0 	720 	800 	800 	5789 	-320693 	90761 	-370000 	0 	0 	0 	0 	0 	0 	0 	13 	3587125011 	320741 	320741 	0 	0 	0 	0 	0 	-1239.3699 	1530 	1530 	0 	0 	0 	0 	0 	-108.30963 	90760.9950752258 	90761 	10.7290176742936 	0 	-21458.3985841823 	0 	0.00492477416992188 	73.858841 	370000 	370000 	0 	0 	0 	0 	0 	-894.0567 	0 	0 	0 	0 	0 	0 	0 	-2473.6177 	0.00064849853515625 	0 	0 	0 	0 	0 	-0.00064849853515625 	75.783112 	0 	0 	0 	720 	800 	800 	5789 	-320693 	90761 	-370000 	0 	0 	0 	0 	0 	0 	0 	13 	
3587125021 	320741 	320741 	-1239.3699 	1530 	1530 	-108.30963 	90760.9950752258 	90761 	73.858841 	370000 	370000 	-894.0567 	0 	0 	-2473.6177 	0.00064849853515625 	0 	75.783112 	0 	0 	0 	720 	800 	800 	5789 	-320693 	90761 	-370000 	0 	0 	0 	0 	0 	0 	0 	13 	3587125021 	320741 	320741 	25.0004230998441 	0 	50001.6925999681 	0 	0 	-1239.3699 	1530 	1530 	0 	0 	0 	0 	0 	-108.30963 	90760.9950752258 	90761 	10.7290176742936 	0 	21458.3985841823 	0 	0.00492477416992188 	73.858841 	370000 	370000 	0 	0 	0 	0 	0 	-894.0567 	0 	0 	0 	0 	0 	0 	0 	-2473.6177 	0.00064849853515625 	0 	-10.7290176742936 	0 	-21458.3985841823 	0 	-0.00064849853515625 	75.783112 	0 	0 	0 	720 	800 	800 	5789 	-320693 	90761 	-370000 	0 	0 	0 	0 	0 	0 	0 	13 	
3587125031 	320741.05 	320741 	-1239.3699 	1530 	1530 	-108.30963 	90761.0165328979 	90761 	73.858841 	370000 	370000 	-894.0567 	0 	0 	-2473.6177 	-0.0208091735839844 	0 	75.783112 	0 	0 	0 	720 	800 	800 	5789 	-320693 	90761 	-370000 	0 	0 	0 	0 	0 	0 	0 	13 	3587125031 	320741.05 	320741 	0 	0 	-100003.385199936 	0 	-0.0499999998137355 	-1239.3699 	1530 	1530 	0 	0 	0 	0 	0 	-108.30963 	90761.0165328979 	90761 	0 	0 	-42916.7971683646 	0 	-0.0165328979492188 	73.858841 	370000 	370000 	0 	0 	0 	0 	0 	-894.0567 	0 	0 	-25.0004235655132 	0 	-50001.6935313222 	0 	0 	-2473.6177 	-0.0208091735839844 	0 	0 	0 	42916.7971683646 	0 	0.0208091735839844 	75.783112 	0 	0 	0 	720 	800 	800 	5789 	-320693 	90761 	-370000 	0 	0 	0 	0 	0 	0 	0 	13 	
3587125041 	320741 	320741 	-1239.3699 	1530 	1530 	-108.30963 	90760.9950752258 	90761 	73.858841 	370000 	370000 	-894.0567 	-0.0500000007450581 	0 	-2473.6177 	0.00064849853515625 	0 	75.783112 	0 	0 	0 	720 	800 	800 	5789 	-320693 	90761 	-370000 	0 	0 	0 	0 	0 	0 	0 	0 	3587125041 	320741 	320741 	-25.0004230998441 	0 	50001.6925999681 	0 	0 	-1239.3699 	1530 	1530 	0 	0 	0 	0 	0 	-108.30963 	90760.9950752258 	90761 	-10.7290176742936 	0 	21458.3985841823 	0 	0.00492477416992188 	73.858841 	370000 	370000 	0 	0 	0 	0 	0 	-894.0567 	-0.0500000007450581 	0 	0 	0 	100003.387062644 	0 	0.0500000007450581 	-2473.6177 	0.00064849853515625 	0 	0 	0 	-42916.7971683646 	0 	-0.00064849853515625 	75.783112 	0 	0 	0 	720 	800 	800 	5789 	-320693 	90761 	-370000 	0 	0 	0 	0 	0 	0 	0 	0 	
3587125051 	320741 	320741 	-1239.3699 	1530 	1530 	-108.30963 	90760.9950752258 	90761 	73.858841 	370000 	370000 	-894.0567 	0 	0 	-2473.6177 	-0.0208091735839844 	0 	75.783112 	0 	0 	0 	720 	800 	800 	5789 	-320693 	90761 	-370000 	0 	0 	0 	0 	0 	0 	0 	0 	3587125051 	320741 	320741 	0 	0 	0 	0 	0 	-1239.3699 	1530 	1530 	0 	0 	0 	0 	0 	-108.30963 	90760.9950752258 	90761 	-10.7290176742936 	0 	-21458.3985841823 	0 	0.00492477416992188 	73.858841 	370000 	370000 	0 	0 	0 	0 	0 	-894.0567 	0 	0 	0 	0 	-100003.387062644 	0 	0 	-2473.6177 	-0.0208091735839844 	0 	10.7290176742936 	0 	64375.1957525469 	0 	0.0208091735839844 	75.783112 	0 	0 	0 	720 	800 	800 	5789 	-320693 	90761 	-370000 	0 	0 	0 	0 	0 	0 	0 	0 	
3587125061 	320741 	320741 	-1239.3699 	1530 	1530 	-108.30963 	90760.9736175537 	90761 	73.858841 	370000 	370000 	-894.0567 	-0.0500000007450581 	0 	-2473.6177 	0.0221061706542969 	0 	75.783112 	0 	0 	0 	720 	800 	800 	5789 	-320693 	90761 	-370000 	0 	0 	0 	0 	0 	0 	0 	0 	3587125061 	320741 	320741 	0 	0 	0 	0 	0 	-1239.3699 	1530 	1530 	0 	0 	0 	0 	0 	-108.30963 	90760.9736175537 	90761 	0 	0 	42916.7971683646 	0 	0.0263824462890625 	73.858841 	370000 	370000 	0 	0 	0 	0 	0 	-894.0567 	-0.0500000007450581 	0 	-25.0004235655132 	0 	50001.6935313222 	0 	0.0500000007450581 	-2473.6177 	0.0221061706542969 	0 	10.7290176742936 	0 	-64375.1957525469 	0 	-0.0221061706542969 	75.783112 	0 	0 	0 	720 	800 	800 	5789 	-320693 	90761 	-370000 	0 	0 	0 	0 	0 	0 	0 	0 	
3587125071 	320741 	320741 	-1239.3699 	1530 	1530 	-108.30963 	90760.9950752258 	90761 	73.858841 	370000 	370000 	-894.0567 	-0.0500000007450581 	0 	-2473.6177 	0.00064849853515625 	0 	75.783112 	0 	0 	0 	720 	800 	800 	5789 	-320693 	90761 	-370000 	0 	0 	0 	0 	0 	0 	0 	0 	3587125071 	320741 	320741 	0 	0 	0 	0 	0 	-1239.3699 	1530 	1530 	0 	0 	0 	0 	0 	-108.30963 	90760.9950752258 	90761 	10.7290176742936 	0 	-21458.3985841823 	0 	0.00492477416992188 	73.858841 	370000 	370000 	0 	0 	0 	0 	0 	-894.0567 	-0.0500000007450581 	0 	25.0004235655132 	0 	50001.6935313222 	0 	0.0500000007450581 	-2473.6177 	0.00064849853515625 	0 	-10.7290176742936 	0 	21458.3985841823 	0 	-0.00064849853515625 	75.783112 	0 	0 	0 	720 	800 	800 	5789 	-320693 	90761 	-370000 	0 	0 	0 	0 	0 	0 	0 	0 	
3587125081 	320741 	320741 	-1239.3699 	1530 	1530 	-108.30963 	90760.9950752258 	90761 	73.858841 	370000 	370000 	-894.0567 	0 	0 	-2473.6177 	0.00064849853515625 	0 	75.783112 	0 	0 	0 	720 	800 	800 	5789 	-320693 	90761 	-370000 	0 	0 	0 	0 	0 	0 	0 	0 	3587125081 	320741 	320741 	0 	0 	0 	0 	0 	-1239.3699 	1530 	1530 	0 	0 	0 	0 	0 	-108.30963 	90760.9950752258 	90761 	0 	0 	0 	0 	0.00492477416992188 	73.858841 	370000 	370000 	0 	0 	0 	0 	0 	-894.0567 	0 	0 	25.0004235655132 	0 	-50001.6935313222 	0 	0 	-2473.6177 	0.00064849853515625 	0 	-10.7290176742936 	0 	-21458.3985841823 	0 	-0.00064849853515625 	75.783112 	0 	0 	0 	720 	800 	800 	5789 	-320693 	90761 	-370000 	0 	0 	0 	0 	0 	0 	0 	0 	
3587125091 	320741 	320741 	-1239.3699 	1530 	1530 	-108.30963 	90760.9950752258 	90761 	73.858841 	370000 	370000 	-894.0567 	0 	0 	-2473.6177 	-0.0208091735839844 	0 	75.783112 	0 	0 	0 	720 	800 	800 	5789 	-320693 	90761 	-370000 	0 	0 	0 	0 	0 	0 	0 	0 	3587125091 	320741 	320741 	0 	0 	0 	0 	0 	-1239.3699 	1530 	1530 	0 	0 	0 	0 	0 	-108.30963 	90760.9950752258 	90761 	0 	0 	0 	0 	0.00492477416992188 	73.858841 	370000 	370000 	0 	0 	0 	0 	0 	-894.0567 	0 	0 	0 	0 	0 	0 	0 	-2473.6177 	-0.0208091735839844 	0 	0 	0 	42916.7971683646 	0 	0.0208091735839844 	75.783112 	0 	0 	0 	720 	800 	800 	5789 	-320693 	90761 	-370000 	0 	0 	0 	0 	0 	0 	0 	0 	
3587125101 	320741 	320741 	-1239.3699 	1530 	1530 	-108.30963 	90760.9950752258 	90761 	73.858841 	370000 	370000 	-894.0567 	0 	0 	-2473.6177 	0.00064849853515625 	0 	75.783112 	0 	0 	0 	720 	800 	800 	5789 	-320693 	90761 	-370000 	0 	0 	0 	0 	0 	0 	0 	0 	3587125101 	320741 	320741 	0 	0 	0 	0 	0 	-1239.3699 	1530 	1530 	0 	0 	0 	0 	0 	-108.30963 	90760.9950752258 	90761 	0 	0 	0 	0 	0.00492477416992188 	73.858841 	370000 	370000 	0 	0 	0 	0 	0 	-894.0567 	0 	0 	0 	0 	0 	0 	0 	-2473.6177 	0.00064849853515625 	0 	0 	0 	-42916.7971683646 	0 	-0.00064849853515625 	75.783112 	0 	0 	0 	720 	800 	800 	5789 	-320693 	90761 	-370000 	0 	0 	0 	0 	0 	0 	0 	0 	
3587125111 	320741 	320741 	-1239.3699 	1530 	1530 	-108.30963 	90760.9950752258 	90761 	73.858841 	370000 	370000 	-894.0567 	0 	0 	-2473.6177 	-0.0208091735839844 	0 	75.783112 	0 	0 	0 	720 	800 	800 	5789 	-320693 	90761 	-370000 	0 	0 	0 	0 	0 	0 	0 	0 	3587125111 	320741 	320741 	0 	0 	0 	0 	0 	-1239.3699 	1530 	1530 	0 	0 	0 	0 	0 	-108.30963 	90760.9950752258 	90761 	0 	0 	0 	0 	0.00492477416992188 	73.858841 	370000 	370000 	0 	0 	0 	0 	0 	-894.0567 	0 	0 	0 	0 	0 	0 	0 	-2473.6177 	-0.0208091735839844 	0 	0 	0 	42916.7971683646 	0 	0.0208091735839844 	75.783112 	0 	0 	0 	720 	800 	800 	5789 	-320693 	90761 	-370000 	0 	0 	0 	0 	0 	0 	0 	0 	
3587125121 	320741 	320741 	-1239.3699 	1530 	1530 	-108.30963 	90760.9950752258 	90761 	73.858841 	370000 	370000 	-894.0567 	0 	0 	-2473.6177 	0.00064849853515625 	0 	75.783112 	0 	0 	0 	720 	800 	800 	5789 	-320693 	90761 	-370000 	0 	0 	0 	0 	0 	0 	0 	0 	3587125121 	320741 	320741 	0 	0 	0 	0 	0 	-1239.3699 	1530 	1530 	0 	0 	0 	0 	0 	-108.30963 	90760.9950752258 	90761 	0 	0 	0 	0 	0.00492477416992188 	73.858841 	370000 	370000 	0 	0 	0 	0 	0 	-894.0567 	0 	0 	0 	0 	0 	0 	0 	-2473.6177 	0.00064849853515625 	0 	10.7290176742936 	0 	-21458.3985841823 	0 	-0.00064849853515625 	75.783112 	0 	0 	0 	720 	800 	800 	5789 	-320693 	90761 	-370000 	0 	0 	0 	0 	0 	0 	0 	0 	
3587125131 	320741 	320741 	-1239.3699 	1530 	1530 	-108.30963 	90760.9950752258 	90761 	73.858841 	370000 	370000 	-894.0567 	0 	0 	-2473.6177 	0.00064849853515625 	0 	75.783112 	0 	0 	0 	720 	800 	800 	5789 	-320693 	90761 	-370000 	0 	0 	0 	0 	0 	0 	0 	0 	3587125131 	320741 	320741 	0 	0 	0 	0 	0 	-1239.3699 	1530 	1530 	0 	0 	0 	0 	0 	-108.30963 	90760.9950752258 	90761 	0 	0 	0 	0 	0.00492477416992188 	73.858841 	370000 	370000 	0 	0 	0 	0 	0 	-894.0567 	0 	0 	0 	0 	0 	0 	0 	-2473.6177 	0.00064849853515625 	0 	0 	0 	0 	0 	-0.00064849853515625 	75.783112 	0 	0 	0 	720 	800 	800 	5789 	-320693 	90761 	-370000 	0 	0 	0 	0 	0 	0 	0 	0 	
3587125141 	320741 	320741 	-1239.3699 	1530 	1530 	-108.30963 	90760.9950752258 	90761 	73.858841 	370000 	370000 	-894.0567 	0 	0 	-2473.6177 	0.00064849853515625 	0 	75.783112 	0 	0 	0 	720 	800 	800 	5789 	-320693 	90761 	-370000 	0 	0 	0 	-31 	0 	0 	0 	0 	3587125141 	320741 	320741 	0 	0 	0 	0 	0 	-1239.3699 	1530 	1530 	0 	0 	0 	0 	0 	-108.30963 	90760.9950752258 	90761 	0 	0 	0 	0 	0.00492477416992188 	73.858841 	370000 	370000 	0 	0 	0 	0 	0 	-894.0567 	0 	0 	0 	0 	0 	0 	0 	-2473.6177 	0.00064849853515625 	0 	0 	0 	0 	0 	-0.00064849853515625 	75.783112 	0 	0 	0 	720 	800 	800 	5789 	-320693 	90761 	-370000 	0 	0 	0 	-31 	0 	0 	0 	0 	
3587125151 	320741 	320741 	-1239.3699 	1530 	1530 	-108.30963 	90760.9950752258 	90761 	73.858841 	370000 	370000 	-894.0567 	0 	0 	-2473.6177 	0.00064849853515625 	0 	75.783112 	0 	0 	0 	720 	800 	800 	5789 	-320693 	90761 	-370000 	0 	0 	0 	-31 	0 	0 	0 	0 	3587125151 	320741 	320741 	0 	0 	0 	0 	0 	-1239.3699 	1530 	1530 	0 	0 	0 	0 	0 	-108.30963 	90760.9950752258 	90761 	10.7290176742936 	0 	21458.3985841823 	0 	0.00492477416992188 	73.858841 	370000 	370000 	0 	0 	0 	0 	0 	-894.0567 	0 	0 	0 	0 	0 	0 	0 	-2473.6177 	0.00064849853515625 	0 	-10.7290176742936 	0 	-21458.3985841823 	0 	-0.00064849853515625 	75.783112 	0 	0 	0 	720 	800 	800 	5789 	-320693 	90761 	-370000 	0 	0 	0 	-31 	0 	0 	0 	0 	
3587125161 	320741 	320741 	-1239.3699 	1530 	1530 	-108.30963 	90761.0165328979 	90761 	73.858841 	370000 	370000 	-894.0567 	0 	0 	-2473.6177 	-0.0208091735839844 	0 	75.783112 	0 	0 	0 	720 	800 	800 	5789 	-320693 	90761 	-370000 	0 	0 	0 	-31 	0 	0 	0 	0 	3587125161 	320741 	320741 	0 	0 	0 	0 	0 	-1239.3699 	1530 	1530 	0 	0 	0 	0 	0 	-108.30963 	90761.0165328979 	90761 	0 	0 	-42916.7971683646 	0 	-0.0165328979492188 	73.858841 	370000 	370000 	0 	0 	0 	0 	0 	-894.0567 	0 	0 	25.0004230998441 	0 	50001.6925999681 	0 	0 	-2473.6177 	-0.0208091735839844 	0 	0 	0 	42916.7971683646 	0 	0.0208091735839844 	75.783112 	0 	0 	0 	720 	800 	800 	5789 	-320693 	90761 	-370000 	0 	0 	0 	-31 	0 	0 	0 	0 	
3587125171 	320741 	320741 	-1239.3699 	1530 	1530 	-108.30963 	90760.9950752258 	90761 	73.858841 	370000 	370000 	-894.0567 	0.0499999998137355 	0 	-2473.6177 	0.00064849853515625 	0 	75.783112 	0 	0 	0 	720 	800 	800 	5789 	-320693 	90761 	-370000 	0 	0 	0 	-31 	0 	0 	0 	0 	3587125171 	320741 	320741 	0 	0 	0 	0 	0 	-1239.3699 	1530 	1530 	0 	0 	0 	0 	0 	-108.30963 	90760.9950752258 	90761 	0 	0 	42916.7971683646 	0 	0.00492477416992188 	73.858841 	370000 	370000 	0 	0 	0 	0 	0 	-894.0567 	0.0499999998137355 	0 	0 	0 	-100003.385199936 	0 	-0.0499999998137355 	-2473.6177 	0.00064849853515625 	0 	10.7290176742936 	0 	-21458.3985841823 	0 	-0.00064849853515625 	75.783112 	0 	0 	0 	720 	800 	800 	5789 	-320693 	90761 	-370000 	0 	0 	0 	-31 	0 	0 	0 	0 	
3587125181 	320741 	320741 	-1239.3699 	1530 	1530 	-108.30963 	90761.0165328979 	90761 	73.858841 	370000 	370000 	-894.0567 	0 	0 	-2473.6177 	0.00064849853515625 	0 	75.783112 	0 	0 	0 	720 	800 	800 	5789 	-320693 	90761 	-370000 	0 	0 	0 	-31 	0 	0 	0 	0 	3587125181 	320741 	320741 	0 	0 	0 	0 	0 	-1239.3699 	1530 	1530 	0 	0 	0 	0 	0 	-108.30963 	90761.0165328979 	90761 	10.7290176742936 	0 	-21458.3985841823 	0 	-0.0165328979492188 	73.858841 	370000 	370000 	0 	0 	0 	0 	0 	-894.0567 	0 	0 	-25.0004230998441 	0 	50001.6925999681 	0 	0 	-2473.6177 	0.00064849853515625 	0 	0 	0 	0 	0 	-0.00064849853515625 	75.783112 	0 	0 	0 	720 	800 	800 	5789 	-320693 	90761 	-370000 	0 	0 	0 	-31 	0 	0 	0 	0 	
3587125191 	320741 	320741 	-1239.3699 	1530 	1530 	-108.30963 	90761.0165328979 	90761 	73.858841 	370000 	370000 	-894.0567 	0 	0 	-2473.6177 	0.00064849853515625 	0 	75.783112 	0 	0 	0 	720 	800 	800 	5789 	-320693 	90761 	-370000 	0 	0 	0 	-31 	0 	0 	-31 	0 	3587125191 	320741 	320741 	0 	0 	0 	0 	0 	-1239.3699 	1530 	1530 	0 	0 	0 	0 	0 	-108.30963 	90761.0165328979 	90761 	-10.7290176742936 	0 	-21458.3985841823 	0 	-0.0165328979492188 	73.858841 	370000 	370000 	0 	0 	0 	0 	0 	-894.0567 	0 	0 	0 	0 	0 	0 	0 	-2473.6177 	0.00064849853515625 	0 	0 	0 	0 	0 	-0.00064849853515625 	75.783112 	0 	0 	0 	720 	800 	800 	5789 	-320693 	90761 	-370000 	0 	0 	0 	-31 	0 	0 	-31 	0 	
3587125201 	320741 	320741 	-1239.3699 	1530 	1530 	-108.30963 	90760.9950752258 	90761 	73.858841 	370000 	370000 	-894.0567 	0 	0 	-2473.6177 	0.00064849853515625 	0 	75.783112 	0 	0 	0 	720 	800 	800 	5789 	-320693 	90761 	-370000 	0 	0 	0 	-31 	0 	0 	-31 	0 	3587125201 	320741 	320741 	0 	0 	0 	0 	0 	-1239.3699 	1530 	1530 	0 	0 	0 	0 	0 	-108.30963 	90760.9950752258 	90761 	-21.4580353485871 	0 	0 	0 	0.00492477416992188 	73.858841 	370000 	370000 	0 	0 	0 	0 	0 	-894.0567 	0 	0 	0 	0 	0 	0 	0 	-2473.6177 	0.00064849853515625 	0 	0 	0 	0 	0 	-0.00064849853515625 	75.783112 	0 	0 	0 	720 	800 	800 	5789 	-320693 	90761 	-370000 	0 	0 	0 	-31 	0 	0 	-31 	0 	
3587125211 	320741 	320741 	-1239.3699 	1530 	1530 	-108.30963 	90760.9736175537 	90761 	73.858841 	370000 	370000 	-894.0567 	0 	0 	-2473.6177 	0.00064849853515625 	0 	75.783112 	0 	0 	0 	720 	800 	800 	5789 	-320693 	90761 	-370000 	0 	0 	0 	-31 	0 	0 	-31 	0 	3587125211 	320741 	320741 	0 	0 	0 	0 	0 	-1239.3699 	1530 	1530 	0 	0 	0 	0 	0 	-108.30963 	90760.9736175537 	90761 	0 	0 	42916.7971683646 	0 	0.0263824462890625 	73.858841 	370000 	370000 	0 	0 	0 	0 	0 	-894.0567 	0 	0 	0 	0 	0 	0 	0 	-2473.6177 	0.00064849853515625 	0 	-10.7290176742936 	0 	-21458.3985841823 	0 	-0.00064849853515625 	75.783112 	0 	0 	0 	720 	800 	800 	5789 	-320693 	90761 	-370000 	0 	0 	0 	-31 	0 	0 	-31 	0 	
3587125221 	320741 	320741 	-1239.3699 	1530 	1530 	-108.30963 	90760.9950752258 	90761 	73.858841 	370000 	370000 	-894.0567 	0 	0 	-2473.6177 	-0.0208091735839844 	0 	75.783112 	0 	0 	0 	720 	800 	800 	5789 	-320693 	90761 	-370000 	0 	0 	0 	-31 	0 	0 	-31 	0 	3587125221 	320741 	320741 	0 	0 	0 	0 	0 	-1239.3699 	1530 	1530 	0 	0 	0 	0 	0 	-108.30963 	90760.9950752258 	90761 	21.4580353485871 	0 	0 	0 	0.00492477416992188 	73.858841 	370000 	370000 	0 	0 	0 	0 	0 	-894.0567 	0 	0 	0 	0 	0 	0 	0 	-2473.6177 	-0.0208091735839844 	0 	0 	0 	42916.7971683646 	0 	0.0208091735839844 	75.783112 	0 	0 	0 	720 	800 	800 	5789 	-320693 	90761 	-370000 	0 	0 	0 	-31 	0 	0 	-31 	0 	
3587125231 	320741 	320741 	-1239.3699 	1530 	1530 	-108.30963 	90761.0165328979 	90761 	73.858841 	370000 	370000 	-894.0567 	0 	0 	-2473.6177 	0.00064849853515625 	0 	75.783112 	0 	0 	0 	720 	800 	800 	5789 	-320693 	90761 	-370000 	0 	0 	0 	-31 	0 	0 	-31 	0 	3587125231 	320741 	320741 	0 	0 	0 	0 	0 	-1239.3699 	1530 	1530 	0 	0 	0 	0 	0 	-108.30963 	90761.0165328979 	90761 	0 	0 	-42916.7971683646 	0 	-0.0165328979492188 	73.858841 	370000 	370000 	0 	0 	0 	0 	0 	-894.0567 	0 	0 	25.0004230998441 	0 	50001.6925999681 	0 	0 	-2473.6177 	0.00064849853515625 	0 	10.7290176742936 	0 	-21458.3985841823 	0 	-0.00064849853515625 	75.783112 	0 	0 	0 	720 	800 	800 	5789 	-320693 	90761 	-370000 	0 	0 	0 	-31 	0 	0 	-31 	0 	
3587125241 	320741 	320741 	-1239.3699 	1530 	1530 	-108.30963 	90760.9950752258 	90761 	73.858841 	370000 	370000 	-894.0567 	0.0499999998137355 	0 	-2473.6177 	0.00064849853515625 	0 	75.783112 	0 	0 	0 	720 	800 	800 	5789 	-320693 	90761 	-370000 	0 	0 	0 	-31 	0 	0 	-31 	0 	3587125241 	320741 	320741 	0 	0 	0 	0 	0 	-1239.3699 	1530 	1530 	0 	0 	0 	0 	0 	-108.30963 	90760.9950752258 	90761 	-10.7290176742936 	0 	21458.3985841823 	0 	0.00492477416992188 	73.858841 	370000 	370000 	0 	0 	0 	0 	0 	-894.0567 	0.0499999998137355 	0 	0 	0 	-100003.385199936 	0 	-0.0499999998137355 	-2473.6177 	0.00064849853515625 	0 	0 	0 	0 	0 	-0.00064849853515625 	75.783112 	0 	0 	0 	720 	800 	800 	5789 	-320693 	90761 	-370000 	0 	0 	0 	-31 	0 	0 	-31 	0 	
3587125251 	320741 	320741 	-1239.3699 	1530 	1530 	-108.30963 	90760.9950752258 	90761 	73.858841 	370000 	370000 	-894.0567 	0 	0 	-2473.6177 	0.00064849853515625 	0 	75.783112 	0 	0 	0 	720 	800 	800 	5789 	-320693 	90761 	-370000 	0 	0 	0 	-31 	0 	0 	-31 	0 	3587125251 	320741 	320741 	0 	0 	0 	0 	0 	-1239.3699 	1530 	1530 	0 	0 	0 	0 	0 	-108.30963 	90760.9950752258 	90761 	0 	0 	0 	0 	0.00492477416992188 	73.858841 	370000 	370000 	0 	0 	0 	0 	0 	-894.0567 	0 	0 	-25.0004230998441 	0 	50001.6925999681 	0 	0 	-2473.6177 	0.00064849853515625 	0 	0 	0 	0 	0 	-0.00064849853515625 	75.783112 	0 	0 	0 	720 	800 	800 	5789 	-320693 	90761 	-370000 	0 	0 	0 	-31 	0 	0 	-31 	0 	
3587125261 	320741 	320741 	-1239.3699 	1530 	1530 	-108.30963 	90760.9950752258 	90761 	73.858841 	370000 	370000 	-894.0567 	0 	0 	-2473.6177 	0.00064849853515625 	0 	75.783112 	0 	0 	0 	720 	800 	800 	5789 	-320693 	90761 	-370000 	0 	0 	0 	-31 	0 	0 	-31 	0 	3587125261 	320741 	320741 	0 	0 	0 	0 	0 	-1239.3699 	1530 	1530 	0 	0 	0 	0 	0 	-108.30963 	90760.9950752258 	90761 	0 	0 	0 	0 	0.00492477416992188 	73.858841 	370000 	370000 	0 	0 	0 	0 	0 	-894.0567 	0 	0 	0 	0 	0 	0 	0 	-2473.6177 	0.00064849853515625 	0 	-10.7290176742936 	0 	-21458.3985841823 	0 	-0.00064849853515625 	75.783112 	0 	0 	0 	720 	800 	800 	5789 	-320693 	90761 	-370000 	0 	0 	0 	-31 	0 	0 	-31 	0 	
3587125271 	320741 	320741 	-1239.3699 	1530 	1530 	-108.30963 	90760.9950752258 	90761 	73.858841 	370000 	370000 	-894.0567 	0 	0 	-2473.6177 	-0.0208091735839844 	0 	75.783112 	0 	0 	0 	720 	800 	800 	5789 	-320693 	90761 	-370000 	0 	0 	0 	-31 	0 	0 	-31 	0 	3587125271 	320741 	320741 	0 	0 	0 	0 	0 	-1239.3699 	1530 	1530 	0 	0 	0 	0 	0 	-108.30963 	90760.9950752258 	90761 	0 	0 	0 	0 	0.00492477416992188 	73.858841 	370000 	370000 	0 	0 	0 	0 	0 	-894.0567 	0 	0 	0 	0 	0 	0 	0 	-2473.6177 	-0.0208091735839844 	0 	0 	0 	42916.7971683646 	0 	0.0208091735839844 	75.783112 	0 	0 	0 	720 	800 	800 	5789 	-320693 	90761 	-370000 	0 	0 	0 	-31 	0 	0 	-31 	0 	
3587125281 	320741 	320741 	-1239.3699 	1530 	1530 	-108.30963 	90760.9950752258 	90761 	73.858841 	370000 	370000 	-894.0567 	0 	0 	-2473.6177 	0.00064849853515625 	0 	75.783112 	0 	0 	0 	720 	800 	800 	5789 	-320693 	90761 	-370000 	0 	0 	0 	-31 	0 	0 	-31 	0 	3587125281 	320741 	320741 	0 	0 	0 	0 	0 	-1239.3699 	1530 	1530 	0 	0 	0 	0 	0 	-108.30963 	90760.9950752258 	90761 	0 	0 	0 	0 	0.00492477416992188 	73.858841 	370000 	370000 	0 	0 	0 	0 	0 	-894.0567 	0 	0 	0 	0 	0 	0 	0 	-2473.6177 	0.00064849853515625 	0 	21.4580353485871 	0 	0 	0 	-0.00064849853515625 	75.783112 	0 	0 	0 	720 	800 	800 	5789 	-320693 	90761 	-370000 	0 	0 	0 	-31 	0 	0 	-31 	0 	
3587125291 	320741 	320741 	-1239.3699 	1530 	1530 	-108.30963 	90760.9950752258 	90761 	73.858841 	370000 	370000 	-894.0567 	0 	0 	-2473.6177 	0.0221061706542969 	0 	75.783112 	0 	0 	0 	720 	800 	800 	5789 	-320693 	90761 	-370000 	0 	0 	-31 	-31 	0 	0 	-31 	0 	3587125291 	320741 	320741 	0 	0 	0 	0 	0 	-1239.3699 	1530 	1530 	0 	0 	0 	0 	0 	-108.30963 	90760.9950752258 	90761 	0 	0 	0 	0 	0.00492477416992188 	73.858841 	370000 	370000 	0 	0 	0 	0 	0 	-894.0567 	0 	0 	0 	0 	0 	0 	0 	-2473.6177 	0.0221061706542969 	0 	0 	0 	-42916.7971683646 	0 	-0.0221061706542969 	75.783112 	0 	0 	0 	720 	800 	800 	5789 	-320693 	90761 	-370000 	0 	0 	-31 	-31 	0 	0 	-31 	0 	
3587125301 	320741 	320741 	-1239.3699 	1530 	1530 	-108.30963 	90760.9950752258 	90761 	73.858841 	370000 	370000 	-894.0567 	0 	0 	-2473.6177 	0.00064849853515625 	0 	75.783112 	0 	0 	0 	720 	800 	800 	5789 	-320693 	90761 	-370000 	0 	0 	-31 	0 	0 	0 	-31 	0 	3587125301 	320741 	320741 	0 	0 	0 	0 	0 	-1239.3699 	1530 	1530 	0 	0 	0 	0 	0 	-108.30963 	90760.9950752258 	90761 	0 	0 	0 	0 	0.00492477416992188 	73.858841 	370000 	370000 	0 	0 	0 	0 	0 	-894.0567 	0 	0 	25.0004230998441 	0 	50001.6925999681 	0 	0 	-2473.6177 	0.00064849853515625 	0 	-10.7290176742936 	0 	21458.3985841823 	0 	-0.00064849853515625 	75.783112 	0 	0 	0 	720 	800 	800 	5789 	-320693 	90761 	-370000 	0 	0 	-31 	0 	0 	0 	-31 	0 	
3587125311 	320741 	320741 	-1239.3699 	1530 	1530 	-108.30963 	90760.9950752258 	90761 	73.858841 	370000 	370000 	-894.0567 	0.0499999998137355 	0 	-2473.6177 	0.00064849853515625 	0 	75.783112 	0 	0 	0 	720 	800 	800 	5789 	-320693 	90761 	-370000 	0 	0 	-31 	0 	0 	0 	-31 	0 	3587125311 	320741 	320741 	0 	0 	0 	0 	0 	-1239.3699 	1530 	1530 	0 	0 	0 	0 	0 	-108.30963 	90760.9950752258 	90761 	10.7290176742936 	0 	21458.3985841823 	0 	0.00492477416992188 	73.858841 	370000 	370000 	0 	0 	0 	0 	0 	-894.0567 	0.0499999998137355 	0 	0 	0 	-100003.385199936 	0 	-0.0499999998137355 	-2473.6177 	0.00064849853515625 	0 	0 	0 	0 	0 	-0.00064849853515625 	75.783112 	0 	0 	0 	720 	800 	800 	5789 	-320693 	90761 	-370000 	0 	0 	-31 	0 	0 	0 	-31 	0 	
3587125321 	320741 	320741 	-1239.3699 	1530 	1530 	-108.30963 	90761.0165328979 	90761 	73.858841 	370000 	370000 	-894.0567 	0 	0 	-2473.6177 	0.00064849853515625 	0 	75.783112 	0 	0 	0 	720 	800 	800 	5789 	-320693 	90761 	-370000 	0 	0 	-31 	0 	0 	0 	-31 	0 	3587125321 	320741 	320741 	0 	0 	0 	0 	0 	-1239.3699 	1530 	1530 	0 	0 	0 	0 	0 	-108.30963 	90761.0165328979 	90761 	0 	0 	-42916.7971683646 	0 	-0.0165328979492188 	73.858841 	370000 	370000 	0 	0 	0 	0 	0 	-894.0567 	0 	0 	-25.0004230998441 	0 	50001.6925999681 	0 	0 	-2473.6177 	0.00064849853515625 	0 	0 	0 	0 	0 	-0.00064849853515625 	75.783112 	0 	0 	0 	720 	800 	800 	5789 	-320693 	90761 	-370000 	0 	0 	-31 	0 	0 	0 	-31 	0 	
3587125331 	320741 	320741 	-1239.3699 	1530 	1530 	-108.30963 	90760.9950752258 	90761 	73.858841 	370000 	370000 	-894.0567 	0 	0 	-2473.6177 	0.00064849853515625 	0 	75.783112 	0 	0 	0 	720 	800 	800 	5789 	-320693 	90761 	-370000 	0 	0 	-31 	0 	0 	0 	-31 	0 	3587125331 	320741 	320741 	0 	0 	0 	0 	0 	-1239.3699 	1530 	1530 	0 	0 	0 	0 	0 	-108.30963 	90760.9950752258 	90761 	-10.7290176742936 	0 	21458.3985841823 	0 	0.00492477416992188 	73.858841 	370000 	370000 	0 	0 	0 	0 	0 	-894.0567 	0 	0 	25.0004230998441 	0 	50001.6925999681 	0 	0 	-2473.6177 	0.00064849853515625 	0 	0 	0 	0 	0 	-0.00064849853515625 	75.783112 	0 	0 	0 	720 	800 	800 	5789 	-320693 	90761 	-370000 	0 	0 	-31 	0 	0 	0 	-31 	0 	
3587125341 	320741 	320741 	-1239.3699 	1530 	1530 	-108.30963 	90760.9950752258 	90761 	73.858841 	370000 	370000 	-894.0567 	0.0499999998137355 	0 	-2473.6177 	0.00064849853515625 	0 	75.783112 	0 	0 	0 	720 	800 	800 	5789 	-320693 	90761 	-370000 	0 	0 	-31 	0 	0 	0 	-31 	0 	3587125341 	320741 	320741 	0 	0 	0 	0 	0 	-1239.3699 	1530 	1530 	0 	0 	0 	0 	0 	-108.30963 	90760.9950752258 	90761 	10.7290176742936 	0 	21458.3985841823 	0 	0.00492477416992188 	73.858841 	370000 	370000 	0 	0 	0 	0 	0 	-894.0567 	0.0499999998137355 	0 	0 	0 	-100003.385199936 	0 	-0.0499999998137355 	-2473.6177 	0.00064849853515625 	0 	10.7290176742936 	0 	21458.3985841823 	0 	-0.00064849853515625 	75.783112 	0 	0 	0 	720 	800 	800 	5789 	-320693 	90761 	-370000 	0 	0 	-31 	0 	0 	0 	-31 	0 	
3587125351 	320741 	320741 	-1239.3699 	1530 	1530 	-108.30963 	90761.0165328979 	90761 	73.858841 	370000 	370000 	-894.0567 	0 	0 	-2473.6177 	0.0221061706542969 	0 	75.783112 	0 	0 	0 	720 	800 	800 	5789 	-320693 	90761 	-370000 	0 	0 	-31 	0 	0 	0 	0 	0 	3587125351 	320741 	320741 	0 	0 	0 	0 	0 	-1239.3699 	1530 	1530 	0 	0 	0 	0 	0 	-108.30963 	90761.0165328979 	90761 	0 	0 	-42916.7971683646 	0 	-0.0165328979492188 	73.858841 	370000 	370000 	0 	0 	0 	0 	0 	-894.0567 	0 	0 	-25.0004230998441 	0 	50001.6925999681 	0 	0 	-2473.6177 	0.0221061706542969 	0 	10.7290176742936 	0 	-21458.3985841823 	0 	-0.0221061706542969 	75.783112 	0 	0 	0 	720 	800 	800 	5789 	-320693 	90761 	-370000 	0 	0 	-31 	0 	0 	0 	0 	0 	
3587125361 	320741 	320741 	-1239.3699 	1530 	1530 	-108.30963 	90760.9950752258 	90761 	73.858841 	370000 	370000 	-894.0567 	0 	0 	-2473.6177 	0.0221061706542969 	0 	75.783112 	0 	0 	0 	720 	800 	800 	5789 	-320693 	90761 	-370000 	0 	0 	-31 	0 	0 	0 	0 	0 	3587125361 	320741 	320741 	0 	0 	0 	0 	0 	-1239.3699 	1530 	1530 	0 	0 	0 	0 	0 	-108.30963 	90760.9950752258 	90761 	-10.7290176742936 	0 	21458.3985841823 	0 	0.00492477416992188 	73.858841 	370000 	370000 	0 	0 	0 	0 	0 	-894.0567 	0 	0 	0 	0 	0 	0 	0 	-2473.6177 	0.0221061706542969 	0 	-10.7290176742936 	0 	-21458.3985841823 	0 	-0.0221061706542969 	75.783112 	0 	0 	0 	720 	800 	800 	5789 	-320693 	90761 	-370000 	0 	0 	-31 	0 	0 	0 	0 	0 	
3587125371 	320741 	320741 	-1239.3699 	1530 	1530 	-108.30963 	90760.9950752258 	90761 	73.858841 	370000 	370000 	-894.0567 	0 	0 	-2473.6177 	0.00064849853515625 	0 	75.783112 	0 	0 	0 	720 	800 	800 	5789 	-320693 	90761 	-370000 	0 	0 	-31 	0 	0 	0 	0 	13 	3587125371 	320741 	320741 	0 	0 	0 	0 	0 	-1239.3699 	1530 	1530 	0 	0 	0 	0 	0 	-108.30963 	90760.9950752258 	90761 	10.7290176742936 	0 	21458.3985841823 	0 	0.00492477416992188 	73.858841 	370000 	370000 	0 	0 	0 	0 	0 	-894.0567 	0 	0 	0 	0 	0 	0 	0 	-2473.6177 	0.00064849853515625 	0 	-21.4580353485871 	0 	0 	0 	-0.00064849853515625 	75.783112 	0 	0 	0 	720 	800 	800 	5789 	-320693 	90761 	-370000 	0 	0 	-31 	0 	0 	0 	0 	13 	
3587125381 	320741 	320741 	-1239.3699 	1530 	1530 	-108.30963 	90761.0165328979 	90761 	73.858841 	370000 	370000 	-894.0567 	0 	0 	-2473.6177 	-0.0208091735839844 	0 	75.783112 	0 	0 	0 	720 	800 	800 	5789 	-320693 	90761 	-370000 	0 	0 	-31 	0 	0 	0 	0 	13 	3587125381 	320741 	320741 	0 	0 	0 	0 	0 	-1239.3699 	1530 	1530 	0 	0 	0 	0 	0 	-108.30963 	90761.0165328979 	90761 	0 	0 	-42916.7971683646 	0 	-0.0165328979492188 	73.858841 	370000 	370000 	0 	0 	0 	0 	0 	-894.0567 	0 	0 	-25.0004235655132 	0 	-50001.6935313222 	0 	0 	-2473.6177 	-0.0208091735839844 	0 	-10.7290176742936 	0 	21458.3985841823 	0 	0.0208091735839844 	75.783112 	0 	0 	0 	720 	800 	800 	5789 	-320693 	90761 	-370000 	0 	0 	-31 	0 	0 	0 	0 	13 	
3587125391 	320741 	320741 	-1239.3699 	1530 	1530 	-108.30963 	90760.9950752258 	90761 	73.858841 	370000 	370000 	-894.0567 	-0.0500000007450581 	0 	-2473.6177 	-0.0208091735839844 	0 	75.783112 	0 	0 	0 	720 	800 	800 	5789 	-320693 	90761 	-370000 	0 	0 	-31 	0 	0 	0 	0 	13 	3587125391 	320741 	320741 	0 	0 	0 	0 	0 	-1239.3699 	1530 	1530 	0 	0 	0 	0 	0 	-108.30963 	90760.9950752258 	90761 	-10.7290176742936 	0 	21458.3985841823 	0 	0.00492477416992188 	73.858841 	370000 	370000 	0 	0 	0 	0 	0 	-894.0567 	-0.0500000007450581 	0 	25.0004230998441 	0 	150005.079662613 	0 	0.0500000007450581 	-2473.6177 	-0.0208091735839844 	0 	21.4580353485871 	0 	42916.7971683646 	0 	0.0208091735839844 	75.783112 	0 	0 	0 	720 	800 	800 	5789 	-320693 	90761 	-370000 	0 	0 	-31 	0 	0 	0 	0 	13 	
3587125401 	320741 	320741 	-1239.3699 	1530 	1530 	-108.30963 	90760.9950752258 	90761 	73.858841 	370000 	370000 	-894.0567 	0.0499999998137355 	0 	-2473.6177 	0.0221061706542969 	0 	75.783112 	0 	0 	0 	720 	800 	800 	5789 	-320693 	90761 	-370000 	0 	0 	-31 	0 	0 	0 	0 	13 	3587125401 	320741 	320741 	0 	0 	0 	0 	0 	-1239.3699 	1530 	1530 	0 	0 	0 	0 	0 	-108.30963 	90760.9950752258 	90761 	10.7290176742936 	0 	21458.3985841823 	0 	0.00492477416992188 	73.858841 	370000 	370000 	0 	0 	0 	0 	0 	-894.0567 	0.0499999998137355 	0 	25.0004235655132 	0 	-150005.078731259 	0 	-0.0499999998137355 	-2473.6177 	0.0221061706542969 	0 	10.7290176742936 	0 	-64375.1957525469 	0 	-0.0221061706542969 	75.783112 	0 	0 	0 	720 	800 	800 	5789 	-320693 	90761 	-370000 	0 	0 	-31 	0 	0 	0 	0 	13 	
3587125411 	320741 	320741 	-1239.3699 	1530 	1530 	-108.30963 	90761.0165328979 	90761 	73.858841 	370000 	370000 	-894.0567 	0 	0 	-2473.6177 	0.00064849853515625 	0 	75.783112 	0 	0 	0 	720 	800 	800 	5789 	-320693 	90761 	-370000 	0 	0 	-31 	0 	0 	0 	0 	13 	3587125411 	320741 	320741 	0 	0 	0 	0 	0 	-1239.3699 	1530 	1530 	0 	0 	0 	0 	0 	-108.30963 	90761.0165328979 	90761 	0 	0 	-42916.7971683646 	0 	-0.0165328979492188 	73.858841 	370000 	370000 	0 	0 	0 	0 	0 	-894.0567 	0 	0 	-50.0008466653573 	0 	-0.000931354105216245 	0 	0 	-2473.6177 	0.00064849853515625 	0 	-21.4580353485871 	0 	0 	0 	-0.00064849853515625 	75.783112 	0 	0 	0 	720 	800 	800 	5789 	-320693 	90761 	-370000 	0 	0 	-31 	0 	0 	0 	0 	13 	
3587125421 	320741 	320741 	-1239.3699 	1530 	1530 	-108.30963 	90760.9950752258 	90761 	73.858841 	370000 	370000 	-894.0567 	-0.0500000007450581 	0 	-2473.6177 	-0.0208091735839844 	0 	75.783112 	0 	0 	0 	720 	800 	800 	5789 	-320693 	90761 	-370000 	0 	0 	-31 	0 	0 	0 	0 	13 	3587125421 	320741 	320741 	0 	0 	0 	0 	0 	-1239.3699 	1530 	1530 	0 	0 	0 	0 	0 	-108.30963 	90760.9950752258 	90761 	-10.7290176742936 	0 	21458.3985841823 	0 	0.00492477416992188 	73.858841 	370000 	370000 	0 	0 	0 	0 	0 	-894.0567 	-0.0500000007450581 	0 	0 	0 	100003.387062644 	0 	0.0500000007450581 	-2473.6177 	-0.0208091735839844 	0 	0 	0 	42916.7971683646 	0 	0.0208091735839844 	75.783112 	0 	0 	0 	720 	800 	800 	5789 	-320693 	90761 	-370000 	0 	0 	-31 	0 	0 	0 	0 	13 	
3587125431 	320741 	320741 	-1239.3699 	1530 	1530 	-108.30963 	90760.9950752258 	90761 	73.858841 	370000 	370000 	-894.0567 	0 	0 	-2473.6177 	0.00064849853515625 	0 	75.783112 	0 	0 	0 	720 	800 	800 	5789 	-320693 	90761 	-370000 	0 	0 	-31 	0 	0 	0 	0 	13 	3587125431 	320741 	320741 	0 	0 	0 	0 	0 	-1239.3699 	1530 	1530 	0 	0 	0 	0 	0 	-108.30963 	90760.9950752258 	90761 	0 	0 	0 	0 	0.00492477416992188 	73.858841 	370000 	370000 	0 	0 	0 	0 	0 	-894.0567 	0 	0 	25.0004235655132 	0 	-50001.6935313222 	0 	0 	-2473.6177 	0.00064849853515625 	0 	10.7290176742936 	0 	-21458.3985841823 	0 	-0.00064849853515625 	75.783112 	0 	0 	0 	720 	800 	800 	5789 	-320693 	90761 	-370000 	0 	0 	-31 	0 	0 	0 	0 	13 	
3587125441 	320741 	320741 	-1239.3699 	1530 	1530 	-108.30963 	90760.9950752258 	90761 	73.858841 	370000 	370000 	-894.0567 	0 	0 	-2473.6177 	0.00064849853515625 	0 	75.783112 	0 	0 	0 	720 	800 	800 	5789 	-320693 	90761 	-370000 	0 	0 	-31 	0 	0 	0 	0 	13 	3587125441 	320741 	320741 	0 	0 	0 	0 	0 	-1239.3699 	1530 	1530 	0 	0 	0 	0 	0 	-108.30963 	90760.9950752258 	90761 	0 	0 	0 	0 	0.00492477416992188 	73.858841 	370000 	370000 	0 	0 	0 	0 	0 	-894.0567 	0 	0 	0 	0 	0 	0 	0 	-2473.6177 	0.00064849853515625 	0 	0 	0 	0 	0 	-0.00064849853515625 	75.783112 	0 	0 	0 	720 	800 	800 	5789 	-320693 	90761 	-370000 	0 	0 	-31 	0 	0 	0 	0 	13 	
3587125451 	320741 	320741 	-1239.3699 	1530 	1530 	-108.30963 	90760.9950752258 	90761 	73.858841 	370000 	370000 	-894.0567 	0 	0 	-2473.6177 	0.00064849853515625 	0 	75.783112 	0 	0 	0 	720 	800 	800 	5789 	-320693 	90761 	-370000 	0 	0 	0 	0 	0 	0 	0 	13 	3587125451 	320741 	320741 	0 	0 	0 	0 	0 	-1239.3699 	1530 	1530 	0 	0 	0 	0 	0 	-108.30963 	90760.9950752258 	90761 	0 	0 	0 	0 	0.00492477416992188 	73.858841 	370000 	370000 	0 	0 	0 	0 	0 	-894.0567 	0 	0 	-25.0004235655132 	0 	-50001.6935313222 	0 	0 	-2473.6177 	0.00064849853515625 	0 	0 	0 	0 	0 	-0.00064849853515625 	75.783112 	0 	0 	0 	720 	800 	800 	5789 	-320693 	90761 	-370000 	0 	0 	0 	0 	0 	0 	0 	13 	
3587125461 	320741 	320741 	-1239.3699 	1530 	1530 	-108.30963 	90760.9950752258 	90761 	73.858841 	370000 	370000 	-894.0567 	-0.0500000007450581 	0 	-2473.6177 	0.00064849853515625 	0 	75.783112 	0 	0 	0 	720 	800 	800 	5789 	-320693 	90761 	-370000 	0 	0 	0 	0 	0 	0 	0 	13 	3587125461 	320741 	320741 	0 	0 	0 	0 	0 	-1239.3699 	1530 	1530 	0 	0 	0 	0 	0 	-108.30963 	90760.9950752258 	90761 	0 	0 	0 	0 	0.00492477416992188 	73.858841 	370000 	370000 	0 	0 	0 	0 	0 	-894.0567 	-0.0500000007450581 	0 	0 	0 	100003.387062644 	0 	0.0500000007450581 	-2473.6177 	0.00064849853515625 	0 	0 	0 	0 	0 	-0.00064849853515625 	75.783112 	0 	0 	0 	720 	800 	800 	5789 	-320693 	90761 	-370000 	0 	0 	0 	0 	0 	0 	0 	13 	
3587125471 	320741 	320741 	-1239.3699 	1530 	1530 	-108.30963 	90760.9950752258 	90761 	73.858841 	370000 	370000 	-894.0567 	0 	0 	-2473.6177 	0.00064849853515625 	0 	75.783112 	0 	0 	0 	720 	800 	800 	5789 	-320693 	90761 	-370000 	0 	0 	0 	0 	0 	0 	0 	13 	3587125471 	320741 	320741 	0 	0 	0 	0 	0 	-1239.3699 	1530 	1530 	0 	0 	0 	0 	0 	-108.30963 	90760.9950752258 	90761 	0 	0 	0 	0 	0.00492477416992188 	73.858841 	370000 	370000 	0 	0 	0 	0 	0 	-894.0567 	0 	0 	25.0004235655132 	0 	-50001.6935313222 	0 	0 	-2473.6177 	0.00064849853515625 	0 	-10.7290176742936 	0 	-21458.3985841823 	0 	-0.00064849853515625 	75.783112 	0 	0 	0 	720 	800 	800 	5789 	-320693 	90761 	-370000 	0 	0 	0 	0 	0 	0 	0 	13 	
3587125481 	320741 	320741 	-1239.3699 	1530 	1530 	-108.30963 	90760.9950752258 	90761 	73.858841 	370000 	370000 	-894.0567 	0 	0 	-2473.6177 	-0.0208091735839844 	0 	75.783112 	0 	0 	0 	720 	800 	800 	5789 	-320693 	90761 	-370000 	0 	0 	0 	0 	0 	0 	0 	13 	3587125481 	320741 	320741 	0 	0 	0 	0 	0 	-1239.3699 	1530 	1530 	0 	0 	0 	0 	0 	-108.30963 	90760.9950752258 	90761 	0 	0 	0 	0 	0.00492477416992188 	73.858841 	370000 	370000 	0 	0 	0 	0 	0 	-894.0567 	0 	0 	0 	0 	0 	0 	0 	-2473.6177 	-0.0208091735839844 	0 	0 	0 	42916.7971683646 	0 	0.0208091735839844 	75.783112 	0 	0 	0 	720 	800 	800 	5789 	-320693 	90761 	-370000 	0 	0 	0 	0 	0 	0 	0 	13 	
3587125491 	320741 	320741 	-1239.3699 	1530 	1530 	-108.30963 	90760.9950752258 	90761 	73.858841 	370000 	370000 	-894.0567 	0 	0 	-2473.6177 	0.00064849853515625 	0 	75.783112 	0 	0 	0 	720 	800 	800 	5789 	-320693 	90761 	-370000 	0 	0 	0 	0 	0 	0 	0 	13 	3587125491 	320741 	320741 	0 	0 	0 	0 	0 	-1239.3699 	1530 	1530 	-25.0004232162614 	0 	-50001.6928328067 	0 	0 	-108.30963 	90760.9950752258 	90761 	0 	0 	0 	0 	0.00492477416992188 	73.858841 	370000 	370000 	0 	0 	0 	0 	0 	-894.0567 	0 	0 	0 	0 	0 	0 	0 	-2473.6177 	0.00064849853515625 	0 	0 	0 	-42916.7971683646 	0 	-0.00064849853515625 	75.783112 	0 	0 	0 	720 	800 	800 	5789 	-320693 	90761 	-370000 	0 	0 	0 	0 	0 	0 	0 	13 	
3587125501 	320741 	320741 	-1239.3699 	1529.94999999995 	1530 	-108.30963 	90760.9950752258 	90761 	73.858841 	370000 	370000 	-894.0567 	0 	0 	-2473.6177 	-0.0208091735839844 	0 	75.783112 	0 	0 	0 	720 	800 	800 	5789 	-320693 	90761 	-370000 	0 	0 	0 	0 	0 	31 	0 	13 	3587125501 	320741 	320741 	25.0004230998441 	0 	50001.6925999681 	0 	0 	-1239.3699 	1529.94999999995 	1530 	0 	0 	100003.385665613 	0 	0.0500000000465661 	-108.30963 	90760.9950752258 	90761 	0 	0 	0 	0 	0.00492477416992188 	73.858841 	370000 	370000 	0 	0 	0 	0 	0 	-894.0567 	0 	0 	0 	0 	0 	0 	0 	-2473.6177 	-0.0208091735839844 	0 	10.7290176742936 	0 	64375.1957525469 	0 	0.0208091735839844 	75.783112 	0 	0 	0 	720 	800 	800 	5789 	-320693 	90761 	-370000 	0 	0 	0 	0 	0 	31 	0 	13 	
3587125511 	320741.05 	320741 	-1239.3699 	1530 	1530 	-108.30963 	90760.9950752258 	90761 	73.858841 	370000 	370000 	-894.0567 	0 	0 	-2473.6177 	0.0221061706542969 	0 	75.783112 	0 	0 	0 	720 	800 	800 	5789 	-320693 	90761 	-370000 	0 	0 	0 	0 	0 	31 	0 	13 	3587125511 	320741.05 	320741 	0 	0 	-100003.385199936 	0 	-0.0499999998137355 	-1239.3699 	1530 	1530 	25.0004232162614 	0 	-50001.6928328067 	0 	0 	-108.30963 	90760.9950752258 	90761 	0 	0 	0 	0 	0.00492477416992188 	73.858841 	370000 	370000 	0 	0 	0 	0 	0 	-894.0567 	0 	0 	0 	0 	0 	0 	0 	-2473.6177 	0.0221061706542969 	0 	0 	0 	-85833.5943367292 	0 	-0.0221061706542969 	75.783112 	0 	0 	0 	720 	800 	800 	5789 	-320693 	90761 	-370000 	0 	0 	0 	0 	0 	31 	0 	13 	
3587125521 	320741 	320741 	-1239.3699 	1530 	1530 	-108.30963 	90760.9950752258 	90761 	73.858841 	370000 	370000 	-894.0567 	0 	0 	-2473.6177 	-0.0208091735839844 	0 	75.783112 	0 	0 	0 	720 	800 	800 	5789 	-320693 	90761 	-370000 	0 	0 	0 	0 	0 	31 	0 	13 	3587125521 	320741 	320741 	-25.0004230998441 	0 	50001.6925999681 	0 	0 	-1239.3699 	1530 	1530 	0 	0 	0 	0 	0 	-108.30963 	90760.9950752258 	90761 	0 	0 	0 	0 	0.00492477416992188 	73.858841 	370000 	370000 	0 	0 	0 	0 	0 	-894.0567 	0 	0 	0 	0 	0 	0 	0 	-2473.6177 	-0.0208091735839844 	0 	-10.7290176742936 	0 	64375.1957525469 	0 	0.0208091735839844 	75.783112 	0 	0 	0 	720 	800 	800 	5789 	-320693 	90761 	-370000 	0 	0 	0 	0 	0 	31 	0 	13 	
3587125531 	320741 	320741 	-1239.3699 	1530 	1530 	-108.30963 	90760.9950752258 	90761 	73.858841 	370000 	370000 	-894.0567 	0 	0 	-2473.6177 	0.00064849853515625 	0 	75.783112 	0 	0 	0 	720 	800 	800 	5789 	-320693 	90761 	-370000 	0 	0 	0 	0 	0 	31 	0 	-27 	3587125531 	320741 	320741 	0 	0 	0 	0 	0 	-1239.3699 	1530 	1530 	0 	0 	0 	0 	0 	-108.30963 	90760.9950752258 	90761 	0 	0 	0 	0 	0.00492477416992188 	73.858841 	370000 	370000 	0 	0 	0 	0 	0 	-894.0567 	0 	0 	0 	0 	0 	0 	0 	-2473.6177 	0.00064849853515625 	0 	10.7290176742936 	0 	-21458.3985841823 	0 	-0.00064849853515625 	75.783112 	0 	0 	0 	720 	800 	800 	5789 	-320693 	90761 	-370000 	0 	0 	0 	0 	0 	31 	0 	-27 	
3587125541 	320741 	320741 	-1239.3699 	1530 	1530 	-108.30963 	90760.9950752258 	90761 	73.858841 	370000 	370000 	-894.0567 	0 	0 	-2473.6177 	0.00064849853515625 	0 	75.783112 	0 	0 	0 	720 	800 	800 	5789 	-320693 	90761 	-370000 	0 	0 	0 	0 	0 	31 	0 	-27 	3587125541 	320741 	320741 	0 	0 	0 	0 	0 	-1239.3699 	1530 	1530 	0 	0 	0 	0 	0 	-108.30963 	90760.9950752258 	90761 	0 	0 	0 	0 	0.00492477416992188 	73.858841 	370000 	370000 	0 	0 	0 	0 	0 	-894.0567 	0 	0 	0 	0 	0 	0 	0 	-2473.6177 	0.00064849853515625 	0 	-10.7290176742936 	0 	-21458.3985841823 	0 	-0.00064849853515625 	75.783112 	0 	0 	0 	720 	800 	800 	5789 	-320693 	90761 	-370000 	0 	0 	0 	0 	0 	31 	0 	-27 	
3587125551 	320741 	320741 	-1239.3699 	1530 	1530 	-108.30963 	90760.9950752258 	90761 	73.858841 	370000 	370000 	-894.0567 	0 	0 	-2473.6177 	-0.0208091735839844 	0 	75.783112 	0 	0 	0 	720 	800 	800 	5789 	-320693 	90761 	-370000 	0 	0 	0 	0 	0 	31 	0 	-27 	3587125551 	320741 	320741 	0 	0 	0 	0 	0 	-1239.3699 	1530 	1530 	0 	0 	0 	0 	0 	-108.30963 	90760.9950752258 	90761 	0 	0 	0 	0 	0.00492477416992188 	73.858841 	370000 	370000 	0 	0 	0 	0 	0 	-894.0567 	0 	0 	-25.0004235655132 	0 	-50001.6935313222 	0 	0 	-2473.6177 	-0.0208091735839844 	0 	0 	0 	42916.7971683646 	0 	0.0208091735839844 	75.783112 	0 	0 	0 	720 	800 	800 	5789 	-320693 	90761 	-370000 	0 	0 	0 	0 	0 	31 	0 	-27 	
3587125561 	320741 	320741 	-1239.3699 	1530 	1530 	-108.30963 	90760.9950752258 	90761 	73.858841 	370000 	370000 	-894.0567 	-0.0500000007450581 	0 	-2473.6177 	0.00064849853515625 	0 	75.783112 	0 	0 	0 	720 	800 	800 	5789 	-320693 	90761 	-370000 	0 	0 	0 	0 	0 	31 	0 	-27 	3587125561 	320741 	320741 	0 	0 	0 	0 	0 	-1239.3699 	1530 	1530 	0 	0 	0 	0 	0 	-108.30963 	90760.9950752258 	90761 	10.7290176742936 	0 	21458.3985841823 	0 	0.00492477416992188 	73.858841 	370000 	370000 	0 	0 	0 	0 	0 	-894.0567 	-0.0500000007450581 	0 	0 	0 	100003.387062644 	0 	0.0500000007450581 	-2473.6177 	0.00064849853515625 	0 	21.4580353485871 	0 	0 	0 	-0.00064849853515625 	75.783112 	0 	0 	0 	720 	800 	800 	5789 	-320693 	90761 	-370000 	0 	0 	0 	0 	0 	31 	0 	-27 	
3587125571 	320741 	320741 	-1239.3699 	1530 	1530 	-108.30963 	90761.0165328979 	90761 	73.858841 	370000 	370000 	-894.0567 	0 	0 	-2473.6177 	0.0221061706542969 	0 	75.783112 	0 	0 	0 	720 	800 	800 	5789 	-320693 	90761 	-370000 	0 	0 	0 	0 	0 	31 	0 	-27 	3587125571 	320741 	320741 	0 	0 	0 	0 	0 	-1239.3699 	1530 	1530 	0 	0 	0 	0 	0 	-108.30963 	90761.0165328979 	90761 	0 	0 	-42916.7971683646 	0 	-0.0165328979492188 	73.858841 	370000 	370000 	0 	0 	0 	0 	0 	-894.0567 	0 	0 	25.0004235655132 	0 	-50001.6935313222 	0 	0 	-2473.6177 	0.0221061706542969 	0 	0 	0 	-42916.7971683646 	0 	-0.0221061706542969 	75.783112 	0 	0 	0 	720 	800 	800 	5789 	-320693 	90761 	-370000 	0 	0 	0 	0 	0 	31 	0 	-27 	
3587125581 	320741 	320741 	-1239.3699 	1530 	1530 	-108.30963 	90760.9950752258 	90761 	73.858841 	370000 	370000 	-894.0567 	0 	0 	-2473.6177 	0.00064849853515625 	0 	75.783112 	0 	0 	0 	720 	800 	800 	5789 	-320693 	90761 	-370000 	0 	0 	0 	0 	0 	31 	0 	-27 	3587125581 	320741 	320741 	0 	0 	0 	0 	0 	-1239.3699 	1530 	1530 	0 	0 	0 	0 	0 	-108.30963 	90760.9950752258 	90761 	-10.7290176742936 	0 	21458.3985841823 	0 	0.00492477416992188 	73.858841 	370000 	370000 	0 	0 	0 	0 	0 	-894.0567 	0 	0 	0 	0 	0 	0 	0 	-2473.6177 	0.00064849853515625 	0 	-10.7290176742936 	0 	21458.3985841823 	0 	-0.00064849853515625 	75.783112 	0 	0 	0 	720 	800 	800 	5789 	-320693 	90761 	-370000 	0 	0 	0 	0 	0 	31 	0 	-27 	
3587125591 	320741 	320741 	-1239.3699 	1530 	1530 	-108.30963 	90760.9950752258 	90761 	73.858841 	370000 	370000 	-894.0567 	0 	0 	-2473.6177 	0.00064849853515625 	0 	75.783112 	0 	0 	0 	720 	800 	800 	5789 	-320693 	90761 	-370000 	0 	0 	0 	0 	0 	31 	0 	-27 	3587125591 	320741 	320741 	0 	0 	0 	0 	0 	-1239.3699 	1530 	1530 	0 	0 	0 	0 	0 	-108.30963 	90760.9950752258 	90761 	0 	0 	0 	0 	0.00492477416992188 	73.858841 	370000 	370000 	0 	0 	0 	0 	0 	-894.0567 	0 	0 	0 	0 	0 	0 	0 	-2473.6177 	0.00064849853515625 	0 	0 	0 	0 	0 	-0.00064849853515625 	75.783112 	0 	0 	0 	720 	800 	800 	5789 	-320693 	90761 	-370000 	0 	0 	0 	0 	0 	31 	0 	-27 	
3587125601 	320741 	320741 	-1239.3699 	1530 	1530 	-108.30963 	90760.9950752258 	90761 	73.858841 	370000 	370000 	-894.0567 	0 	0 	-2473.6177 	0.00064849853515625 	0 	75.783112 	0 	0 	0 	720 	800 	800 	5789 	-320693 	90761 	-370000 	0 	0 	0 	0 	0 	31 	0 	-27 	3587125601 	320741 	320741 	0 	0 	0 	0 	0 	-1239.3699 	1530 	1530 	0 	0 	0 	0 	0 	-108.30963 	90760.9950752258 	90761 	10.7290176742936 	0 	21458.3985841823 	0 	0.00492477416992188 	73.858841 	370000 	370000 	0 	0 	0 	0 	0 	-894.0567 	0 	0 	0 	0 	0 	0 	0 	-2473.6177 	0.00064849853515625 	0 	0 	0 	0 	0 	-0.00064849853515625 	75.783112 	0 	0 	0 	720 	800 	800 	5789 	-320693 	90761 	-370000 	0 	0 	0 	0 	0 	31 	0 	-27 	
3587125611 	320741 	320741 	-1239.3699 	1530 	1530 	-108.30963 	90761.0165328979 	90761 	73.858841 	370000 	370000 	-894.0567 	0 	0 	-2473.6177 	0.00064849853515625 	0 	75.783112 	0 	0 	0 	720 	800 	800 	5789 	-320693 	90761 	-370000 	0 	0 	0 	0 	0 	31 	0 	-27 	3587125611 	320741 	320741 	0 	0 	0 	0 	0 	-1239.3699 	1530 	1530 	0 	0 	0 	0 	0 	-108.30963 	90761.0165328979 	90761 	0 	0 	-42916.7971683646 	0 	-0.0165328979492188 	73.858841 	370000 	370000 	0 	0 	0 	0 	0 	-894.0567 	0 	0 	0 	0 	0 	0 	0 	-2473.6177 	0.00064849853515625 	0 	0 	0 	0 	0 	-0.00064849853515625 	75.783112 	0 	0 	0 	720 	800 	800 	5789 	-320693 	90761 	-370000 	0 	0 	0 	0 	0 	31 	0 	-27 	
3587125621 	320741 	320741 	-1239.3699 	1530 	1530 	-108.30963 	90760.9950752258 	90761 	73.858841 	370000 	370000 	-894.0567 	0 	0 	-2473.6177 	0.00064849853515625 	0 	75.783112 	0 	0 	0 	720 	800 	800 	5789 	-320693 	90761 	-370000 	0 	0 	0 	0 	0 	31 	0 	-27 	3587125621 	320741 	320741 	0 	0 	0 	0 	0 	-1239.3699 	1530 	1530 	0 	0 	0 	0 	0 	-108.30963 	90760.9950752258 	90761 	-10.7290176742936 	0 	21458.3985841823 	0 	0.00492477416992188 	73.858841 	370000 	370000 	0 	0 	0 	0 	0 	-894.0567 	0 	0 	0 	0 	0 	0 	0 	-2473.6177 	0.00064849853515625 	0 	10.7290176742936 	0 	21458.3985841823 	0 	-0.00064849853515625 	75.783112 	0 	0 	0 	720 	800 	800 	5789 	-320693 	90761 	-370000 	0 	0 	0 	0 	0 	31 	0 	-27 	
3587125631 	320741 	320741 	-1239.3699 	1530 	1530 	-108.30963 	90760.9950752258 	90761 	73.858841 	370000 	370000 	-894.0567 	0 	0 	-2473.6177 	0.0221061706542969 	0 	75.783112 	0 	0 	0 	720 	800 	800 	5789 	-320693 	90761 	-370000 	0 	0 	0 	0 	0 	31 	0 	-27 	3587125631 	320741 	320741 	0 	0 	0 	0 	0 	-1239.3699 	1530 	1530 	0 	0 	0 	0 	0 	-108.30963 	90760.9950752258 	90761 	-10.7290176742936 	0 	-21458.3985841823 	0 	0.00492477416992188 	73.858841 	370000 	370000 	0 	0 	0 	0 	0 	-894.0567 	0 	0 	0 	0 	0 	0 	0 	-2473.6177 	0.0221061706542969 	0 	0 	0 	-42916.7971683646 	0 	-0.0221061706542969 	75.783112 	0 	0 	0 	720 	800 	800 	5789 	-320693 	90761 	-370000 	0 	0 	0 	0 	0 	31 	0 	-27 	
3587125641 	320741 	320741 	-1239.3699 	1530 	1530 	-108.30963 	90760.9736175537 	90761 	73.858841 	370000 	370000 	-894.0567 	0 	0 	-2473.6177 	0.00064849853515625 	0 	75.783112 	0 	0 	0 	720 	800 	800 	5789 	-320693 	90761 	-370000 	0 	0 	0 	0 	13 	31 	0 	-27 	3587125641 	320741 	320741 	0 	0 	0 	0 	0 	-1239.3699 	1530 	1530 	0 	0 	0 	0 	0 	-108.30963 	90760.9736175537 	90761 	0 	0 	42916.7971683646 	0 	0.0263824462890625 	73.858841 	370000 	370000 	0 	0 	0 	0 	0 	-894.0567 	0 	0 	0 	0 	0 	0 	0 	-2473.6177 	0.00064849853515625 	0 	-10.7290176742936 	0 	21458.3985841823 	0 	-0.00064849853515625 	75.783112 	0 	0 	0 	720 	800 	800 	5789 	-320693 	90761 	-370000 	0 	0 	0 	0 	13 	31 	0 	-27 	
3587125651 	320741 	320741 	-1239.3699 	1530 	1530 	-108.30963 	90760.9950752258 	90761 	73.858841 	370000 	370000 	-894.0567 	0 	0 	-2473.6177 	0.00064849853515625 	0 	75.783112 	0 	0 	0 	720 	800 	800 	5789 	-320693 	90761 	-370000 	0 	0 	0 	0 	13 	31 	0 	-27 	3587125651 	320741 	320741 	0 	0 	0 	0 	0 	-1239.3699 	1530 	1530 	0 	0 	0 	0 	0 	-108.30963 	90760.9950752258 	90761 	0 	0 	-42916.7971683646 	0 	0.00492477416992188 	73.858841 	370000 	370000 	0 	0 	0 	0 	0 	-894.0567 	0 	0 	0 	0 	0 	0 	0 	-2473.6177 	0.00064849853515625 	0 	0 	0 	0 	0 	-0.00064849853515625 	75.783112 	0 	0 	0 	720 	800 	800 	5789 	-320693 	90761 	-370000 	0 	0 	0 	0 	13 	31 	0 	-27 	
3587125661 	320741 	320741 	-1239.3699 	1530 	1530 	-108.30963 	90760.9736175537 	90761 	73.858841 	370000 	370000 	-894.0567 	0 	0 	-2473.6177 	0.00064849853515625 	0 	75.783112 	0 	0 	0 	720 	800 	800 	5789 	-320693 	90761 	-370000 	0 	0 	0 	0 	13 	31 	0 	-27 	3587125661 	320741 	320741 	0 	0 	0 	0 	0 	-1239.3699 	1530 	1530 	0 	0 	0 	0 	0 	-108.30963 	90760.9736175537 	90761 	0 	0 	42916.7971683646 	0 	0.0263824462890625 	73.858841 	370000 	370000 	0 	0 	0 	0 	0 	-894.0567 	0 	0 	0 	0 	0 	0 	0 	-2473.6177 	0.00064849853515625 	0 	0 	0 	0 	0 	-0.00064849853515625 	75.783112 	0 	0 	0 	720 	800 	800 	5789 	-320693 	90761 	-370000 	0 	0 	0 	0 	13 	31 	0 	-27 	
3587125671 	320741 	320741 	-1239.3699 	1530 	1530 	-108.30963 	90760.9950752258 	90761 	73.858841 	370000 	370000 	-894.0567 	0 	0 	-2473.6177 	0.00064849853515625 	0 	75.783112 	0 	0 	0 	720 	800 	800 	5789 	-320693 	90761 	-370000 	0 	0 	0 	0 	13 	0 	0 	-27 	3587125671 	320741 	320741 	0 	0 	0 	0 	0 	-1239.3699 	1530 	1530 	0 	0 	0 	0 	0 	-108.30963 	90760.9950752258 	90761 	10.7290176742936 	0 	-21458.3985841823 	0 	0.00492477416992188 	73.858841 	370000 	370000 	0 	0 	0 	0 	0 	-894.0567 	0 	0 	0 	0 	0 	0 	0 	-2473.6177 	0.00064849853515625 	0 	10.7290176742936 	0 	21458.3985841823 	0 	-0.00064849853515625 	75.783112 	0 	0 	0 	720 	800 	800 	5789 	-320693 	90761 	-370000 	0 	0 	0 	0 	13 	0 	0 	-27 	
3587125681 	320741 	320741 	-1239.3699 	1530 	1530 	-108.30963 	90760.9950752258 	90761 	73.858841 	370000 	370000 	-894.0567 	0 	0 	-2473.6177 	0.0221061706542969 	0 	75.783112 	0 	0 	0 	720 	800 	800 	5789 	-320693 	90761 	-370000 	0 	0 	0 	0 	13 	0 	0 	-27 	3587125681 	320741 	320741 	0 	0 	0 	0 	0 	-1239.3699 	1530 	1530 	25.000423187157 	0 	50001.692774597 	0 	0 	-108.30963 	90760.9950752258 	90761 	0 	0 	0 	0 	0.00492477416992188 	73.858841 	370000 	370000 	0 	0 	0 	0 	0 	-894.0567 	0 	0 	0 	0 	0 	0 	0 	-2473.6177 	0.0221061706542969 	0 	0 	0 	-42916.7971683646 	0 	-0.0221061706542969 	75.783112 	0 	0 	0 	720 	800 	800 	5789 	-320693 	90761 	-370000 	0 	0 	0 	0 	13 	0 	0 	-27 	
3587125691 	320741 	320741 	-1239.3699 	1530.04999999999 	1530 	-108.30963 	90760.9950752258 	90761 	73.858841 	370000 	370000 	-894.0567 	0 	0 	-2473.6177 	0.00064849853515625 	0 	75.783112 	0 	0 	0 	720 	800 	800 	5789 	-320693 	90761 	-370000 	0 	0 	0 	0 	13 	0 	0 	-13 	3587125691 	320741 	320741 	25.0004230998441 	0 	50001.6925999681 	0 	0 	-1239.3699 	1530.04999999999 	1530 	0 	0 	-100003.385549194 	0 	-0.0499999999883585 	-108.30963 	90760.9950752258 	90761 	10.7290176742936 	0 	21458.3985841823 	0 	0.00492477416992188 	73.858841 	370000 	370000 	0 	0 	0 	0 	0 	-894.0567 	0 	0 	0 	0 	0 	0 	0 	-2473.6177 	0.00064849853515625 	0 	-21.4580353485871 	0 	0 	0 	-0.00064849853515625 	75.783112 	0 	0 	0 	720 	800 	800 	5789 	-320693 	90761 	-370000 	0 	0 	0 	0 	13 	0 	0 	-13 	
3587125701 	320741.05 	320741 	-1239.3699 	1530 	1530 	-108.30963 	90761.0165328979 	90761 	73.858841 	370000 	370000 	-894.0567 	0 	0 	-2473.6177 	-0.0208091735839844 	0 	75.783112 	0 	0 	0 	720 	800 	800 	5789 	-320693 	90761 	-370000 	0 	0 	0 	0 	13 	0 	0 	-13 	3587125701 	320741.05 	320741 	25.0004230998441 	0 	-50001.6925999681 	0 	-0.0499999998137355 	-1239.3699 	1530 	1530 	-25.000423187157 	0 	50001.692774597 	0 	0 	-108.30963 	90761.0165328979 	90761 	0 	0 	-42916.7971683646 	0 	-0.0165328979492188 	73.858841 	370000 	370000 	0 	0 	0 	0 	0 	-894.0567 	0 	0 	0 	0 	0 	0 	0 	-2473.6177 	-0.0208091735839844 	0 	10.7290176742936 	0 	64375.1957525469 	0 	0.0208091735839844 	75.783112 	0 	0 	0 	720 	800 	800 	5789 	-320693 	90761 	-370000 	0 	0 	0 	0 	13 	0 	0 	-13 	
3587125711 	320741.05 	320741 	-1239.3699 	1530 	1530 	-108.30963 	90760.9950752258 	90761 	73.858841 	370000 	370000 	-894.0567 	0 	0 	-2473.6177 	0.0221061706542969 	0 	75.783112 	0 	0 	0 	720 	800 	800 	5789 	-320693 	90761 	-370000 	0 	0 	0 	0 	13 	0 	0 	-13 	3587125711 	320741.05 	320741 	-25.0004230998441 	0 	-50001.6925999681 	0 	-0.0499999998137355 	-1239.3699 	1530 	1530 	0 	0 	0 	0 	0 	-108.30963 	90760.9950752258 	90761 	-21.4580353485871 	0 	0 	0 	0.00492477416992188 	73.858841 	370000 	370000 	0 	0 	0 	0 	0 	-894.0567 	0 	0 	0 	0 	0 	0 	0 	-2473.6177 	0.0221061706542969 	0 	10.7290176742936 	0 	-64375.1957525469 	0 	-0.0221061706542969 	75.783112 	0 	0 	0 	720 	800 	800 	5789 	-320693 	90761 	-370000 	0 	0 	0 	0 	13 	0 	0 	-13 	
3587125721 	320741 	320741 	-1239.3699 	1530 	1530 	-108.30963 	90760.9736175537 	90761 	73.858841 	370000 	370000 	-894.0567 	0 	0 	-2473.6177 	0.00064849853515625 	0 	75.783112 	0 	0 	0 	720 	800 	800 	5789 	-320693 	90761 	-370000 	0 	0 	0 	0 	13 	0 	0 	-13 	3587125721 	320741 	320741 	-25.0004230998441 	0 	50001.6925999681 	0 	0 	-1239.3699 	1530 	1530 	0 	0 	0 	0 	0 	-108.30963 	90760.9736175537 	90761 	0 	0 	42916.7971683646 	0 	0.0263824462890625 	73.858841 	370000 	370000 	0 	0 	0 	0 	0 	-894.0567 	0 	0 	25.0004230998441 	0 	50001.6925999681 	0 	0 	-2473.6177 	0.00064849853515625 	0 	0 	0 	42916.7971683646 	0 	-0.00064849853515625 	75.783112 	0 	0 	0 	720 	800 	800 	5789 	-320693 	90761 	-370000 	0 	0 	0 	0 	13 	0 	0 	-13 	
3587125731 	320741 	320741 	-1239.3699 	1530 	1530 	-108.30963 	90760.9950752258 	90761 	73.858841 	370000 	370000 	-894.0567 	0.0499999998137355 	0 	-2473.6177 	0.0221061706542969 	0 	75.783112 	0 	0 	0 	720 	800 	800 	5789 	-320693 	90761 	-370000 	0 	0 	0 	0 	13 	0 	0 	-13 	3587125731 	320741 	320741 	0 	0 	0 	0 	0 	-1239.3699 	1530 	1530 	0 	0 	0 	0 	0 	-108.30963 	90760.9950752258 	90761 	10.7290176742936 	0 	-21458.3985841823 	0 	0.00492477416992188 	73.858841 	370000 	370000 	0 	0 	0 	0 	0 	-894.0567 	0.0499999998137355 	0 	0 	0 	-100003.385199936 	0 	-0.0499999998137355 	-2473.6177 	0.0221061706542969 	0 	10.7290176742936 	0 	-21458.3985841823 	0 	-0.0221061706542969 	75.783112 	0 	0 	0 	720 	800 	800 	5789 	-320693 	90761 	-370000 	0 	0 	0 	0 	13 	0 	0 	-13 	
3587125741 	320741 	320741 	-1239.3699 	1530 	1530 	-108.30963 	90760.9950752258 	90761 	73.858841 	370000 	370000 	-894.0567 	0 	0 	-2473.6177 	0.0221061706542969 	0 	75.783112 	0 	0 	0 	720 	800 	800 	5789 	-320693 	90761 	-370000 	0 	0 	0 	0 	13 	0 	0 	-13 	3587125741 	320741 	320741 	0 	0 	0 	0 	0 	-1239.3699 	1530 	1530 	0 	0 	0 	0 	0 	-108.30963 	90760.9950752258 	90761 	10.7290176742936 	0 	21458.3985841823 	0 	0.00492477416992188 	73.858841 	370000 	370000 	0 	0 	0 	0 	0 	-894.0567 	0 	0 	-25.0004230998441 	0 	50001.6925999681 	0 	0 	-2473.6177 	0.0221061706542969 	0 	-10.7290176742936 	0 	-21458.3985841823 	0 	-0.0221061706542969 	75.783112 	0 	0 	0 	720 	800 	800 	5789 	-320693 	90761 	-370000 	0 	0 	0 	0 	13 	0 	0 	-13 	
3587125751 	320741 	320741 	-1239.3699 	1530 	1530 	-108.30963 	90761.0165328979 	90761 	73.858841 	370000 	370000 	-894.0567 	0 	0 	-2473.6177 	0.00064849853515625 	0 	75.783112 	0 	0 	0 	720 	800 	800 	5789 	-320693 	90761 	-370000 	0 	0 	0 	0 	13 	0 	0 	-13 	3587125751 	320741 	320741 	0 	0 	0 	0 	0 	-1239.3699 	1530 	1530 	0 	0 	0 	0 	0 	-108.30963 	90761.0165328979 	90761 	0 	0 	-42916.7971683646 	0 	-0.0165328979492188 	73.858841 	370000 	370000 	0 	0 	0 	0 	0 	-894.0567 	0 	0 	0 	0 	0 	0 	0 	-2473.6177 	0.00064849853515625 	0 	0 	0 	42916.7971683646 	0 	-0.00064849853515625 	75.783112 	0 	0 	0 	720 	800 	800 	5789 	-320693 	90761 	-370000 	0 	0 	0 	0 	13 	0 	0 	-13 	
3587125761 	320741 	320741 	-1239.3699 	1530 	1530 	-108.30963 	90760.9950752258 	90761 	73.858841 	370000 	370000 	-894.0567 	0 	0 	-2473.6177 	0.0221061706542969 	0 	75.783112 	0 	0 	0 	720 	800 	800 	5789 	-320693 	90761 	-370000 	0 	0 	0 	0 	13 	0 	0 	-13 	3587125761 	320741 	320741 	0 	0 	0 	0 	0 	-1239.3699 	1530 	1530 	0 	0 	0 	0 	0 	-108.30963 	90760.9950752258 	90761 	-10.7290176742936 	0 	21458.3985841823 	0 	0.00492477416992188 	73.858841 	370000 	370000 	0 	0 	0 	0 	0 	-894.0567 	0 	0 	0 	0 	0 	0 	0 	-2473.6177 	0.0221061706542969 	0 	10.7290176742936 	0 	-21458.3985841823 	0 	-0.0221061706542969 	75.783112 	0 	0 	0 	720 	800 	800 	5789 	-320693 	90761 	-370000 	0 	0 	0 	0 	13 	0 	0 	-13 	
3587125771 	320741 	320741 	-1239.3699 	1530 	1530 	-108.30963 	90760.9950752258 	90761 	73.858841 	370000 	370000 	-894.0567 	0 	0 	-2473.6177 	0.0221061706542969 	0 	75.783112 	0 	0 	0 	720 	800 	800 	5789 	-320693 	90761 	-370000 	0 	0 	0 	0 	13 	0 	0 	-13 	3587125771 	320741 	320741 	0 	0 	0 	0 	0 	-1239.3699 	1530 	1530 	0 	0 	0 	0 	0 	-108.30963 	90760.9950752258 	90761 	0 	0 	0 	0 	0.00492477416992188 	73.858841 	370000 	370000 	0 	0 	0 	0 	0 	-894.0567 	0 	0 	0 	0 	0 	0 	0 	-2473.6177 	0.0221061706542969 	0 	0 	0 	0 	0 	-0.0221061706542969 	75.783112 	0 	0 	0 	720 	800 	800 	5789 	-320693 	90761 	-370000 	0 	0 	0 	0 	13 	0 	0 	-13 	
3587125781 	320741 	320741 	-1239.3699 	1530 	1530 	-108.30963 	90760.9950752258 	90761 	73.858841 	370000 	370000 	-894.0567 	0 	0 	-2473.6177 	0.0221061706542969 	0 	75.783112 	0 	0 	0 	720 	800 	800 	5789 	-320693 	90761 	-370000 	0 	0 	0 	0 	13 	0 	0 	-13 	3587125781 	320741 	320741 	0 	0 	0 	0 	0 	-1239.3699 	1530 	1530 	0 	0 	0 	0 	0 	-108.30963 	90760.9950752258 	90761 	10.7290176742936 	0 	21458.3985841823 	0 	0.00492477416992188 	73.858841 	370000 	370000 	0 	0 	0 	0 	0 	-894.0567 	0 	0 	0 	0 	0 	0 	0 	-2473.6177 	0.0221061706542969 	0 	-10.7290176742936 	0 	-21458.3985841823 	0 	-0.0221061706542969 	75.783112 	0 	0 	0 	720 	800 	800 	5789 	-320693 	90761 	-370000 	0 	0 	0 	0 	13 	0 	0 	-13 	
3587125791 	320741 	320741 	-1239.3699 	1530 	1530 	-108.30963 	90761.0165328979 	90761 	73.858841 	370000 	370000 	-894.0567 	0 	0 	-2473.6177 	0.00064849853515625 	0 	75.783112 	0 	0 	0 	720 	800 	800 	5789 	-320693 	90761 	-370000 	0 	0 	0 	0 	13 	0 	0 	-13 	3587125791 	320741 	320741 	0 	0 	0 	0 	0 	-1239.3699 	1530 	1530 	0 	0 	0 	0 	0 	-108.30963 	90761.0165328979 	90761 	0 	0 	-42916.7971683646 	0 	-0.0165328979492188 	73.858841 	370000 	370000 	0 	0 	0 	0 	0 	-894.0567 	0 	0 	0 	0 	0 	0 	0 	-2473.6177 	0.00064849853515625 	0 	-10.7290176742936 	0 	21458.3985841823 	0 	-0.00064849853515625 	75.783112 	0 	0 	0 	720 	800 	800 	5789 	-320693 	90761 	-370000 	0 	0 	0 	0 	13 	0 	0 	-13 	
3587125801 	320741 	320741 	-1239.3699 	1530 	1530 	-108.30963 	90760.9950752258 	90761 	73.858841 	370000 	370000 	-894.0567 	0 	0 	-2473.6177 	0.00064849853515625 	0 	75.783112 	0 	0 	0 	720 	800 	800 	5789 	-320693 	90761 	-370000 	0 	0 	0 	0 	0 	0 	0 	-13 	3587125801 	320741 	320741 	0 	0 	0 	0 	0 	-1239.3699 	1530 	1530 	0 	0 	0 	0 	0 	-108.30963 	90760.9950752258 	90761 	-10.7290176742936 	0 	21458.3985841823 	0 	0.00492477416992188 	73.858841 	370000 	370000 	0 	0 	0 	0 	0 	-894.0567 	0 	0 	0 	0 	0 	0 	0 	-2473.6177 	0.00064849853515625 	0 	0 	0 	0 	0 	-0.00064849853515625 	75.783112 	0 	0 	0 	720 	800 	800 	5789 	-320693 	90761 	-370000 	0 	0 	0 	0 	0 	0 	0 	-13 	
3587125811 	320741 	320741 	-1239.3699 	1530 	1530 	-108.30963 	90760.9950752258 	90761 	73.858841 	370000 	370000 	-894.0567 	0 	0 	-2473.6177 	0.00064849853515625 	0 	75.783112 	0 	0 	0 	720 	800 	800 	5789 	-320693 	90761 	-370000 	0 	0 	0 	0 	0 	0 	0 	-13 	3587125811 	320741 	320741 	0 	0 	0 	0 	0 	-1239.3699 	1530 	1530 	0 	0 	0 	0 	0 	-108.30963 	90760.9950752258 	90761 	-10.7290176742936 	0 	-21458.3985841823 	0 	0.00492477416992188 	73.858841 	370000 	370000 	0 	0 	0 	0 	0 	-894.0567 	0 	0 	0 	0 	0 	0 	0 	-2473.6177 	0.00064849853515625 	0 	0 	0 	0 	0 	-0.00064849853515625 	75.783112 	0 	0 	0 	720 	800 	800 	5789 	-320693 	90761 	-370000 	0 	0 	0 	0 	0 	0 	0 	-13 	
3587125821 	320741 	320741 	-1239.3699 	1530 	1530 	-108.30963 	90760.9736175537 	90761 	73.858841 	370000 	370000 	-894.0567 	0 	0 	-2473.6177 	0.00064849853515625 	0 	75.783112 	0 	0 	0 	720 	800 	800 	5789 	-320693 	90761 	-370000 	0 	0 	0 	0 	0 	0 	0 	-13 	3587125821 	320741 	320741 	0 	0 	0 	0 	0 	-1239.3699 	1530 	1530 	0 	0 	0 	0 	0 	-108.30963 	90760.9736175537 	90761 	0 	0 	42916.7971683646 	0 	0.0263824462890625 	73.858841 	370000 	370000 	0 	0 	0 	0 	0 	-894.0567 	0 	0 	0 	0 	0 	0 	0 	-2473.6177 	0.00064849853515625 	0 	-10.7290176742936 	0 	-21458.3985841823 	0 	-0.00064849853515625 	75.783112 	0 	0 	0 	720 	800 	800 	5789 	-320693 	90761 	-370000 	0 	0 	0 	0 	0 	0 	0 	-13 	
3587125831 	320741 	320741 	-1239.3699 	1530 	1530 	-108.30963 	90760.9950752258 	90761 	73.858841 	370000 	370000 	-894.0567 	0 	0 	-2473.6177 	-0.0208091735839844 	0 	75.783112 	0 	0 	0 	720 	800 	800 	5789 	-320693 	90761 	-370000 	0 	0 	0 	0 	0 	0 	0 	-13 	3587125831 	320741 	320741 	25.0004230998441 	0 	50001.6925999681 	0 	0 	-1239.3699 	1530 	1530 	0 	0 	0 	0 	0 	-108.30963 	90760.9950752258 	90761 	10.7290176742936 	0 	-21458.3985841823 	0 	0.00492477416992188 	73.858841 	370000 	370000 	0 	0 	0 	0 	0 	-894.0567 	0 	0 	0 	0 	0 	0 	0 	-2473.6177 	-0.0208091735839844 	0 	0 	0 	42916.7971683646 	0 	0.0208091735839844 	75.783112 	0 	0 	0 	720 	800 	800 	5789 	-320693 	90761 	-370000 	0 	0 	0 	0 	0 	0 	0 	-13 	
3587125841 	320741.05 	320741 	-1239.3699 	1530 	1530 	-108.30963 	90760.9950752258 	90761 	73.858841 	370000 	370000 	-894.0567 	0 	0 	-2473.6177 	0.00064849853515625 	0 	75.783112 	0 	0 	0 	720 	800 	800 	5789 	-320693 	90761 	-370000 	0 	0 	0 	0 	0 	0 	0 	-13 	3587125841 	320741.05 	320741 	0 	0 	-100003.385199936 	0 	-0.0499999998137355 	-1239.3699 	1530 	1530 	0 	0 	0 	0 	0 	-108.30963 	90760.9950752258 	90761 	0 	0 	0 	0 	0.00492477416992188 	73.858841 	370000 	370000 	0 	0 	0 	0 	0 	-894.0567 	0 	0 	25.0004230998441 	0 	50001.6925999681 	0 	0 	-2473.6177 	0.00064849853515625 	0 	21.4580353485871 	0 	0 	0 	-0.00064849853515625 	75.783112 	0 	0 	0 	720 	800 	800 	5789 	-320693 	90761 	-370000 	0 	0 	0 	0 	0 	0 	0 	-13 	
3587125851 	320741 	320741 	-1239.3699 	1530 	1530 	-108.30963 	90760.9950752258 	90761 	73.858841 	370000 	370000 	-894.0567 	0.0499999998137355 	0 	-2473.6177 	0.0221061706542969 	0 	75.783112 	0 	0 	0 	720 	800 	800 	5789 	-320693 	90761 	-370000 	0 	0 	0 	0 	0 	0 	0 	0 	3587125851 	320741 	320741 	-25.0004230998441 	0 	50001.6925999681 	0 	0 	-1239.3699 	1530 	1530 	0 	0 	0 	0 	0 	-108.30963 	90760.9950752258 	90761 	10.7290176742936 	0 	21458.3985841823 	0 	0.00492477416992188 	73.858841 	370000 	370000 	0 	0 	0 	0 	0 	-894.0567 	0.0499999998137355 	0 	0 	0 	-100003.385199936 	0 	-0.0499999998137355 	-2473.6177 	0.0221061706542969 	0 	0 	0 	-42916.7971683646 	0 	-0.0221061706542969 	75.783112 	0 	0 	0 	720 	800 	800 	5789 	-320693 	90761 	-370000 	0 	0 	0 	0 	0 	0 	0 	0 	
3587125861 	320741 	320741 	-1239.3699 	1530 	1530 	-108.30963 	90761.0165328979 	90761 	73.858841 	370000 	370000 	-894.0567 	0 	0 	-2473.6177 	0.00064849853515625 	0 	75.783112 	0 	0 	0 	720 	800 	800 	5789 	-320693 	90761 	-370000 	0 	0 	0 	0 	0 	0 	0 	0 	3587125861 	320741 	320741 	0 	0 	0 	0 	0 	-1239.3699 	1530 	1530 	0 	0 	0 	0 	0 	-108.30963 	90761.0165328979 	90761 	0 	0 	-42916.7971683646 	0 	-0.0165328979492188 	73.858841 	370000 	370000 	0 	0 	0 	0 	0 	-894.0567 	0 	0 	-25.0004230998441 	0 	50001.6925999681 	0 	0 	-2473.6177 	0.00064849853515625 	0 	0 	0 	42916.7971683646 	0 	-0.00064849853515625 	75.783112 	0 	0 	0 	720 	800 	800 	5789 	-320693 	90761 	-370000 	0 	0 	0 	0 	0 	0 	0 	0 	
3587125871 	320741 	320741 	-1239.3699 	1530 	1530 	-108.30963 	90760.9950752258 	90761 	73.858841 	370000 	370000 	-894.0567 	0 	0 	-2473.6177 	0.0221061706542969 	0 	75.783112 	0 	0 	0 	720 	800 	800 	5789 	-320693 	90761 	-370000 	0 	0 	0 	0 	0 	0 	0 	0 	3587125871 	320741 	320741 	0 	0 	0 	0 	0 	-1239.3699 	1530 	1530 	0 	0 	0 	0 	0 	-108.30963 	90760.9950752258 	90761 	-10.7290176742936 	0 	21458.3985841823 	0 	0.00492477416992188 	73.858841 	370000 	370000 	0 	0 	0 	0 	0 	-894.0567 	0 	0 	0 	0 	0 	0 	0 	-2473.6177 	0.0221061706542969 	0 	-10.7290176742936 	0 	-64375.1957525469 	0 	-0.0221061706542969 	75.783112 	0 	0 	0 	720 	800 	800 	5789 	-320693 	90761 	-370000 	0 	0 	0 	0 	0 	0 	0 	0 	
3587125881 	320741 	320741 	-1239.3699 	1530 	1530 	-108.30963 	90760.9950752258 	90761 	73.858841 	370000 	370000 	-894.0567 	0 	0 	-2473.6177 	-0.0208091735839844 	0 	75.783112 	0 	0 	0 	720 	800 	800 	5789 	-320693 	90761 	-370000 	0 	0 	0 	0 	0 	0 	0 	0 	3587125881 	320741 	320741 	0 	0 	0 	0 	0 	-1239.3699 	1530 	1530 	0 	0 	0 	0 	0 	-108.30963 	90760.9950752258 	90761 	0 	0 	0 	0 	0.00492477416992188 	73.858841 	370000 	370000 	0 	0 	0 	0 	0 	-894.0567 	0 	0 	0 	0 	0 	0 	0 	-2473.6177 	-0.0208091735839844 	0 	-10.7290176742936 	0 	64375.1957525469 	0 	0.0208091735839844 	75.783112 	0 	0 	0 	720 	800 	800 	5789 	-320693 	90761 	-370000 	0 	0 	0 	0 	0 	0 	0 	0 	
3587125891 	320741 	320741 	-1239.3699 	1530 	1530 	-108.30963 	90760.9950752258 	90761 	73.858841 	370000 	370000 	-894.0567 	0 	0 	-2473.6177 	0.00064849853515625 	0 	75.783112 	0 	0 	0 	720 	800 	800 	5789 	-320693 	90761 	-370000 	0 	0 	0 	0 	0 	0 	0 	0 	3587125891 	320741 	320741 	0 	0 	0 	0 	0 	-1239.3699 	1530 	1530 	0 	0 	0 	0 	0 	-108.30963 	90760.9950752258 	90761 	0 	0 	0 	0 	0.00492477416992188 	73.858841 	370000 	370000 	0 	0 	0 	0 	0 	-894.0567 	0 	0 	0 	0 	0 	0 	0 	-2473.6177 	0.00064849853515625 	0 	10.7290176742936 	0 	-21458.3985841823 	0 	-0.00064849853515625 	75.783112 	0 	0 	0 	720 	800 	800 	5789 	-320693 	90761 	-370000 	0 	0 	0 	0 	0 	0 	0 	0 	
3587125901 	320741 	320741 	-1239.3699 	1530 	1530 	-108.30963 	90760.9950752258 	90761 	73.858841 	370000 	370000 	-894.0567 	0 	0 	-2473.6177 	0.00064849853515625 	0 	75.783112 	0 	0 	0 	720 	800 	800 	5789 	-320693 	90761 	-370000 	0 	0 	0 	0 	0 	0 	0 	0 	3587125901 	320741 	320741 	0 	0 	0 	0 	0 	-1239.3699 	1530 	1530 	0 	0 	0 	0 	0 	-108.30963 	90760.9950752258 	90761 	0 	0 	0 	0 	0.00492477416992188 	73.858841 	370000 	370000 	0 	0 	0 	0 	0 	-894.0567 	0 	0 	0 	0 	0 	0 	0 	-2473.6177 	0.00064849853515625 	0 	10.7290176742936 	0 	21458.3985841823 	0 	-0.00064849853515625 	75.783112 	0 	0 	0 	720 	800 	800 	5789 	-320693 	90761 	-370000 	0 	0 	0 	0 	0 	0 	0 	0 	
3587125911 	320741 	320741 	-1239.3699 	1530 	1530 	-108.30963 	90760.9950752258 	90761 	73.858841 	370000 	370000 	-894.0567 	0 	0 	-2473.6177 	0.0221061706542969 	0 	75.783112 	0 	0 	0 	720 	800 	800 	5789 	-320693 	90761 	-370000 	0 	0 	0 	0 	0 	0 	0 	0 	3587125911 	320741 	320741 	0 	0 	0 	0 	0 	-1239.3699 	1530 	1530 	0 	0 	0 	0 	0 	-108.30963 	90760.9950752258 	90761 	-10.7290176742936 	0 	-21458.3985841823 	0 	0.00492477416992188 	73.858841 	370000 	370000 	25.0004230998441 	0 	50001.6925999681 	0 	0 	-894.0567 	0 	0 	0 	0 	0 	0 	0 	-2473.6177 	0.0221061706542969 	0 	0 	0 	-42916.7971683646 	0 	-0.0221061706542969 	75.783112 	0 	0 	0 	720 	800 	800 	5789 	-320693 	90761 	-370000 	0 	0 	0 	0 	0 	0 	0 	0 	
3587125921 	320741 	320741 	-1239.3699 	1530 	1530 	-108.30963 	90760.9736175537 	90761 	73.858841 	370000.05 	370000 	-894.0567 	0 	0 	-2473.6177 	0.00064849853515625 	0 	75.783112 	0 	0 	0 	720 	800 	800 	5789 	-320693 	90761 	-370000 	0 	0 	0 	0 	0 	0 	0 	0 	3587125921 	320741 	320741 	25.0004230998441 	0 	50001.6925999681 	0 	0 	-1239.3699 	1530 	1530 	0 	0 	0 	0 	0 	-108.30963 	90760.9736175537 	90761 	0 	0 	42916.7971683646 	0 	0.0263824462890625 	73.858841 	370000.05 	370000 	0 	0 	-100003.385199936 	0 	-0.0499999998137355 	-894.0567 	0 	0 	0 	0 	0 	0 	0 	-2473.6177 	0.00064849853515625 	0 	0 	0 	42916.7971683646 	0 	-0.00064849853515625 	75.783112 	0 	0 	0 	720 	800 	800 	5789 	-320693 	90761 	-370000 	0 	0 	0 	0 	0 	0 	0 	0 	
3587125931 	320741.05 	320741 	-1239.3699 	1530 	1530 	-108.30963 	90760.9950752258 	90761 	73.858841 	370000 	370000 	-894.0567 	0 	0 	-2473.6177 	0.0221061706542969 	0 	75.783112 	0 	0 	0 	720 	800 	800 	5789 	-320693 	90761 	-370000 	0 	0 	0 	0 	0 	0 	0 	0 	3587125931 	320741.05 	320741 	-25.0004233326786 	0 	-150005.078265581 	0 	-0.0499999998137355 	-1239.3699 	1530 	1530 	0 	0 	0 	0 	0 	-108.30963 	90760.9950752258 	90761 	10.7290176742936 	0 	-21458.3985841823 	0 	0.00492477416992188 	73.858841 	370000 	370000 	-25.0004230998441 	0 	50001.6925999681 	0 	0 	-894.0567 	0 	0 	0 	0 	0 	0 	0 	-2473.6177 	0.0221061706542969 	0 	0 	0 	-42916.7971683646 	0 	-0.0221061706542969 	75.783112 	0 	0 	0 	720 	800 	800 	5789 	-320693 	90761 	-370000 	0 	0 	0 	0 	0 	0 	0 	0 	
3587125941 	320740.95 	320741 	-1239.3699 	1530 	1530 	-108.30963 	90760.9950752258 	90761 	73.858841 	370000 	370000 	-894.0567 	0 	0 	-2473.6177 	0.00064849853515625 	0 	75.783112 	0 	0 	0 	720 	800 	800 	5789 	-320693 	90761 	-370000 	0 	0 	0 	0 	0 	0 	0 	0 	3587125941 	320740.95 	320741 	-25.0004230998441 	0 	150005.078731259 	0 	0.0500000002793968 	-1239.3699 	1530 	1530 	0 	0 	0 	0 	0 	-108.30963 	90760.9950752258 	90761 	0 	0 	0 	0 	0.00492477416992188 	73.858841 	370000 	370000 	0 	0 	0 	0 	0 	-894.0567 	0 	0 	0 	0 	0 	0 	0 	-2473.6177 	0.00064849853515625 	0 	-10.7290176742936 	0 	21458.3985841823 	0 	-0.00064849853515625 	75.783112 	0 	0 	0 	720 	800 	800 	5789 	-320693 	90761 	-370000 	0 	0 	0 	0 	0 	0 	0 	0 	
3587125951 	320741 	320741 	-1239.3699 	1530 	1530 	-108.30963 	90760.9950752258 	90761 	73.858841 	370000 	370000 	-894.0567 	0 	0 	-2473.6177 	0.00064849853515625 	0 	75.783112 	0 	0 	0 	720 	800 	800 	5789 	-320693 	90761 	-370000 	0 	0 	0 	0 	0 	0 	0 	0 	3587125951 	320741 	320741 	25.0004233326786 	0 	-50001.6930656452 	0 	0 	-1239.3699 	1530 	1530 	0 	0 	0 	0 	0 	-108.30963 	90760.9950752258 	90761 	0 	0 	0 	0 	0.00492477416992188 	73.858841 	370000 	370000 	0 	0 	0 	0 	0 	-894.0567 	0 	0 	0 	0 	0 	0 	0 	-2473.6177 	0.00064849853515625 	0 	0 	0 	0 	0 	-0.00064849853515625 	75.783112 	0 	0 	0 	720 	800 	800 	5789 	-320693 	90761 	-370000 	0 	0 	0 	0 	0 	0 	0 	0 	
3587125961 	320741 	320741 	-1239.3699 	1530 	1530 	-108.30963 	90760.9950752258 	90761 	73.858841 	370000 	370000 	-894.0567 	0 	0 	-2473.6177 	0.00064849853515625 	0 	75.783112 	0 	0 	0 	720 	800 	800 	5789 	-320693 	90761 	-370000 	0 	0 	0 	0 	0 	0 	0 	0 	3587125961 	320741 	320741 	-25.0004233326786 	0 	-50001.6930656452 	0 	0 	-1239.3699 	1530 	1530 	0 	0 	0 	0 	0 	-108.30963 	90760.9950752258 	90761 	0 	0 	0 	0 	0.00492477416992188 	73.858841 	370000 	370000 	0 	0 	0 	0 	0 	-894.0567 	0 	0 	0 	0 	0 	0 	0 	-2473.6177 	0.00064849853515625 	0 	0 	0 	0 	0 	-0.00064849853515625 	75.783112 	0 	0 	0 	720 	800 	800 	5789 	-320693 	90761 	-370000 	0 	0 	0 	0 	0 	0 	0 	0 	
3587125971 	320740.95 	320741 	-1239.3699 	1530 	1530 	-108.30963 	90760.9950752258 	90761 	73.858841 	370000 	370000 	-894.0567 	0 	0 	-2473.6177 	0.00064849853515625 	0 	75.783112 	0 	0 	0 	720 	800 	800 	5789 	-320693 	90761 	-370000 	0 	0 	0 	0 	0 	0 	0 	0 	3587125971 	320740.95 	320741 	0 	0 	100003.38613129 	0 	0.0500000002793968 	-1239.3699 	1530 	1530 	0 	0 	0 	0 	0 	-108.30963 	90760.9950752258 	90761 	0 	0 	0 	0 	0.00492477416992188 	73.858841 	370000 	370000 	0 	0 	0 	0 	0 	-894.0567 	0 	0 	0 	0 	0 	0 	0 	-2473.6177 	0.00064849853515625 	0 	-10.7290176742936 	0 	-21458.3985841823 	0 	-0.00064849853515625 	75.783112 	0 	0 	0 	720 	800 	800 	5789 	-320693 	90761 	-370000 	0 	0 	0 	0 	0 	0 	0 	0 	
3587125981 	320741 	320741 	-1239.3699 	1530 	1530 	-108.30963 	90760.9950752258 	90761 	73.858841 	370000 	370000 	-894.0567 	0 	0 	-2473.6177 	-0.0208091735839844 	0 	75.783112 	0 	0 	0 	720 	800 	800 	5789 	-320693 	90761 	-370000 	0 	0 	0 	0 	0 	0 	0 	0 	3587125981 	320741 	320741 	25.0004233326786 	0 	-50001.6930656452 	0 	0 	-1239.3699 	1530 	1530 	0 	0 	0 	0 	0 	-108.30963 	90760.9950752258 	90761 	0 	0 	0 	0 	0.00492477416992188 	73.858841 	370000 	370000 	0 	0 	0 	0 	0 	-894.0567 	0 	0 	0 	0 	0 	0 	0 	-2473.6177 	-0.0208091735839844 	0 	0 	0 	42916.7971683646 	0 	0.0208091735839844 	75.783112 	0 	0 	0 	720 	800 	800 	5789 	-320693 	90761 	-370000 	0 	0 	0 	0 	0 	0 	0 	0 	
3587125991 	320741 	320741 	-1239.3699 	1530 	1530 	-108.30963 	90760.9950752258 	90761 	73.858841 	370000 	370000 	-894.0567 	0 	0 	-2473.6177 	0.00064849853515625 	0 	75.783112 	0 	0 	0 	720 	800 	800 	5789 	-320693 	90761 	-370000 	0 	0 	0 	0 	0 	0 	0 	0 	3587125991 	320741 	320741 	0 	0 	0 	0 	0 	-1239.3699 	1530 	1530 	0 	0 	0 	0 	0 	-108.30963 	90760.9950752258 	90761 	-10.7290176742936 	0 	-21458.3985841823 	0 	0.00492477416992188 	73.858841 	370000 	370000 	0 	0 	0 	0 	0 	-894.0567 	0 	0 	0 	0 	0 	0 	0 	-2473.6177 	0.00064849853515625 	0 	10.7290176742936 	0 	-21458.3985841823 	0 	-0.00064849853515625 	75.783112 	0 	0 	0 	720 	800 	800 	5789 	-320693 	90761 	-370000 	0 	0 	0 	0 	0 	0 	0 	0 	
3587126001 	320741 	320741 	-1239.3699 	1530 	1530 	-108.30963 	90760.9736175537 	90761 	73.858841 	370000 	370000 	-894.0567 	0 	0 	-2473.6177 	0.00064849853515625 	0 	75.783112 	0 	0 	0 	720 	800 	800 	5789 	-320693 	90761 	-370000 	0 	0 	0 	0 	0 	0 	0 	0 	3587126001 	320741 	320741 	0 	0 	0 	0 	0 	-1239.3699 	1530 	1530 	0 	0 	0 	0 	0 	-108.30963 	90760.9736175537 	90761 	10.7290176742936 	0 	64375.1957525469 	0 	0.0263824462890625 	73.858841 	370000 	370000 	0 	0 	0 	0 	0 	-894.0567 	0 	0 	0 	0 	0 	0 	0 	-2473.6177 	0.00064849853515625 	0 	0 	0 	0 	0 	-0.00064849853515625 	75.783112 	0 	0 	0 	720 	800 	800 	5789 	-320693 	90761 	-370000 	0 	0 	0 	0 	0 	0 	0 	0 	
3587126011 	320741 	320741 	-1239.3699 	1530 	1530 	-108.30963 	90761.0165328979 	90761 	73.858841 	370000 	370000 	-894.0567 	0 	0 	-2473.6177 	0.00064849853515625 	0 	75.783112 	0 	0 	0 	720 	800 	800 	5789 	-320693 	90761 	-370000 	0 	0 	0 	0 	0 	0 	0 	0 	3587126011 	320741 	320741 	0 	0 	0 	0 	0 	-1239.3699 	1530 	1530 	0 	0 	0 	0 	0 	-108.30963 	90761.0165328979 	90761 	10.7290176742936 	0 	-64375.1957525469 	0 	-0.0165328979492188 	73.858841 	370000 	370000 	0 	0 	0 	0 	0 	-894.0567 	0 	0 	0 	0 	0 	0 	0 	-2473.6177 	0.00064849853515625 	0 	0 	0 	0 	0 	-0.00064849853515625 	75.783112 	0 	0 	0 	720 	800 	800 	5789 	-320693 	90761 	-370000 	0 	0 	0 	0 	0 	0 	0 	0 	
3587126021 	320741 	320741 	-1239.3699 	1530 	1530 	-108.30963 	90760.9950752258 	90761 	73.858841 	370000 	370000 	-894.0567 	0 	0 	-2473.6177 	0.00064849853515625 	0 	75.783112 	0 	0 	0 	720 	800 	800 	5789 	-320693 	90761 	-370000 	0 	0 	0 	0 	0 	0 	0 	0 	3587126021 	320741 	320741 	0 	0 	0 	0 	0 	-1239.3699 	1530 	1530 	0 	0 	0 	0 	0 	-108.30963 	90760.9950752258 	90761 	-10.7290176742936 	0 	21458.3985841823 	0 	0.00492477416992188 	73.858841 	370000 	370000 	0 	0 	0 	0 	0 	-894.0567 	0 	0 	0 	0 	0 	0 	0 	-2473.6177 	0.00064849853515625 	0 	0 	0 	0 	0 	-0.00064849853515625 	75.783112 	0 	0 	0 	720 	800 	800 	5789 	-320693 	90761 	-370000 	0 	0 	0 	0 	0 	0 	0 	0 	
3587126031 	320741 	320741 	-1239.3699 	1530 	1530 	-108.30963 	90760.9950752258 	90761 	73.858841 	370000 	370000 	-894.0567 	0 	0 	-2473.6177 	0.00064849853515625 	0 	75.783112 	0 	0 	0 	720 	800 	800 	5789 	-320693 	90761 	-370000 	0 	0 	0 	0 	0 	0 	0 	0 	3587126031 	320741 	320741 	0 	0 	0 	0 	0 	-1239.3699 	1530 	1530 	0 	0 	0 	0 	0 	-108.30963 	90760.9950752258 	90761 	0 	0 	0 	0 	0.00492477416992188 	73.858841 	370000 	370000 	0 	0 	0 	0 	0 	-894.0567 	0 	0 	0 	0 	0 	0 	0 	-2473.6177 	0.00064849853515625 	0 	0 	0 	0 	0 	-0.00064849853515625 	75.783112 	0 	0 	0 	720 	800 	800 	5789 	-320693 	90761 	-370000 	0 	0 	0 	0 	0 	0 	0 	0 	
3587126041 	320741 	320741 	-1239.3699 	1530 	1530 	-108.30963 	90760.9950752258 	90761 	73.858841 	370000 	370000 	-894.0567 	0 	0 	-2473.6177 	0.00064849853515625 	0 	75.783112 	0 	0 	0 	720 	800 	800 	5789 	-320693 	90761 	-370000 	0 	0 	0 	0 	0 	0 	0 	0 	3587126041 	320741 	320741 	0 	0 	0 	0 	0 	-1239.3699 	1530 	1530 	0 	0 	0 	0 	0 	-108.30963 	90760.9950752258 	90761 	0 	0 	0 	0 	0.00492477416992188 	73.858841 	370000 	370000 	0 	0 	0 	0 	0 	-894.0567 	0 	0 	0 	0 	0 	0 	0 	-2473.6177 	0.00064849853515625 	0 	-10.7290176742936 	0 	-21458.3985841823 	0 	-0.00064849853515625 	75.783112 	0 	0 	0 	720 	800 	800 	5789 	-320693 	90761 	-370000 	0 	0 	0 	0 	0 	0 	0 	0 	
3587126051 	320741 	320741 	-1239.3699 	1530 	1530 	-108.30963 	90760.9950752258 	90761 	73.858841 	370000 	370000 	-894.0567 	0 	0 	-2473.6177 	-0.0208091735839844 	0 	75.783112 	0 	0 	0 	720 	800 	800 	5789 	-320693 	90761 	-370000 	0 	0 	0 	0 	0 	0 	0 	0 	3587126051 	320741 	320741 	0 	0 	0 	0 	0 	-1239.3699 	1530 	1530 	0 	0 	0 	0 	0 	-108.30963 	90760.9950752258 	90761 	0 	0 	0 	0 	0.00492477416992188 	73.858841 	370000 	370000 	0 	0 	0 	0 	0 	-894.0567 	0 	0 	0 	0 	0 	0 	0 	-2473.6177 	-0.0208091735839844 	0 	-10.7290176742936 	0 	21458.3985841823 	0 	0.0208091735839844 	75.783112 	0 	0 	0 	720 	800 	800 	5789 	-320693 	90761 	-370000 	0 	0 	0 	0 	0 	0 	0 	0 	
3587126061 	320741 	320741 	-1239.3699 	1530 	1530 	-108.30963 	90760.9950752258 	90761 	73.858841 	370000 	370000 	-894.0567 	0 	0 	-2473.6177 	-0.0208091735839844 	0 	75.783112 	0 	0 	0 	720 	800 	800 	5789 	-320693 	90761 	-370000 	0 	0 	0 	0 	0 	0 	0 	0 	3587126061 	320741 	320741 	0 	0 	0 	0 	0 	-1239.3699 	1530 	1530 	0 	0 	0 	0 	0 	-108.30963 	90760.9950752258 	90761 	0 	0 	0 	0 	0.00492477416992188 	73.858841 	370000 	370000 	0 	0 	0 	0 	0 	-894.0567 	0 	0 	0 	0 	0 	0 	0 	-2473.6177 	-0.0208091735839844 	0 	21.4580353485871 	0 	42916.7971683646 	0 	0.0208091735839844 	75.783112 	0 	0 	0 	720 	800 	800 	5789 	-320693 	90761 	-370000 	0 	0 	0 	0 	0 	0 	0 	0 	
3587126071 	320741 	320741 	-1239.3699 	1530 	1530 	-108.30963 	90760.9950752258 	90761 	73.858841 	370000 	370000 	-894.0567 	0 	0 	-2473.6177 	0.0221061706542969 	0 	75.783112 	0 	0 	0 	720 	800 	800 	5789 	-320693 	90761 	-370000 	0 	0 	0 	0 	0 	0 	0 	0 	3587126071 	320741 	320741 	0 	0 	0 	0 	0 	-1239.3699 	1530 	1530 	0 	0 	0 	0 	0 	-108.30963 	90760.9950752258 	90761 	0 	0 	0 	0 	0.00492477416992188 	73.858841 	370000 	370000 	-25.0004233326786 	0 	-50001.6930656452 	0 	0 	-894.0567 	0 	0 	0 	0 	0 	0 	0 	-2473.6177 	0.0221061706542969 	0 	21.4580353485871 	0 	-42916.7971683646 	0 	-0.0221061706542969 	75.783112 	0 	0 	0 	720 	800 	800 	5789 	-320693 	90761 	-370000 	0 	0 	0 	0 	0 	0 	0 	0 	
3587126081 	320741 	320741 	-1239.3699 	1530 	1530 	-108.30963 	90760.9950752258 	90761 	73.858841 	369999.95 	370000 	-894.0567 	0 	0 	-2473.6177 	0.0221061706542969 	0 	75.783112 	0 	0 	0 	720 	800 	800 	5789 	-320693 	90761 	-370000 	0 	0 	0 	0 	0 	0 	0 	0 	3587126081 	320741 	320741 	0 	0 	0 	0 	0 	-1239.3699 	1530 	1530 	0 	0 	0 	0 	0 	-108.30963 	90760.9950752258 	90761 	0 	0 	0 	0 	0.00492477416992188 	73.858841 	369999.95 	370000 	0 	0 	100003.38613129 	0 	0.0500000002793968 	-894.0567 	0 	0 	0 	0 	0 	0 	0 	-2473.6177 	0.0221061706542969 	0 	-10.7290176742936 	0 	-21458.3985841823 	0 	-0.0221061706542969 	75.783112 	0 	0 	0 	720 	800 	800 	5789 	-320693 	90761 	-370000 	0 	0 	0 	0 	0 	0 	0 	0 	
3587126091 	320741 	320741 	-1239.3699 	1530 	1530 	-108.30963 	90760.9950752258 	90761 	73.858841 	370000 	370000 	-894.0567 	0 	0 	-2473.6177 	0.00064849853515625 	0 	75.783112 	0 	0 	0 	720 	800 	800 	5789 	-320693 	90761 	-370000 	0 	0 	0 	0 	0 	0 	0 	0 	3587126091 	320741 	320741 	0 	0 	0 	0 	0 	-1239.3699 	1530 	1530 	0 	0 	0 	0 	0 	-108.30963 	90760.9950752258 	90761 	0 	0 	0 	0 	0.00492477416992188 	73.858841 	370000 	370000 	25.0004233326786 	0 	-50001.6930656452 	0 	0 	-894.0567 	0 	0 	0 	0 	0 	0 	0 	-2473.6177 	0.00064849853515625 	0 	0 	0 	42916.7971683646 	0 	-0.00064849853515625 	75.783112 	0 	0 	0 	720 	800 	800 	5789 	-320693 	90761 	-370000 	0 	0 	0 	0 	0 	0 	0 	0 	
3587126101 	320741 	320741 	-1239.3699 	1530 	1530 	-108.30963 	90760.9950752258 	90761 	73.858841 	370000 	370000 	-894.0567 	0 	0 	-2473.6177 	0.0221061706542969 	0 	75.783112 	0 	0 	0 	720 	800 	800 	5789 	-320693 	90761 	-370000 	0 	0 	0 	0 	0 	0 	0 	0 	3587126101 	320741 	320741 	0 	0 	0 	0 	0 	-1239.3699 	1530 	1530 	25.000423187157 	0 	50001.692774597 	0 	0 	-108.30963 	90760.9950752258 	90761 	-10.7290176742936 	0 	-21458.3985841823 	0 	0.00492477416992188 	73.858841 	370000 	370000 	0 	0 	0 	0 	0 	-894.0567 	0 	0 	0 	0 	0 	0 	0 	-2473.6177 	0.0221061706542969 	0 	-10.7290176742936 	0 	-64375.1957525469 	0 	-0.0221061706542969 	75.783112 	0 	0 	0 	720 	800 	800 	5789 	-320693 	90761 	-370000 	0 	0 	0 	0 	0 	0 	0 	0 	
3587126111 	320741 	320741 	-1239.3699 	1530.04999999999 	1530 	-108.30963 	90760.9736175537 	90761 	73.858841 	370000 	370000 	-894.0567 	0 	0 	-2473.6177 	-0.0208091735839844 	0 	75.783112 	0 	0 	0 	720 	800 	800 	5789 	-320693 	90761 	-370000 	0 	0 	0 	0 	0 	0 	0 	0 	3587126111 	320741 	320741 	0 	0 	0 	0 	0 	-1239.3699 	1530.04999999999 	1530 	0 	0 	-100003.385549194 	0 	-0.0499999999883585 	-108.30963 	90760.9736175537 	90761 	0 	0 	42916.7971683646 	0 	0.0263824462890625 	73.858841 	370000 	370000 	0 	0 	0 	0 	0 	-894.0567 	0 	0 	0 	0 	0 	0 	0 	-2473.6177 	-0.0208091735839844 	0 	-10.7290176742936 	0 	64375.1957525469 	0 	0.0208091735839844 	75.783112 	0 	0 	0 	720 	800 	800 	5789 	-320693 	90761 	-370000 	0 	0 	0 	0 	0 	0 	0 	0 	
3587126121 	320741 	320741 	-1239.3699 	1530 	1530 	-108.30963 	90760.9950752258 	90761 	73.858841 	370000 	370000 	-894.0567 	0 	0 	-2473.6177 	0.00064849853515625 	0 	75.783112 	0 	0 	0 	720 	800 	800 	5789 	-320693 	90761 	-370000 	0 	0 	0 	31 	0 	0 	0 	0 	3587126121 	320741 	320741 	0 	0 	0 	0 	0 	-1239.3699 	1530 	1530 	-25.000423187157 	0 	50001.692774597 	0 	0 	-108.30963 	90760.9950752258 	90761 	21.4580353485871 	0 	0 	0 	0.00492477416992188 	73.858841 	370000 	370000 	0 	0 	0 	0 	0 	-894.0567 	0 	0 	-25.0004235655132 	0 	-50001.6935313222 	0 	0 	-2473.6177 	0.00064849853515625 	0 	10.7290176742936 	0 	-21458.3985841823 	0 	-0.00064849853515625 	75.783112 	0 	0 	0 	720 	800 	800 	5789 	-320693 	90761 	-370000 	0 	0 	0 	31 	0 	0 	0 	0 	
3587126131 	320741 	320741 	-1239.3699 	1530 	1530 	-108.30963 	90761.0165328979 	90761 	73.858841 	370000 	370000 	-894.0567 	-0.0500000007450581 	0 	-2473.6177 	0.00064849853515625 	0 	75.783112 	0 	0 	0 	720 	800 	800 	5789 	-320693 	90761 	-370000 	0 	0 	0 	31 	27 	0 	0 	0 	3587126131 	320741 	320741 	0 	0 	0 	0 	0 	-1239.3699 	1530 	1530 	0 	0 	0 	0 	0 	-108.30963 	90761.0165328979 	90761 	0 	0 	-42916.7971683646 	0 	-0.0165328979492188 	73.858841 	370000 	370000 	0 	0 	0 	0 	0 	-894.0567 	-0.0500000007450581 	0 	0 	0 	100003.387062644 	0 	0.0500000007450581 	-2473.6177 	0.00064849853515625 	0 	10.7290176742936 	0 	21458.3985841823 	0 	-0.00064849853515625 	75.783112 	0 	0 	0 	720 	800 	800 	5789 	-320693 	90761 	-370000 	0 	0 	0 	31 	27 	0 	0 	0 	
3587126141 	320741 	320741 	-1239.3699 	1530 	1530 	-108.30963 	90760.9950752258 	90761 	73.858841 	370000 	370000 	-894.0567 	0 	0 	-2473.6177 	0.0221061706542969 	0 	75.783112 	0 	0 	0 	720 	800 	800 	5789 	-320693 	90761 	-370000 	0 	0 	0 	31 	27 	0 	0 	0 	3587126141 	320741 	320741 	0 	0 	0 	0 	0 	-1239.3699 	1530 	1530 	0 	0 	0 	0 	0 	-108.30963 	90760.9950752258 	90761 	-21.4580353485871 	0 	0 	0 	0.00492477416992188 	73.858841 	370000 	370000 	0 	0 	0 	0 	0 	-894.0567 	0 	0 	25.0004235655132 	0 	-50001.6935313222 	0 	0 	-2473.6177 	0.0221061706542969 	0 	0 	0 	-42916.7971683646 	0 	-0.0221061706542969 	75.783112 	0 	0 	0 	720 	800 	800 	5789 	-320693 	90761 	-370000 	0 	0 	0 	31 	27 	0 	0 	0 	
3587126151 	320741 	320741 	-1239.3699 	1530 	1530 	-108.30963 	90760.9736175537 	90761 	73.858841 	370000 	370000 	-894.0567 	0 	0 	-2473.6177 	0.00064849853515625 	0 	75.783112 	0 	0 	0 	720 	800 	800 	5789 	-320693 	90761 	-370000 	0 	0 	0 	31 	27 	0 	0 	0 	3587126151 	320741 	320741 	0 	0 	0 	0 	0 	-1239.3699 	1530 	1530 	-25.0004232162614 	0 	-50001.6928328067 	0 	0 	-108.30963 	90760.9736175537 	90761 	0 	0 	42916.7971683646 	0 	0.0263824462890625 	73.858841 	370000 	370000 	0 	0 	0 	0 	0 	-894.0567 	0 	0 	0 	0 	0 	0 	0 	-2473.6177 	0.00064849853515625 	0 	-21.4580353485871 	0 	0 	0 	-0.00064849853515625 	75.783112 	0 	0 	0 	720 	800 	800 	5789 	-320693 	90761 	-370000 	0 	0 	0 	31 	27 	0 	0 	0 	
3587126161 	320741 	320741 	-1239.3699 	1529.94999999995 	1530 	-108.30963 	90760.9950752258 	90761 	73.858841 	370000 	370000 	-894.0567 	0 	0 	-2473.6177 	-0.0208091735839844 	0 	75.783112 	0 	0 	0 	720 	800 	800 	5789 	-320693 	90761 	-370000 	0 	0 	0 	31 	27 	0 	0 	0 	3587126161 	320741 	320741 	0 	0 	0 	0 	0 	-1239.3699 	1529.94999999995 	1530 	25.000423187157 	0 	150005.07844021 	0 	0.0500000000465661 	-108.30963 	90760.9950752258 	90761 	21.4580353485871 	0 	0 	0 	0.00492477416992188 	73.858841 	370000 	370000 	0 	0 	0 	0 	0 	-894.0567 	0 	0 	0 	0 	0 	0 	0 	-2473.6177 	-0.0208091735839844 	0 	0 	0 	42916.7971683646 	0 	0.0208091735839844 	75.783112 	0 	0 	0 	720 	800 	800 	5789 	-320693 	90761 	-370000 	0 	0 	0 	31 	27 	0 	0 	0 	
3587126171 	320741 	320741 	-1239.3699 	1530.04999999999 	1530 	-108.30963 	90761.0165328979 	90761 	73.858841 	370000 	370000 	-894.0567 	0 	0 	-2473.6177 	0.00064849853515625 	0 	75.783112 	0 	0 	0 	720 	800 	800 	5789 	-320693 	90761 	-370000 	0 	0 	0 	31 	27 	0 	-31 	0 	3587126171 	320741 	320741 	0 	0 	0 	0 	0 	-1239.3699 	1530.04999999999 	1530 	0 	0 	-200006.771214807 	0 	-0.0499999999883585 	-108.30963 	90761.0165328979 	90761 	10.7290176742936 	0 	-21458.3985841823 	0 	-0.0165328979492188 	73.858841 	370000 	370000 	0 	0 	0 	0 	0 	-894.0567 	0 	0 	0 	0 	0 	0 	0 	-2473.6177 	0.00064849853515625 	0 	10.7290176742936 	0 	-21458.3985841823 	0 	-0.00064849853515625 	75.783112 	0 	0 	0 	720 	800 	800 	5789 	-320693 	90761 	-370000 	0 	0 	0 	31 	27 	0 	-31 	0 	
3587126181 	320741 	320741 	-1239.3699 	1529.94999999995 	1530 	-108.30963 	90761.0165328979 	90761 	73.858841 	370000 	370000 	-894.0567 	0 	0 	-2473.6177 	0.00064849853515625 	0 	75.783112 	0 	0 	0 	720 	800 	800 	5789 	-320693 	90761 	-370000 	0 	0 	0 	31 	27 	0 	-31 	0 	3587126181 	320741 	320741 	0 	0 	0 	0 	0 	-1239.3699 	1529.94999999995 	1530 	-25.000423187157 	0 	150005.07844021 	0 	0.0500000000465661 	-108.30963 	90761.0165328979 	90761 	-21.4580353485871 	0 	-42916.7971683646 	0 	-0.0165328979492188 	73.858841 	370000 	370000 	0 	0 	0 	0 	0 	-894.0567 	0 	0 	0 	0 	0 	0 	0 	-2473.6177 	0.00064849853515625 	0 	0 	0 	0 	0 	-0.00064849853515625 	75.783112 	0 	0 	0 	720 	800 	800 	5789 	-320693 	90761 	-370000 	0 	0 	0 	31 	27 	0 	-31 	0 	
3587126191 	320741 	320741 	-1239.3699 	1530 	1530 	-108.30963 	90760.9736175537 	90761 	73.858841 	370000 	370000 	-894.0567 	0 	0 	-2473.6177 	0.00064849853515625 	0 	75.783112 	0 	0 	0 	720 	800 	800 	5789 	-320693 	90761 	-370000 	0 	0 	0 	31 	27 	0 	-31 	0 	3587126191 	320741 	320741 	0 	0 	0 	0 	0 	-1239.3699 	1530 	1530 	25.0004232162614 	0 	-50001.6928328067 	0 	0 	-108.30963 	90760.9736175537 	90761 	-21.4580353485871 	0 	42916.7971683646 	0 	0.0263824462890625 	73.858841 	370000 	370000 	0 	0 	0 	0 	0 	-894.0567 	0 	0 	0 	0 	0 	0 	0 	-2473.6177 	0.00064849853515625 	0 	0 	0 	0 	0 	-0.00064849853515625 	75.783112 	0 	0 	0 	720 	800 	800 	5789 	-320693 	90761 	-370000 	0 	0 	0 	31 	27 	0 	-31 	0 	
3587126201 	320741 	320741 	-1239.3699 	1530 	1530 	-108.30963 	90760.9736175537 	90761 	73.858841 	370000 	370000 	-894.0567 	0 	0 	-2473.6177 	0.00064849853515625 	0 	75.783112 	0 	0 	0 	720 	800 	800 	5789 	-320693 	90761 	-370000 	0 	0 	0 	31 	27 	0 	-31 	0 	3587126201 	320741 	320741 	0 	0 	0 	0 	0 	-1239.3699 	1530 	1530 	0 	0 	0 	0 	0 	-108.30963 	90760.9736175537 	90761 	10.7290176742936 	0 	21458.3985841823 	0 	0.0263824462890625 	73.858841 	370000 	370000 	0 	0 	0 	0 	0 	-894.0567 	0 	0 	0 	0 	0 	0 	0 	-2473.6177 	0.00064849853515625 	0 	-10.7290176742936 	0 	-21458.3985841823 	0 	-0.00064849853515625 	75.783112 	0 	0 	0 	720 	800 	800 	5789 	-320693 	90761 	-370000 	0 	0 	0 	31 	27 	0 	-31 	0 	
3587126211 	320741 	320741 	-1239.3699 	1530 	1530 	-108.30963 	90760.9950752258 	90761 	73.858841 	370000 	370000 	-894.0567 	0 	0 	-2473.6177 	-0.0208091735839844 	0 	75.783112 	0 	0 	0 	720 	800 	800 	5789 	-320693 	90761 	-370000 	0 	0 	0 	31 	27 	0 	-31 	0 	3587126211 	320741 	320741 	0 	0 	0 	0 	0 	-1239.3699 	1530 	1530 	0 	0 	0 	0 	0 	-108.30963 	90760.9950752258 	90761 	0 	0 	-42916.7971683646 	0 	0.00492477416992188 	73.858841 	370000 	370000 	0 	0 	0 	0 	0 	-894.0567 	0 	0 	0 	0 	0 	0 	0 	-2473.6177 	-0.0208091735839844 	0 	0 	0 	42916.7971683646 	0 	0.0208091735839844 	75.783112 	0 	0 	0 	720 	800 	800 	5789 	-320693 	90761 	-370000 	0 	0 	0 	31 	27 	0 	-31 	0 	
3587126221 	320741 	320741 	-1239.3699 	1530 	1530 	-108.30963 	90760.9736175537 	90761 	73.858841 	370000 	370000 	-894.0567 	0 	0 	-2473.6177 	0.00064849853515625 	0 	75.783112 	0 	0 	0 	720 	800 	800 	5789 	-320693 	90761 	-370000 	0 	0 	0 	31 	27 	0 	-31 	0 	3587126221 	320741 	320741 	0 	0 	0 	0 	0 	-1239.3699 	1530 	1530 	0 	0 	0 	0 	0 	-108.30963 	90760.9736175537 	90761 	-10.7290176742936 	0 	21458.3985841823 	0 	0.0263824462890625 	73.858841 	370000 	370000 	0 	0 	0 	0 	0 	-894.0567 	0 	0 	0 	0 	0 	0 	0 	-2473.6177 	0.00064849853515625 	0 	0 	0 	-42916.7971683646 	0 	-0.00064849853515625 	75.783112 	0 	0 	0 	720 	800 	800 	5789 	-320693 	90761 	-370000 	0 	0 	0 	31 	27 	0 	-31 	0 	
3587126231 	320741 	320741 	-1239.3699 	1530 	1530 	-108.30963 	90760.9736175537 	90761 	73.858841 	370000 	370000 	-894.0567 	0 	0 	-2473.6177 	-0.0208091735839844 	0 	75.783112 	0 	0 	0 	720 	800 	800 	5789 	-320693 	90761 	-370000 	0 	0 	0 	31 	27 	0 	-31 	0 	3587126231 	320741 	320741 	0 	0 	0 	0 	0 	-1239.3699 	1530 	1530 	0 	0 	0 	0 	0 	-108.30963 	90760.9736175537 	90761 	10.7290176742936 	0 	21458.3985841823 	0 	0.0263824462890625 	73.858841 	370000 	370000 	0 	0 	0 	0 	0 	-894.0567 	0 	0 	0 	0 	0 	0 	0 	-2473.6177 	-0.0208091735839844 	0 	0 	0 	42916.7971683646 	0 	0.0208091735839844 	75.783112 	0 	0 	0 	720 	800 	800 	5789 	-320693 	90761 	-370000 	0 	0 	0 	31 	27 	0 	-31 	0 	
3587126241 	320741 	320741 	-1239.3699 	1530 	1530 	-108.30963 	90760.9950752258 	90761 	73.858841 	370000 	370000 	-894.0567 	0 	0 	-2473.6177 	0.00064849853515625 	0 	75.783112 	0 	0 	0 	720 	800 	800 	5789 	-320693 	90761 	-370000 	0 	0 	0 	31 	27 	0 	-31 	0 	3587126241 	320741 	320741 	0 	0 	0 	0 	0 	-1239.3699 	1530 	1530 	0 	0 	0 	0 	0 	-108.30963 	90760.9950752258 	90761 	10.7290176742936 	0 	-21458.3985841823 	0 	0.00492477416992188 	73.858841 	370000 	370000 	0 	0 	0 	0 	0 	-894.0567 	0 	0 	0 	0 	0 	0 	0 	-2473.6177 	0.00064849853515625 	0 	21.4580353485871 	0 	0 	0 	-0.00064849853515625 	75.783112 	0 	0 	0 	720 	800 	800 	5789 	-320693 	90761 	-370000 	0 	0 	0 	31 	27 	0 	-31 	0 	
3587126251 	320741 	320741 	-1239.3699 	1530 	1530 	-108.30963 	90760.9950752258 	90761 	73.858841 	370000 	370000 	-894.0567 	0 	0 	-2473.6177 	0.0221061706542969 	0 	75.783112 	0 	0 	0 	720 	800 	800 	5789 	-320693 	90761 	-370000 	0 	0 	0 	31 	27 	0 	-31 	0 	3587126251 	320741 	320741 	0 	0 	0 	0 	0 	-1239.3699 	1530 	1530 	0 	0 	0 	0 	0 	-108.30963 	90760.9950752258 	90761 	-10.7290176742936 	0 	-21458.3985841823 	0 	0.00492477416992188 	73.858841 	370000 	370000 	0 	0 	0 	0 	0 	-894.0567 	0 	0 	-25.0004235655132 	0 	-50001.6935313222 	0 	0 	-2473.6177 	0.0221061706542969 	0 	0 	0 	-42916.7971683646 	0 	-0.0221061706542969 	75.783112 	0 	0 	0 	720 	800 	800 	5789 	-320693 	90761 	-370000 	0 	0 	0 	31 	27 	0 	-31 	0 	
3587126261 	320741 	320741 	-1239.3699 	1530 	1530 	-108.30963 	90760.9736175537 	90761 	73.858841 	370000 	370000 	-894.0567 	-0.0500000007450581 	0 	-2473.6177 	0.00064849853515625 	0 	75.783112 	0 	0 	0 	720 	800 	800 	5789 	-320693 	90761 	-370000 	0 	0 	0 	31 	27 	0 	-31 	0 	3587126261 	320741 	320741 	-25.0004233326786 	0 	-50001.6930656452 	0 	0 	-1239.3699 	1530 	1530 	0 	0 	0 	0 	0 	-108.30963 	90760.9736175537 	90761 	0 	0 	42916.7971683646 	0 	0.0263824462890625 	73.858841 	370000 	370000 	0 	0 	0 	0 	0 	-894.0567 	-0.0500000007450581 	0 	0 	0 	100003.387062644 	0 	0.0500000007450581 	-2473.6177 	0.00064849853515625 	0 	-21.4580353485871 	0 	0 	0 	-0.00064849853515625 	75.783112 	0 	0 	0 	720 	800 	800 	5789 	-320693 	90761 	-370000 	0 	0 	0 	31 	27 	0 	-31 	0 	
3587126271 	320740.95 	320741 	-1239.3699 	1530 	1530 	-108.30963 	90760.9950752258 	90761 	73.858841 	370000 	370000 	-894.0567 	0 	0 	-2473.6177 	-0.0208091735839844 	0 	75.783112 	0 	0 	0 	720 	800 	800 	5789 	-320693 	90761 	-370000 	0 	0 	0 	31 	27 	0 	-31 	0 	3587126271 	320740.95 	320741 	0 	0 	100003.38613129 	0 	0.0500000002793968 	-1239.3699 	1530 	1530 	0 	0 	0 	0 	0 	-108.30963 	90760.9950752258 	90761 	10.7290176742936 	0 	-21458.3985841823 	0 	0.00492477416992188 	73.858841 	370000 	370000 	0 	0 	0 	0 	0 	-894.0567 	0 	0 	25.0004235655132 	0 	-50001.6935313222 	0 	0 	-2473.6177 	-0.0208091735839844 	0 	0 	0 	42916.7971683646 	0 	0.0208091735839844 	75.783112 	0 	0 	0 	720 	800 	800 	5789 	-320693 	90761 	-370000 	0 	0 	0 	31 	27 	0 	-31 	0 	
3587126281 	320741 	320741 	-1239.3699 	1530 	1530 	-108.30963 	90760.9950752258 	90761 	73.858841 	370000 	370000 	-894.0567 	0 	0 	-2473.6177 	0.00064849853515625 	0 	75.783112 	0 	0 	0 	720 	800 	800 	5789 	-320693 	90761 	-370000 	0 	0 	0 	0 	27 	0 	-31 	0 	3587126281 	320741 	320741 	25.0004233326786 	0 	-50001.6930656452 	0 	0 	-1239.3699 	1530 	1530 	0 	0 	0 	0 	0 	-108.30963 	90760.9950752258 	90761 	0 	0 	0 	0 	0.00492477416992188 	73.858841 	370000 	370000 	0 	0 	0 	0 	0 	-894.0567 	0 	0 	0 	0 	0 	0 	0 	-2473.6177 	0.00064849853515625 	0 	21.4580353485871 	0 	0 	0 	-0.00064849853515625 	75.783112 	0 	0 	0 	720 	800 	800 	5789 	-320693 	90761 	-370000 	0 	0 	0 	0 	27 	0 	-31 	0 	
3587126291 	320741 	320741 	-1239.3699 	1530 	1530 	-108.30963 	90760.9950752258 	90761 	73.858841 	370000 	370000 	-894.0567 	0 	0 	-2473.6177 	0.0221061706542969 	0 	75.783112 	0 	0 	0 	720 	800 	800 	5789 	-320693 	90761 	-370000 	0 	0 	0 	0 	0 	0 	-31 	0 	3587126291 	320741 	320741 	-25.0004233326786 	0 	-50001.6930656452 	0 	0 	-1239.3699 	1530 	1530 	0 	0 	0 	0 	0 	-108.30963 	90760.9950752258 	90761 	0 	0 	0 	0 	0.00492477416992188 	73.858841 	370000 	370000 	0 	0 	0 	0 	0 	-894.0567 	0 	0 	25.0004230998441 	0 	50001.6925999681 	0 	0 	-2473.6177 	0.0221061706542969 	0 	0 	0 	-42916.7971683646 	0 	-0.0221061706542969 	75.783112 	0 	0 	0 	720 	800 	800 	5789 	-320693 	90761 	-370000 	0 	0 	0 	0 	0 	0 	-31 	0 	
3587126301 	320740.95 	320741 	-1239.3699 	1530 	1530 	-108.30963 	90760.9950752258 	90761 	73.858841 	370000 	370000 	-894.0567 	0.0499999998137355 	0 	-2473.6177 	0.00064849853515625 	0 	75.783112 	0 	0 	0 	720 	800 	800 	5789 	-320693 	90761 	-370000 	0 	0 	0 	0 	0 	0 	-31 	0 	3587126301 	320740.95 	320741 	0 	0 	100003.38613129 	0 	0.0500000002793968 	-1239.3699 	1530 	1530 	0 	0 	0 	0 	0 	-108.30963 	90760.9950752258 	90761 	10.7290176742936 	0 	21458.3985841823 	0 	0.00492477416992188 	73.858841 	370000 	370000 	0 	0 	0 	0 	0 	-894.0567 	0.0499999998137355 	0 	-25.0004235655132 	0 	-150005.078731259 	0 	-0.0499999998137355 	-2473.6177 	0.00064849853515625 	0 	-10.7290176742936 	0 	21458.3985841823 	0 	-0.00064849853515625 	75.783112 	0 	0 	0 	720 	800 	800 	5789 	-320693 	90761 	-370000 	0 	0 	0 	0 	0 	0 	-31 	0 	
3587126311 	320741 	320741 	-1239.3699 	1530 	1530 	-108.30963 	90761.0165328979 	90761 	73.858841 	370000 	370000 	-894.0567 	-0.0500000007450581 	0 	-2473.6177 	0.00064849853515625 	0 	75.783112 	0 	0 	0 	720 	800 	800 	5789 	-320693 	90761 	-370000 	0 	0 	0 	0 	0 	0 	-31 	0 	3587126311 	320741 	320741 	25.0004233326786 	0 	-50001.6930656452 	0 	0 	-1239.3699 	1530 	1530 	0 	0 	0 	0 	0 	-108.30963 	90761.0165328979 	90761 	10.7290176742936 	0 	-21458.3985841823 	0 	-0.0165328979492188 	73.858841 	370000 	370000 	0 	0 	0 	0 	0 	-894.0567 	-0.0500000007450581 	0 	-25.0004230998441 	0 	150005.079662613 	0 	0.0500000007450581 	-2473.6177 	0.00064849853515625 	0 	10.7290176742936 	0 	21458.3985841823 	0 	-0.00064849853515625 	75.783112 	0 	0 	0 	720 	800 	800 	5789 	-320693 	90761 	-370000 	0 	0 	0 	0 	0 	0 	-31 	0 	
3587126321 	320741 	320741 	-1239.3699 	1530 	1530 	-108.30963 	90761.0165328979 	90761 	73.858841 	370000 	370000 	-894.0567 	0 	0 	-2473.6177 	0.0221061706542969 	0 	75.783112 	0 	0 	0 	720 	800 	800 	5789 	-320693 	90761 	-370000 	0 	0 	0 	0 	0 	0 	-31 	0 	3587126321 	320741 	320741 	0 	0 	0 	0 	0 	-1239.3699 	1530 	1530 	0 	0 	0 	0 	0 	-108.30963 	90761.0165328979 	90761 	-10.7290176742936 	0 	-21458.3985841823 	0 	-0.0165328979492188 	73.858841 	370000 	370000 	0 	0 	0 	0 	0 	-894.0567 	0 	0 	25.0004235655132 	0 	-50001.6935313222 	0 	0 	-2473.6177 	0.0221061706542969 	0 	-10.7290176742936 	0 	-64375.1957525469 	0 	-0.0221061706542969 	75.783112 	0 	0 	0 	720 	800 	800 	5789 	-320693 	90761 	-370000 	0 	0 	0 	0 	0 	0 	-31 	0 	
3587126331 	320741 	320741 	-1239.3699 	1530 	1530 	-108.30963 	90760.9950752258 	90761 	73.858841 	370000 	370000 	-894.0567 	0 	0 	-2473.6177 	-0.0208091735839844 	0 	75.783112 	0 	0 	0 	720 	800 	800 	5789 	-320693 	90761 	-370000 	0 	0 	0 	0 	0 	0 	31 	0 	3587126331 	320741 	320741 	0 	0 	0 	0 	0 	-1239.3699 	1530 	1530 	0 	0 	0 	0 	0 	-108.30963 	90760.9950752258 	90761 	-10.7290176742936 	0 	21458.3985841823 	0 	0.00492477416992188 	73.858841 	370000 	370000 	0 	0 	0 	0 	0 	-894.0567 	0 	0 	0 	0 	0 	0 	0 	-2473.6177 	-0.0208091735839844 	0 	0 	0 	85833.5943367292 	0 	0.0208091735839844 	75.783112 	0 	0 	0 	720 	800 	800 	5789 	-320693 	90761 	-370000 	0 	0 	0 	0 	0 	0 	31 	0 	
3587126341 	320741 	320741 	-1239.3699 	1530 	1530 	-108.30963 	90760.9950752258 	90761 	73.858841 	370000 	370000 	-894.0567 	0 	0 	-2473.6177 	0.0221061706542969 	0 	75.783112 	0 	0 	0 	720 	800 	800 	5789 	-320693 	90761 	-370000 	0 	0 	0 	0 	0 	0 	31 	0 	3587126341 	320741 	320741 	0 	0 	0 	0 	0 	-1239.3699 	1530 	1530 	0 	0 	0 	0 	0 	-108.30963 	90760.9950752258 	90761 	0 	0 	0 	0 	0.00492477416992188 	73.858841 	370000 	370000 	0 	0 	0 	0 	0 	-894.0567 	0 	0 	0 	0 	0 	0 	0 	-2473.6177 	0.0221061706542969 	0 	10.7290176742936 	0 	-64375.1957525469 	0 	-0.0221061706542969 	75.783112 	0 	0 	0 	720 	800 	800 	5789 	-320693 	90761 	-370000 	0 	0 	0 	0 	0 	0 	31 	0 	
3587126351 	320741 	320741 	-1239.3699 	1530 	1530 	-108.30963 	90760.9950752258 	90761 	73.858841 	370000 	370000 	-894.0567 	0 	0 	-2473.6177 	0.00064849853515625 	0 	75.783112 	0 	0 	0 	720 	800 	800 	5789 	-320693 	90761 	-370000 	0 	0 	0 	0 	0 	0 	31 	0 	3587126351 	320741 	320741 	0 	0 	0 	0 	0 	-1239.3699 	1530 	1530 	0 	0 	0 	0 	0 	-108.30963 	90760.9950752258 	90761 	0 	0 	0 	0 	0.00492477416992188 	73.858841 	370000 	370000 	0 	0 	0 	0 	0 	-894.0567 	0 	0 	0 	0 	0 	0 	0 	-2473.6177 	0.00064849853515625 	0 	-10.7290176742936 	0 	21458.3985841823 	0 	-0.00064849853515625 	75.783112 	0 	0 	0 	720 	800 	800 	5789 	-320693 	90761 	-370000 	0 	0 	0 	0 	0 	0 	31 	0 	
3587126361 	320741 	320741 	-1239.3699 	1530 	1530 	-108.30963 	90760.9950752258 	90761 	73.858841 	370000 	370000 	-894.0567 	0 	0 	-2473.6177 	0.00064849853515625 	0 	75.783112 	0 	0 	0 	720 	800 	800 	5789 	-320693 	90761 	-370000 	0 	0 	0 	0 	0 	0 	31 	0 	3587126361 	320741 	320741 	0 	0 	0 	0 	0 	-1239.3699 	1530 	1530 	0 	0 	0 	0 	0 	-108.30963 	90760.9950752258 	90761 	0 	0 	0 	0 	0.00492477416992188 	73.858841 	370000 	370000 	0 	0 	0 	0 	0 	-894.0567 	0 	0 	25.0004230998441 	0 	50001.6925999681 	0 	0 	-2473.6177 	0.00064849853515625 	0 	-10.7290176742936 	0 	-21458.3985841823 	0 	-0.00064849853515625 	75.783112 	0 	0 	0 	720 	800 	800 	5789 	-320693 	90761 	-370000 	0 	0 	0 	0 	0 	0 	31 	0 	
3587126371 	320741 	320741 	-1239.3699 	1530 	1530 	-108.30963 	90760.9950752258 	90761 	73.858841 	370000 	370000 	-894.0567 	0.0499999998137355 	0 	-2473.6177 	-0.0208091735839844 	0 	75.783112 	0 	0 	0 	720 	800 	800 	5789 	-320693 	90761 	-370000 	0 	0 	0 	0 	0 	0 	31 	0 	3587126371 	320741 	320741 	0 	0 	0 	0 	0 	-1239.3699 	1530 	1530 	0 	0 	0 	0 	0 	-108.30963 	90760.9950752258 	90761 	0 	0 	0 	0 	0.00492477416992188 	73.858841 	370000 	370000 	0 	0 	0 	0 	0 	-894.0567 	0.0499999998137355 	0 	0 	0 	-100003.385199936 	0 	-0.0499999998137355 	-2473.6177 	-0.0208091735839844 	0 	10.7290176742936 	0 	64375.1957525469 	0 	0.0208091735839844 	75.783112 	0 	0 	0 	720 	800 	800 	5789 	-320693 	90761 	-370000 	0 	0 	0 	0 	0 	0 	31 	0 	
3587126381 	320741 	320741 	-1239.3699 	1530 	1530 	-108.30963 	90760.9950752258 	90761 	73.858841 	370000 	370000 	-894.0567 	0 	0 	-2473.6177 	0.0221061706542969 	0 	75.783112 	0 	0 	0 	720 	800 	800 	5789 	-320693 	90761 	-370000 	0 	0 	0 	0 	0 	0 	31 	0 	3587126381 	320741 	320741 	0 	0 	0 	0 	0 	-1239.3699 	1530 	1530 	0 	0 	0 	0 	0 	-108.30963 	90760.9950752258 	90761 	10.7290176742936 	0 	21458.3985841823 	0 	0.00492477416992188 	73.858841 	370000 	370000 	0 	0 	0 	0 	0 	-894.0567 	0 	0 	-25.0004230998441 	0 	50001.6925999681 	0 	0 	-2473.6177 	0.0221061706542969 	0 	0 	0 	-85833.5943367292 	0 	-0.0221061706542969 	75.783112 	0 	0 	0 	720 	800 	800 	5789 	-320693 	90761 	-370000 	0 	0 	0 	0 	0 	0 	31 	0 	
3587126391 	320741 	320741 	-1239.3699 	1530 	1530 	-108.30963 	90761.0165328979 	90761 	73.858841 	370000 	370000 	-894.0567 	0 	0 	-2473.6177 	-0.0208091735839844 	0 	75.783112 	0 	0 	0 	720 	800 	800 	5789 	-320693 	90761 	-370000 	0 	0 	0 	0 	0 	0 	31 	0 	3587126391 	320741 	320741 	0 	0 	0 	0 	0 	-1239.3699 	1530 	1530 	0 	0 	0 	0 	0 	-108.30963 	90761.0165328979 	90761 	0 	0 	-42916.7971683646 	0 	-0.0165328979492188 	73.858841 	370000 	370000 	0 	0 	0 	0 	0 	-894.0567 	0 	0 	0 	0 	0 	0 	0 	-2473.6177 	-0.0208091735839844 	0 	-10.7290176742936 	0 	64375.1957525469 	0 	0.0208091735839844 	75.783112 	0 	0 	0 	720 	800 	800 	5789 	-320693 	90761 	-370000 	0 	0 	0 	0 	0 	0 	31 	0 	
3587126401 	320741 	320741 	-1239.3699 	1530 	1530 	-108.30963 	90760.9950752258 	90761 	73.858841 	370000 	370000 	-894.0567 	0 	0 	-2473.6177 	0.00064849853515625 	0 	75.783112 	0 	0 	0 	720 	800 	800 	5789 	-320693 	90761 	-370000 	0 	0 	0 	0 	0 	0 	31 	0 	3587126401 	320741 	320741 	0 	0 	0 	0 	0 	-1239.3699 	1530 	1530 	0 	0 	0 	0 	0 	-108.30963 	90760.9950752258 	90761 	0 	0 	42916.7971683646 	0 	0.00492477416992188 	73.858841 	370000 	370000 	0 	0 	0 	0 	0 	-894.0567 	0 	0 	0 	0 	0 	0 	0 	-2473.6177 	0.00064849853515625 	0 	10.7290176742936 	0 	-21458.3985841823 	0 	-0.00064849853515625 	75.783112 	0 	0 	0 	720 	800 	800 	5789 	-320693 	90761 	-370000 	0 	0 	0 	0 	0 	0 	31 	0 	
3587126411 	320741 	320741 	-1239.3699 	1530 	1530 	-108.30963 	90761.0165328979 	90761 	73.858841 	370000 	370000 	-894.0567 	0 	0 	-2473.6177 	0.00064849853515625 	0 	75.783112 	0 	0 	0 	720 	800 	800 	5789 	-320693 	90761 	-370000 	0 	0 	0 	0 	0 	0 	31 	0 	3587126411 	320741 	320741 	0 	0 	0 	0 	0 	-1239.3699 	1530 	1530 	0 	0 	0 	0 	0 	-108.30963 	90761.0165328979 	90761 	0 	0 	-42916.7971683646 	0 	-0.0165328979492188 	73.858841 	370000 	370000 	0 	0 	0 	0 	0 	-894.0567 	0 	0 	0 	0 	0 	0 	0 	-2473.6177 	0.00064849853515625 	0 	10.7290176742936 	0 	21458.3985841823 	0 	-0.00064849853515625 	75.783112 	0 	0 	0 	720 	800 	800 	5789 	-320693 	90761 	-370000 	0 	0 	0 	0 	0 	0 	31 	0 	
3587126421 	320741 	320741 	-1239.3699 	1530 	1530 	-108.30963 	90760.9950752258 	90761 	73.858841 	370000 	370000 	-894.0567 	0 	0 	-2473.6177 	0.0221061706542969 	0 	75.783112 	0 	0 	0 	720 	800 	800 	5789 	-320693 	90761 	-370000 	0 	0 	0 	0 	0 	0 	31 	0 	3587126421 	320741 	320741 	0 	0 	0 	0 	0 	-1239.3699 	1530 	1530 	0 	0 	0 	0 	0 	-108.30963 	90760.9950752258 	90761 	0 	0 	42916.7971683646 	0 	0.00492477416992188 	73.858841 	370000 	370000 	0 	0 	0 	0 	0 	-894.0567 	0 	0 	0 	0 	0 	0 	0 	-2473.6177 	0.0221061706542969 	0 	0 	0 	-42916.7971683646 	0 	-0.0221061706542969 	75.783112 	0 	0 	0 	720 	800 	800 	5789 	-320693 	90761 	-370000 	0 	0 	0 	0 	0 	0 	31 	0 	
3587126431 	320741 	320741 	-1239.3699 	1530 	1530 	-108.30963 	90761.0165328979 	90761 	73.858841 	370000 	370000 	-894.0567 	0 	0 	-2473.6177 	0.00064849853515625 	0 	75.783112 	0 	0 	0 	720 	800 	800 	5789 	-320693 	90761 	-370000 	0 	0 	0 	0 	0 	0 	31 	0 	3587126431 	320741 	320741 	-25.0004233326786 	0 	-50001.6930656452 	0 	0 	-1239.3699 	1530 	1530 	0 	0 	0 	0 	0 	-108.30963 	90761.0165328979 	90761 	0 	0 	-42916.7971683646 	0 	-0.0165328979492188 	73.858841 	370000 	370000 	0 	0 	0 	0 	0 	-894.0567 	0 	0 	0 	0 	0 	0 	0 	-2473.6177 	0.00064849853515625 	0 	0 	0 	42916.7971683646 	0 	-0.00064849853515625 	75.783112 	0 	0 	0 	720 	800 	800 	5789 	-320693 	90761 	-370000 	0 	0 	0 	0 	0 	0 	31 	0 	
3587126441 	320740.95 	320741 	-1239.3699 	1530 	1530 	-108.30963 	90760.9950752258 	90761 	73.858841 	370000 	370000 	-894.0567 	0 	0 	-2473.6177 	0.0221061706542969 	0 	75.783112 	0 	0 	0 	720 	800 	800 	5789 	-320693 	90761 	-370000 	0 	0 	0 	0 	0 	0 	31 	0 	3587126441 	320740.95 	320741 	0 	0 	100003.38613129 	0 	0.0500000002793968 	-1239.3699 	1530 	1530 	0 	0 	0 	0 	0 	-108.30963 	90760.9950752258 	90761 	-10.7290176742936 	0 	21458.3985841823 	0 	0.00492477416992188 	73.858841 	370000 	370000 	0 	0 	0 	0 	0 	-894.0567 	0 	0 	0 	0 	0 	0 	0 	-2473.6177 	0.0221061706542969 	0 	0 	0 	-42916.7971683646 	0 	-0.0221061706542969 	75.783112 	0 	0 	0 	720 	800 	800 	5789 	-320693 	90761 	-370000 	0 	0 	0 	0 	0 	0 	31 	0 	
3587126451 	320741 	320741 	-1239.3699 	1530 	1530 	-108.30963 	90760.9950752258 	90761 	73.858841 	370000 	370000 	-894.0567 	0 	0 	-2473.6177 	0.00064849853515625 	0 	75.783112 	0 	0 	0 	720 	800 	800 	5789 	-320693 	90761 	-370000 	0 	0 	0 	0 	-13 	0 	31 	0 	3587126451 	320741 	320741 	25.0004233326786 	0 	-50001.6930656452 	0 	0 	-1239.3699 	1530 	1530 	0 	0 	0 	0 	0 	-108.30963 	90760.9950752258 	90761 	0 	0 	0 	0 	0.00492477416992188 	73.858841 	370000 	370000 	0 	0 	0 	0 	0 	-894.0567 	0 	0 	0 	0 	0 	0 	0 	-2473.6177 	0.00064849853515625 	0 	-10.7290176742936 	0 	21458.3985841823 	0 	-0.00064849853515625 	75.783112 	0 	0 	0 	720 	800 	800 	5789 	-320693 	90761 	-370000 	0 	0 	0 	0 	-13 	0 	31 	0 	
3587126461 	320741 	320741 	-1239.3699 	1530 	1530 	-108.30963 	90760.9950752258 	90761 	73.858841 	370000 	370000 	-894.0567 	0 	0 	-2473.6177 	0.00064849853515625 	0 	75.783112 	0 	0 	0 	720 	800 	800 	5789 	-320693 	90761 	-370000 	0 	0 	0 	0 	-13 	0 	31 	0 	3587126461 	320741 	320741 	0 	0 	0 	0 	0 	-1239.3699 	1530 	1530 	0 	0 	0 	0 	0 	-108.30963 	90760.9950752258 	90761 	10.7290176742936 	0 	21458.3985841823 	0 	0.00492477416992188 	73.858841 	370000 	370000 	0 	0 	0 	0 	0 	-894.0567 	0 	0 	0 	0 	0 	0 	0 	-2473.6177 	0.00064849853515625 	0 	-10.7290176742936 	0 	-21458.3985841823 	0 	-0.00064849853515625 	75.783112 	0 	0 	0 	720 	800 	800 	5789 	-320693 	90761 	-370000 	0 	0 	0 	0 	-13 	0 	31 	0 	
3587126471 	320741 	320741 	-1239.3699 	1530 	1530 	-108.30963 	90761.0165328979 	90761 	73.858841 	370000 	370000 	-894.0567 	0 	0 	-2473.6177 	-0.0208091735839844 	0 	75.783112 	0 	0 	0 	720 	800 	800 	5789 	-320693 	90761 	-370000 	0 	0 	0 	0 	-13 	0 	31 	0 	3587126471 	320741 	320741 	0 	0 	0 	0 	0 	-1239.3699 	1530 	1530 	0 	0 	0 	0 	0 	-108.30963 	90761.0165328979 	90761 	0 	0 	-42916.7971683646 	0 	-0.0165328979492188 	73.858841 	370000 	370000 	0 	0 	0 	0 	0 	-894.0567 	0 	0 	0 	0 	0 	0 	0 	-2473.6177 	-0.0208091735839844 	0 	0 	0 	42916.7971683646 	0 	0.0208091735839844 	75.783112 	0 	0 	0 	720 	800 	800 	5789 	-320693 	90761 	-370000 	0 	0 	0 	0 	-13 	0 	31 	0 	
3587126481 	320741 	320741 	-1239.3699 	1530 	1530 	-108.30963 	90760.9950752258 	90761 	73.858841 	370000 	370000 	-894.0567 	0 	0 	-2473.6177 	0.00064849853515625 	0 	75.783112 	0 	0 	0 	720 	800 	800 	5789 	-320693 	90761 	-370000 	0 	0 	0 	0 	-13 	0 	31 	0 	3587126481 	320741 	320741 	0 	0 	0 	0 	0 	-1239.3699 	1530 	1530 	0 	0 	0 	0 	0 	-108.30963 	90760.9950752258 	90761 	-21.4580353485871 	0 	0 	0 	0.00492477416992188 	73.858841 	370000 	370000 	0 	0 	0 	0 	0 	-894.0567 	0 	0 	0 	0 	0 	0 	0 	-2473.6177 	0.00064849853515625 	0 	10.7290176742936 	0 	-21458.3985841823 	0 	-0.00064849853515625 	75.783112 	0 	0 	0 	720 	800 	800 	5789 	-320693 	90761 	-370000 	0 	0 	0 	0 	-13 	0 	31 	0 	
3587126491 	320741 	320741 	-1239.3699 	1530 	1530 	-108.30963 	90760.9736175537 	90761 	73.858841 	370000 	370000 	-894.0567 	0 	0 	-2473.6177 	0.00064849853515625 	0 	75.783112 	0 	0 	0 	720 	800 	800 	5789 	-320693 	90761 	-370000 	0 	0 	0 	0 	-13 	0 	0 	0 	3587126491 	320741 	320741 	0 	0 	0 	0 	0 	-1239.3699 	1530 	1530 	0 	0 	0 	0 	0 	-108.30963 	90760.9736175537 	90761 	-10.7290176742936 	0 	21458.3985841823 	0 	0.0263824462890625 	73.858841 	370000 	370000 	0 	0 	0 	0 	0 	-894.0567 	0 	0 	0 	0 	0 	0 	0 	-2473.6177 	0.00064849853515625 	0 	0 	0 	0 	0 	-0.00064849853515625 	75.783112 	0 	0 	0 	720 	800 	800 	5789 	-320693 	90761 	-370000 	0 	0 	0 	0 	-13 	0 	0 	0 	
3587126501 	320741 	320741 	-1239.3699 	1530 	1530 	-108.30963 	90760.9736175537 	90761 	73.858841 	370000 	370000 	-894.0567 	0 	0 	-2473.6177 	0.00064849853515625 	0 	75.783112 	0 	0 	0 	720 	800 	800 	5789 	-320693 	90761 	-370000 	0 	0 	0 	0 	-13 	0 	0 	0 	3587126501 	320741 	320741 	0 	0 	0 	0 	0 	-1239.3699 	1530 	1530 	0 	0 	0 	0 	0 	-108.30963 	90760.9736175537 	90761 	21.4580353485871 	0 	42916.7971683646 	0 	0.0263824462890625 	73.858841 	370000 	370000 	0 	0 	0 	0 	0 	-894.0567 	0 	0 	0 	0 	0 	0 	0 	-2473.6177 	0.00064849853515625 	0 	10.7290176742936 	0 	21458.3985841823 	0 	-0.00064849853515625 	75.783112 	0 	0 	0 	720 	800 	800 	5789 	-320693 	90761 	-370000 	0 	0 	0 	0 	-13 	0 	0 	0 	
3587126511 	320741 	320741 	-1239.3699 	1530 	1530 	-108.30963 	90761.0165328979 	90761 	73.858841 	370000 	370000 	-894.0567 	0 	0 	-2473.6177 	0.0221061706542969 	0 	75.783112 	0 	0 	0 	720 	800 	800 	5789 	-320693 	90761 	-370000 	0 	0 	0 	0 	-13 	0 	0 	0 	3587126511 	320741 	320741 	0 	0 	0 	0 	0 	-1239.3699 	1530 	1530 	0 	0 	0 	0 	0 	-108.30963 	90761.0165328979 	90761 	10.7290176742936 	0 	-64375.1957525469 	0 	-0.0165328979492188 	73.858841 	370000 	370000 	0 	0 	0 	0 	0 	-894.0567 	0 	0 	0 	0 	0 	0 	0 	-2473.6177 	0.0221061706542969 	0 	0 	0 	-42916.7971683646 	0 	-0.0221061706542969 	75.783112 	0 	0 	0 	720 	800 	800 	5789 	-320693 	90761 	-370000 	0 	0 	0 	0 	-13 	0 	0 	0 	
3587126521 	320741 	320741 	-1239.3699 	1530 	1530 	-108.30963 	90760.9950752258 	90761 	73.858841 	370000 	370000 	-894.0567 	0 	0 	-2473.6177 	0.00064849853515625 	0 	75.783112 	0 	0 	0 	720 	800 	800 	5789 	-320693 	90761 	-370000 	0 	0 	0 	0 	-13 	0 	0 	0 	3587126521 	320741 	320741 	0 	0 	0 	0 	0 	-1239.3699 	1530 	1530 	0 	0 	0 	0 	0 	-108.30963 	90760.9950752258 	90761 	-10.7290176742936 	0 	21458.3985841823 	0 	0.00492477416992188 	73.858841 	370000 	370000 	0 	0 	0 	0 	0 	-894.0567 	0 	0 	-25.0004235655132 	0 	-50001.6935313222 	0 	0 	-2473.6177 	0.00064849853515625 	0 	-10.7290176742936 	0 	21458.3985841823 	0 	-0.00064849853515625 	75.783112 	0 	0 	0 	720 	800 	800 	5789 	-320693 	90761 	-370000 	0 	0 	0 	0 	-13 	0 	0 	0 	
3587126531 	320741 	320741 	-1239.3699 	1530 	1530 	-108.30963 	90760.9950752258 	90761 	73.858841 	370000 	370000 	-894.0567 	-0.0500000007450581 	0 	-2473.6177 	0.00064849853515625 	0 	75.783112 	0 	0 	0 	720 	800 	800 	5789 	-320693 	90761 	-370000 	0 	0 	0 	0 	-13 	0 	0 	0 	3587126531 	320741 	320741 	0 	0 	0 	0 	0 	-1239.3699 	1530 	1530 	0 	0 	0 	0 	0 	-108.30963 	90760.9950752258 	90761 	10.7290176742936 	0 	21458.3985841823 	0 	0.00492477416992188 	73.858841 	370000 	370000 	0 	0 	0 	0 	0 	-894.0567 	-0.0500000007450581 	0 	0 	0 	100003.387062644 	0 	0.0500000007450581 	-2473.6177 	0.00064849853515625 	0 	0 	0 	0 	0 	-0.00064849853515625 	75.783112 	0 	0 	0 	720 	800 	800 	5789 	-320693 	90761 	-370000 	0 	0 	0 	0 	-13 	0 	0 	0 	
3587126541 	320741 	320741 	-1239.3699 	1530 	1530 	-108.30963 	90761.0165328979 	90761 	73.858841 	370000 	370000 	-894.0567 	0 	0 	-2473.6177 	0.00064849853515625 	0 	75.783112 	0 	0 	0 	720 	800 	800 	5789 	-320693 	90761 	-370000 	0 	0 	0 	0 	-13 	0 	0 	0 	3587126541 	320741 	320741 	0 	0 	0 	0 	0 	-1239.3699 	1530 	1530 	0 	0 	0 	0 	0 	-108.30963 	90761.0165328979 	90761 	0 	0 	-42916.7971683646 	0 	-0.0165328979492188 	73.858841 	370000 	370000 	0 	0 	0 	0 	0 	-894.0567 	0 	0 	25.0004235655132 	0 	-50001.6935313222 	0 	0 	-2473.6177 	0.00064849853515625 	0 	-10.7290176742936 	0 	-21458.3985841823 	0 	-0.00064849853515625 	75.783112 	0 	0 	0 	720 	800 	800 	5789 	-320693 	90761 	-370000 	0 	0 	0 	0 	-13 	0 	0 	0 	
3587126551 	320741 	320741 	-1239.3699 	1530 	1530 	-108.30963 	90760.9950752258 	90761 	73.858841 	370000 	370000 	-894.0567 	0 	0 	-2473.6177 	-0.0208091735839844 	0 	75.783112 	0 	0 	0 	720 	800 	800 	5789 	-320693 	90761 	-370000 	0 	0 	0 	0 	-13 	0 	0 	0 	3587126551 	320741 	320741 	0 	0 	0 	0 	0 	-1239.3699 	1530 	1530 	0 	0 	0 	0 	0 	-108.30963 	90760.9950752258 	90761 	-10.7290176742936 	0 	21458.3985841823 	0 	0.00492477416992188 	73.858841 	370000 	370000 	0 	0 	0 	0 	0 	-894.0567 	0 	0 	0 	0 	0 	0 	0 	-2473.6177 	-0.0208091735839844 	0 	0 	0 	42916.7971683646 	0 	0.0208091735839844 	75.783112 	0 	0 	0 	720 	800 	800 	5789 	-320693 	90761 	-370000 	0 	0 	0 	0 	-13 	0 	0 	0 	
3587126561 	320741 	320741 	-1239.3699 	1530 	1530 	-108.30963 	90760.9950752258 	90761 	73.858841 	370000 	370000 	-894.0567 	0 	0 	-2473.6177 	0.00064849853515625 	0 	75.783112 	0 	0 	0 	720 	800 	800 	5789 	-320693 	90761 	-370000 	0 	0 	0 	0 	-13 	0 	0 	0 	3587126561 	320741 	320741 	0 	0 	0 	0 	0 	-1239.3699 	1530 	1530 	0 	0 	0 	0 	0 	-108.30963 	90760.9950752258 	90761 	0 	0 	0 	0 	0.00492477416992188 	73.858841 	370000 	370000 	0 	0 	0 	0 	0 	-894.0567 	0 	0 	0 	0 	0 	0 	0 	-2473.6177 	0.00064849853515625 	0 	10.7290176742936 	0 	-21458.3985841823 	0 	-0.00064849853515625 	75.783112 	0 	0 	0 	720 	800 	800 	5789 	-320693 	90761 	-370000 	0 	0 	0 	0 	-13 	0 	0 	0 	
3587126571 	320741 	320741 	-1239.3699 	1530 	1530 	-108.30963 	90760.9950752258 	90761 	73.858841 	370000 	370000 	-894.0567 	0 	0 	-2473.6177 	0.00064849853515625 	0 	75.783112 	0 	0 	0 	720 	800 	800 	5789 	-320693 	90761 	-370000 	0 	0 	0 	0 	-13 	0 	0 	0 	3587126571 	320741 	320741 	0 	0 	0 	0 	0 	-1239.3699 	1530 	1530 	0 	0 	0 	0 	0 	-108.30963 	90760.9950752258 	90761 	0 	0 	0 	0 	0.00492477416992188 	73.858841 	370000 	370000 	0 	0 	0 	0 	0 	-894.0567 	0 	0 	0 	0 	0 	0 	0 	-2473.6177 	0.00064849853515625 	0 	10.7290176742936 	0 	21458.3985841823 	0 	-0.00064849853515625 	75.783112 	0 	0 	0 	720 	800 	800 	5789 	-320693 	90761 	-370000 	0 	0 	0 	0 	-13 	0 	0 	0 	
3587126581 	320741 	320741 	-1239.3699 	1530 	1530 	-108.30963 	90760.9950752258 	90761 	73.858841 	370000 	370000 	-894.0567 	0 	0 	-2473.6177 	0.0221061706542969 	0 	75.783112 	0 	0 	0 	720 	800 	800 	5789 	-320693 	90761 	-370000 	0 	0 	0 	0 	-13 	0 	0 	0 	3587126581 	320741 	320741 	-25.0004233326786 	0 	-50001.6930656452 	0 	0 	-1239.3699 	1530 	1530 	0 	0 	0 	0 	0 	-108.30963 	90760.9950752258 	90761 	10.7290176742936 	0 	21458.3985841823 	0 	0.00492477416992188 	73.858841 	370000 	370000 	0 	0 	0 	0 	0 	-894.0567 	0 	0 	0 	0 	0 	0 	0 	-2473.6177 	0.0221061706542969 	0 	-10.7290176742936 	0 	-64375.1957525469 	0 	-0.0221061706542969 	75.783112 	0 	0 	0 	720 	800 	800 	5789 	-320693 	90761 	-370000 	0 	0 	0 	0 	-13 	0 	0 	0 	
3587126591 	320740.95 	320741 	-1239.3699 	1530 	1530 	-108.30963 	90761.0165328979 	90761 	73.858841 	370000 	370000 	-894.0567 	0 	0 	-2473.6177 	-0.0208091735839844 	0 	75.783112 	0 	0 	0 	720 	800 	800 	5789 	-320693 	90761 	-370000 	0 	0 	-31 	0 	-13 	0 	0 	0 	3587126591 	320740.95 	320741 	0 	0 	100003.38613129 	0 	0.0500000002793968 	-1239.3699 	1530 	1530 	0 	0 	0 	0 	0 	-108.30963 	90761.0165328979 	90761 	0 	0 	-42916.7971683646 	0 	-0.0165328979492188 	73.858841 	370000 	370000 	0 	0 	0 	0 	0 	-894.0567 	0 	0 	25.0004230998441 	0 	50001.6925999681 	0 	0 	-2473.6177 	-0.0208091735839844 	0 	-10.7290176742936 	0 	64375.1957525469 	0 	0.0208091735839844 	75.783112 	0 	0 	0 	720 	800 	800 	5789 	-320693 	90761 	-370000 	0 	0 	-31 	0 	-13 	0 	0 	0 	
3587126601 	320741 	320741 	-1239.3699 	1530 	1530 	-108.30963 	90760.9950752258 	90761 	73.858841 	370000 	370000 	-894.0567 	0.0499999998137355 	0 	-2473.6177 	0.00064849853515625 	0 	75.783112 	0 	0 	0 	720 	800 	800 	5789 	-320693 	90761 	-370000 	0 	0 	-31 	0 	-13 	0 	0 	0 	3587126601 	320741 	320741 	0 	0 	-100003.38613129 	0 	0 	-1239.3699 	1530 	1530 	0 	0 	0 	0 	0 	-108.30963 	90760.9950752258 	90761 	0 	0 	42916.7971683646 	0 	0.00492477416992188 	73.858841 	370000 	370000 	0 	0 	0 	0 	0 	-894.0567 	0.0499999998137355 	0 	0 	0 	-100003.385199936 	0 	-0.0499999998137355 	-2473.6177 	0.00064849853515625 	0 	10.7290176742936 	0 	-21458.3985841823 	0 	-0.00064849853515625 	75.783112 	0 	0 	0 	720 	800 	800 	5789 	-320693 	90761 	-370000 	0 	0 	-31 	0 	-13 	0 	0 	0 	
3587126611 	320740.95 	320741 	-1239.3699 	1530 	1530 	-108.30963 	90761.0165328979 	90761 	73.858841 	370000 	370000 	-894.0567 	0 	0 	-2473.6177 	0.00064849853515625 	0 	75.783112 	0 	0 	0 	720 	800 	800 	5789 	-320693 	90761 	-370000 	0 	0 	-31 	0 	-13 	0 	0 	0 	3587126611 	320740.95 	320741 	0 	0 	100003.38613129 	0 	0.0500000002793968 	-1239.3699 	1530 	1530 	0 	0 	0 	0 	0 	-108.30963 	90761.0165328979 	90761 	0 	0 	-42916.7971683646 	0 	-0.0165328979492188 	73.858841 	370000 	370000 	0 	0 	0 	0 	0 	-894.0567 	0 	0 	-25.0004230998441 	0 	50001.6925999681 	0 	0 	-2473.6177 	0.00064849853515625 	0 	0 	0 	0 	0 	-0.00064849853515625 	75.783112 	0 	0 	0 	720 	800 	800 	5789 	-320693 	90761 	-370000 	0 	0 	-31 	0 	-13 	0 	0 	0 	
3587126621 	320741 	320741 	-1239.3699 	1530 	1530 	-108.30963 	90760.9950752258 	90761 	73.858841 	370000 	370000 	-894.0567 	0 	0 	-2473.6177 	0.00064849853515625 	0 	75.783112 	0 	0 	0 	720 	800 	800 	5789 	-320693 	90761 	-370000 	0 	0 	-31 	0 	13 	0 	0 	0 	3587126621 	320741 	320741 	25.0004233326786 	0 	-50001.6930656452 	0 	0 	-1239.3699 	1530 	1530 	0 	0 	0 	0 	0 	-108.30963 	90760.9950752258 	90761 	-10.7290176742936 	0 	21458.3985841823 	0 	0.00492477416992188 	73.858841 	370000 	370000 	0 	0 	0 	0 	0 	-894.0567 	0 	0 	0 	0 	0 	0 	0 	-2473.6177 	0.00064849853515625 	0 	0 	0 	0 	0 	-0.00064849853515625 	75.783112 	0 	0 	0 	720 	800 	800 	5789 	-320693 	90761 	-370000 	0 	0 	-31 	0 	13 	0 	0 	0 	
3587126631 	320741 	320741 	-1239.3699 	1530 	1530 	-108.30963 	90760.9950752258 	90761 	73.858841 	370000 	370000 	-894.0567 	0 	0 	-2473.6177 	0.00064849853515625 	0 	75.783112 	0 	0 	0 	720 	800 	800 	5789 	-320693 	90761 	-370000 	0 	0 	-31 	0 	13 	0 	0 	0 	3587126631 	320741 	320741 	0 	0 	0 	0 	0 	-1239.3699 	1530 	1530 	0 	0 	0 	0 	0 	-108.30963 	90760.9950752258 	90761 	-21.4580353485871 	0 	-42916.7971683646 	0 	0.00492477416992188 	73.858841 	370000 	370000 	0 	0 	0 	0 	0 	-894.0567 	0 	0 	0 	0 	0 	0 	0 	-2473.6177 	0.00064849853515625 	0 	10.7290176742936 	0 	21458.3985841823 	0 	-0.00064849853515625 	75.783112 	0 	0 	0 	720 	800 	800 	5789 	-320693 	90761 	-370000 	0 	0 	-31 	0 	13 	0 	0 	0 	
3587126641 	320741 	320741 	-1239.3699 	1530 	1530 	-108.30963 	90760.9521598816 	90761 	73.858841 	370000 	370000 	-894.0567 	0 	0 	-2473.6177 	0.0221061706542969 	0 	75.783112 	0 	0 	0 	720 	800 	800 	5789 	-320693 	90761 	-370000 	0 	0 	-31 	0 	13 	0 	0 	0 	3587126641 	320741 	320741 	0 	0 	0 	0 	0 	-1239.3699 	1530 	1530 	0 	0 	0 	0 	0 	-108.30963 	90760.9521598816 	90761 	0 	0 	85833.5943367292 	0 	0.0478401184082031 	73.858841 	370000 	370000 	0 	0 	0 	0 	0 	-894.0567 	0 	0 	0 	0 	0 	0 	0 	-2473.6177 	0.0221061706542969 	0 	0 	0 	-42916.7971683646 	0 	-0.0221061706542969 	75.783112 	0 	0 	0 	720 	800 	800 	5789 	-320693 	90761 	-370000 	0 	0 	-31 	0 	13 	0 	0 	0 	
3587126651 	320741 	320741 	-1239.3699 	1530 	1530 	-108.30963 	90760.9950752258 	90761 	73.858841 	370000 	370000 	-894.0567 	0 	0 	-2473.6177 	0.00064849853515625 	0 	75.783112 	0 	0 	0 	720 	800 	800 	5789 	-320693 	90761 	-370000 	0 	0 	-31 	0 	13 	0 	0 	0 	3587126651 	320741 	320741 	0 	0 	0 	0 	0 	-1239.3699 	1530 	1530 	0 	0 	0 	0 	0 	-108.30963 	90760.9950752258 	90761 	10.7290176742936 	0 	-64375.1957525469 	0 	0.00492477416992188 	73.858841 	370000 	370000 	0 	0 	0 	0 	0 	-894.0567 	0 	0 	0 	0 	0 	0 	0 	-2473.6177 	0.00064849853515625 	0 	-10.7290176742936 	0 	21458.3985841823 	0 	-0.00064849853515625 	75.783112 	0 	0 	0 	720 	800 	800 	5789 	-320693 	90761 	-370000 	0 	0 	-31 	0 	13 	0 	0 	0 	
3587126661 	320741 	320741 	-1239.3699 	1530 	1530 	-108.30963 	90760.9736175537 	90761 	73.858841 	370000 	370000 	-894.0567 	0 	0 	-2473.6177 	0.00064849853515625 	0 	75.783112 	0 	0 	0 	720 	800 	800 	5789 	-320693 	90761 	-370000 	0 	0 	-31 	0 	13 	0 	0 	0 	3587126661 	320741 	320741 	0 	0 	0 	0 	0 	-1239.3699 	1530 	1530 	0 	0 	0 	0 	0 	-108.30963 	90760.9736175537 	90761 	-10.7290176742936 	0 	21458.3985841823 	0 	0.0263824462890625 	73.858841 	370000 	370000 	0 	0 	0 	0 	0 	-894.0567 	0 	0 	0 	0 	0 	0 	0 	-2473.6177 	0.00064849853515625 	0 	10.7290176742936 	0 	21458.3985841823 	0 	-0.00064849853515625 	75.783112 	0 	0 	0 	720 	800 	800 	5789 	-320693 	90761 	-370000 	0 	0 	-31 	0 	13 	0 	0 	0 	
3587126671 	320741 	320741 	-1239.3699 	1530 	1530 	-108.30963 	90760.9736175537 	90761 	73.858841 	370000 	370000 	-894.0567 	0 	0 	-2473.6177 	0.0221061706542969 	0 	75.783112 	0 	0 	0 	720 	800 	800 	5789 	-320693 	90761 	-370000 	0 	0 	-31 	0 	13 	0 	0 	13 	3587126671 	320741 	320741 	0 	0 	0 	0 	0 	-1239.3699 	1530 	1530 	0 	0 	0 	0 	0 	-108.30963 	90760.9736175537 	90761 	10.7290176742936 	0 	21458.3985841823 	0 	0.0263824462890625 	73.858841 	370000 	370000 	0 	0 	0 	0 	0 	-894.0567 	0 	0 	0 	0 	0 	0 	0 	-2473.6177 	0.0221061706542969 	0 	0 	0 	-42916.7971683646 	0 	-0.0221061706542969 	75.783112 	0 	0 	0 	720 	800 	800 	5789 	-320693 	90761 	-370000 	0 	0 	-31 	0 	13 	0 	0 	13 	
3587126681 	320741 	320741 	-1239.3699 	1530 	1530 	-108.30963 	90760.9950752258 	90761 	73.858841 	370000 	370000 	-894.0567 	0 	0 	-2473.6177 	0.00064849853515625 	0 	75.783112 	0 	0 	0 	720 	800 	800 	5789 	-320693 	90761 	-370000 	0 	0 	-31 	0 	13 	0 	0 	13 	3587126681 	320741 	320741 	0 	0 	0 	0 	0 	-1239.3699 	1530 	1530 	0 	0 	0 	0 	0 	-108.30963 	90760.9950752258 	90761 	10.7290176742936 	0 	-21458.3985841823 	0 	0.00492477416992188 	73.858841 	370000 	370000 	0 	0 	0 	0 	0 	-894.0567 	0 	0 	25.0004230998441 	0 	50001.6925999681 	0 	0 	-2473.6177 	0.00064849853515625 	0 	-10.7290176742936 	0 	21458.3985841823 	0 	-0.00064849853515625 	75.783112 	0 	0 	0 	720 	800 	800 	5789 	-320693 	90761 	-370000 	0 	0 	-31 	0 	13 	0 	0 	13 	
3587126691 	320741 	320741 	-1239.3699 	1530 	1530 	-108.30963 	90760.9950752258 	90761 	73.858841 	370000 	370000 	-894.0567 	0.0499999998137355 	0 	-2473.6177 	0.00064849853515625 	0 	75.783112 	0 	0 	0 	720 	800 	800 	5789 	-320693 	90761 	-370000 	0 	0 	-31 	0 	13 	0 	0 	13 	3587126691 	320741 	320741 	0 	0 	0 	0 	0 	-1239.3699 	1530 	1530 	0 	0 	0 	0 	0 	-108.30963 	90760.9950752258 	90761 	0 	0 	0 	0 	0.00492477416992188 	73.858841 	370000 	370000 	0 	0 	0 	0 	0 	-894.0567 	0.0499999998137355 	0 	-25.0004235655132 	0 	-150005.078731259 	0 	-0.0499999998137355 	-2473.6177 	0.00064849853515625 	0 	0 	0 	0 	0 	-0.00064849853515625 	75.783112 	0 	0 	0 	720 	800 	800 	5789 	-320693 	90761 	-370000 	0 	0 	-31 	0 	13 	0 	0 	13 	
3587126701 	320741 	320741 	-1239.3699 	1530 	1530 	-108.30963 	90760.9950752258 	90761 	73.858841 	370000 	370000 	-894.0567 	-0.0500000007450581 	0 	-2473.6177 	0.00064849853515625 	0 	75.783112 	0 	0 	0 	720 	800 	800 	5789 	-320693 	90761 	-370000 	0 	0 	-31 	0 	13 	0 	0 	13 	3587126701 	320741 	320741 	0 	0 	0 	0 	0 	-1239.3699 	1530 	1530 	0 	0 	0 	0 	0 	-108.30963 	90760.9950752258 	90761 	0 	0 	0 	0 	0.00492477416992188 	73.858841 	370000 	370000 	0 	0 	0 	0 	0 	-894.0567 	-0.0500000007450581 	0 	-25.0004230998441 	0 	150005.079662613 	0 	0.0500000007450581 	-2473.6177 	0.00064849853515625 	0 	-10.7290176742936 	0 	-21458.3985841823 	0 	-0.00064849853515625 	75.783112 	0 	0 	0 	720 	800 	800 	5789 	-320693 	90761 	-370000 	0 	0 	-31 	0 	13 	0 	0 	13 	
3587126711 	320741 	320741 	-1239.3699 	1530 	1530 	-108.30963 	90760.9950752258 	90761 	73.858841 	370000 	370000 	-894.0567 	0 	0 	-2473.6177 	-0.0208091735839844 	0 	75.783112 	0 	0 	0 	720 	800 	800 	5789 	-320693 	90761 	-370000 	0 	0 	-31 	0 	13 	0 	0 	13 	3587126711 	320741 	320741 	0 	0 	0 	0 	0 	-1239.3699 	1530 	1530 	0 	0 	0 	0 	0 	-108.30963 	90760.9950752258 	90761 	-10.7290176742936 	0 	-21458.3985841823 	0 	0.00492477416992188 	73.858841 	370000 	370000 	0 	0 	0 	0 	0 	-894.0567 	0 	0 	25.0004235655132 	0 	-50001.6935313222 	0 	0 	-2473.6177 	-0.0208091735839844 	0 	-10.7290176742936 	0 	21458.3985841823 	0 	0.0208091735839844 	75.783112 	0 	0 	0 	720 	800 	800 	5789 	-320693 	90761 	-370000 	0 	0 	-31 	0 	13 	0 	0 	13 	
3587126721 	320741 	320741 	-1239.3699 	1530 	1530 	-108.30963 	90760.9736175537 	90761 	73.858841 	370000 	370000 	-894.0567 	0 	0 	-2473.6177 	-0.0208091735839844 	0 	75.783112 	0 	0 	0 	720 	800 	800 	5789 	-320693 	90761 	-370000 	0 	0 	-31 	0 	13 	0 	0 	13 	3587126721 	320741 	320741 	0 	0 	0 	0 	0 	-1239.3699 	1530 	1530 	0 	0 	0 	0 	0 	-108.30963 	90760.9736175537 	90761 	0 	0 	42916.7971683646 	0 	0.0263824462890625 	73.858841 	370000 	370000 	0 	0 	0 	0 	0 	-894.0567 	0 	0 	-25.0004235655132 	0 	-50001.6935313222 	0 	0 	-2473.6177 	-0.0208091735839844 	0 	10.7290176742936 	0 	21458.3985841823 	0 	0.0208091735839844 	75.783112 	0 	0 	0 	720 	800 	800 	5789 	-320693 	90761 	-370000 	0 	0 	-31 	0 	13 	0 	0 	13 	
3587126731 	320741 	320741 	-1239.3699 	1530 	1530 	-108.30963 	90760.9950752258 	90761 	73.858841 	370000 	370000 	-894.0567 	-0.0500000007450581 	0 	-2473.6177 	0.00064849853515625 	0 	75.783112 	0 	0 	0 	720 	800 	800 	5789 	-320693 	90761 	-370000 	0 	0 	-31 	0 	13 	0 	0 	13 	3587126731 	320741 	320741 	0 	0 	0 	0 	0 	-1239.3699 	1530 	1530 	0 	0 	0 	0 	0 	-108.30963 	90760.9950752258 	90761 	10.7290176742936 	0 	-21458.3985841823 	0 	0.00492477416992188 	73.858841 	370000 	370000 	0 	0 	0 	0 	0 	-894.0567 	-0.0500000007450581 	0 	0 	0 	100003.387062644 	0 	0.0500000007450581 	-2473.6177 	0.00064849853515625 	0 	10.7290176742936 	0 	-21458.3985841823 	0 	-0.00064849853515625 	75.783112 	0 	0 	0 	720 	800 	800 	5789 	-320693 	90761 	-370000 	0 	0 	-31 	0 	13 	0 	0 	13 	
3587126741 	320741 	320741 	-1239.3699 	1530 	1530 	-108.30963 	90760.9950752258 	90761 	73.858841 	370000 	370000 	-894.0567 	0 	0 	-2473.6177 	0.00064849853515625 	0 	75.783112 	0 	0 	0 	720 	800 	800 	5789 	-320693 	90761 	-370000 	0 	0 	-31 	0 	13 	0 	0 	13 	3587126741 	320741 	320741 	0 	0 	0 	0 	0 	-1239.3699 	1530 	1530 	0 	0 	0 	0 	0 	-108.30963 	90760.9950752258 	90761 	0 	0 	0 	0 	0.00492477416992188 	73.858841 	370000 	370000 	0 	0 	0 	0 	0 	-894.0567 	0 	0 	25.0004235655132 	0 	-50001.6935313222 	0 	0 	-2473.6177 	0.00064849853515625 	0 	0 	0 	0 	0 	-0.00064849853515625 	75.783112 	0 	0 	0 	720 	800 	800 	5789 	-320693 	90761 	-370000 	0 	0 	-31 	0 	13 	0 	0 	13 	
3587126751 	320741 	320741 	-1239.3699 	1530 	1530 	-108.30963 	90760.9950752258 	90761 	73.858841 	370000 	370000 	-894.0567 	0 	0 	-2473.6177 	0.00064849853515625 	0 	75.783112 	0 	0 	0 	720 	800 	800 	5789 	-320693 	90761 	-370000 	0 	0 	0 	0 	13 	0 	0 	13 	3587126751 	320741 	320741 	0 	0 	0 	0 	0 	-1239.3699 	1530 	1530 	0 	0 	0 	0 	0 	-108.30963 	90760.9950752258 	90761 	0 	0 	0 	0 	0.00492477416992188 	73.858841 	370000 	370000 	0 	0 	0 	0 	0 	-894.0567 	0 	0 	0 	0 	0 	0 	0 	-2473.6177 	0.00064849853515625 	0 	-10.7290176742936 	0 	-21458.3985841823 	0 	-0.00064849853515625 	75.783112 	0 	0 	0 	720 	800 	800 	5789 	-320693 	90761 	-370000 	0 	0 	0 	0 	13 	0 	0 	13 	
3587126761 	320741 	320741 	-1239.3699 	1530 	1530 	-108.30963 	90760.9950752258 	90761 	73.858841 	370000 	370000 	-894.0567 	0 	0 	-2473.6177 	-0.0208091735839844 	0 	75.783112 	0 	0 	0 	720 	800 	800 	5789 	-320693 	90761 	-370000 	0 	0 	0 	0 	13 	0 	0 	13 	3587126761 	320741 	320741 	0 	0 	0 	0 	0 	-1239.3699 	1530 	1530 	0 	0 	0 	0 	0 	-108.30963 	90760.9950752258 	90761 	0 	0 	0 	0 	0.00492477416992188 	73.858841 	370000 	370000 	0 	0 	0 	0 	0 	-894.0567 	0 	0 	-25.0004235655132 	0 	-50001.6935313222 	0 	0 	-2473.6177 	-0.0208091735839844 	0 	0 	0 	42916.7971683646 	0 	0.0208091735839844 	75.783112 	0 	0 	0 	720 	800 	800 	5789 	-320693 	90761 	-370000 	0 	0 	0 	0 	13 	0 	0 	13 	
3587126771 	320741 	320741 	-1239.3699 	1530 	1530 	-108.30963 	90760.9950752258 	90761 	73.858841 	370000 	370000 	-894.0567 	-0.0500000007450581 	0 	-2473.6177 	0.00064849853515625 	0 	75.783112 	0 	0 	0 	720 	800 	800 	5789 	-320693 	90761 	-370000 	0 	0 	0 	0 	13 	0 	0 	13 	3587126771 	320741 	320741 	0 	0 	0 	0 	0 	-1239.3699 	1530 	1530 	0 	0 	0 	0 	0 	-108.30963 	90760.9950752258 	90761 	10.7290176742936 	0 	21458.3985841823 	0 	0.00492477416992188 	73.858841 	370000 	370000 	0 	0 	0 	0 	0 	-894.0567 	-0.0500000007450581 	0 	25.0004230998441 	0 	150005.079662613 	0 	0.0500000007450581 	-2473.6177 	0.00064849853515625 	0 	10.7290176742936 	0 	-21458.3985841823 	0 	-0.00064849853515625 	75.783112 	0 	0 	0 	720 	800 	800 	5789 	-320693 	90761 	-370000 	0 	0 	0 	0 	13 	0 	0 	13 	
3587126781 	320741 	320741 	-1239.3699 	1530 	1530 	-108.30963 	90761.0165328979 	90761 	73.858841 	370000 	370000 	-894.0567 	0.0499999998137355 	0 	-2473.6177 	0.00064849853515625 	0 	75.783112 	0 	0 	0 	720 	800 	800 	5789 	-320693 	90761 	-370000 	0 	0 	0 	0 	0 	0 	0 	13 	3587126781 	320741 	320741 	0 	0 	0 	0 	0 	-1239.3699 	1530 	1530 	0 	0 	0 	0 	0 	-108.30963 	90761.0165328979 	90761 	10.7290176742936 	0 	-21458.3985841823 	0 	-0.0165328979492188 	73.858841 	370000 	370000 	0 	0 	0 	0 	0 	-894.0567 	0.0499999998137355 	0 	25.0004235655132 	0 	-150005.078731259 	0 	-0.0499999998137355 	-2473.6177 	0.00064849853515625 	0 	0 	0 	0 	0 	-0.00064849853515625 	75.783112 	0 	0 	0 	720 	800 	800 	5789 	-320693 	90761 	-370000 	0 	0 	0 	0 	0 	0 	0 	13 	
3587126791 	320741 	320741 	-1239.3699 	1530 	1530 	-108.30963 	90761.0165328979 	90761 	73.858841 	370000 	370000 	-894.0567 	0 	0 	-2473.6177 	0.00064849853515625 	0 	75.783112 	0 	0 	0 	720 	800 	800 	5789 	-320693 	90761 	-370000 	0 	0 	0 	0 	0 	0 	0 	13 	3587126791 	320741 	320741 	0 	0 	0 	0 	0 	-1239.3699 	1530 	1530 	0 	0 	0 	0 	0 	-108.30963 	90761.0165328979 	90761 	-10.7290176742936 	0 	-21458.3985841823 	0 	-0.0165328979492188 	73.858841 	370000 	370000 	0 	0 	0 	0 	0 	-894.0567 	0 	0 	-25.0004230998441 	0 	50001.6925999681 	0 	0 	-2473.6177 	0.00064849853515625 	0 	0 	0 	0 	0 	-0.00064849853515625 	75.783112 	0 	0 	0 	720 	800 	800 	5789 	-320693 	90761 	-370000 	0 	0 	0 	0 	0 	0 	0 	13 	
3587126801 	320741 	320741 	-1239.3699 	1530 	1530 	-108.30963 	90760.9950752258 	90761 	73.858841 	370000 	370000 	-894.0567 	0 	0 	-2473.6177 	0.00064849853515625 	0 	75.783112 	0 	0 	0 	720 	800 	800 	5789 	-320693 	90761 	-370000 	0 	0 	0 	0 	0 	0 	0 	13 	3587126801 	320741 	320741 	0 	0 	0 	0 	0 	-1239.3699 	1530 	1530 	0 	0 	0 	0 	0 	-108.30963 	90760.9950752258 	90761 	0 	0 	42916.7971683646 	0 	0.00492477416992188 	73.858841 	370000 	370000 	0 	0 	0 	0 	0 	-894.0567 	0 	0 	-25.0004235655132 	0 	-50001.6935313222 	0 	0 	-2473.6177 	0.00064849853515625 	0 	0 	0 	0 	0 	-0.00064849853515625 	75.783112 	0 	0 	0 	720 	800 	800 	5789 	-320693 	90761 	-370000 	0 	0 	0 	0 	0 	0 	0 	13 	
3587126811 	320741 	320741 	-1239.3699 	1530 	1530 	-108.30963 	90761.0165328979 	90761 	73.858841 	370000 	370000 	-894.0567 	-0.0500000007450581 	0 	-2473.6177 	0.00064849853515625 	0 	75.783112 	0 	0 	0 	720 	800 	800 	5789 	-320693 	90761 	-370000 	0 	0 	0 	0 	0 	0 	0 	13 	3587126811 	320741 	320741 	0 	0 	0 	0 	0 	-1239.3699 	1530 	1530 	0 	0 	0 	0 	0 	-108.30963 	90761.0165328979 	90761 	-10.7290176742936 	0 	-64375.1957525469 	0 	-0.0165328979492188 	73.858841 	370000 	370000 	0 	0 	0 	0 	0 	-894.0567 	-0.0500000007450581 	0 	0 	0 	100003.387062644 	0 	0.0500000007450581 	-2473.6177 	0.00064849853515625 	0 	0 	0 	0 	0 	-0.00064849853515625 	75.783112 	0 	0 	0 	720 	800 	800 	5789 	-320693 	90761 	-370000 	0 	0 	0 	0 	0 	0 	0 	13 	
3587126821 	320741 	320741 	-1239.3699 	1530 	1530 	-108.30963 	90760.9736175537 	90761 	73.858841 	370000 	370000 	-894.0567 	0 	0 	-2473.6177 	0.00064849853515625 	0 	75.783112 	0 	0 	0 	720 	800 	800 	5789 	-320693 	90761 	-370000 	0 	0 	0 	0 	0 	0 	-31 	13 	3587126821 	320741 	320741 	0 	0 	0 	0 	0 	-1239.3699 	1530 	1530 	0 	0 	0 	0 	0 	-108.30963 	90760.9736175537 	90761 	-10.7290176742936 	0 	64375.1957525469 	0 	0.0263824462890625 	73.858841 	370000 	370000 	0 	0 	0 	0 	0 	-894.0567 	0 	0 	25.0004235655132 	0 	-50001.6935313222 	0 	0 	-2473.6177 	0.00064849853515625 	0 	10.7290176742936 	0 	21458.3985841823 	0 	-0.00064849853515625 	75.783112 	0 	0 	0 	720 	800 	800 	5789 	-320693 	90761 	-370000 	0 	0 	0 	0 	0 	0 	-31 	13 	
3587126831 	320741 	320741 	-1239.3699 	1530 	1530 	-108.30963 	90760.9950752258 	90761 	73.858841 	370000 	370000 	-894.0567 	0 	0 	-2473.6177 	0.0221061706542969 	0 	75.783112 	0 	0 	0 	720 	800 	800 	5789 	-320693 	90761 	-370000 	0 	0 	0 	0 	0 	0 	-31 	13 	3587126831 	320741 	320741 	0 	0 	0 	0 	0 	-1239.3699 	1530 	1530 	0 	0 	0 	0 	0 	-108.30963 	90760.9950752258 	90761 	10.7290176742936 	0 	-21458.3985841823 	0 	0.00492477416992188 	73.858841 	370000 	370000 	0 	0 	0 	0 	0 	-894.0567 	0 	0 	25.0004230998441 	0 	50001.6925999681 	0 	0 	-2473.6177 	0.0221061706542969 	0 	10.7290176742936 	0 	-21458.3985841823 	0 	-0.0221061706542969 	75.783112 	0 	0 	0 	720 	800 	800 	5789 	-320693 	90761 	-370000 	0 	0 	0 	0 	0 	0 	-31 	13 	
3587126841 	320741 	320741 	-1239.3699 	1530 	1530 	-108.30963 	90760.9950752258 	90761 	73.858841 	370000 	370000 	-894.0567 	0.0499999998137355 	0 	-2473.6177 	0.0221061706542969 	0 	75.783112 	0 	0 	0 	720 	800 	800 	5789 	-320693 	90761 	-370000 	0 	0 	0 	0 	0 	0 	-31 	13 	3587126841 	320741 	320741 	0 	0 	0 	0 	0 	-1239.3699 	1530 	1530 	0 	0 	0 	0 	0 	-108.30963 	90760.9950752258 	90761 	10.7290176742936 	0 	21458.3985841823 	0 	0.00492477416992188 	73.858841 	370000 	370000 	0 	0 	0 	0 	0 	-894.0567 	0.0499999998137355 	0 	0 	0 	-100003.385199936 	0 	-0.0499999998137355 	-2473.6177 	0.0221061706542969 	0 	-10.7290176742936 	0 	-21458.3985841823 	0 	-0.0221061706542969 	75.783112 	0 	0 	0 	720 	800 	800 	5789 	-320693 	90761 	-370000 	0 	0 	0 	0 	0 	0 	-31 	13 	
3587126851 	320741 	320741 	-1239.3699 	1530 	1530 	-108.30963 	90761.0165328979 	90761 	73.858841 	370000 	370000 	-894.0567 	0 	0 	-2473.6177 	0.00064849853515625 	0 	75.783112 	0 	0 	0 	720 	800 	800 	5789 	-320693 	90761 	-370000 	0 	0 	0 	0 	0 	0 	-31 	13 	3587126851 	320741 	320741 	0 	0 	0 	0 	0 	-1239.3699 	1530 	1530 	0 	0 	0 	0 	0 	-108.30963 	90761.0165328979 	90761 	0 	0 	-42916.7971683646 	0 	-0.0165328979492188 	73.858841 	370000 	370000 	0 	0 	0 	0 	0 	-894.0567 	0 	0 	-25.0004230998441 	0 	50001.6925999681 	0 	0 	-2473.6177 	0.00064849853515625 	0 	-21.4580353485871 	0 	0 	0 	-0.00064849853515625 	75.783112 	0 	0 	0 	720 	800 	800 	5789 	-320693 	90761 	-370000 	0 	0 	0 	0 	0 	0 	-31 	13 	
3587126861 	320741 	320741 	-1239.3699 	1530 	1530 	-108.30963 	90760.9950752258 	90761 	73.858841 	370000 	370000 	-894.0567 	0 	0 	-2473.6177 	-0.0208091735839844 	0 	75.783112 	0 	0 	0 	720 	800 	800 	5789 	-320693 	90761 	-370000 	0 	0 	0 	0 	0 	0 	-31 	13 	3587126861 	320741 	320741 	0 	0 	0 	0 	0 	-1239.3699 	1530 	1530 	0 	0 	0 	0 	0 	-108.30963 	90760.9950752258 	90761 	0 	0 	42916.7971683646 	0 	0.00492477416992188 	73.858841 	370000 	370000 	0 	0 	0 	0 	0 	-894.0567 	0 	0 	25.0004230998441 	0 	50001.6925999681 	0 	0 	-2473.6177 	-0.0208091735839844 	0 	10.7290176742936 	0 	64375.1957525469 	0 	0.0208091735839844 	75.783112 	0 	0 	0 	720 	800 	800 	5789 	-320693 	90761 	-370000 	0 	0 	0 	0 	0 	0 	-31 	13 	
3587126871 	320741 	320741 	-1239.3699 	1530 	1530 	-108.30963 	90761.0165328979 	90761 	73.858841 	370000 	370000 	-894.0567 	0.0499999998137355 	0 	-2473.6177 	0.0221061706542969 	0 	75.783112 	0 	0 	0 	720 	800 	800 	5789 	-320693 	90761 	-370000 	0 	0 	0 	0 	0 	0 	-31 	13 	3587126871 	320741 	320741 	0 	0 	0 	0 	0 	-1239.3699 	1530 	1530 	0 	0 	0 	0 	0 	-108.30963 	90761.0165328979 	90761 	0 	0 	-42916.7971683646 	0 	-0.0165328979492188 	73.858841 	370000 	370000 	0 	0 	0 	0 	0 	-894.0567 	0.0499999998137355 	0 	0 	0 	-100003.385199936 	0 	-0.0499999998137355 	-2473.6177 	0.0221061706542969 	0 	10.7290176742936 	0 	-64375.1957525469 	0 	-0.0221061706542969 	75.783112 	0 	0 	0 	720 	800 	800 	5789 	-320693 	90761 	-370000 	0 	0 	0 	0 	0 	0 	-31 	13 	
3587126881 	320741 	320741 	-1239.3699 	1530 	1530 	-108.30963 	90760.9950752258 	90761 	73.858841 	370000 	370000 	-894.0567 	0 	0 	-2473.6177 	0.00064849853515625 	0 	75.783112 	0 	0 	0 	720 	800 	800 	5789 	-320693 	90761 	-370000 	0 	0 	0 	0 	0 	0 	-31 	13 	3587126881 	320741 	320741 	0 	0 	0 	0 	0 	-1239.3699 	1530 	1530 	0 	0 	0 	0 	0 	-108.30963 	90760.9950752258 	90761 	-10.7290176742936 	0 	21458.3985841823 	0 	0.00492477416992188 	73.858841 	370000 	370000 	0 	0 	0 	0 	0 	-894.0567 	0 	0 	-25.0004230998441 	0 	50001.6925999681 	0 	0 	-2473.6177 	0.00064849853515625 	0 	0 	0 	42916.7971683646 	0 	-0.00064849853515625 	75.783112 	0 	0 	0 	720 	800 	800 	5789 	-320693 	90761 	-370000 	0 	0 	0 	0 	0 	0 	-31 	13 	
3587126891 	320741 	320741 	-1239.3699 	1530 	1530 	-108.30963 	90760.9950752258 	90761 	73.858841 	370000 	370000 	-894.0567 	0 	0 	-2473.6177 	0.0221061706542969 	0 	75.783112 	0 	0 	0 	720 	800 	800 	5789 	-320693 	90761 	-370000 	0 	0 	0 	0 	0 	0 	-31 	13 	3587126891 	320741 	320741 	0 	0 	0 	0 	0 	-1239.3699 	1530 	1530 	0 	0 	0 	0 	0 	-108.30963 	90760.9950752258 	90761 	0 	0 	0 	0 	0.00492477416992188 	73.858841 	370000 	370000 	0 	0 	0 	0 	0 	-894.0567 	0 	0 	25.0004230998441 	0 	50001.6925999681 	0 	0 	-2473.6177 	0.0221061706542969 	0 	0 	0 	-42916.7971683646 	0 	-0.0221061706542969 	75.783112 	0 	0 	0 	720 	800 	800 	5789 	-320693 	90761 	-370000 	0 	0 	0 	0 	0 	0 	-31 	13 	
3587126901 	320741 	320741 	-1239.3699 	1530 	1530 	-108.30963 	90760.9950752258 	90761 	73.858841 	370000 	370000 	-894.0567 	0.0499999998137355 	0 	-2473.6177 	0.00064849853515625 	0 	75.783112 	0 	0 	0 	720 	800 	800 	5789 	-320693 	90761 	-370000 	0 	0 	0 	0 	0 	0 	-31 	13 	3587126901 	320741 	320741 	0 	0 	0 	0 	0 	-1239.3699 	1530 	1530 	0 	0 	0 	0 	0 	-108.30963 	90760.9950752258 	90761 	0 	0 	0 	0 	0.00492477416992188 	73.858841 	370000 	370000 	0 	0 	0 	0 	0 	-894.0567 	0.0499999998137355 	0 	0 	0 	-100003.385199936 	0 	-0.0499999998137355 	-2473.6177 	0.00064849853515625 	0 	-10.7290176742936 	0 	21458.3985841823 	0 	-0.00064849853515625 	75.783112 	0 	0 	0 	720 	800 	800 	5789 	-320693 	90761 	-370000 	0 	0 	0 	0 	0 	0 	-31 	13 	
3587126911 	320741 	320741 	-1239.3699 	1530 	1530 	-108.30963 	90760.9950752258 	90761 	73.858841 	370000 	370000 	-894.0567 	0 	0 	-2473.6177 	0.00064849853515625 	0 	75.783112 	0 	0 	0 	720 	800 	800 	5789 	-320693 	90761 	-370000 	0 	0 	0 	0 	0 	0 	-31 	13 	3587126911 	320741 	320741 	0 	0 	0 	0 	0 	-1239.3699 	1530 	1530 	0 	0 	0 	0 	0 	-108.30963 	90760.9950752258 	90761 	10.7290176742936 	0 	21458.3985841823 	0 	0.00492477416992188 	73.858841 	370000 	370000 	0 	0 	0 	0 	0 	-894.0567 	0 	0 	-25.0004230998441 	0 	50001.6925999681 	0 	0 	-2473.6177 	0.00064849853515625 	0 	10.7290176742936 	0 	21458.3985841823 	0 	-0.00064849853515625 	75.783112 	0 	0 	0 	720 	800 	800 	5789 	-320693 	90761 	-370000 	0 	0 	0 	0 	0 	0 	-31 	13 	
3587126921 	320741 	320741 	-1239.3699 	1530 	1530 	-108.30963 	90761.0165328979 	90761 	73.858841 	370000 	370000 	-894.0567 	0 	0 	-2473.6177 	0.0221061706542969 	0 	75.783112 	0 	0 	0 	720 	800 	800 	5789 	-320693 	90761 	-370000 	0 	0 	31 	0 	0 	0 	-31 	13 	3587126921 	320741 	320741 	0 	0 	0 	0 	0 	-1239.3699 	1530 	1530 	0 	0 	0 	0 	0 	-108.30963 	90761.0165328979 	90761 	0 	0 	-42916.7971683646 	0 	-0.0165328979492188 	73.858841 	370000 	370000 	0 	0 	0 	0 	0 	-894.0567 	0 	0 	0 	0 	0 	0 	0 	-2473.6177 	0.0221061706542969 	0 	-10.7290176742936 	0 	-64375.1957525469 	0 	-0.0221061706542969 	75.783112 	0 	0 	0 	720 	800 	800 	5789 	-320693 	90761 	-370000 	0 	0 	31 	0 	0 	0 	-31 	13 	
3587126931 	320741 	320741 	-1239.3699 	1530 	1530 	-108.30963 	90760.9950752258 	90761 	73.858841 	370000 	370000 	-894.0567 	0 	0 	-2473.6177 	-0.0208091735839844 	0 	75.783112 	0 	0 	0 	720 	800 	800 	5789 	-320693 	90761 	-370000 	0 	0 	31 	0 	0 	0 	-31 	13 	3587126931 	320741 	320741 	0 	0 	0 	0 	0 	-1239.3699 	1530 	1530 	0 	0 	0 	0 	0 	-108.30963 	90760.9950752258 	90761 	0 	0 	42916.7971683646 	0 	0.00492477416992188 	73.858841 	370000 	370000 	0 	0 	0 	0 	0 	-894.0567 	0 	0 	0 	0 	0 	0 	0 	-2473.6177 	-0.0208091735839844 	0 	-10.7290176742936 	0 	64375.1957525469 	0 	0.0208091735839844 	75.783112 	0 	0 	0 	720 	800 	800 	5789 	-320693 	90761 	-370000 	0 	0 	31 	0 	0 	0 	-31 	13 	
3587126941 	320741 	320741 	-1239.3699 	1530 	1530 	-108.30963 	90761.0165328979 	90761 	73.858841 	370000 	370000 	-894.0567 	0 	0 	-2473.6177 	0.00064849853515625 	0 	75.783112 	0 	0 	0 	720 	800 	800 	5789 	-320693 	90761 	-370000 	0 	0 	31 	0 	0 	0 	-31 	13 	3587126941 	320741 	320741 	0 	0 	0 	0 	0 	-1239.3699 	1530 	1530 	0 	0 	0 	0 	0 	-108.30963 	90761.0165328979 	90761 	10.7290176742936 	0 	-21458.3985841823 	0 	-0.0165328979492188 	73.858841 	370000 	370000 	0 	0 	0 	0 	0 	-894.0567 	0 	0 	0 	0 	0 	0 	0 	-2473.6177 	0.00064849853515625 	0 	10.7290176742936 	0 	-21458.3985841823 	0 	-0.00064849853515625 	75.783112 	0 	0 	0 	720 	800 	800 	5789 	-320693 	90761 	-370000 	0 	0 	31 	0 	0 	0 	-31 	13 	
3587126951 	320741 	320741 	-1239.3699 	1530 	1530 	-108.30963 	90761.0165328979 	90761 	73.858841 	370000 	370000 	-894.0567 	0 	0 	-2473.6177 	0.00064849853515625 	0 	75.783112 	0 	0 	0 	720 	800 	800 	5789 	-320693 	90761 	-370000 	0 	0 	31 	0 	0 	0 	-31 	13 	3587126951 	320741 	320741 	25.0004230998441 	0 	50001.6925999681 	0 	0 	-1239.3699 	1530 	1530 	0 	0 	0 	0 	0 	-108.30963 	90761.0165328979 	90761 	-10.7290176742936 	0 	-21458.3985841823 	0 	-0.0165328979492188 	73.858841 	370000 	370000 	0 	0 	0 	0 	0 	-894.0567 	0 	0 	25.0004230998441 	0 	50001.6925999681 	0 	0 	-2473.6177 	0.00064849853515625 	0 	0 	0 	0 	0 	-0.00064849853515625 	75.783112 	0 	0 	0 	720 	800 	800 	5789 	-320693 	90761 	-370000 	0 	0 	31 	0 	0 	0 	-31 	13 	
3587126961 	320741.05 	320741 	-1239.3699 	1530 	1530 	-108.30963 	90760.9950752258 	90761 	73.858841 	370000 	370000 	-894.0567 	0.0499999998137355 	0 	-2473.6177 	0.00064849853515625 	0 	75.783112 	0 	0 	0 	720 	800 	800 	5789 	-320693 	90761 	-370000 	0 	0 	31 	0 	0 	0 	-31 	13 	3587126961 	320741.05 	320741 	0 	0 	-100003.385199936 	0 	-0.0499999998137355 	-1239.3699 	1530 	1530 	0 	0 	0 	0 	0 	-108.30963 	90760.9950752258 	90761 	-10.7290176742936 	0 	21458.3985841823 	0 	0.00492477416992188 	73.858841 	370000 	370000 	0 	0 	0 	0 	0 	-894.0567 	0.0499999998137355 	0 	0 	0 	-100003.385199936 	0 	-0.0499999998137355 	-2473.6177 	0.00064849853515625 	0 	10.7290176742936 	0 	21458.3985841823 	0 	-0.00064849853515625 	75.783112 	0 	0 	0 	720 	800 	800 	5789 	-320693 	90761 	-370000 	0 	0 	31 	0 	0 	0 	-31 	13 	
3587126971 	320741 	320741 	-1239.3699 	1530 	1530 	-108.30963 	90760.9950752258 	90761 	73.858841 	370000 	370000 	-894.0567 	0 	0 	-2473.6177 	0.0221061706542969 	0 	75.783112 	0 	0 	0 	720 	800 	800 	5789 	-320693 	90761 	-370000 	0 	0 	31 	0 	0 	0 	-31 	13 	3587126971 	320741 	320741 	-50.0008464325227 	0 	-0.000465677052608123 	0 	0 	-1239.3699 	1530 	1530 	0 	0 	0 	0 	0 	-108.30963 	90760.9950752258 	90761 	0 	0 	0 	0 	0.00492477416992188 	73.858841 	370000 	370000 	0 	0 	0 	0 	0 	-894.0567 	0 	0 	-25.0004230998441 	0 	50001.6925999681 	0 	0 	-2473.6177 	0.0221061706542969 	0 	-10.7290176742936 	0 	-64375.1957525469 	0 	-0.0221061706542969 	75.783112 	0 	0 	0 	720 	800 	800 	5789 	-320693 	90761 	-370000 	0 	0 	31 	0 	0 	0 	-31 	13 	
3587126981 	320740.95 	320741 	-1239.3699 	1530 	1530 	-108.30963 	90760.9950752258 	90761 	73.858841 	370000 	370000 	-894.0567 	0 	0 	-2473.6177 	-0.0208091735839844 	0 	75.783112 	0 	0 	0 	720 	800 	800 	5789 	-320693 	90761 	-370000 	0 	0 	31 	0 	0 	0 	-63 	13 	3587126981 	320740.95 	320741 	0 	0 	100003.38613129 	0 	0.0500000002793968 	-1239.3699 	1530 	1530 	0 	0 	0 	0 	0 	-108.30963 	90760.9950752258 	90761 	10.7290176742936 	0 	21458.3985841823 	0 	0.00492477416992188 	73.858841 	370000 	370000 	0 	0 	0 	0 	0 	-894.0567 	0 	0 	0 	0 	0 	0 	0 	-2473.6177 	-0.0208091735839844 	0 	-21.4580353485871 	0 	42916.7971683646 	0 	0.0208091735839844 	75.783112 	0 	0 	0 	720 	800 	800 	5789 	-320693 	90761 	-370000 	0 	0 	31 	0 	0 	0 	-63 	13 	
3587126991 	320741 	320741 	-1239.3699 	1530 	1530 	-108.30963 	90761.0165328979 	90761 	73.858841 	370000 	370000 	-894.0567 	0 	0 	-2473.6177 	-0.0208091735839844 	0 	75.783112 	0 	0 	0 	720 	800 	800 	5789 	-320693 	90761 	-370000 	0 	0 	31 	0 	0 	0 	-63 	-27 	3587126991 	320741 	320741 	25.0004233326786 	0 	-50001.6930656452 	0 	0 	-1239.3699 	1530 	1530 	0 	0 	0 	0 	0 	-108.30963 	90761.0165328979 	90761 	0 	0 	-42916.7971683646 	0 	-0.0165328979492188 	73.858841 	370000 	370000 	0 	0 	0 	0 	0 	-894.0567 	0 	0 	0 	0 	0 	0 	0 	-2473.6177 	-0.0208091735839844 	0 	10.7290176742936 	0 	21458.3985841823 	0 	0.0208091735839844 	75.783112 	0 	0 	0 	720 	800 	800 	5789 	-320693 	90761 	-370000 	0 	0 	31 	0 	0 	0 	-63 	-27 	
3587127001 	320741 	320741 	-1239.3699 	1530 	1530 	-108.30963 	90760.9950752258 	90761 	73.858841 	370000 	370000 	-894.0567 	0 	0 	-2473.6177 	0.00064849853515625 	0 	75.783112 	0 	0 	0 	720 	800 	800 	5789 	-320693 	90761 	-370000 	0 	0 	31 	0 	0 	0 	-63 	-27 	3587127001 	320741 	320741 	0 	0 	0 	0 	0 	-1239.3699 	1530 	1530 	0 	0 	0 	0 	0 	-108.30963 	90760.9950752258 	90761 	-10.7290176742936 	0 	21458.3985841823 	0 	0.00492477416992188 	73.858841 	370000 	370000 	0 	0 	0 	0 	0 	-894.0567 	0 	0 	25.0004230998441 	0 	50001.6925999681 	0 	0 	-2473.6177 	0.00064849853515625 	0 	21.4580353485871 	0 	0 	0 	-0.00064849853515625 	75.783112 	0 	0 	0 	720 	800 	800 	5789 	-320693 	90761 	-370000 	0 	0 	31 	0 	0 	0 	-63 	-27 	
3587127011 	320741 	320741 	-1239.3699 	1530 	1530 	-108.30963 	90760.9950752258 	90761 	73.858841 	370000 	370000 	-894.0567 	0.0499999998137355 	0 	-2473.6177 	0.0221061706542969 	0 	75.783112 	0 	0 	0 	720 	800 	800 	5789 	-320693 	90761 	-370000 	0 	0 	31 	0 	0 	0 	-63 	-27 	3587127011 	320741 	320741 	0 	0 	0 	0 	0 	-1239.3699 	1530 	1530 	0 	0 	0 	0 	0 	-108.30963 	90760.9950752258 	90761 	0 	0 	0 	0 	0.00492477416992188 	73.858841 	370000 	370000 	0 	0 	0 	0 	0 	-894.0567 	0.0499999998137355 	0 	0 	0 	-100003.385199936 	0 	-0.0499999998137355 	-2473.6177 	0.0221061706542969 	0 	-10.7290176742936 	0 	-64375.1957525469 	0 	-0.0221061706542969 	75.783112 	0 	0 	0 	720 	800 	800 	5789 	-320693 	90761 	-370000 	0 	0 	31 	0 	0 	0 	-63 	-27 	
3587127021 	320741 	320741 	-1239.3699 	1530 	1530 	-108.30963 	90760.9950752258 	90761 	73.858841 	370000 	370000 	-894.0567 	0 	0 	-2473.6177 	-0.0208091735839844 	0 	75.783112 	0 	0 	0 	720 	800 	800 	5789 	-320693 	90761 	-370000 	0 	0 	31 	0 	0 	0 	-63 	-27 	3587127021 	320741 	320741 	-25.0004233326786 	0 	-50001.6930656452 	0 	0 	-1239.3699 	1530 	1530 	0 	0 	0 	0 	0 	-108.30963 	90760.9950752258 	90761 	0 	0 	0 	0 	0.00492477416992188 	73.858841 	370000 	370000 	0 	0 	0 	0 	0 	-894.0567 	0 	0 	-25.0004230998441 	0 	50001.6925999681 	0 	0 	-2473.6177 	-0.0208091735839844 	0 	-21.4580353485871 	0 	42916.7971683646 	0 	0.0208091735839844 	75.783112 	0 	0 	0 	720 	800 	800 	5789 	-320693 	90761 	-370000 	0 	0 	31 	0 	0 	0 	-63 	-27 	
3587127031 	320740.95 	320741 	-1239.3699 	1530 	1530 	-108.30963 	90760.9950752258 	90761 	73.858841 	370000 	370000 	-894.0567 	0 	0 	-2473.6177 	-0.0208091735839844 	0 	75.783112 	0 	0 	0 	720 	800 	800 	5789 	-320693 	90761 	-370000 	0 	0 	31 	0 	0 	0 	-63 	-27 	3587127031 	320740.95 	320741 	0 	0 	100003.38613129 	0 	0.0500000002793968 	-1239.3699 	1530 	1530 	0 	0 	0 	0 	0 	-108.30963 	90760.9950752258 	90761 	0 	0 	0 	0 	0.00492477416992188 	73.858841 	370000 	370000 	0 	0 	0 	0 	0 	-894.0567 	0 	0 	0 	0 	0 	0 	0 	-2473.6177 	-0.0208091735839844 	0 	10.7290176742936 	0 	21458.3985841823 	0 	0.0208091735839844 	75.783112 	0 	0 	0 	720 	800 	800 	5789 	-320693 	90761 	-370000 	0 	0 	31 	0 	0 	0 	-63 	-27 	
3587127041 	320741 	320741 	-1239.3699 	1530 	1530 	-108.30963 	90760.9950752258 	90761 	73.858841 	370000 	370000 	-894.0567 	0 	0 	-2473.6177 	0.00064849853515625 	0 	75.783112 	0 	0 	0 	720 	800 	800 	5789 	-320693 	90761 	-370000 	0 	0 	31 	0 	0 	0 	-63 	-27 	3587127041 	320741 	320741 	25.0004233326786 	0 	-50001.6930656452 	0 	0 	-1239.3699 	1530 	1530 	0 	0 	0 	0 	0 	-108.30963 	90760.9950752258 	90761 	0 	0 	0 	0 	0.00492477416992188 	73.858841 	370000 	370000 	0 	0 	0 	0 	0 	-894.0567 	0 	0 	0 	0 	0 	0 	0 	-2473.6177 	0.00064849853515625 	0 	10.7290176742936 	0 	-21458.3985841823 	0 	-0.00064849853515625 	75.783112 	0 	0 	0 	720 	800 	800 	5789 	-320693 	90761 	-370000 	0 	0 	31 	0 	0 	0 	-63 	-27 	
3587127051 	320741 	320741 	-1239.3699 	1530 	1530 	-108.30963 	90760.9950752258 	90761 	73.858841 	370000 	370000 	-894.0567 	0 	0 	-2473.6177 	0.00064849853515625 	0 	75.783112 	0 	0 	0 	720 	800 	800 	5789 	-320693 	90761 	-370000 	0 	0 	31 	0 	0 	0 	-63 	-27 	3587127051 	320741 	320741 	0 	0 	0 	0 	0 	-1239.3699 	1530 	1530 	0 	0 	0 	0 	0 	-108.30963 	90760.9950752258 	90761 	10.7290176742936 	0 	21458.3985841823 	0 	0.00492477416992188 	73.858841 	370000 	370000 	0 	0 	0 	0 	0 	-894.0567 	0 	0 	0 	0 	0 	0 	0 	-2473.6177 	0.00064849853515625 	0 	0 	0 	0 	0 	-0.00064849853515625 	75.783112 	0 	0 	0 	720 	800 	800 	5789 	-320693 	90761 	-370000 	0 	0 	31 	0 	0 	0 	-63 	-27 	
3587127061 	320741 	320741 	-1239.3699 	1530 	1530 	-108.30963 	90761.0165328979 	90761 	73.858841 	370000 	370000 	-894.0567 	0 	0 	-2473.6177 	0.00064849853515625 	0 	75.783112 	0 	0 	0 	720 	800 	800 	5789 	-320693 	90761 	-370000 	0 	0 	31 	0 	0 	0 	-63 	-27 	3587127061 	320741 	320741 	0 	0 	0 	0 	0 	-1239.3699 	1530 	1530 	0 	0 	0 	0 	0 	-108.30963 	90761.0165328979 	90761 	0 	0 	-42916.7971683646 	0 	-0.0165328979492188 	73.858841 	370000 	370000 	0 	0 	0 	0 	0 	-894.0567 	0 	0 	0 	0 	0 	0 	0 	-2473.6177 	0.00064849853515625 	0 	10.7290176742936 	0 	21458.3985841823 	0 	-0.00064849853515625 	75.783112 	0 	0 	0 	720 	800 	800 	5789 	-320693 	90761 	-370000 	0 	0 	31 	0 	0 	0 	-63 	-27 	
3587127071 	320741 	320741 	-1239.3699 	1530 	1530 	-108.30963 	90760.9950752258 	90761 	73.858841 	370000 	370000 	-894.0567 	0 	0 	-2473.6177 	0.0221061706542969 	0 	75.783112 	0 	0 	0 	720 	800 	800 	5789 	-320693 	90761 	-370000 	0 	0 	31 	0 	0 	0 	-63 	-27 	3587127071 	320741 	320741 	0 	0 	0 	0 	0 	-1239.3699 	1530 	1530 	0 	0 	0 	0 	0 	-108.30963 	90760.9950752258 	90761 	0 	0 	42916.7971683646 	0 	0.00492477416992188 	73.858841 	370000 	370000 	0 	0 	0 	0 	0 	-894.0567 	0 	0 	25.0004230998441 	0 	50001.6925999681 	0 	0 	-2473.6177 	0.0221061706542969 	0 	10.7290176742936 	0 	-21458.3985841823 	0 	-0.0221061706542969 	75.783112 	0 	0 	0 	720 	800 	800 	5789 	-320693 	90761 	-370000 	0 	0 	31 	0 	0 	0 	-63 	-27 	
3587127081 	320741 	320741 	-1239.3699 	1530 	1530 	-108.30963 	90761.0165328979 	90761 	73.858841 	370000 	370000 	-894.0567 	0.0499999998137355 	0 	-2473.6177 	0.0221061706542969 	0 	75.783112 	0 	0 	0 	720 	800 	800 	5789 	-320693 	90761 	-370000 	0 	0 	0 	0 	0 	0 	-63 	-27 	3587127081 	320741 	320741 	0 	0 	0 	0 	0 	-1239.3699 	1530 	1530 	0 	0 	0 	0 	0 	-108.30963 	90761.0165328979 	90761 	-10.7290176742936 	0 	-64375.1957525469 	0 	-0.0165328979492188 	73.858841 	370000 	370000 	0 	0 	0 	0 	0 	-894.0567 	0.0499999998137355 	0 	0 	0 	-100003.385199936 	0 	-0.0499999998137355 	-2473.6177 	0.0221061706542969 	0 	0 	0 	0 	0 	-0.0221061706542969 	75.783112 	0 	0 	0 	720 	800 	800 	5789 	-320693 	90761 	-370000 	0 	0 	0 	0 	0 	0 	-63 	-27 	
3587127091 	320741 	320741 	-1239.3699 	1530 	1530 	-108.30963 	90760.9736175537 	90761 	73.858841 	370000 	370000 	-894.0567 	0 	0 	-2473.6177 	0.0221061706542969 	0 	75.783112 	0 	0 	0 	720 	800 	800 	5789 	-320693 	90761 	-370000 	0 	0 	0 	0 	0 	0 	-63 	-27 	3587127091 	320741 	320741 	0 	0 	0 	0 	0 	-1239.3699 	1530 	1530 	0 	0 	0 	0 	0 	-108.30963 	90760.9736175537 	90761 	-10.7290176742936 	0 	64375.1957525469 	0 	0.0263824462890625 	73.858841 	370000 	370000 	0 	0 	0 	0 	0 	-894.0567 	0 	0 	-25.0004230998441 	0 	50001.6925999681 	0 	0 	-2473.6177 	0.0221061706542969 	0 	-10.7290176742936 	0 	-21458.3985841823 	0 	-0.0221061706542969 	75.783112 	0 	0 	0 	720 	800 	800 	5789 	-320693 	90761 	-370000 	0 	0 	0 	0 	0 	0 	-63 	-27 	
3587127101 	320741 	320741 	-1239.3699 	1530 	1530 	-108.30963 	90760.9950752258 	90761 	73.858841 	370000 	370000 	-894.0567 	0 	0 	-2473.6177 	0.00064849853515625 	0 	75.783112 	0 	0 	0 	720 	800 	800 	5789 	-320693 	90761 	-370000 	0 	0 	0 	0 	13 	0 	-63 	-27 	3587127101 	320741 	320741 	0 	0 	0 	0 	0 	-1239.3699 	1530 	1530 	0 	0 	0 	0 	0 	-108.30963 	90760.9950752258 	90761 	10.7290176742936 	0 	-21458.3985841823 	0 	0.00492477416992188 	73.858841 	370000 	370000 	0 	0 	0 	0 	0 	-894.0567 	0 	0 	0 	0 	0 	0 	0 	-2473.6177 	0.00064849853515625 	0 	-10.7290176742936 	0 	21458.3985841823 	0 	-0.00064849853515625 	75.783112 	0 	0 	0 	720 	800 	800 	5789 	-320693 	90761 	-370000 	0 	0 	0 	0 	13 	0 	-63 	-27 	
3587127111 	320741 	320741 	-1239.3699 	1530 	1530 	-108.30963 	90760.9950752258 	90761 	73.858841 	370000 	370000 	-894.0567 	0 	0 	-2473.6177 	0.00064849853515625 	0 	75.783112 	0 	0 	0 	720 	800 	800 	5789 	-320693 	90761 	-370000 	0 	0 	0 	0 	13 	0 	-63 	-27 	3587127111 	320741 	320741 	0 	0 	0 	0 	0 	-1239.3699 	1530 	1530 	0 	0 	0 	0 	0 	-108.30963 	90760.9950752258 	90761 	10.7290176742936 	0 	21458.3985841823 	0 	0.00492477416992188 	73.858841 	370000 	370000 	0 	0 	0 	0 	0 	-894.0567 	0 	0 	0 	0 	0 	0 	0 	-2473.6177 	0.00064849853515625 	0 	10.7290176742936 	0 	21458.3985841823 	0 	-0.00064849853515625 	75.783112 	0 	0 	0 	720 	800 	800 	5789 	-320693 	90761 	-370000 	0 	0 	0 	0 	13 	0 	-63 	-27 	
3587127121 	320741 	320741 	-1239.3699 	1530 	1530 	-108.30963 	90761.0165328979 	90761 	73.858841 	370000 	370000 	-894.0567 	0 	0 	-2473.6177 	0.0221061706542969 	0 	75.783112 	0 	0 	0 	720 	800 	800 	5789 	-320693 	90761 	-370000 	0 	0 	0 	0 	13 	0 	-63 	-27 	3587127121 	320741 	320741 	0 	0 	0 	0 	0 	-1239.3699 	1530 	1530 	0 	0 	0 	0 	0 	-108.30963 	90761.0165328979 	90761 	0 	0 	-42916.7971683646 	0 	-0.0165328979492188 	73.858841 	370000 	370000 	0 	0 	0 	0 	0 	-894.0567 	0 	0 	-25.0004235655132 	0 	-50001.6935313222 	0 	0 	-2473.6177 	0.0221061706542969 	0 	-10.7290176742936 	0 	-64375.1957525469 	0 	-0.0221061706542969 	75.783112 	0 	0 	0 	720 	800 	800 	5789 	-320693 	90761 	-370000 	0 	0 	0 	0 	13 	0 	-63 	-27 	
3587127131 	320741 	320741 	-1239.3699 	1530 	1530 	-108.30963 	90760.9950752258 	90761 	73.858841 	370000 	370000 	-894.0567 	-0.0500000007450581 	0 	-2473.6177 	-0.0208091735839844 	0 	75.783112 	0 	0 	0 	720 	800 	800 	5789 	-320693 	90761 	-370000 	0 	0 	0 	0 	13 	0 	-63 	-27 	3587127131 	320741 	320741 	0 	0 	0 	0 	0 	-1239.3699 	1530 	1530 	0 	0 	0 	0 	0 	-108.30963 	90760.9950752258 	90761 	-10.7290176742936 	0 	21458.3985841823 	0 	0.00492477416992188 	73.858841 	370000 	370000 	0 	0 	0 	0 	0 	-894.0567 	-0.0500000007450581 	0 	0 	0 	100003.387062644 	0 	0.0500000007450581 	-2473.6177 	-0.0208091735839844 	0 	-21.4580353485871 	0 	42916.7971683646 	0 	0.0208091735839844 	75.783112 	0 	0 	0 	720 	800 	800 	5789 	-320693 	90761 	-370000 	0 	0 	0 	0 	13 	0 	-63 	-27 	
3587127141 	320741 	320741 	-1239.3699 	1530 	1530 	-108.30963 	90760.9950752258 	90761 	73.858841 	370000 	370000 	-894.0567 	0 	0 	-2473.6177 	-0.0208091735839844 	0 	75.783112 	0 	0 	0 	720 	800 	800 	5789 	-320693 	90761 	-370000 	0 	0 	0 	0 	13 	0 	0 	-27 	3587127141 	320741 	320741 	0 	0 	0 	0 	0 	-1239.3699 	1530 	1530 	0 	0 	0 	0 	0 	-108.30963 	90760.9950752258 	90761 	0 	0 	0 	0 	0.00492477416992188 	73.858841 	370000 	370000 	0 	0 	0 	0 	0 	-894.0567 	0 	0 	25.0004235655132 	0 	-50001.6935313222 	0 	0 	-2473.6177 	-0.0208091735839844 	0 	10.7290176742936 	0 	21458.3985841823 	0 	0.0208091735839844 	75.783112 	0 	0 	0 	720 	800 	800 	5789 	-320693 	90761 	-370000 	0 	0 	0 	0 	13 	0 	0 	-27 	
3587127151 	320741 	320741 	-1239.3699 	1530 	1530 	-108.30963 	90760.9950752258 	90761 	73.858841 	370000 	370000 	-894.0567 	0 	0 	-2473.6177 	0.00064849853515625 	0 	75.783112 	0 	0 	0 	720 	800 	800 	5789 	-320693 	90761 	-370000 	0 	0 	0 	0 	13 	0 	0 	0 	3587127151 	320741 	320741 	0 	0 	0 	0 	0 	-1239.3699 	1530 	1530 	0 	0 	0 	0 	0 	-108.30963 	90760.9950752258 	90761 	0 	0 	0 	0 	0.00492477416992188 	73.858841 	370000 	370000 	0 	0 	0 	0 	0 	-894.0567 	0 	0 	0 	0 	0 	0 	0 	-2473.6177 	0.00064849853515625 	0 	10.7290176742936 	0 	-21458.3985841823 	0 	-0.00064849853515625 	75.783112 	0 	0 	0 	720 	800 	800 	5789 	-320693 	90761 	-370000 	0 	0 	0 	0 	13 	0 	0 	0 	
3587127161 	320741 	320741 	-1239.3699 	1530 	1530 	-108.30963 	90760.9950752258 	90761 	73.858841 	370000 	370000 	-894.0567 	0 	0 	-2473.6177 	0.00064849853515625 	0 	75.783112 	0 	0 	0 	720 	800 	800 	5789 	-320693 	90761 	-370000 	0 	0 	0 	0 	13 	0 	0 	0 	3587127161 	320741 	320741 	0 	0 	0 	0 	0 	-1239.3699 	1530 	1530 	0 	0 	0 	0 	0 	-108.30963 	90760.9950752258 	90761 	0 	0 	0 	0 	0.00492477416992188 	73.858841 	370000 	370000 	0 	0 	0 	0 	0 	-894.0567 	0 	0 	0 	0 	0 	0 	0 	-2473.6177 	0.00064849853515625 	0 	-10.7290176742936 	0 	-21458.3985841823 	0 	-0.00064849853515625 	75.783112 	0 	0 	0 	720 	800 	800 	5789 	-320693 	90761 	-370000 	0 	0 	0 	0 	13 	0 	0 	0 	
3587127171 	320741 	320741 	-1239.3699 	1530 	1530 	-108.30963 	90760.9950752258 	90761 	73.858841 	370000 	370000 	-894.0567 	0 	0 	-2473.6177 	-0.0208091735839844 	0 	75.783112 	0 	0 	0 	720 	800 	800 	5789 	-320693 	90761 	-370000 	0 	0 	0 	0 	13 	0 	0 	0 	3587127171 	320741 	320741 	0 	0 	0 	0 	0 	-1239.3699 	1530 	1530 	0 	0 	0 	0 	0 	-108.30963 	90760.9950752258 	90761 	10.7290176742936 	0 	21458.3985841823 	0 	0.00492477416992188 	73.858841 	370000 	370000 	0 	0 	0 	0 	0 	-894.0567 	0 	0 	0 	0 	0 	0 	0 	-2473.6177 	-0.0208091735839844 	0 	0 	0 	42916.7971683646 	0 	0.0208091735839844 	75.783112 	0 	0 	0 	720 	800 	800 	5789 	-320693 	90761 	-370000 	0 	0 	0 	0 	13 	0 	0 	0 	
3587127181 	320741 	320741 	-1239.3699 	1530 	1530 	-108.30963 	90761.0165328979 	90761 	73.858841 	370000 	370000 	-894.0567 	0 	0 	-2473.6177 	0.00064849853515625 	0 	75.783112 	0 	0 	0 	720 	800 	800 	5789 	-320693 	90761 	-370000 	0 	0 	0 	0 	13 	0 	0 	0 	3587127181 	320741 	320741 	0 	0 	0 	0 	0 	-1239.3699 	1530 	1530 	0 	0 	0 	0 	0 	-108.30963 	90761.0165328979 	90761 	0 	0 	-42916.7971683646 	0 	-0.0165328979492188 	73.858841 	370000 	370000 	0 	0 	0 	0 	0 	-894.0567 	0 	0 	0 	0 	0 	0 	0 	-2473.6177 	0.00064849853515625 	0 	10.7290176742936 	0 	-21458.3985841823 	0 	-0.00064849853515625 	75.783112 	0 	0 	0 	720 	800 	800 	5789 	-320693 	90761 	-370000 	0 	0 	0 	0 	13 	0 	0 	0 	
3587127191 	320741 	320741 	-1239.3699 	1530 	1530 	-108.30963 	90760.9950752258 	90761 	73.858841 	370000 	370000 	-894.0567 	0 	0 	-2473.6177 	0.00064849853515625 	0 	75.783112 	0 	0 	0 	720 	800 	800 	5789 	-320693 	90761 	-370000 	0 	0 	0 	0 	13 	0 	0 	0 	3587127191 	320741 	320741 	0 	0 	0 	0 	0 	-1239.3699 	1530 	1530 	25.000423187157 	0 	50001.692774597 	0 	0 	-108.30963 	90760.9950752258 	90761 	-10.7290176742936 	0 	21458.3985841823 	0 	0.00492477416992188 	73.858841 	370000 	370000 	0 	0 	0 	0 	0 	-894.0567 	0 	0 	0 	0 	0 	0 	0 	-2473.6177 	0.00064849853515625 	0 	0 	0 	0 	0 	-0.00064849853515625 	75.783112 	0 	0 	0 	720 	800 	800 	5789 	-320693 	90761 	-370000 	0 	0 	0 	0 	13 	0 	0 	0 	
3587127201 	320741 	320741 	-1239.3699 	1530.04999999999 	1530 	-108.30963 	90760.9950752258 	90761 	73.858841 	370000 	370000 	-894.0567 	0 	0 	-2473.6177 	0.00064849853515625 	0 	75.783112 	0 	0 	0 	720 	800 	800 	5789 	-320693 	90761 	-370000 	0 	0 	0 	0 	13 	0 	0 	0 	3587127201 	320741 	320741 	0 	0 	0 	0 	0 	-1239.3699 	1530.04999999999 	1530 	0 	0 	-100003.385549194 	0 	-0.0499999999883585 	-108.30963 	90760.9950752258 	90761 	10.7290176742936 	0 	21458.3985841823 	0 	0.00492477416992188 	73.858841 	370000 	370000 	0 	0 	0 	0 	0 	-894.0567 	0 	0 	-25.0004235655132 	0 	-50001.6935313222 	0 	0 	-2473.6177 	0.00064849853515625 	0 	0 	0 	0 	0 	-0.00064849853515625 	75.783112 	0 	0 	0 	720 	800 	800 	5789 	-320693 	90761 	-370000 	0 	0 	0 	0 	13 	0 	0 	0 	
3587127211 	320741 	320741 	-1239.3699 	1530 	1530 	-108.30963 	90761.0165328979 	90761 	73.858841 	370000 	370000 	-894.0567 	-0.0500000007450581 	0 	-2473.6177 	0.00064849853515625 	0 	75.783112 	0 	0 	0 	720 	800 	800 	5789 	-320693 	90761 	-370000 	0 	0 	0 	0 	13 	0 	0 	0 	3587127211 	320741 	320741 	0 	0 	0 	0 	0 	-1239.3699 	1530 	1530 	-25.000423187157 	0 	50001.692774597 	0 	0 	-108.30963 	90761.0165328979 	90761 	-10.7290176742936 	0 	-64375.1957525469 	0 	-0.0165328979492188 	73.858841 	370000 	370000 	0 	0 	0 	0 	0 	-894.0567 	-0.0500000007450581 	0 	0 	0 	100003.387062644 	0 	0.0500000007450581 	-2473.6177 	0.00064849853515625 	0 	0 	0 	0 	0 	-0.00064849853515625 	75.783112 	0 	0 	0 	720 	800 	800 	5789 	-320693 	90761 	-370000 	0 	0 	0 	0 	13 	0 	0 	0 	
3587127221 	320741 	320741 	-1239.3699 	1530 	1530 	-108.30963 	90760.9736175537 	90761 	73.858841 	370000 	370000 	-894.0567 	0 	0 	-2473.6177 	0.00064849853515625 	0 	75.783112 	0 	0 	0 	720 	800 	800 	5789 	-320693 	90761 	-370000 	0 	0 	0 	0 	13 	0 	0 	0 	3587127221 	320741 	320741 	0 	0 	0 	0 	0 	-1239.3699 	1530 	1530 	0 	0 	0 	0 	0 	-108.30963 	90760.9736175537 	90761 	-10.7290176742936 	0 	64375.1957525469 	0 	0.0263824462890625 	73.858841 	370000 	370000 	0 	0 	0 	0 	0 	-894.0567 	0 	0 	50.0008466653573 	0 	-0.000931354105216245 	0 	0 	-2473.6177 	0.00064849853515625 	0 	0 	0 	0 	0 	-0.00064849853515625 	75.783112 	0 	0 	0 	720 	800 	800 	5789 	-320693 	90761 	-370000 	0 	0 	0 	0 	13 	0 	0 	0 	
3587127231 	320741 	320741 	-1239.3699 	1530 	1530 	-108.30963 	90760.9950752258 	90761 	73.858841 	370000 	370000 	-894.0567 	0.0499999998137355 	0 	-2473.6177 	0.00064849853515625 	0 	75.783112 	0 	0 	0 	720 	800 	800 	5789 	-320693 	90761 	-370000 	0 	0 	0 	0 	13 	0 	0 	0 	3587127231 	320741 	320741 	0 	0 	0 	0 	0 	-1239.3699 	1530 	1530 	25.000423187157 	0 	50001.692774597 	0 	0 	-108.30963 	90760.9950752258 	90761 	10.7290176742936 	0 	-21458.3985841823 	0 	0.00492477416992188 	73.858841 	370000 	370000 	0 	0 	0 	0 	0 	-894.0567 	0.0499999998137355 	0 	0 	0 	-100003.385199936 	0 	-0.0499999998137355 	-2473.6177 	0.00064849853515625 	0 	0 	0 	0 	0 	-0.00064849853515625 	75.783112 	0 	0 	0 	720 	800 	800 	5789 	-320693 	90761 	-370000 	0 	0 	0 	0 	13 	0 	0 	0 	
3587127241 	320741 	320741 	-1239.3699 	1530.04999999999 	1530 	-108.30963 	90760.9950752258 	90761 	73.858841 	370000 	370000 	-894.0567 	0 	0 	-2473.6177 	0.00064849853515625 	0 	75.783112 	0 	0 	0 	720 	800 	800 	5789 	-320693 	90761 	-370000 	0 	0 	0 	0 	13 	0 	0 	0 	3587127241 	320741 	320741 	0 	0 	0 	0 	0 	-1239.3699 	1530.04999999999 	1530 	0 	0 	-100003.385549194 	0 	-0.0499999999883585 	-108.30963 	90760.9950752258 	90761 	0 	0 	0 	0 	0.00492477416992188 	73.858841 	370000 	370000 	0 	0 	0 	0 	0 	-894.0567 	0 	0 	-25.0004230998441 	0 	50001.6925999681 	0 	0 	-2473.6177 	0.00064849853515625 	0 	0 	0 	0 	0 	-0.00064849853515625 	75.783112 	0 	0 	0 	720 	800 	800 	5789 	-320693 	90761 	-370000 	0 	0 	0 	0 	13 	0 	0 	0 	
3587127251 	320741 	320741 	-1239.3699 	1530 	1530 	-108.30963 	90760.9950752258 	90761 	73.858841 	370000 	370000 	-894.0567 	0 	0 	-2473.6177 	0.00064849853515625 	0 	75.783112 	0 	0 	0 	720 	800 	800 	5789 	-320693 	90761 	-370000 	0 	0 	0 	0 	13 	0 	0 	0 	3587127251 	320741 	320741 	0 	0 	0 	0 	0 	-1239.3699 	1530 	1530 	-25.000423187157 	0 	50001.692774597 	0 	0 	-108.30963 	90760.9950752258 	90761 	0 	0 	0 	0 	0.00492477416992188 	73.858841 	370000 	370000 	0 	0 	0 	0 	0 	-894.0567 	0 	0 	0 	0 	0 	0 	0 	-2473.6177 	0.00064849853515625 	0 	0 	0 	0 	0 	-0.00064849853515625 	75.783112 	0 	0 	0 	720 	800 	800 	5789 	-320693 	90761 	-370000 	0 	0 	0 	0 	13 	0 	0 	0 	
3587127261 	320741 	320741 	-1239.3699 	1530 	1530 	-108.30963 	90760.9950752258 	90761 	73.858841 	370000 	370000 	-894.0567 	0 	0 	-2473.6177 	0.00064849853515625 	0 	75.783112 	0 	0 	0 	720 	800 	800 	5789 	-320693 	90761 	-370000 	0 	0 	0 	0 	13 	0 	0 	0 	3587127261 	320741 	320741 	0 	0 	0 	0 	0 	-1239.3699 	1530 	1530 	0 	0 	0 	0 	0 	-108.30963 	90760.9950752258 	90761 	0 	0 	0 	0 	0.00492477416992188 	73.858841 	370000 	370000 	0 	0 	0 	0 	0 	-894.0567 	0 	0 	0 	0 	0 	0 	0 	-2473.6177 	0.00064849853515625 	0 	0 	0 	0 	0 	-0.00064849853515625 	75.783112 	0 	0 	0 	720 	800 	800 	5789 	-320693 	90761 	-370000 	0 	0 	0 	0 	13 	0 	0 	0 	
3587127271 	320741 	320741 	-1239.3699 	1530 	1530 	-108.30963 	90760.9950752258 	90761 	73.858841 	370000 	370000 	-894.0567 	0 	0 	-2473.6177 	0.00064849853515625 	0 	75.783112 	0 	0 	0 	720 	800 	800 	5789 	-320693 	90761 	-370000 	0 	0 	0 	0 	0 	0 	0 	0 	3587127271 	320741 	320741 	0 	0 	0 	0 	0 	-1239.3699 	1530 	1530 	0 	0 	0 	0 	0 	-108.30963 	90760.9950752258 	90761 	0 	0 	0 	0 	0.00492477416992188 	73.858841 	370000 	370000 	0 	0 	0 	0 	0 	-894.0567 	0 	0 	0 	0 	0 	0 	0 	-2473.6177 	0.00064849853515625 	0 	-21.4580353485871 	0 	-42916.7971683646 	0 	-0.00064849853515625 	75.783112 	0 	0 	0 	720 	800 	800 	5789 	-320693 	90761 	-370000 	0 	0 	0 	0 	0 	0 	0 	0 	
3587127281 	320741 	320741 	-1239.3699 	1530 	1530 	-108.30963 	90760.9950752258 	90761 	73.858841 	370000 	370000 	-894.0567 	0 	0 	-2473.6177 	-0.042266845703125 	0 	75.783112 	0 	0 	0 	720 	800 	800 	5789 	-320693 	90761 	-370000 	0 	0 	0 	0 	0 	0 	0 	0 	3587127281 	320741 	320741 	0 	0 	0 	0 	0 	-1239.3699 	1530 	1530 	0 	0 	0 	0 	0 	-108.30963 	90760.9950752258 	90761 	0 	0 	0 	0 	0.00492477416992188 	73.858841 	370000 	370000 	0 	0 	0 	0 	0 	-894.0567 	0 	0 	0 	0 	0 	0 	0 	-2473.6177 	-0.042266845703125 	0 	0 	0 	85833.5943367292 	0 	0.042266845703125 	75.783112 	0 	0 	0 	720 	800 	800 	5789 	-320693 	90761 	-370000 	0 	0 	0 	0 	0 	0 	0 	0 	
3587127291 	320741 	320741 	-1239.3699 	1530 	1530 	-108.30963 	90760.9950752258 	90761 	73.858841 	370000 	370000 	-894.0567 	0 	0 	-2473.6177 	0.00064849853515625 	0 	75.783112 	0 	0 	0 	720 	800 	800 	5789 	-320693 	90761 	-370000 	0 	0 	0 	0 	0 	0 	0 	0 	3587127291 	320741 	320741 	0 	0 	0 	0 	0 	-1239.3699 	1530 	1530 	0 	0 	0 	0 	0 	-108.30963 	90760.9950752258 	90761 	0 	0 	0 	0 	0.00492477416992188 	73.858841 	370000 	370000 	0 	0 	0 	0 	0 	-894.0567 	0 	0 	0 	0 	0 	0 	0 	-2473.6177 	0.00064849853515625 	0 	32.1870530228807 	0 	-21458.3985841823 	0 	-0.00064849853515625 	75.783112 	0 	0 	0 	720 	800 	800 	5789 	-320693 	90761 	-370000 	0 	0 	0 	0 	0 	0 	0 	0 	
3587127301 	320741 	320741 	-1239.3699 	1530 	1530 	-108.30963 	90760.9950752258 	90761 	73.858841 	370000 	370000 	-894.0567 	0 	0 	-2473.6177 	0.0221061706542969 	0 	75.783112 	0 	0 	0 	720 	800 	800 	5789 	-320693 	90761 	-370000 	0 	0 	0 	0 	0 	0 	0 	0 	3587127301 	320741 	320741 	0 	0 	0 	0 	0 	-1239.3699 	1530 	1530 	0 	0 	0 	0 	0 	-108.30963 	90760.9950752258 	90761 	-10.7290176742936 	0 	-21458.3985841823 	0 	0.00492477416992188 	73.858841 	370000 	370000 	0 	0 	0 	0 	0 	-894.0567 	0 	0 	0 	0 	0 	0 	0 	-2473.6177 	0.0221061706542969 	0 	0 	0 	-42916.7971683646 	0 	-0.0221061706542969 	75.783112 	0 	0 	0 	720 	800 	800 	5789 	-320693 	90761 	-370000 	0 	0 	0 	0 	0 	0 	0 	0 	
3587127311 	320741 	320741 	-1239.3699 	1530 	1530 	-108.30963 	90760.9736175537 	90761 	73.858841 	370000 	370000 	-894.0567 	0 	0 	-2473.6177 	0.00064849853515625 	0 	75.783112 	0 	0 	0 	720 	800 	800 	5789 	-320693 	90761 	-370000 	0 	0 	0 	0 	0 	0 	0 	0 	3587127311 	320741 	320741 	0 	0 	0 	0 	0 	-1239.3699 	1530 	1530 	0 	0 	0 	0 	0 	-108.30963 	90760.9736175537 	90761 	0 	0 	42916.7971683646 	0 	0.0263824462890625 	73.858841 	370000 	370000 	0 	0 	0 	0 	0 	-894.0567 	0 	0 	25.0004230998441 	0 	50001.6925999681 	0 	0 	-2473.6177 	0.00064849853515625 	0 	0 	0 	42916.7971683646 	0 	-0.00064849853515625 	75.783112 	0 	0 	0 	720 	800 	800 	5789 	-320693 	90761 	-370000 	0 	0 	0 	0 	0 	0 	0 	0 	
3587127321 	320741 	320741 	-1239.3699 	1530 	1530 	-108.30963 	90760.9950752258 	90761 	73.858841 	370000 	370000 	-894.0567 	0.0499999998137355 	0 	-2473.6177 	0.0221061706542969 	0 	75.783112 	0 	0 	0 	720 	800 	800 	5789 	-320693 	90761 	-370000 	0 	0 	0 	0 	0 	0 	0 	13 	3587127321 	320741 	320741 	0 	0 	0 	0 	0 	-1239.3699 	1530 	1530 	0 	0 	0 	0 	0 	-108.30963 	90760.9950752258 	90761 	10.7290176742936 	0 	-21458.3985841823 	0 	0.00492477416992188 	73.858841 	370000 	370000 	0 	0 	0 	0 	0 	-894.0567 	0.0499999998137355 	0 	0 	0 	-100003.385199936 	0 	-0.0499999998137355 	-2473.6177 	0.0221061706542969 	0 	-10.7290176742936 	0 	-64375.1957525469 	0 	-0.0221061706542969 	75.783112 	0 	0 	0 	720 	800 	800 	5789 	-320693 	90761 	-370000 	0 	0 	0 	0 	0 	0 	0 	13 	
3587127331 	320741 	320741 	-1239.3699 	1530 	1530 	-108.30963 	90760.9950752258 	90761 	73.858841 	370000 	370000 	-894.0567 	0 	0 	-2473.6177 	-0.0208091735839844 	0 	75.783112 	0 	0 	0 	720 	800 	800 	5789 	-320693 	90761 	-370000 	0 	0 	0 	0 	0 	0 	0 	13 	3587127331 	320741 	320741 	0 	0 	0 	0 	0 	-1239.3699 	1530 	1530 	0 	0 	0 	0 	0 	-108.30963 	90760.9950752258 	90761 	0 	0 	0 	0 	0.00492477416992188 	73.858841 	370000 	370000 	0 	0 	0 	0 	0 	-894.0567 	0 	0 	-25.0004230998441 	0 	50001.6925999681 	0 	0 	-2473.6177 	-0.0208091735839844 	0 	-10.7290176742936 	0 	64375.1957525469 	0 	0.0208091735839844 	75.783112 	0 	0 	0 	720 	800 	800 	5789 	-320693 	90761 	-370000 	0 	0 	0 	0 	0 	0 	0 	13 	
3587127341 	320741 	320741 	-1239.3699 	1530 	1530 	-108.30963 	90760.9950752258 	90761 	73.858841 	370000 	370000 	-894.0567 	0 	0 	-2473.6177 	0.00064849853515625 	0 	75.783112 	0 	0 	0 	720 	800 	800 	5789 	-320693 	90761 	-370000 	0 	0 	0 	0 	0 	0 	0 	13 	3587127341 	320741 	320741 	0 	0 	0 	0 	0 	-1239.3699 	1530 	1530 	0 	0 	0 	0 	0 	-108.30963 	90760.9950752258 	90761 	0 	0 	0 	0 	0.00492477416992188 	73.858841 	370000 	370000 	0 	0 	0 	0 	0 	-894.0567 	0 	0 	0 	0 	0 	0 	0 	-2473.6177 	0.00064849853515625 	0 	10.7290176742936 	0 	-21458.3985841823 	0 	-0.00064849853515625 	75.783112 	0 	0 	0 	720 	800 	800 	5789 	-320693 	90761 	-370000 	0 	0 	0 	0 	0 	0 	0 	13 	
3587127351 	320741 	320741 	-1239.3699 	1530 	1530 	-108.30963 	90760.9950752258 	90761 	73.858841 	370000 	370000 	-894.0567 	0 	0 	-2473.6177 	0.00064849853515625 	0 	75.783112 	0 	0 	0 	720 	800 	800 	5789 	-320693 	90761 	-370000 	0 	0 	0 	0 	0 	0 	0 	13 	3587127351 	320741 	320741 	0 	0 	0 	0 	0 	-1239.3699 	1530 	1530 	0 	0 	0 	0 	0 	-108.30963 	90760.9950752258 	90761 	0 	0 	0 	0 	0.00492477416992188 	73.858841 	370000 	370000 	0 	0 	0 	0 	0 	-894.0567 	0 	0 	0 	0 	0 	0 	0 	-2473.6177 	0.00064849853515625 	0 	0 	0 	0 	0 	-0.00064849853515625 	75.783112 	0 	0 	0 	720 	800 	800 	5789 	-320693 	90761 	-370000 	0 	0 	0 	0 	0 	0 	0 	13 	
3587127361 	320741 	320741 	-1239.3699 	1530 	1530 	-108.30963 	90760.9950752258 	90761 	73.858841 	370000 	370000 	-894.0567 	0 	0 	-2473.6177 	0.00064849853515625 	0 	75.783112 	0 	0 	0 	720 	800 	800 	5789 	-320693 	90761 	-370000 	0 	0 	0 	0 	0 	0 	0 	13 	3587127361 	320741 	320741 	0 	0 	0 	0 	0 	-1239.3699 	1530 	1530 	0 	0 	0 	0 	0 	-108.30963 	90760.9950752258 	90761 	-10.7290176742936 	0 	-21458.3985841823 	0 	0.00492477416992188 	73.858841 	370000 	370000 	0 	0 	0 	0 	0 	-894.0567 	0 	0 	0 	0 	0 	0 	0 	-2473.6177 	0.00064849853515625 	0 	0 	0 	0 	0 	-0.00064849853515625 	75.783112 	0 	0 	0 	720 	800 	800 	5789 	-320693 	90761 	-370000 	0 	0 	0 	0 	0 	0 	0 	13 	
3587127371 	320741 	320741 	-1239.3699 	1530 	1530 	-108.30963 	90760.9736175537 	90761 	73.858841 	370000 	370000 	-894.0567 	0 	0 	-2473.6177 	0.00064849853515625 	0 	75.783112 	0 	0 	0 	720 	800 	800 	5789 	-320693 	90761 	-370000 	0 	0 	0 	0 	0 	0 	0 	13 	3587127371 	320741 	320741 	0 	0 	0 	0 	0 	-1239.3699 	1530 	1530 	0 	0 	0 	0 	0 	-108.30963 	90760.9736175537 	90761 	10.7290176742936 	0 	64375.1957525469 	0 	0.0263824462890625 	73.858841 	370000 	370000 	0 	0 	0 	0 	0 	-894.0567 	0 	0 	0 	0 	0 	0 	0 	-2473.6177 	0.00064849853515625 	0 	0 	0 	0 	0 	-0.00064849853515625 	75.783112 	0 	0 	0 	720 	800 	800 	5789 	-320693 	90761 	-370000 	0 	0 	0 	0 	0 	0 	0 	13 	
3587127381 	320741 	320741 	-1239.3699 	1530 	1530 	-108.30963 	90761.0165328979 	90761 	73.858841 	370000 	370000 	-894.0567 	0 	0 	-2473.6177 	0.00064849853515625 	0 	75.783112 	0 	0 	0 	720 	800 	800 	5789 	-320693 	90761 	-370000 	0 	0 	0 	0 	0 	0 	0 	13 	3587127381 	320741 	320741 	-25.0004233326786 	0 	-50001.6930656452 	0 	0 	-1239.3699 	1530 	1530 	0 	0 	0 	0 	0 	-108.30963 	90761.0165328979 	90761 	10.7290176742936 	0 	-64375.1957525469 	0 	-0.0165328979492188 	73.858841 	370000 	370000 	0 	0 	0 	0 	0 	-894.0567 	0 	0 	0 	0 	0 	0 	0 	-2473.6177 	0.00064849853515625 	0 	0 	0 	0 	0 	-0.00064849853515625 	75.783112 	0 	0 	0 	720 	800 	800 	5789 	-320693 	90761 	-370000 	0 	0 	0 	0 	0 	0 	0 	13 	
3587127391 	320740.95 	320741 	-1239.3699 	1530 	1530 	-108.30963 	90760.9950752258 	90761 	73.858841 	370000 	370000 	-894.0567 	0 	0 	-2473.6177 	0.00064849853515625 	0 	75.783112 	0 	0 	0 	720 	800 	800 	5789 	-320693 	90761 	-370000 	0 	0 	0 	0 	0 	0 	0 	13 	3587127391 	320740.95 	320741 	0 	0 	100003.38613129 	0 	0.0500000002793968 	-1239.3699 	1530 	1530 	0 	0 	0 	0 	0 	-108.30963 	90760.9950752258 	90761 	-10.7290176742936 	0 	21458.3985841823 	0 	0.00492477416992188 	73.858841 	370000 	370000 	0 	0 	0 	0 	0 	-894.0567 	0 	0 	0 	0 	0 	0 	0 	-2473.6177 	0.00064849853515625 	0 	0 	0 	0 	0 	-0.00064849853515625 	75.783112 	0 	0 	0 	720 	800 	800 	5789 	-320693 	90761 	-370000 	0 	0 	0 	0 	0 	0 	0 	13 	
3587127401 	320741 	320741 	-1239.3699 	1530 	1530 	-108.30963 	90760.9950752258 	90761 	73.858841 	370000 	370000 	-894.0567 	0 	0 	-2473.6177 	0.00064849853515625 	0 	75.783112 	0 	0 	0 	720 	800 	800 	5789 	-320693 	90761 	-370000 	0 	0 	0 	0 	0 	0 	0 	13 	3587127401 	320741 	320741 	25.0004233326786 	0 	-50001.6930656452 	0 	0 	-1239.3699 	1530 	1530 	-25.0004232162614 	0 	-50001.6928328067 	0 	0 	-108.30963 	90760.9950752258 	90761 	-10.7290176742936 	0 	-21458.3985841823 	0 	0.00492477416992188 	73.858841 	370000 	370000 	25.0004230998441 	0 	50001.6925999681 	0 	0 	-894.0567 	0 	0 	0 	0 	0 	0 	0 	-2473.6177 	0.00064849853515625 	0 	0 	0 	0 	0 	-0.00064849853515625 	75.783112 	0 	0 	0 	720 	800 	800 	5789 	-320693 	90761 	-370000 	0 	0 	0 	0 	0 	0 	0 	13 	
3587127411 	320741 	320741 	-1239.3699 	1529.94999999995 	1530 	-108.30963 	90760.9736175537 	90761 	73.858841 	370000.05 	370000 	-894.0567 	0 	0 	-2473.6177 	0.00064849853515625 	0 	75.783112 	0 	0 	0 	720 	800 	800 	5789 	-320693 	90761 	-370000 	0 	0 	0 	0 	0 	0 	0 	13 	3587127411 	320741 	320741 	0 	0 	0 	0 	0 	-1239.3699 	1529.94999999995 	1530 	0 	0 	100003.385665613 	0 	0.0500000000465661 	-108.30963 	90760.9736175537 	90761 	0 	0 	42916.7971683646 	0 	0.0263824462890625 	73.858841 	370000.05 	370000 	0 	0 	-100003.385199936 	0 	-0.0499999998137355 	-894.0567 	0 	0 	-25.0004235655132 	0 	-50001.6935313222 	0 	0 	-2473.6177 	0.00064849853515625 	0 	0 	0 	0 	0 	-0.00064849853515625 	75.783112 	0 	0 	0 	720 	800 	800 	5789 	-320693 	90761 	-370000 	0 	0 	0 	0 	0 	0 	0 	13 	
3587127421 	320741 	320741 	-1239.3699 	1530 	1530 	-108.30963 	90760.9950752258 	90761 	73.858841 	370000 	370000 	-894.0567 	-0.0500000007450581 	0 	-2473.6177 	0.00064849853515625 	0 	75.783112 	0 	0 	0 	720 	800 	800 	5789 	-320693 	90761 	-370000 	0 	0 	0 	0 	0 	0 	0 	13 	3587127421 	320741 	320741 	0 	0 	0 	0 	0 	-1239.3699 	1530 	1530 	0 	0 	-100003.385665613 	0 	0 	-108.30963 	90760.9950752258 	90761 	10.7290176742936 	0 	-21458.3985841823 	0 	0.00492477416992188 	73.858841 	370000 	370000 	-25.0004230998441 	0 	50001.6925999681 	0 	0 	-894.0567 	-0.0500000007450581 	0 	0 	0 	100003.387062644 	0 	0.0500000007450581 	-2473.6177 	0.00064849853515625 	0 	0 	0 	0 	0 	-0.00064849853515625 	75.783112 	0 	0 	0 	720 	800 	800 	5789 	-320693 	90761 	-370000 	0 	0 	0 	0 	0 	0 	0 	13 	
3587127431 	320741 	320741 	-1239.3699 	1529.94999999995 	1530 	-108.30963 	90760.9950752258 	90761 	73.858841 	370000 	370000 	-894.0567 	0 	0 	-2473.6177 	0.00064849853515625 	0 	75.783112 	0 	0 	0 	720 	800 	800 	5789 	-320693 	90761 	-370000 	0 	0 	0 	0 	13 	0 	0 	13 	3587127431 	320741 	320741 	0 	0 	0 	0 	0 	-1239.3699 	1529.94999999995 	1530 	0 	0 	100003.385665613 	0 	0.0500000000465661 	-108.30963 	90760.9950752258 	90761 	0 	0 	0 	0 	0.00492477416992188 	73.858841 	370000 	370000 	0 	0 	0 	0 	0 	-894.0567 	0 	0 	25.0004235655132 	0 	-50001.6935313222 	0 	0 	-2473.6177 	0.00064849853515625 	0 	0 	0 	0 	0 	-0.00064849853515625 	75.783112 	0 	0 	0 	720 	800 	800 	5789 	-320693 	90761 	-370000 	0 	0 	0 	0 	13 	0 	0 	13 	
3587127441 	320741 	320741 	-1239.3699 	1530 	1530 	-108.30963 	90760.9950752258 	90761 	73.858841 	370000 	370000 	-894.0567 	0 	0 	-2473.6177 	0.00064849853515625 	0 	75.783112 	0 	0 	0 	720 	800 	800 	5789 	-320693 	90761 	-370000 	0 	0 	0 	0 	13 	0 	0 	13 	3587127441 	320741 	320741 	0 	0 	0 	0 	0 	-1239.3699 	1530 	1530 	25.0004232162614 	0 	-50001.6928328067 	0 	0 	-108.30963 	90760.9950752258 	90761 	0 	0 	0 	0 	0.00492477416992188 	73.858841 	370000 	370000 	0 	0 	0 	0 	0 	-894.0567 	0 	0 	0 	0 	0 	0 	0 	-2473.6177 	0.00064849853515625 	0 	-10.7290176742936 	0 	-21458.3985841823 	0 	-0.00064849853515625 	75.783112 	0 	0 	0 	720 	800 	800 	5789 	-320693 	90761 	-370000 	0 	0 	0 	0 	13 	0 	0 	13 	
3587127451 	320741 	320741 	-1239.3699 	1530 	1530 	-108.30963 	90760.9950752258 	90761 	73.858841 	370000 	370000 	-894.0567 	0 	0 	-2473.6177 	-0.0208091735839844 	0 	75.783112 	0 	0 	0 	720 	800 	800 	5789 	-320693 	90761 	-370000 	0 	0 	0 	0 	13 	0 	0 	13 	3587127451 	320741 	320741 	0 	0 	0 	0 	0 	-1239.3699 	1530 	1530 	0 	0 	0 	0 	0 	-108.30963 	90760.9950752258 	90761 	0 	0 	0 	0 	0.00492477416992188 	73.858841 	370000 	370000 	0 	0 	0 	0 	0 	-894.0567 	0 	0 	0 	0 	0 	0 	0 	-2473.6177 	-0.0208091735839844 	0 	0 	0 	42916.7971683646 	0 	0.0208091735839844 	75.783112 	0 	0 	0 	720 	800 	800 	5789 	-320693 	90761 	-370000 	0 	0 	0 	0 	13 	0 	0 	13 	
3587127461 	320741 	320741 	-1239.3699 	1530 	1530 	-108.30963 	90760.9950752258 	90761 	73.858841 	370000 	370000 	-894.0567 	0 	0 	-2473.6177 	0.00064849853515625 	0 	75.783112 	0 	0 	0 	720 	800 	800 	5789 	-320693 	90761 	-370000 	0 	0 	0 	0 	13 	0 	0 	13 	3587127461 	320741 	320741 	0 	0 	0 	0 	0 	-1239.3699 	1530 	1530 	0 	0 	0 	0 	0 	-108.30963 	90760.9950752258 	90761 	0 	0 	0 	0 	0.00492477416992188 	73.858841 	370000 	370000 	0 	0 	0 	0 	0 	-894.0567 	0 	0 	0 	0 	0 	0 	0 	-2473.6177 	0.00064849853515625 	0 	10.7290176742936 	0 	-21458.3985841823 	0 	-0.00064849853515625 	75.783112 	0 	0 	0 	720 	800 	800 	5789 	-320693 	90761 	-370000 	0 	0 	0 	0 	13 	0 	0 	13 	
3587127471 	320741 	320741 	-1239.3699 	1530 	1530 	-108.30963 	90760.9950752258 	90761 	73.858841 	370000 	370000 	-894.0567 	0 	0 	-2473.6177 	0.00064849853515625 	0 	75.783112 	0 	0 	0 	720 	800 	800 	5789 	-320693 	90761 	-370000 	0 	0 	0 	0 	13 	0 	0 	13 	3587127471 	320741 	320741 	0 	0 	0 	0 	0 	-1239.3699 	1530 	1530 	0 	0 	0 	0 	0 	-108.30963 	90760.9950752258 	90761 	0 	0 	0 	0 	0.00492477416992188 	73.858841 	370000 	370000 	0 	0 	0 	0 	0 	-894.0567 	0 	0 	0 	0 	0 	0 	0 	-2473.6177 	0.00064849853515625 	0 	-10.7290176742936 	0 	-21458.3985841823 	0 	-0.00064849853515625 	75.783112 	0 	0 	0 	720 	800 	800 	5789 	-320693 	90761 	-370000 	0 	0 	0 	0 	13 	0 	0 	13 	
3587127481 	320741 	320741 	-1239.3699 	1530 	1530 	-108.30963 	90760.9950752258 	90761 	73.858841 	370000 	370000 	-894.0567 	0 	0 	-2473.6177 	-0.0208091735839844 	0 	75.783112 	0 	0 	0 	720 	800 	800 	5789 	-320693 	90761 	-370000 	0 	0 	0 	0 	13 	0 	0 	0 	3587127481 	320741 	320741 	0 	0 	0 	0 	0 	-1239.3699 	1530 	1530 	0 	0 	0 	0 	0 	-108.30963 	90760.9950752258 	90761 	0 	0 	0 	0 	0.00492477416992188 	73.858841 	370000 	370000 	0 	0 	0 	0 	0 	-894.0567 	0 	0 	0 	0 	0 	0 	0 	-2473.6177 	-0.0208091735839844 	0 	0 	0 	42916.7971683646 	0 	0.0208091735839844 	75.783112 	0 	0 	0 	720 	800 	800 	5789 	-320693 	90761 	-370000 	0 	0 	0 	0 	13 	0 	0 	0 	
3587127491 	320741 	320741 	-1239.3699 	1530 	1530 	-108.30963 	90760.9950752258 	90761 	73.858841 	370000 	370000 	-894.0567 	0 	0 	-2473.6177 	0.00064849853515625 	0 	75.783112 	0 	0 	0 	720 	800 	800 	5789 	-320693 	90761 	-370000 	0 	0 	0 	0 	13 	0 	0 	0 	3587127491 	320741 	320741 	0 	0 	0 	0 	0 	-1239.3699 	1530 	1530 	0 	0 	0 	0 	0 	-108.30963 	90760.9950752258 	90761 	0 	0 	0 	0 	0.00492477416992188 	73.858841 	370000 	370000 	0 	0 	0 	0 	0 	-894.0567 	0 	0 	0 	0 	0 	0 	0 	-2473.6177 	0.00064849853515625 	0 	21.4580353485871 	0 	0 	0 	-0.00064849853515625 	75.783112 	0 	0 	0 	720 	800 	800 	5789 	-320693 	90761 	-370000 	0 	0 	0 	0 	13 	0 	0 	0 	
3587127501 	320741 	320741 	-1239.3699 	1530 	1530 	-108.30963 	90760.9950752258 	90761 	73.858841 	370000 	370000 	-894.0567 	0 	0 	-2473.6177 	0.0221061706542969 	0 	75.783112 	0 	0 	0 	720 	800 	800 	5789 	-320693 	90761 	-370000 	0 	0 	0 	0 	13 	0 	0 	0 	3587127501 	320741 	320741 	0 	0 	0 	0 	0 	-1239.3699 	1530 	1530 	0 	0 	0 	0 	0 	-108.30963 	90760.9950752258 	90761 	0 	0 	0 	0 	0.00492477416992188 	73.858841 	370000 	370000 	0 	0 	0 	0 	0 	-894.0567 	0 	0 	0 	0 	0 	0 	0 	-2473.6177 	0.0221061706542969 	0 	0 	0 	-42916.7971683646 	0 	-0.0221061706542969 	75.783112 	0 	0 	0 	720 	800 	800 	5789 	-320693 	90761 	-370000 	0 	0 	0 	0 	13 	0 	0 	0 	
3587127511 	320741 	320741 	-1239.3699 	1530 	1530 	-108.30963 	90760.9950752258 	90761 	73.858841 	370000 	370000 	-894.0567 	0 	0 	-2473.6177 	0.00064849853515625 	0 	75.783112 	0 	0 	0 	720 	800 	800 	5789 	-320693 	90761 	-370000 	0 	0 	0 	0 	13 	0 	0 	0 	3587127511 	320741 	320741 	0 	0 	0 	0 	0 	-1239.3699 	1530 	1530 	0 	0 	0 	0 	0 	-108.30963 	90760.9950752258 	90761 	0 	0 	0 	0 	0.00492477416992188 	73.858841 	370000 	370000 	0 	0 	0 	0 	0 	-894.0567 	0 	0 	0 	0 	0 	0 	0 	-2473.6177 	0.00064849853515625 	0 	0 	0 	42916.7971683646 	0 	-0.00064849853515625 	75.783112 	0 	0 	0 	720 	800 	800 	5789 	-320693 	90761 	-370000 	0 	0 	0 	0 	13 	0 	0 	0 	
3587127521 	320741 	320741 	-1239.3699 	1530 	1530 	-108.30963 	90760.9950752258 	90761 	73.858841 	370000 	370000 	-894.0567 	0 	0 	-2473.6177 	0.0221061706542969 	0 	75.783112 	0 	0 	0 	720 	800 	800 	5789 	-320693 	90761 	-370000 	0 	0 	0 	0 	13 	0 	0 	0 	3587127521 	320741 	320741 	0 	0 	0 	0 	0 	-1239.3699 	1530 	1530 	0 	0 	0 	0 	0 	-108.30963 	90760.9950752258 	90761 	0 	0 	0 	0 	0.00492477416992188 	73.858841 	370000 	370000 	0 	0 	0 	0 	0 	-894.0567 	0 	0 	0 	0 	0 	0 	0 	-2473.6177 	0.0221061706542969 	0 	10.7290176742936 	0 	-21458.3985841823 	0 	-0.0221061706542969 	75.783112 	0 	0 	0 	720 	800 	800 	5789 	-320693 	90761 	-370000 	0 	0 	0 	0 	13 	0 	0 	0 	
3587127531 	320741 	320741 	-1239.3699 	1530 	1530 	-108.30963 	90760.9950752258 	90761 	73.858841 	370000 	370000 	-894.0567 	0 	0 	-2473.6177 	0.0221061706542969 	0 	75.783112 	0 	0 	0 	720 	800 	800 	5789 	-320693 	90761 	-370000 	0 	0 	0 	0 	13 	0 	0 	0 	3587127531 	320741 	320741 	0 	0 	0 	0 	0 	-1239.3699 	1530 	1530 	0 	0 	0 	0 	0 	-108.30963 	90760.9950752258 	90761 	0 	0 	0 	0 	0.00492477416992188 	73.858841 	370000 	370000 	-25.0004233326786 	0 	-50001.6930656452 	0 	0 	-894.0567 	0 	0 	0 	0 	0 	0 	0 	-2473.6177 	0.0221061706542969 	0 	-10.7290176742936 	0 	-21458.3985841823 	0 	-0.0221061706542969 	75.783112 	0 	0 	0 	720 	800 	800 	5789 	-320693 	90761 	-370000 	0 	0 	0 	0 	13 	0 	0 	0 	
3587127541 	320741 	320741 	-1239.3699 	1530 	1530 	-108.30963 	90760.9950752258 	90761 	73.858841 	369999.95 	370000 	-894.0567 	0 	0 	-2473.6177 	0.00064849853515625 	0 	75.783112 	0 	0 	0 	720 	800 	800 	5789 	-320693 	90761 	-370000 	0 	0 	0 	0 	13 	0 	0 	0 	3587127541 	320741 	320741 	0 	0 	0 	0 	0 	-1239.3699 	1530 	1530 	0 	0 	0 	0 	0 	-108.30963 	90760.9950752258 	90761 	-10.7290176742936 	0 	-21458.3985841823 	0 	0.00492477416992188 	73.858841 	369999.95 	370000 	0 	0 	100003.38613129 	0 	0.0500000002793968 	-894.0567 	0 	0 	0 	0 	0 	0 	0 	-2473.6177 	0.00064849853515625 	0 	0 	0 	42916.7971683646 	0 	-0.00064849853515625 	75.783112 	0 	0 	0 	720 	800 	800 	5789 	-320693 	90761 	-370000 	0 	0 	0 	0 	13 	0 	0 	0 	
3587127551 	320741 	320741 	-1239.3699 	1530 	1530 	-108.30963 	90760.9736175537 	90761 	73.858841 	370000 	370000 	-894.0567 	0 	0 	-2473.6177 	0.0221061706542969 	0 	75.783112 	0 	0 	0 	720 	800 	800 	5789 	-320693 	90761 	-370000 	0 	0 	0 	0 	13 	0 	0 	0 	3587127551 	320741 	320741 	0 	0 	0 	0 	0 	-1239.3699 	1530 	1530 	0 	0 	0 	0 	0 	-108.30963 	90760.9736175537 	90761 	0 	0 	42916.7971683646 	0 	0.0263824462890625 	73.858841 	370000 	370000 	25.0004233326786 	0 	-50001.6930656452 	0 	0 	-894.0567 	0 	0 	0 	0 	0 	0 	0 	-2473.6177 	0.0221061706542969 	0 	0 	0 	-42916.7971683646 	0 	-0.0221061706542969 	75.783112 	0 	0 	0 	720 	800 	800 	5789 	-320693 	90761 	-370000 	0 	0 	0 	0 	13 	0 	0 	0 	
3587127561 	320741 	320741 	-1239.3699 	1530 	1530 	-108.30963 	90760.9950752258 	90761 	73.858841 	370000 	370000 	-894.0567 	0 	0 	-2473.6177 	0.00064849853515625 	0 	75.783112 	0 	0 	0 	720 	800 	800 	5789 	-320693 	90761 	-370000 	0 	0 	0 	0 	13 	0 	0 	0 	3587127561 	320741 	320741 	0 	0 	0 	0 	0 	-1239.3699 	1530 	1530 	0 	0 	0 	0 	0 	-108.30963 	90760.9950752258 	90761 	10.7290176742936 	0 	-21458.3985841823 	0 	0.00492477416992188 	73.858841 	370000 	370000 	0 	0 	0 	0 	0 	-894.0567 	0 	0 	0 	0 	0 	0 	0 	-2473.6177 	0.00064849853515625 	0 	-10.7290176742936 	0 	21458.3985841823 	0 	-0.00064849853515625 	75.783112 	0 	0 	0 	720 	800 	800 	5789 	-320693 	90761 	-370000 	0 	0 	0 	0 	13 	0 	0 	0 	
3587127571 	320741 	320741 	-1239.3699 	1530 	1530 	-108.30963 	90760.9950752258 	90761 	73.858841 	370000 	370000 	-894.0567 	0 	0 	-2473.6177 	0.00064849853515625 	0 	75.783112 	0 	0 	0 	720 	800 	800 	5789 	-320693 	90761 	-370000 	0 	0 	0 	0 	13 	0 	0 	0 	3587127571 	320741 	320741 	0 	0 	0 	0 	0 	-1239.3699 	1530 	1530 	0 	0 	0 	0 	0 	-108.30963 	90760.9950752258 	90761 	-10.7290176742936 	0 	-21458.3985841823 	0 	0.00492477416992188 	73.858841 	370000 	370000 	0 	0 	0 	0 	0 	-894.0567 	0 	0 	0 	0 	0 	0 	0 	-2473.6177 	0.00064849853515625 	0 	10.7290176742936 	0 	21458.3985841823 	0 	-0.00064849853515625 	75.783112 	0 	0 	0 	720 	800 	800 	5789 	-320693 	90761 	-370000 	0 	0 	0 	0 	13 	0 	0 	0 	
3587127581 	320741 	320741 	-1239.3699 	1530 	1530 	-108.30963 	90760.9736175537 	90761 	73.858841 	370000 	370000 	-894.0567 	0 	0 	-2473.6177 	0.0221061706542969 	0 	75.783112 	0 	0 	0 	720 	800 	800 	5789 	-320693 	90761 	-370000 	0 	0 	0 	0 	13 	0 	0 	0 	3587127581 	320741 	320741 	0 	0 	0 	0 	0 	-1239.3699 	1530 	1530 	0 	0 	0 	0 	0 	-108.30963 	90760.9736175537 	90761 	0 	0 	42916.7971683646 	0 	0.0263824462890625 	73.858841 	370000 	370000 	0 	0 	0 	0 	0 	-894.0567 	0 	0 	0 	0 	0 	0 	0 	-2473.6177 	0.0221061706542969 	0 	10.7290176742936 	0 	-21458.3985841823 	0 	-0.0221061706542969 	75.783112 	0 	0 	0 	720 	800 	800 	5789 	-320693 	90761 	-370000 	0 	0 	0 	0 	13 	0 	0 	0 	
3587127591 	320741 	320741 	-1239.3699 	1530 	1530 	-108.30963 	90760.9950752258 	90761 	73.858841 	370000 	370000 	-894.0567 	0 	0 	-2473.6177 	0.0221061706542969 	0 	75.783112 	0 	0 	0 	720 	800 	800 	5789 	-320693 	90761 	-370000 	0 	0 	0 	0 	0 	0 	0 	0 	3587127591 	320741 	320741 	0 	0 	0 	0 	0 	-1239.3699 	1530 	1530 	0 	0 	0 	0 	0 	-108.30963 	90760.9950752258 	90761 	21.4580353485871 	0 	0 	0 	0.00492477416992188 	73.858841 	370000 	370000 	0 	0 	0 	0 	0 	-894.0567 	0 	0 	0 	0 	0 	0 	0 	-2473.6177 	0.0221061706542969 	0 	-10.7290176742936 	0 	-21458.3985841823 	0 	-0.0221061706542969 	75.783112 	0 	0 	0 	720 	800 	800 	5789 	-320693 	90761 	-370000 	0 	0 	0 	0 	0 	0 	0 	0 	
3587127601 	320741 	320741 	-1239.3699 	1530 	1530 	-108.30963 	90761.0165328979 	90761 	73.858841 	370000 	370000 	-894.0567 	0 	0 	-2473.6177 	0.00064849853515625 	0 	75.783112 	0 	0 	0 	720 	800 	800 	5789 	-320693 	90761 	-370000 	0 	0 	0 	0 	0 	0 	0 	0 	3587127601 	320741 	320741 	0 	0 	0 	0 	0 	-1239.3699 	1530 	1530 	0 	0 	0 	0 	0 	-108.30963 	90761.0165328979 	90761 	10.7290176742936 	0 	-21458.3985841823 	0 	-0.0165328979492188 	73.858841 	370000 	370000 	0 	0 	0 	0 	0 	-894.0567 	0 	0 	0 	0 	0 	0 	0 	-2473.6177 	0.00064849853515625 	0 	-21.4580353485871 	0 	0 	0 	-0.00064849853515625 	75.783112 	0 	0 	0 	720 	800 	800 	5789 	-320693 	90761 	-370000 	0 	0 	0 	0 	0 	0 	0 	0 	
3587127611 	320741 	320741 	-1239.3699 	1530 	1530 	-108.30963 	90761.0165328979 	90761 	73.858841 	370000 	370000 	-894.0567 	0 	0 	-2473.6177 	-0.0208091735839844 	0 	75.783112 	0 	0 	0 	720 	800 	800 	5789 	-320693 	90761 	-370000 	0 	0 	0 	0 	0 	0 	0 	0 	3587127611 	320741 	320741 	0 	0 	0 	0 	0 	-1239.3699 	1530 	1530 	0 	0 	0 	0 	0 	-108.30963 	90761.0165328979 	90761 	-10.7290176742936 	0 	-21458.3985841823 	0 	-0.0165328979492188 	73.858841 	370000 	370000 	0 	0 	0 	0 	0 	-894.0567 	0 	0 	0 	0 	0 	0 	0 	-2473.6177 	-0.0208091735839844 	0 	-10.7290176742936 	0 	21458.3985841823 	0 	0.0208091735839844 	75.783112 	0 	0 	0 	720 	800 	800 	5789 	-320693 	90761 	-370000 	0 	0 	0 	0 	0 	0 	0 	0 	
3587127621 	320741 	320741 	-1239.3699 	1530 	1530 	-108.30963 	90760.9950752258 	90761 	73.858841 	370000 	370000 	-894.0567 	0 	0 	-2473.6177 	-0.0208091735839844 	0 	75.783112 	0 	0 	0 	720 	800 	800 	5789 	-320693 	90761 	-370000 	0 	0 	0 	0 	0 	0 	0 	0 	3587127621 	320741 	320741 	0 	0 	0 	0 	0 	-1239.3699 	1530 	1530 	0 	0 	0 	0 	0 	-108.30963 	90760.9950752258 	90761 	-10.7290176742936 	0 	21458.3985841823 	0 	0.00492477416992188 	73.858841 	370000 	370000 	0 	0 	0 	0 	0 	-894.0567 	0 	0 	0 	0 	0 	0 	0 	-2473.6177 	-0.0208091735839844 	0 	0 	0 	0 	0 	0.0208091735839844 	75.783112 	0 	0 	0 	720 	800 	800 	5789 	-320693 	90761 	-370000 	0 	0 	0 	0 	0 	0 	0 	0 	
3587127631 	320741 	320741 	-1239.3699 	1530 	1530 	-108.30963 	90760.9950752258 	90761 	73.858841 	370000 	370000 	-894.0567 	0 	0 	-2473.6177 	-0.0208091735839844 	0 	75.783112 	0 	0 	0 	720 	800 	800 	5789 	-320693 	90761 	-370000 	0 	0 	0 	0 	0 	0 	0 	0 	3587127631 	320741 	320741 	0 	0 	0 	0 	0 	-1239.3699 	1530 	1530 	0 	0 	0 	0 	0 	-108.30963 	90760.9950752258 	90761 	10.7290176742936 	0 	21458.3985841823 	0 	0.00492477416992188 	73.858841 	370000 	370000 	0 	0 	0 	0 	0 	-894.0567 	0 	0 	0 	0 	0 	0 	0 	-2473.6177 	-0.0208091735839844 	0 	0 	0 	0 	0 	0.0208091735839844 	75.783112 	0 	0 	0 	720 	800 	800 	5789 	-320693 	90761 	-370000 	0 	0 	0 	0 	0 	0 	0 	0 	
3587127641 	320741 	320741 	-1239.3699 	1530 	1530 	-108.30963 	90761.0165328979 	90761 	73.858841 	370000 	370000 	-894.0567 	0 	0 	-2473.6177 	-0.0208091735839844 	0 	75.783112 	0 	0 	0 	720 	800 	800 	5789 	-320693 	90761 	-370000 	0 	0 	0 	0 	0 	0 	0 	0 	3587127641 	320741 	320741 	0 	0 	0 	0 	0 	-1239.3699 	1530 	1530 	0 	0 	0 	0 	0 	-108.30963 	90761.0165328979 	90761 	0 	0 	-42916.7971683646 	0 	-0.0165328979492188 	73.858841 	370000 	370000 	0 	0 	0 	0 	0 	-894.0567 	0 	0 	0 	0 	0 	0 	0 	-2473.6177 	-0.0208091735839844 	0 	21.4580353485871 	0 	42916.7971683646 	0 	0.0208091735839844 	75.783112 	0 	0 	0 	720 	800 	800 	5789 	-320693 	90761 	-370000 	0 	0 	0 	0 	0 	0 	0 	0 	
3587127651 	320741 	320741 	-1239.3699 	1530 	1530 	-108.30963 	90760.9950752258 	90761 	73.858841 	370000 	370000 	-894.0567 	0 	0 	-2473.6177 	0.0221061706542969 	0 	75.783112 	0 	0 	0 	720 	800 	800 	5789 	-320693 	90761 	-370000 	0 	0 	0 	0 	0 	0 	0 	0 	3587127651 	320741 	320741 	0 	0 	0 	0 	0 	-1239.3699 	1530 	1530 	0 	0 	0 	0 	0 	-108.30963 	90760.9950752258 	90761 	-10.7290176742936 	0 	21458.3985841823 	0 	0.00492477416992188 	73.858841 	370000 	370000 	0 	0 	0 	0 	0 	-894.0567 	0 	0 	-25.0004235655132 	0 	-50001.6935313222 	0 	0 	-2473.6177 	0.0221061706542969 	0 	0 	0 	-85833.5943367292 	0 	-0.0221061706542969 	75.783112 	0 	0 	0 	720 	800 	800 	5789 	-320693 	90761 	-370000 	0 	0 	0 	0 	0 	0 	0 	0 	
3587127661 	320741 	320741 	-1239.3699 	1530 	1530 	-108.30963 	90760.9950752258 	90761 	73.858841 	370000 	370000 	-894.0567 	-0.0500000007450581 	0 	-2473.6177 	-0.0208091735839844 	0 	75.783112 	0 	0 	0 	720 	800 	800 	5789 	-320693 	90761 	-370000 	0 	0 	0 	0 	0 	0 	0 	0 	3587127661 	320741 	320741 	0 	0 	0 	0 	0 	-1239.3699 	1530 	1530 	0 	0 	0 	0 	0 	-108.30963 	90760.9950752258 	90761 	0 	0 	0 	0 	0.00492477416992188 	73.858841 	370000 	370000 	0 	0 	0 	0 	0 	-894.0567 	-0.0500000007450581 	0 	0 	0 	100003.387062644 	0 	0.0500000007450581 	-2473.6177 	-0.0208091735839844 	0 	-10.7290176742936 	0 	64375.1957525469 	0 	0.0208091735839844 	75.783112 	0 	0 	0 	720 	800 	800 	5789 	-320693 	90761 	-370000 	0 	0 	0 	0 	0 	0 	0 	0 	
3587127671 	320741 	320741 	-1239.3699 	1530 	1530 	-108.30963 	90760.9950752258 	90761 	73.858841 	370000 	370000 	-894.0567 	0 	0 	-2473.6177 	0.00064849853515625 	0 	75.783112 	0 	0 	0 	720 	800 	800 	5789 	-320693 	90761 	-370000 	0 	0 	0 	0 	0 	0 	0 	0 	3587127671 	320741 	320741 	0 	0 	0 	0 	0 	-1239.3699 	1530 	1530 	0 	0 	0 	0 	0 	-108.30963 	90760.9950752258 	90761 	0 	0 	0 	0 	0.00492477416992188 	73.858841 	370000 	370000 	0 	0 	0 	0 	0 	-894.0567 	0 	0 	25.0004235655132 	0 	-50001.6935313222 	0 	0 	-2473.6177 	0.00064849853515625 	0 	10.7290176742936 	0 	-21458.3985841823 	0 	-0.00064849853515625 	75.783112 	0 	0 	0 	720 	800 	800 	5789 	-320693 	90761 	-370000 	0 	0 	0 	0 	0 	0 	0 	0 	
3587127681 	320741 	320741 	-1239.3699 	1530 	1530 	-108.30963 	90760.9950752258 	90761 	73.858841 	370000 	370000 	-894.0567 	0 	0 	-2473.6177 	0.00064849853515625 	0 	75.783112 	0 	0 	0 	720 	800 	800 	5789 	-320693 	90761 	-370000 	0 	0 	0 	0 	0 	0 	0 	0 	3587127681 	320741 	320741 	0 	0 	0 	0 	0 	-1239.3699 	1530 	1530 	0 	0 	0 	0 	0 	-108.30963 	90760.9950752258 	90761 	10.7290176742936 	0 	21458.3985841823 	0 	0.00492477416992188 	73.858841 	370000 	370000 	0 	0 	0 	0 	0 	-894.0567 	0 	0 	0 	0 	0 	0 	0 	-2473.6177 	0.00064849853515625 	0 	0 	0 	0 	0 	-0.00064849853515625 	75.783112 	0 	0 	0 	720 	800 	800 	5789 	-320693 	90761 	-370000 	0 	0 	0 	0 	0 	0 	0 	0 	
3587127691 	320741 	320741 	-1239.3699 	1530 	1530 	-108.30963 	90761.0165328979 	90761 	73.858841 	370000 	370000 	-894.0567 	0 	0 	-2473.6177 	0.00064849853515625 	0 	75.783112 	0 	0 	0 	720 	800 	800 	5789 	-320693 	90761 	-370000 	0 	0 	0 	0 	0 	0 	0 	0 	3587127691 	320741 	320741 	0 	0 	0 	0 	0 	-1239.3699 	1530 	1530 	0 	0 	0 	0 	0 	-108.30963 	90761.0165328979 	90761 	-10.7290176742936 	0 	-64375.1957525469 	0 	-0.0165328979492188 	73.858841 	370000 	370000 	0 	0 	0 	0 	0 	-894.0567 	0 	0 	0 	0 	0 	0 	0 	-2473.6177 	0.00064849853515625 	0 	0 	0 	0 	0 	-0.00064849853515625 	75.783112 	0 	0 	0 	720 	800 	800 	5789 	-320693 	90761 	-370000 	0 	0 	0 	0 	0 	0 	0 	0 	
3587127701 	320741 	320741 	-1239.3699 	1530 	1530 	-108.30963 	90760.9736175537 	90761 	73.858841 	370000 	370000 	-894.0567 	0 	0 	-2473.6177 	0.00064849853515625 	0 	75.783112 	0 	0 	0 	720 	800 	800 	5789 	-320693 	90761 	-370000 	0 	0 	0 	0 	0 	0 	0 	0 	3587127701 	320741 	320741 	0 	0 	0 	0 	0 	-1239.3699 	1530 	1530 	0 	0 	0 	0 	0 	-108.30963 	90760.9736175537 	90761 	-21.4580353485871 	0 	42916.7971683646 	0 	0.0263824462890625 	73.858841 	370000 	370000 	0 	0 	0 	0 	0 	-894.0567 	0 	0 	0 	0 	0 	0 	0 	-2473.6177 	0.00064849853515625 	0 	0 	0 	0 	0 	-0.00064849853515625 	75.783112 	0 	0 	0 	720 	800 	800 	5789 	-320693 	90761 	-370000 	0 	0 	0 	0 	0 	0 	0 	0 	
3587127711 	320741 	320741 	-1239.3699 	1530 	1530 	-108.30963 	90760.9736175537 	90761 	73.858841 	370000 	370000 	-894.0567 	0 	0 	-2473.6177 	0.00064849853515625 	0 	75.783112 	0 	0 	0 	720 	800 	800 	5789 	-320693 	90761 	-370000 	0 	0 	0 	0 	0 	0 	0 	0 	3587127711 	320741 	320741 	0 	0 	0 	0 	0 	-1239.3699 	1530 	1530 	0 	0 	0 	0 	0 	-108.30963 	90760.9736175537 	90761 	10.7290176742936 	0 	21458.3985841823 	0 	0.0263824462890625 	73.858841 	370000 	370000 	0 	0 	0 	0 	0 	-894.0567 	0 	0 	0 	0 	0 	0 	0 	-2473.6177 	0.00064849853515625 	0 	0 	0 	0 	0 	-0.00064849853515625 	75.783112 	0 	0 	0 	720 	800 	800 	5789 	-320693 	90761 	-370000 	0 	0 	0 	0 	0 	0 	0 	0 	
3587127721 	320741 	320741 	-1239.3699 	1530 	1530 	-108.30963 	90760.9950752258 	90761 	73.858841 	370000 	370000 	-894.0567 	0 	0 	-2473.6177 	0.00064849853515625 	0 	75.783112 	0 	0 	0 	720 	800 	800 	5789 	-320693 	90761 	-370000 	0 	0 	0 	0 	0 	0 	0 	0 	3587127721 	320741 	320741 	0 	0 	0 	0 	0 	-1239.3699 	1530 	1530 	0 	0 	0 	0 	0 	-108.30963 	90760.9950752258 	90761 	21.4580353485871 	0 	0 	0 	0.00492477416992188 	73.858841 	370000 	370000 	0 	0 	0 	0 	0 	-894.0567 	0 	0 	0 	0 	0 	0 	0 	-2473.6177 	0.00064849853515625 	0 	0 	0 	0 	0 	-0.00064849853515625 	75.783112 	0 	0 	0 	720 	800 	800 	5789 	-320693 	90761 	-370000 	0 	0 	0 	0 	0 	0 	0 	0 	
3587127731 	320741 	320741 	-1239.3699 	1530 	1530 	-108.30963 	90761.0165328979 	90761 	73.858841 	370000 	370000 	-894.0567 	0 	0 	-2473.6177 	0.00064849853515625 	0 	75.783112 	0 	0 	0 	720 	800 	800 	5789 	-320693 	90761 	-370000 	0 	0 	0 	0 	0 	0 	0 	0 	3587127731 	320741 	320741 	0 	0 	0 	0 	0 	-1239.3699 	1530 	1530 	0 	0 	0 	0 	0 	-108.30963 	90761.0165328979 	90761 	0 	0 	-42916.7971683646 	0 	-0.0165328979492188 	73.858841 	370000 	370000 	0 	0 	0 	0 	0 	-894.0567 	0 	0 	0 	0 	0 	0 	0 	-2473.6177 	0.00064849853515625 	0 	0 	0 	0 	0 	-0.00064849853515625 	75.783112 	0 	0 	0 	720 	800 	800 	5789 	-320693 	90761 	-370000 	0 	0 	0 	0 	0 	0 	0 	0 	
3587127741 	320741 	320741 	-1239.3699 	1530 	1530 	-108.30963 	90760.9950752258 	90761 	73.858841 	370000 	370000 	-894.0567 	0 	0 	-2473.6177 	0.00064849853515625 	0 	75.783112 	0 	0 	0 	720 	800 	800 	5789 	-320693 	90761 	-370000 	0 	0 	0 	0 	0 	0 	0 	0 	3587127741 	320741 	320741 	0 	0 	0 	0 	0 	-1239.3699 	1530 	1530 	0 	0 	0 	0 	0 	-108.30963 	90760.9950752258 	90761 	0 	0 	42916.7971683646 	0 	0.00492477416992188 	73.858841 	370000 	370000 	0 	0 	0 	0 	0 	-894.0567 	0 	0 	0 	0 	0 	0 	0 	-2473.6177 	0.00064849853515625 	0 	0 	0 	0 	0 	-0.00064849853515625 	75.783112 	0 	0 	0 	720 	800 	800 	5789 	-320693 	90761 	-370000 	0 	0 	0 	0 	0 	0 	0 	0 	
3587127751 	320741 	320741 	-1239.3699 	1530 	1530 	-108.30963 	90761.0165328979 	90761 	73.858841 	370000 	370000 	-894.0567 	0 	0 	-2473.6177 	0.00064849853515625 	0 	75.783112 	0 	0 	0 	720 	800 	800 	5789 	-320693 	90761 	-370000 	0 	0 	0 	0 	13 	0 	0 	0 	3587127751 	320741 	320741 	0 	0 	0 	0 	0 	-1239.3699 	1530 	1530 	0 	0 	0 	0 	0 	-108.30963 	90761.0165328979 	90761 	0 	0 	-42916.7971683646 	0 	-0.0165328979492188 	73.858841 	370000 	370000 	0 	0 	0 	0 	0 	-894.0567 	0 	0 	-25.0004235655132 	0 	-50001.6935313222 	0 	0 	-2473.6177 	0.00064849853515625 	0 	0 	0 	0 	0 	-0.00064849853515625 	75.783112 	0 	0 	0 	720 	800 	800 	5789 	-320693 	90761 	-370000 	0 	0 	0 	0 	13 	0 	0 	0 	
3587127761 	320741 	320741 	-1239.3699 	1530 	1530 	-108.30963 	90760.9950752258 	90761 	73.858841 	370000 	370000 	-894.0567 	-0.0500000007450581 	0 	-2473.6177 	0.00064849853515625 	0 	75.783112 	0 	0 	0 	720 	800 	800 	5789 	-320693 	90761 	-370000 	0 	0 	0 	0 	13 	0 	0 	0 	3587127761 	320741 	320741 	0 	0 	0 	0 	0 	-1239.3699 	1530 	1530 	0 	0 	0 	0 	0 	-108.30963 	90760.9950752258 	90761 	-10.7290176742936 	0 	21458.3985841823 	0 	0.00492477416992188 	73.858841 	370000 	370000 	0 	0 	0 	0 	0 	-894.0567 	-0.0500000007450581 	0 	0 	0 	100003.387062644 	0 	0.0500000007450581 	-2473.6177 	0.00064849853515625 	0 	0 	0 	0 	0 	-0.00064849853515625 	75.783112 	0 	0 	0 	720 	800 	800 	5789 	-320693 	90761 	-370000 	0 	0 	0 	0 	13 	0 	0 	0 	
3587127771 	320741 	320741 	-1239.3699 	1530 	1530 	-108.30963 	90760.9950752258 	90761 	73.858841 	370000 	370000 	-894.0567 	0 	0 	-2473.6177 	0.00064849853515625 	0 	75.783112 	0 	0 	0 	720 	800 	800 	5789 	-320693 	90761 	-370000 	0 	0 	0 	0 	13 	0 	0 	0 	3587127771 	320741 	320741 	0 	0 	0 	0 	0 	-1239.3699 	1530 	1530 	0 	0 	0 	0 	0 	-108.30963 	90760.9950752258 	90761 	0 	0 	0 	0 	0.00492477416992188 	73.858841 	370000 	370000 	0 	0 	0 	0 	0 	-894.0567 	0 	0 	50.0008466653573 	0 	-0.000931354105216245 	0 	0 	-2473.6177 	0.00064849853515625 	0 	0 	0 	0 	0 	-0.00064849853515625 	75.783112 	0 	0 	0 	720 	800 	800 	5789 	-320693 	90761 	-370000 	0 	0 	0 	0 	13 	0 	0 	0 	
3587127781 	320741 	320741 	-1239.3699 	1530 	1530 	-108.30963 	90760.9950752258 	90761 	73.858841 	370000 	370000 	-894.0567 	0.0499999998137355 	0 	-2473.6177 	0.00064849853515625 	0 	75.783112 	0 	0 	0 	720 	800 	800 	5789 	-320693 	90761 	-370000 	0 	0 	0 	0 	13 	0 	0 	0 	3587127781 	320741 	320741 	0 	0 	0 	0 	0 	-1239.3699 	1530 	1530 	0 	0 	0 	0 	0 	-108.30963 	90760.9950752258 	90761 	10.7290176742936 	0 	21458.3985841823 	0 	0.00492477416992188 	73.858841 	370000 	370000 	0 	0 	0 	0 	0 	-894.0567 	0.0499999998137355 	0 	0 	0 	-100003.385199936 	0 	-0.0499999998137355 	-2473.6177 	0.00064849853515625 	0 	0 	0 	0 	0 	-0.00064849853515625 	75.783112 	0 	0 	0 	720 	800 	800 	5789 	-320693 	90761 	-370000 	0 	0 	0 	0 	13 	0 	0 	0 	
3587127791 	320741 	320741 	-1239.3699 	1530 	1530 	-108.30963 	90761.0165328979 	90761 	73.858841 	370000 	370000 	-894.0567 	0 	0 	-2473.6177 	0.00064849853515625 	0 	75.783112 	0 	0 	0 	720 	800 	800 	5789 	-320693 	90761 	-370000 	0 	0 	0 	0 	13 	0 	0 	0 	3587127791 	320741 	320741 	0 	0 	0 	0 	0 	-1239.3699 	1530 	1530 	0 	0 	0 	0 	0 	-108.30963 	90761.0165328979 	90761 	0 	0 	-42916.7971683646 	0 	-0.0165328979492188 	73.858841 	370000 	370000 	0 	0 	0 	0 	0 	-894.0567 	0 	0 	-25.0004230998441 	0 	50001.6925999681 	0 	0 	-2473.6177 	0.00064849853515625 	0 	0 	0 	0 	0 	-0.00064849853515625 	75.783112 	0 	0 	0 	720 	800 	800 	5789 	-320693 	90761 	-370000 	0 	0 	0 	0 	13 	0 	0 	0 	
3587127801 	320741 	320741 	-1239.3699 	1530 	1530 	-108.30963 	90760.9950752258 	90761 	73.858841 	370000 	370000 	-894.0567 	0 	0 	-2473.6177 	0.00064849853515625 	0 	75.783112 	0 	0 	0 	720 	800 	800 	5789 	-320693 	90761 	-370000 	0 	0 	0 	0 	13 	0 	0 	0 	3587127801 	320741 	320741 	0 	0 	0 	0 	0 	-1239.3699 	1530 	1530 	0 	0 	0 	0 	0 	-108.30963 	90760.9950752258 	90761 	0 	0 	42916.7971683646 	0 	0.00492477416992188 	73.858841 	370000 	370000 	0 	0 	0 	0 	0 	-894.0567 	0 	0 	0 	0 	0 	0 	0 	-2473.6177 	0.00064849853515625 	0 	0 	0 	0 	0 	-0.00064849853515625 	75.783112 	0 	0 	0 	720 	800 	800 	5789 	-320693 	90761 	-370000 	0 	0 	0 	0 	13 	0 	0 	0 	
3587127811 	320741 	320741 	-1239.3699 	1530 	1530 	-108.30963 	90761.0165328979 	90761 	73.858841 	370000 	370000 	-894.0567 	0 	0 	-2473.6177 	0.00064849853515625 	0 	75.783112 	0 	0 	0 	720 	800 	800 	5789 	-320693 	90761 	-370000 	0 	0 	0 	0 	13 	0 	0 	0 	3587127811 	320741 	320741 	-25.0004233326786 	0 	-50001.6930656452 	0 	0 	-1239.3699 	1530 	1530 	0 	0 	0 	0 	0 	-108.30963 	90761.0165328979 	90761 	0 	0 	-42916.7971683646 	0 	-0.0165328979492188 	73.858841 	370000 	370000 	0 	0 	0 	0 	0 	-894.0567 	0 	0 	0 	0 	0 	0 	0 	-2473.6177 	0.00064849853515625 	0 	0 	0 	0 	0 	-0.00064849853515625 	75.783112 	0 	0 	0 	720 	800 	800 	5789 	-320693 	90761 	-370000 	0 	0 	0 	0 	13 	0 	0 	0 	
3587127821 	320740.95 	320741 	-1239.3699 	1530 	1530 	-108.30963 	90760.9950752258 	90761 	73.858841 	370000 	370000 	-894.0567 	0 	0 	-2473.6177 	0.00064849853515625 	0 	75.783112 	0 	0 	0 	720 	800 	800 	5789 	-320693 	90761 	-370000 	0 	0 	0 	0 	13 	0 	0 	0 	3587127821 	320740.95 	320741 	0 	0 	100003.38613129 	0 	0.0500000002793968 	-1239.3699 	1530 	1530 	0 	0 	0 	0 	0 	-108.30963 	90760.9950752258 	90761 	-21.4580353485871 	0 	0 	0 	0.00492477416992188 	73.858841 	370000 	370000 	0 	0 	0 	0 	0 	-894.0567 	0 	0 	-25.0004235655132 	0 	-50001.6935313222 	0 	0 	-2473.6177 	0.00064849853515625 	0 	0 	0 	0 	0 	-0.00064849853515625 	75.783112 	0 	0 	0 	720 	800 	800 	5789 	-320693 	90761 	-370000 	0 	0 	0 	0 	13 	0 	0 	0 	
3587127831 	320741 	320741 	-1239.3699 	1530 	1530 	-108.30963 	90760.9736175537 	90761 	73.858841 	370000 	370000 	-894.0567 	-0.0500000007450581 	0 	-2473.6177 	0.00064849853515625 	0 	75.783112 	0 	0 	0 	720 	800 	800 	5789 	-320693 	90761 	-370000 	0 	0 	0 	0 	13 	0 	0 	0 	3587127831 	320741 	320741 	25.0004233326786 	0 	-50001.6930656452 	0 	0 	-1239.3699 	1530 	1530 	0 	0 	0 	0 	0 	-108.30963 	90760.9736175537 	90761 	0 	0 	42916.7971683646 	0 	0.0263824462890625 	73.858841 	370000 	370000 	0 	0 	0 	0 	0 	-894.0567 	-0.0500000007450581 	0 	0 	0 	100003.387062644 	0 	0.0500000007450581 	-2473.6177 	0.00064849853515625 	0 	-10.7290176742936 	0 	-21458.3985841823 	0 	-0.00064849853515625 	75.783112 	0 	0 	0 	720 	800 	800 	5789 	-320693 	90761 	-370000 	0 	0 	0 	0 	13 	0 	0 	0 	
3587127841 	320741 	320741 	-1239.3699 	1530 	1530 	-108.30963 	90760.9950752258 	90761 	73.858841 	370000 	370000 	-894.0567 	0 	0 	-2473.6177 	-0.0208091735839844 	0 	75.783112 	0 	0 	0 	720 	800 	800 	5789 	-320693 	90761 	-370000 	0 	0 	0 	0 	13 	0 	0 	0 	3587127841 	320741 	320741 	0 	0 	0 	0 	0 	-1239.3699 	1530 	1530 	0 	0 	0 	0 	0 	-108.30963 	90760.9950752258 	90761 	10.7290176742936 	0 	-21458.3985841823 	0 	0.00492477416992188 	73.858841 	370000 	370000 	0 	0 	0 	0 	0 	-894.0567 	0 	0 	50.0008466653573 	0 	-0.000931354105216245 	0 	0 	-2473.6177 	-0.0208091735839844 	0 	0 	0 	42916.7971683646 	0 	0.0208091735839844 	75.783112 	0 	0 	0 	720 	800 	800 	5789 	-320693 	90761 	-370000 	0 	0 	0 	0 	13 	0 	0 	0 	
3587127851 	320741 	320741 	-1239.3699 	1530 	1530 	-108.30963 	90760.9950752258 	90761 	73.858841 	370000 	370000 	-894.0567 	0.0499999998137355 	0 	-2473.6177 	0.00064849853515625 	0 	75.783112 	0 	0 	0 	720 	800 	800 	5789 	-320693 	90761 	-370000 	0 	0 	0 	0 	13 	0 	0 	0 	3587127851 	320741 	320741 	0 	0 	0 	0 	0 	-1239.3699 	1530 	1530 	0 	0 	0 	0 	0 	-108.30963 	90760.9950752258 	90761 	0 	0 	0 	0 	0.00492477416992188 	73.858841 	370000 	370000 	0 	0 	0 	0 	0 	-894.0567 	0.0499999998137355 	0 	0 	0 	-100003.385199936 	0 	-0.0499999998137355 	-2473.6177 	0.00064849853515625 	0 	10.7290176742936 	0 	-21458.3985841823 	0 	-0.00064849853515625 	75.783112 	0 	0 	0 	720 	800 	800 	5789 	-320693 	90761 	-370000 	0 	0 	0 	0 	13 	0 	0 	0 	
3587127861 	320741 	320741 	-1239.3699 	1530 	1530 	-108.30963 	90760.9950752258 	90761 	73.858841 	370000 	370000 	-894.0567 	0 	0 	-2473.6177 	0.00064849853515625 	0 	75.783112 	0 	0 	0 	720 	800 	800 	5789 	-320693 	90761 	-370000 	0 	0 	0 	0 	13 	0 	0 	0 	3587127861 	320741 	320741 	0 	0 	0 	0 	0 	-1239.3699 	1530 	1530 	0 	0 	0 	0 	0 	-108.30963 	90760.9950752258 	90761 	0 	0 	0 	0 	0.00492477416992188 	73.858841 	370000 	370000 	0 	0 	0 	0 	0 	-894.0567 	0 	0 	-25.0004230998441 	0 	50001.6925999681 	0 	0 	-2473.6177 	0.00064849853515625 	0 	0 	0 	0 	0 	-0.00064849853515625 	75.783112 	0 	0 	0 	720 	800 	800 	5789 	-320693 	90761 	-370000 	0 	0 	0 	0 	13 	0 	0 	0 	
3587127871 	320741 	320741 	-1239.3699 	1530 	1530 	-108.30963 	90760.9950752258 	90761 	73.858841 	370000 	370000 	-894.0567 	0 	0 	-2473.6177 	0.00064849853515625 	0 	75.783112 	0 	0 	0 	720 	800 	800 	5789 	-320693 	90761 	-370000 	0 	0 	0 	0 	13 	0 	0 	0 	3587127871 	320741 	320741 	0 	0 	0 	0 	0 	-1239.3699 	1530 	1530 	0 	0 	0 	0 	0 	-108.30963 	90760.9950752258 	90761 	10.7290176742936 	0 	21458.3985841823 	0 	0.00492477416992188 	73.858841 	370000 	370000 	0 	0 	0 	0 	0 	-894.0567 	0 	0 	0 	0 	0 	0 	0 	-2473.6177 	0.00064849853515625 	0 	10.7290176742936 	0 	21458.3985841823 	0 	-0.00064849853515625 	75.783112 	0 	0 	0 	720 	800 	800 	5789 	-320693 	90761 	-370000 	0 	0 	0 	0 	13 	0 	0 	0 	
3587127881 	320741 	320741 	-1239.3699 	1530 	1530 	-108.30963 	90761.0165328979 	90761 	73.858841 	370000 	370000 	-894.0567 	0 	0 	-2473.6177 	0.0221061706542969 	0 	75.783112 	0 	0 	0 	720 	800 	800 	5789 	-320693 	90761 	-370000 	0 	0 	0 	0 	13 	0 	0 	0 	3587127881 	320741 	320741 	0 	0 	0 	0 	0 	-1239.3699 	1530 	1530 	0 	0 	0 	0 	0 	-108.30963 	90761.0165328979 	90761 	-10.7290176742936 	0 	-64375.1957525469 	0 	-0.0165328979492188 	73.858841 	370000 	370000 	0 	0 	0 	0 	0 	-894.0567 	0 	0 	0 	0 	0 	0 	0 	-2473.6177 	0.0221061706542969 	0 	0 	0 	-42916.7971683646 	0 	-0.0221061706542969 	75.783112 	0 	0 	0 	720 	800 	800 	5789 	-320693 	90761 	-370000 	0 	0 	0 	0 	13 	0 	0 	0 	
3587127891 	320741 	320741 	-1239.3699 	1530 	1530 	-108.30963 	90760.9736175537 	90761 	73.858841 	370000 	370000 	-894.0567 	0 	0 	-2473.6177 	0.00064849853515625 	0 	75.783112 	0 	0 	0 	720 	800 	800 	5789 	-320693 	90761 	-370000 	0 	0 	0 	0 	13 	0 	0 	0 	3587127891 	320741 	320741 	0 	0 	0 	0 	0 	-1239.3699 	1530 	1530 	0 	0 	0 	0 	0 	-108.30963 	90760.9736175537 	90761 	-10.7290176742936 	0 	64375.1957525469 	0 	0.0263824462890625 	73.858841 	370000 	370000 	0 	0 	0 	0 	0 	-894.0567 	0 	0 	0 	0 	0 	0 	0 	-2473.6177 	0.00064849853515625 	0 	-21.4580353485871 	0 	0 	0 	-0.00064849853515625 	75.783112 	0 	0 	0 	720 	800 	800 	5789 	-320693 	90761 	-370000 	0 	0 	0 	0 	13 	0 	0 	0 	
3587127901 	320741 	320741 	-1239.3699 	1530 	1530 	-108.30963 	90760.9950752258 	90761 	73.858841 	370000 	370000 	-894.0567 	0 	0 	-2473.6177 	-0.0208091735839844 	0 	75.783112 	0 	0 	0 	720 	800 	800 	5789 	-320693 	90761 	-370000 	0 	0 	0 	0 	13 	0 	0 	0 	3587127901 	320741 	320741 	0 	0 	0 	0 	0 	-1239.3699 	1530 	1530 	0 	0 	0 	0 	0 	-108.30963 	90760.9950752258 	90761 	0 	0 	-42916.7971683646 	0 	0.00492477416992188 	73.858841 	370000 	370000 	0 	0 	0 	0 	0 	-894.0567 	0 	0 	-25.0004235655132 	0 	-50001.6935313222 	0 	0 	-2473.6177 	-0.0208091735839844 	0 	10.7290176742936 	0 	64375.1957525469 	0 	0.0208091735839844 	75.783112 	0 	0 	0 	720 	800 	800 	5789 	-320693 	90761 	-370000 	0 	0 	0 	0 	13 	0 	0 	0 	
3587127911 	320741 	320741 	-1239.3699 	1530 	1530 	-108.30963 	90760.9736175537 	90761 	73.858841 	370000 	370000 	-894.0567 	-0.0500000007450581 	0 	-2473.6177 	0.0221061706542969 	0 	75.783112 	0 	0 	0 	720 	800 	800 	5789 	-320693 	90761 	-370000 	0 	0 	0 	0 	13 	0 	0 	0 	3587127911 	320741 	320741 	0 	0 	0 	0 	0 	-1239.3699 	1530 	1530 	0 	0 	0 	0 	0 	-108.30963 	90760.9736175537 	90761 	0 	0 	42916.7971683646 	0 	0.0263824462890625 	73.858841 	370000 	370000 	25.0004230998441 	0 	50001.6925999681 	0 	0 	-894.0567 	-0.0500000007450581 	0 	0 	0 	100003.387062644 	0 	0.0500000007450581 	-2473.6177 	0.0221061706542969 	0 	10.7290176742936 	0 	-64375.1957525469 	0 	-0.0221061706542969 	75.783112 	0 	0 	0 	720 	800 	800 	5789 	-320693 	90761 	-370000 	0 	0 	0 	0 	13 	0 	0 	0 	
3587127921 	320741 	320741 	-1239.3699 	1530 	1530 	-108.30963 	90760.9950752258 	90761 	73.858841 	370000.05 	370000 	-894.0567 	0 	0 	-2473.6177 	0.00064849853515625 	0 	75.783112 	0 	0 	0 	720 	800 	800 	5789 	-320693 	90761 	-370000 	0 	0 	0 	0 	0 	0 	0 	0 	3587127921 	320741 	320741 	0 	0 	0 	0 	0 	-1239.3699 	1530 	1530 	0 	0 	0 	0 	0 	-108.30963 	90760.9950752258 	90761 	10.7290176742936 	0 	-21458.3985841823 	0 	0.00492477416992188 	73.858841 	370000.05 	370000 	0 	0 	-100003.385199936 	0 	-0.0499999998137355 	-894.0567 	0 	0 	25.0004235655132 	0 	-50001.6935313222 	0 	0 	-2473.6177 	0.00064849853515625 	0 	0 	0 	42916.7971683646 	0 	-0.00064849853515625 	75.783112 	0 	0 	0 	720 	800 	800 	5789 	-320693 	90761 	-370000 	0 	0 	0 	0 	0 	0 	0 	0 	
3587127931 	320741 	320741 	-1239.3699 	1530 	1530 	-108.30963 	90760.9950752258 	90761 	73.858841 	370000 	370000 	-894.0567 	0 	0 	-2473.6177 	0.0221061706542969 	0 	75.783112 	0 	0 	0 	720 	800 	800 	5789 	-320693 	90761 	-370000 	0 	0 	0 	0 	0 	0 	0 	0 	3587127931 	320741 	320741 	0 	0 	0 	0 	0 	-1239.3699 	1530 	1530 	0 	0 	0 	0 	0 	-108.30963 	90760.9950752258 	90761 	10.7290176742936 	0 	21458.3985841823 	0 	0.00492477416992188 	73.858841 	370000 	370000 	-50.0008464325227 	0 	-0.000465677052608123 	0 	0 	-894.0567 	0 	0 	0 	0 	0 	0 	0 	-2473.6177 	0.0221061706542969 	0 	0 	0 	-42916.7971683646 	0 	-0.0221061706542969 	75.783112 	0 	0 	0 	720 	800 	800 	5789 	-320693 	90761 	-370000 	0 	0 	0 	0 	0 	0 	0 	0 	
3587127941 	320741 	320741 	-1239.3699 	1530 	1530 	-108.30963 	90761.0165328979 	90761 	73.858841 	369999.95 	370000 	-894.0567 	0 	0 	-2473.6177 	0.00064849853515625 	0 	75.783112 	0 	0 	0 	720 	800 	800 	5789 	-320693 	90761 	-370000 	0 	0 	0 	0 	0 	-63 	0 	0 	3587127941 	320741 	320741 	0 	0 	0 	0 	0 	-1239.3699 	1530 	1530 	0 	0 	0 	0 	0 	-108.30963 	90761.0165328979 	90761 	10.7290176742936 	0 	-21458.3985841823 	0 	-0.0165328979492188 	73.858841 	369999.95 	370000 	0 	0 	100003.38613129 	0 	0.0500000002793968 	-894.0567 	0 	0 	0 	0 	0 	0 	0 	-2473.6177 	0.00064849853515625 	0 	-21.4580353485871 	0 	0 	0 	-0.00064849853515625 	75.783112 	0 	0 	0 	720 	800 	800 	5789 	-320693 	90761 	-370000 	0 	0 	0 	0 	0 	-63 	0 	0 	
3587127951 	320741 	320741 	-1239.3699 	1530 	1530 	-108.30963 	90761.0165328979 	90761 	73.858841 	370000 	370000 	-894.0567 	0 	0 	-2473.6177 	-0.0208091735839844 	0 	75.783112 	0 	0 	0 	720 	800 	800 	5789 	-320693 	90761 	-370000 	0 	0 	0 	0 	0 	-63 	0 	0 	3587127951 	320741 	320741 	0 	0 	0 	0 	0 	-1239.3699 	1530 	1530 	0 	0 	0 	0 	0 	-108.30963 	90761.0165328979 	90761 	-10.7290176742936 	0 	-21458.3985841823 	0 	-0.0165328979492188 	73.858841 	370000 	370000 	25.0004233326786 	0 	-50001.6930656452 	0 	0 	-894.0567 	0 	0 	0 	0 	0 	0 	0 	-2473.6177 	-0.0208091735839844 	0 	0 	0 	42916.7971683646 	0 	0.0208091735839844 	75.783112 	0 	0 	0 	720 	800 	800 	5789 	-320693 	90761 	-370000 	0 	0 	0 	0 	0 	-63 	0 	0 	
3587127961 	320741 	320741 	-1239.3699 	1530 	1530 	-108.30963 	90760.9950752258 	90761 	73.858841 	370000 	370000 	-894.0567 	0 	0 	-2473.6177 	0.00064849853515625 	0 	75.783112 	0 	0 	0 	720 	800 	800 	5789 	-320693 	90761 	-370000 	0 	0 	0 	0 	0 	-63 	0 	0 	3587127961 	320741 	320741 	0 	0 	0 	0 	0 	-1239.3699 	1530 	1530 	0 	0 	0 	0 	0 	-108.30963 	90760.9950752258 	90761 	-10.7290176742936 	0 	21458.3985841823 	0 	0.00492477416992188 	73.858841 	370000 	370000 	0 	0 	0 	0 	0 	-894.0567 	0 	0 	0 	0 	0 	0 	0 	-2473.6177 	0.00064849853515625 	0 	21.4580353485871 	0 	0 	0 	-0.00064849853515625 	75.783112 	0 	0 	0 	720 	800 	800 	5789 	-320693 	90761 	-370000 	0 	0 	0 	0 	0 	-63 	0 	0 	
3587127971 	320741 	320741 	-1239.3699 	1530 	1530 	-108.30963 	90760.9950752258 	90761 	73.858841 	370000 	370000 	-894.0567 	0 	0 	-2473.6177 	0.0221061706542969 	0 	75.783112 	0 	0 	0 	720 	800 	800 	5789 	-320693 	90761 	-370000 	0 	0 	0 	0 	0 	-63 	0 	-13 	3587127971 	320741 	320741 	0 	0 	0 	0 	0 	-1239.3699 	1530 	1530 	0 	0 	0 	0 	0 	-108.30963 	90760.9950752258 	90761 	0 	0 	0 	0 	0.00492477416992188 	73.858841 	370000 	370000 	0 	0 	0 	0 	0 	-894.0567 	0 	0 	0 	0 	0 	0 	0 	-2473.6177 	0.0221061706542969 	0 	10.7290176742936 	0 	-21458.3985841823 	0 	-0.0221061706542969 	75.783112 	0 	0 	0 	720 	800 	800 	5789 	-320693 	90761 	-370000 	0 	0 	0 	0 	0 	-63 	0 	-13 	
3587127981 	320741 	320741 	-1239.3699 	1530 	1530 	-108.30963 	90760.9950752258 	90761 	73.858841 	370000 	370000 	-894.0567 	0 	0 	-2473.6177 	0.0221061706542969 	0 	75.783112 	0 	0 	0 	720 	800 	800 	5789 	-320693 	90761 	-370000 	0 	0 	0 	0 	0 	-63 	0 	-13 	3587127981 	320741 	320741 	0 	0 	0 	0 	0 	-1239.3699 	1530 	1530 	0 	0 	0 	0 	0 	-108.30963 	90760.9950752258 	90761 	0 	0 	0 	0 	0.00492477416992188 	73.858841 	370000 	370000 	0 	0 	0 	0 	0 	-894.0567 	0 	0 	0 	0 	0 	0 	0 	-2473.6177 	0.0221061706542969 	0 	-10.7290176742936 	0 	-21458.3985841823 	0 	-0.0221061706542969 	75.783112 	0 	0 	0 	720 	800 	800 	5789 	-320693 	90761 	-370000 	0 	0 	0 	0 	0 	-63 	0 	-13 	
3587127991 	320741 	320741 	-1239.3699 	1530 	1530 	-108.30963 	90760.9950752258 	90761 	73.858841 	370000 	370000 	-894.0567 	0 	0 	-2473.6177 	0.00064849853515625 	0 	75.783112 	0 	0 	0 	720 	800 	800 	5789 	-320693 	90761 	-370000 	0 	0 	0 	0 	0 	-63 	0 	-13 	3587127991 	320741 	320741 	0 	0 	0 	0 	0 	-1239.3699 	1530 	1530 	0 	0 	0 	0 	0 	-108.30963 	90760.9950752258 	90761 	0 	0 	0 	0 	0.00492477416992188 	73.858841 	370000 	370000 	0 	0 	0 	0 	0 	-894.0567 	0 	0 	0 	0 	0 	0 	0 	-2473.6177 	0.00064849853515625 	0 	0 	0 	42916.7971683646 	0 	-0.00064849853515625 	75.783112 	0 	0 	0 	720 	800 	800 	5789 	-320693 	90761 	-370000 	0 	0 	0 	0 	0 	-63 	0 	-13 	
3587128001 	320741 	320741 	-1239.3699 	1530 	1530 	-108.30963 	90760.9950752258 	90761 	73.858841 	370000 	370000 	-894.0567 	0 	0 	-2473.6177 	0.0221061706542969 	0 	75.783112 	0 	0 	0 	720 	800 	800 	5789 	-320693 	90761 	-370000 	0 	0 	0 	0 	0 	-63 	0 	-13 	3587128001 	320741 	320741 	0 	0 	0 	0 	0 	-1239.3699 	1530 	1530 	0 	0 	0 	0 	0 	-108.30963 	90760.9950752258 	90761 	10.7290176742936 	0 	21458.3985841823 	0 	0.00492477416992188 	73.858841 	370000 	370000 	0 	0 	0 	0 	0 	-894.0567 	0 	0 	0 	0 	0 	0 	0 	-2473.6177 	0.0221061706542969 	0 	0 	0 	-42916.7971683646 	0 	-0.0221061706542969 	75.783112 	0 	0 	0 	720 	800 	800 	5789 	-320693 	90761 	-370000 	0 	0 	0 	0 	0 	-63 	0 	-13 	
3587128011 	320741 	320741 	-1239.3699 	1530 	1530 	-108.30963 	90761.0165328979 	90761 	73.858841 	370000 	370000 	-894.0567 	0 	0 	-2473.6177 	0.00064849853515625 	0 	75.783112 	0 	0 	0 	720 	800 	800 	5789 	-320693 	90761 	-370000 	0 	0 	0 	0 	0 	-63 	0 	-13 	3587128011 	320741 	320741 	0 	0 	0 	0 	0 	-1239.3699 	1530 	1530 	0 	0 	0 	0 	0 	-108.30963 	90761.0165328979 	90761 	0 	0 	-42916.7971683646 	0 	-0.0165328979492188 	73.858841 	370000 	370000 	0 	0 	0 	0 	0 	-894.0567 	0 	0 	0 	0 	0 	0 	0 	-2473.6177 	0.00064849853515625 	0 	-10.7290176742936 	0 	21458.3985841823 	0 	-0.00064849853515625 	75.783112 	0 	0 	0 	720 	800 	800 	5789 	-320693 	90761 	-370000 	0 	0 	0 	0 	0 	-63 	0 	-13 	
3587128021 	320741 	320741 	-1239.3699 	1530 	1530 	-108.30963 	90760.9950752258 	90761 	73.858841 	370000 	370000 	-894.0567 	0 	0 	-2473.6177 	0.00064849853515625 	0 	75.783112 	0 	0 	0 	720 	800 	800 	5789 	-320693 	90761 	-370000 	0 	0 	0 	0 	0 	-63 	0 	-13 	3587128021 	320741 	320741 	-25.0004233326786 	0 	-50001.6930656452 	0 	0 	-1239.3699 	1530 	1530 	0 	0 	0 	0 	0 	-108.30963 	90760.9950752258 	90761 	-10.7290176742936 	0 	21458.3985841823 	0 	0.00492477416992188 	73.858841 	370000 	370000 	0 	0 	0 	0 	0 	-894.0567 	0 	0 	0 	0 	0 	0 	0 	-2473.6177 	0.00064849853515625 	0 	0 	0 	0 	0 	-0.00064849853515625 	75.783112 	0 	0 	0 	720 	800 	800 	5789 	-320693 	90761 	-370000 	0 	0 	0 	0 	0 	-63 	0 	-13 	
3587128031 	320740.95 	320741 	-1239.3699 	1530 	1530 	-108.30963 	90760.9950752258 	90761 	73.858841 	370000 	370000 	-894.0567 	0 	0 	-2473.6177 	0.00064849853515625 	0 	75.783112 	0 	0 	0 	720 	800 	800 	5789 	-320693 	90761 	-370000 	0 	0 	0 	0 	0 	-63 	0 	-13 	3587128031 	320740.95 	320741 	0 	0 	100003.38613129 	0 	0.0500000002793968 	-1239.3699 	1530 	1530 	0 	0 	0 	0 	0 	-108.30963 	90760.9950752258 	90761 	0 	0 	0 	0 	0.00492477416992188 	73.858841 	370000 	370000 	0 	0 	0 	0 	0 	-894.0567 	0 	0 	0 	0 	0 	0 	0 	-2473.6177 	0.00064849853515625 	0 	0 	0 	0 	0 	-0.00064849853515625 	75.783112 	0 	0 	0 	720 	800 	800 	5789 	-320693 	90761 	-370000 	0 	0 	0 	0 	0 	-63 	0 	-13 	
3587128041 	320741 	320741 	-1239.3699 	1530 	1530 	-108.30963 	90760.9950752258 	90761 	73.858841 	370000 	370000 	-894.0567 	0 	0 	-2473.6177 	0.00064849853515625 	0 	75.783112 	0 	0 	0 	720 	800 	800 	5789 	-320693 	90761 	-370000 	0 	0 	0 	0 	0 	-63 	0 	-13 	3587128041 	320741 	320741 	25.0004233326786 	0 	-50001.6930656452 	0 	0 	-1239.3699 	1530 	1530 	0 	0 	0 	0 	0 	-108.30963 	90760.9950752258 	90761 	-10.7290176742936 	0 	-21458.3985841823 	0 	0.00492477416992188 	73.858841 	370000 	370000 	0 	0 	0 	0 	0 	-894.0567 	0 	0 	0 	0 	0 	0 	0 	-2473.6177 	0.00064849853515625 	0 	0 	0 	0 	0 	-0.00064849853515625 	75.783112 	0 	0 	0 	720 	800 	800 	5789 	-320693 	90761 	-370000 	0 	0 	0 	0 	0 	-63 	0 	-13 	
3587128051 	320741 	320741 	-1239.3699 	1530 	1530 	-108.30963 	90760.9736175537 	90761 	73.858841 	370000 	370000 	-894.0567 	0 	0 	-2473.6177 	0.00064849853515625 	0 	75.783112 	0 	0 	0 	720 	800 	800 	5789 	-320693 	90761 	-370000 	0 	0 	0 	0 	0 	-63 	0 	-13 	3587128051 	320741 	320741 	0 	0 	0 	0 	0 	-1239.3699 	1530 	1530 	-25.0004232162614 	0 	-50001.6928328067 	0 	0 	-108.30963 	90760.9736175537 	90761 	10.7290176742936 	0 	64375.1957525469 	0 	0.0263824462890625 	73.858841 	370000 	370000 	0 	0 	0 	0 	0 	-894.0567 	0 	0 	0 	0 	0 	0 	0 	-2473.6177 	0.00064849853515625 	0 	0 	0 	0 	0 	-0.00064849853515625 	75.783112 	0 	0 	0 	720 	800 	800 	5789 	-320693 	90761 	-370000 	0 	0 	0 	0 	0 	-63 	0 	-13 	
3587128061 	320741 	320741 	-1239.3699 	1529.94999999995 	1530 	-108.30963 	90761.0165328979 	90761 	73.858841 	370000 	370000 	-894.0567 	0 	0 	-2473.6177 	0.00064849853515625 	0 	75.783112 	0 	0 	0 	720 	800 	800 	5789 	-320693 	90761 	-370000 	0 	0 	0 	0 	0 	-63 	0 	-13 	3587128061 	320741 	320741 	0 	0 	0 	0 	0 	-1239.3699 	1529.94999999995 	1530 	0 	0 	100003.385665613 	0 	0.0500000000465661 	-108.30963 	90761.0165328979 	90761 	10.7290176742936 	0 	-64375.1957525469 	0 	-0.0165328979492188 	73.858841 	370000 	370000 	0 	0 	0 	0 	0 	-894.0567 	0 	0 	0 	0 	0 	0 	0 	-2473.6177 	0.00064849853515625 	0 	0 	0 	0 	0 	-0.00064849853515625 	75.783112 	0 	0 	0 	720 	800 	800 	5789 	-320693 	90761 	-370000 	0 	0 	0 	0 	0 	-63 	0 	-13 	
3587128071 	320741 	320741 	-1239.3699 	1530 	1530 	-108.30963 	90760.9950752258 	90761 	73.858841 	370000 	370000 	-894.0567 	0 	0 	-2473.6177 	0.00064849853515625 	0 	75.783112 	0 	0 	0 	720 	800 	800 	5789 	-320693 	90761 	-370000 	0 	0 	0 	0 	0 	-63 	0 	-13 	3587128071 	320741 	320741 	0 	0 	0 	0 	0 	-1239.3699 	1530 	1530 	25.0004232162614 	0 	-50001.6928328067 	0 	0 	-108.30963 	90760.9950752258 	90761 	-10.7290176742936 	0 	21458.3985841823 	0 	0.00492477416992188 	73.858841 	370000 	370000 	0 	0 	0 	0 	0 	-894.0567 	0 	0 	0 	0 	0 	0 	0 	-2473.6177 	0.00064849853515625 	0 	0 	0 	0 	0 	-0.00064849853515625 	75.783112 	0 	0 	0 	720 	800 	800 	5789 	-320693 	90761 	-370000 	0 	0 	0 	0 	0 	-63 	0 	-13 	
3587128081 	320741 	320741 	-1239.3699 	1530 	1530 	-108.30963 	90760.9950752258 	90761 	73.858841 	370000 	370000 	-894.0567 	0 	0 	-2473.6177 	0.00064849853515625 	0 	75.783112 	0 	0 	0 	720 	800 	800 	5789 	-320693 	90761 	-370000 	0 	0 	0 	0 	0 	-63 	0 	-13 	3587128081 	320741 	320741 	0 	0 	0 	0 	0 	-1239.3699 	1530 	1530 	0 	0 	0 	0 	0 	-108.30963 	90760.9950752258 	90761 	0 	0 	0 	0 	0.00492477416992188 	73.858841 	370000 	370000 	0 	0 	0 	0 	0 	-894.0567 	0 	0 	0 	0 	0 	0 	0 	-2473.6177 	0.00064849853515625 	0 	0 	0 	0 	0 	-0.00064849853515625 	75.783112 	0 	0 	0 	720 	800 	800 	5789 	-320693 	90761 	-370000 	0 	0 	0 	0 	0 	-63 	0 	-13 	
3587128091 	320741 	320741 	-1239.3699 	1530 	1530 	-108.30963 	90760.9950752258 	90761 	73.858841 	370000 	370000 	-894.0567 	0 	0 	-2473.6177 	0.00064849853515625 	0 	75.783112 	0 	0 	0 	720 	800 	800 	5789 	-320693 	90761 	-370000 	0 	0 	0 	0 	0 	-63 	0 	-13 	3587128091 	320741 	320741 	0 	0 	0 	0 	0 	-1239.3699 	1530 	1530 	0 	0 	0 	0 	0 	-108.30963 	90760.9950752258 	90761 	0 	0 	0 	0 	0.00492477416992188 	73.858841 	370000 	370000 	0 	0 	0 	0 	0 	-894.0567 	0 	0 	0 	0 	0 	0 	0 	-2473.6177 	0.00064849853515625 	0 	0 	0 	0 	0 	-0.00064849853515625 	75.783112 	0 	0 	0 	720 	800 	800 	5789 	-320693 	90761 	-370000 	0 	0 	0 	0 	0 	-63 	0 	-13 	
3587128101 	320741 	320741 	-1239.3699 	1530 	1530 	-108.30963 	90760.9950752258 	90761 	73.858841 	370000 	370000 	-894.0567 	0 	0 	-2473.6177 	0.00064849853515625 	0 	75.783112 	0 	0 	0 	720 	800 	800 	5789 	-320693 	90761 	-370000 	0 	0 	0 	0 	0 	-63 	0 	-13 	3587128101 	320741 	320741 	0 	0 	0 	0 	0 	-1239.3699 	1530 	1530 	0 	0 	0 	0 	0 	-108.30963 	90760.9950752258 	90761 	10.7290176742936 	0 	21458.3985841823 	0 	0.00492477416992188 	73.858841 	370000 	370000 	0 	0 	0 	0 	0 	-894.0567 	0 	0 	0 	0 	0 	0 	0 	-2473.6177 	0.00064849853515625 	0 	0 	0 	0 	0 	-0.00064849853515625 	75.783112 	0 	0 	0 	720 	800 	800 	5789 	-320693 	90761 	-370000 	0 	0 	0 	0 	0 	-63 	0 	-13 	
3587128111 	320741 	320741 	-1239.3699 	1530 	1530 	-108.30963 	90761.0165328979 	90761 	73.858841 	370000 	370000 	-894.0567 	0 	0 	-2473.6177 	0.00064849853515625 	0 	75.783112 	0 	0 	0 	720 	800 	800 	5789 	-320693 	90761 	-370000 	0 	0 	0 	0 	0 	0 	0 	-13 	3587128111 	320741 	320741 	0 	0 	0 	0 	0 	-1239.3699 	1530 	1530 	0 	0 	0 	0 	0 	-108.30963 	90761.0165328979 	90761 	0 	0 	-42916.7971683646 	0 	-0.0165328979492188 	73.858841 	370000 	370000 	0 	0 	0 	0 	0 	-894.0567 	0 	0 	0 	0 	0 	0 	0 	-2473.6177 	0.00064849853515625 	0 	10.7290176742936 	0 	21458.3985841823 	0 	-0.00064849853515625 	75.783112 	0 	0 	0 	720 	800 	800 	5789 	-320693 	90761 	-370000 	0 	0 	0 	0 	0 	0 	0 	-13 	
3587128121 	320741 	320741 	-1239.3699 	1530 	1530 	-108.30963 	90760.9950752258 	90761 	73.858841 	370000 	370000 	-894.0567 	0 	0 	-2473.6177 	0.0221061706542969 	0 	75.783112 	0 	0 	0 	720 	800 	800 	5789 	-320693 	90761 	-370000 	0 	0 	0 	0 	0 	0 	0 	-13 	3587128121 	320741 	320741 	0 	0 	0 	0 	0 	-1239.3699 	1530 	1530 	0 	0 	0 	0 	0 	-108.30963 	90760.9950752258 	90761 	-10.7290176742936 	0 	21458.3985841823 	0 	0.00492477416992188 	73.858841 	370000 	370000 	0 	0 	0 	0 	0 	-894.0567 	0 	0 	0 	0 	0 	0 	0 	-2473.6177 	0.0221061706542969 	0 	0 	0 	-42916.7971683646 	0 	-0.0221061706542969 	75.783112 	0 	0 	0 	720 	800 	800 	5789 	-320693 	90761 	-370000 	0 	0 	0 	0 	0 	0 	0 	-13 	
3587128131 	320741 	320741 	-1239.3699 	1530 	1530 	-108.30963 	90760.9950752258 	90761 	73.858841 	370000 	370000 	-894.0567 	0 	0 	-2473.6177 	0.00064849853515625 	0 	75.783112 	0 	0 	0 	720 	800 	800 	5789 	-320693 	90761 	-370000 	0 	0 	0 	0 	0 	0 	0 	0 	3587128131 	320741 	320741 	0 	0 	0 	0 	0 	-1239.3699 	1530 	1530 	0 	0 	0 	0 	0 	-108.30963 	90760.9950752258 	90761 	-10.7290176742936 	0 	-21458.3985841823 	0 	0.00492477416992188 	73.858841 	370000 	370000 	0 	0 	0 	0 	0 	-894.0567 	0 	0 	0 	0 	0 	0 	0 	-2473.6177 	0.00064849853515625 	0 	-10.7290176742936 	0 	21458.3985841823 	0 	-0.00064849853515625 	75.783112 	0 	0 	0 	720 	800 	800 	5789 	-320693 	90761 	-370000 	0 	0 	0 	0 	0 	0 	0 	0 	
3587128141 	320741 	320741 	-1239.3699 	1530 	1530 	-108.30963 	90760.9736175537 	90761 	73.858841 	370000 	370000 	-894.0567 	0 	0 	-2473.6177 	0.00064849853515625 	0 	75.783112 	0 	0 	0 	720 	800 	800 	5789 	-320693 	90761 	-370000 	0 	0 	0 	0 	0 	0 	0 	0 	3587128141 	320741 	320741 	0 	0 	0 	0 	0 	-1239.3699 	1530 	1530 	0 	0 	0 	0 	0 	-108.30963 	90760.9736175537 	90761 	10.7290176742936 	0 	64375.1957525469 	0 	0.0263824462890625 	73.858841 	370000 	370000 	0 	0 	0 	0 	0 	-894.0567 	0 	0 	0 	0 	0 	0 	0 	-2473.6177 	0.00064849853515625 	0 	0 	0 	0 	0 	-0.00064849853515625 	75.783112 	0 	0 	0 	720 	800 	800 	5789 	-320693 	90761 	-370000 	0 	0 	0 	0 	0 	0 	0 	0 	
3587128151 	320741 	320741 	-1239.3699 	1530 	1530 	-108.30963 	90761.0165328979 	90761 	73.858841 	370000 	370000 	-894.0567 	0 	0 	-2473.6177 	0.00064849853515625 	0 	75.783112 	0 	0 	0 	720 	800 	800 	5789 	-320693 	90761 	-370000 	0 	0 	0 	0 	0 	0 	0 	0 	3587128151 	320741 	320741 	0 	0 	0 	0 	0 	-1239.3699 	1530 	1530 	0 	0 	0 	0 	0 	-108.30963 	90761.0165328979 	90761 	10.7290176742936 	0 	-64375.1957525469 	0 	-0.0165328979492188 	73.858841 	370000 	370000 	0 	0 	0 	0 	0 	-894.0567 	0 	0 	0 	0 	0 	0 	0 	-2473.6177 	0.00064849853515625 	0 	-10.7290176742936 	0 	-21458.3985841823 	0 	-0.00064849853515625 	75.783112 	0 	0 	0 	720 	800 	800 	5789 	-320693 	90761 	-370000 	0 	0 	0 	0 	0 	0 	0 	0 	
3587128161 	320741 	320741 	-1239.3699 	1530 	1530 	-108.30963 	90760.9950752258 	90761 	73.858841 	370000 	370000 	-894.0567 	0 	0 	-2473.6177 	-0.0208091735839844 	0 	75.783112 	0 	0 	0 	720 	800 	800 	5789 	-320693 	90761 	-370000 	0 	0 	0 	0 	0 	0 	0 	0 	3587128161 	320741 	320741 	0 	0 	0 	0 	0 	-1239.3699 	1530 	1530 	-25.0004232162614 	0 	-50001.6928328067 	0 	0 	-108.30963 	90760.9950752258 	90761 	-10.7290176742936 	0 	21458.3985841823 	0 	0.00492477416992188 	73.858841 	370000 	370000 	0 	0 	0 	0 	0 	-894.0567 	0 	0 	0 	0 	0 	0 	0 	-2473.6177 	-0.0208091735839844 	0 	0 	0 	42916.7971683646 	0 	0.0208091735839844 	75.783112 	0 	0 	0 	720 	800 	800 	5789 	-320693 	90761 	-370000 	0 	0 	0 	0 	0 	0 	0 	0 	
3587128171 	320741 	320741 	-1239.3699 	1529.94999999995 	1530 	-108.30963 	90760.9950752258 	90761 	73.858841 	370000 	370000 	-894.0567 	0 	0 	-2473.6177 	0.00064849853515625 	0 	75.783112 	0 	0 	0 	720 	800 	800 	5789 	-320693 	90761 	-370000 	0 	0 	0 	0 	0 	0 	0 	0 	3587128171 	320741 	320741 	0 	0 	0 	0 	0 	-1239.3699 	1529.94999999995 	1530 	0 	0 	100003.385665613 	0 	0.0500000000465661 	-108.30963 	90760.9950752258 	90761 	10.7290176742936 	0 	21458.3985841823 	0 	0.00492477416992188 	73.858841 	370000 	370000 	0 	0 	0 	0 	0 	-894.0567 	0 	0 	0 	0 	0 	0 	0 	-2473.6177 	0.00064849853515625 	0 	21.4580353485871 	0 	0 	0 	-0.00064849853515625 	75.783112 	0 	0 	0 	720 	800 	800 	5789 	-320693 	90761 	-370000 	0 	0 	0 	0 	0 	0 	0 	0 	
3587128181 	320741 	320741 	-1239.3699 	1530 	1530 	-108.30963 	90761.0165328979 	90761 	73.858841 	370000 	370000 	-894.0567 	0 	0 	-2473.6177 	0.0221061706542969 	0 	75.783112 	0 	0 	0 	720 	800 	800 	5789 	-320693 	90761 	-370000 	0 	0 	0 	0 	0 	0 	0 	0 	3587128181 	320741 	320741 	0 	0 	0 	0 	0 	-1239.3699 	1530 	1530 	25.0004232162614 	0 	-50001.6928328067 	0 	0 	-108.30963 	90761.0165328979 	90761 	-10.7290176742936 	0 	-64375.1957525469 	0 	-0.0165328979492188 	73.858841 	370000 	370000 	0 	0 	0 	0 	0 	-894.0567 	0 	0 	0 	0 	0 	0 	0 	-2473.6177 	0.0221061706542969 	0 	0 	0 	-42916.7971683646 	0 	-0.0221061706542969 	75.783112 	0 	0 	0 	720 	800 	800 	5789 	-320693 	90761 	-370000 	0 	0 	0 	0 	0 	0 	0 	0 	
3587128191 	320741 	320741 	-1239.3699 	1530 	1530 	-108.30963 	90760.9736175537 	90761 	73.858841 	370000 	370000 	-894.0567 	0 	0 	-2473.6177 	0.00064849853515625 	0 	75.783112 	0 	0 	0 	720 	800 	800 	5789 	-320693 	90761 	-370000 	0 	0 	0 	0 	0 	0 	0 	0 	3587128191 	320741 	320741 	0 	0 	0 	0 	0 	-1239.3699 	1530 	1530 	0 	0 	0 	0 	0 	-108.30963 	90760.9736175537 	90761 	-10.7290176742936 	0 	64375.1957525469 	0 	0.0263824462890625 	73.858841 	370000 	370000 	0 	0 	0 	0 	0 	-894.0567 	0 	0 	0 	0 	0 	0 	0 	-2473.6177 	0.00064849853515625 	0 	-10.7290176742936 	0 	21458.3985841823 	0 	-0.00064849853515625 	75.783112 	0 	0 	0 	720 	800 	800 	5789 	-320693 	90761 	-370000 	0 	0 	0 	0 	0 	0 	0 	0 	
3587128201 	320741 	320741 	-1239.3699 	1530 	1530 	-108.30963 	90760.9950752258 	90761 	73.858841 	370000 	370000 	-894.0567 	0 	0 	-2473.6177 	0.00064849853515625 	0 	75.783112 	0 	0 	0 	720 	800 	800 	5789 	-320693 	90761 	-370000 	0 	0 	0 	0 	0 	0 	0 	0 	3587128201 	320741 	320741 	0 	0 	0 	0 	0 	-1239.3699 	1530 	1530 	0 	0 	0 	0 	0 	-108.30963 	90760.9950752258 	90761 	10.7290176742936 	0 	-21458.3985841823 	0 	0.00492477416992188 	73.858841 	370000 	370000 	0 	0 	0 	0 	0 	-894.0567 	0 	0 	25.0004230998441 	0 	50001.6925999681 	0 	0 	-2473.6177 	0.00064849853515625 	0 	-10.7290176742936 	0 	-21458.3985841823 	0 	-0.00064849853515625 	75.783112 	0 	0 	0 	720 	800 	800 	5789 	-320693 	90761 	-370000 	0 	0 	0 	0 	0 	0 	0 	0 	
3587128211 	320741 	320741 	-1239.3699 	1530 	1530 	-108.30963 	90760.9950752258 	90761 	73.858841 	370000 	370000 	-894.0567 	0.0499999998137355 	0 	-2473.6177 	-0.0208091735839844 	0 	75.783112 	0 	0 	0 	720 	800 	800 	5789 	-320693 	90761 	-370000 	0 	0 	0 	0 	0 	0 	0 	0 	3587128211 	320741 	320741 	0 	0 	0 	0 	0 	-1239.3699 	1530 	1530 	0 	0 	0 	0 	0 	-108.30963 	90760.9950752258 	90761 	10.7290176742936 	0 	21458.3985841823 	0 	0.00492477416992188 	73.858841 	370000 	370000 	0 	0 	0 	0 	0 	-894.0567 	0.0499999998137355 	0 	0 	0 	-100003.385199936 	0 	-0.0499999998137355 	-2473.6177 	-0.0208091735839844 	0 	0 	0 	42916.7971683646 	0 	0.0208091735839844 	75.783112 	0 	0 	0 	720 	800 	800 	5789 	-320693 	90761 	-370000 	0 	0 	0 	0 	0 	0 	0 	0 	
3587128221 	320741 	320741 	-1239.3699 	1530 	1530 	-108.30963 	90761.0165328979 	90761 	73.858841 	370000 	370000 	-894.0567 	0 	0 	-2473.6177 	0.00064849853515625 	0 	75.783112 	0 	0 	0 	720 	800 	800 	5789 	-320693 	90761 	-370000 	0 	0 	0 	0 	0 	0 	0 	0 	3587128221 	320741 	320741 	0 	0 	0 	0 	0 	-1239.3699 	1530 	1530 	0 	0 	0 	0 	0 	-108.30963 	90761.0165328979 	90761 	10.7290176742936 	0 	-21458.3985841823 	0 	-0.0165328979492188 	73.858841 	370000 	370000 	0 	0 	0 	0 	0 	-894.0567 	0 	0 	-25.0004230998441 	0 	50001.6925999681 	0 	0 	-2473.6177 	0.00064849853515625 	0 	10.7290176742936 	0 	-21458.3985841823 	0 	-0.00064849853515625 	75.783112 	0 	0 	0 	720 	800 	800 	5789 	-320693 	90761 	-370000 	0 	0 	0 	0 	0 	0 	0 	0 	
3587128231 	320741 	320741 	-1239.3699 	1530 	1530 	-108.30963 	90761.0165328979 	90761 	73.858841 	370000 	370000 	-894.0567 	0 	0 	-2473.6177 	0.00064849853515625 	0 	75.783112 	0 	0 	0 	720 	800 	800 	5789 	-320693 	90761 	-370000 	0 	0 	0 	0 	0 	0 	0 	0 	3587128231 	320741 	320741 	0 	0 	0 	0 	0 	-1239.3699 	1530 	1530 	0 	0 	0 	0 	0 	-108.30963 	90761.0165328979 	90761 	-21.4580353485871 	0 	-42916.7971683646 	0 	-0.0165328979492188 	73.858841 	370000 	370000 	0 	0 	0 	0 	0 	-894.0567 	0 	0 	0 	0 	0 	0 	0 	-2473.6177 	0.00064849853515625 	0 	10.7290176742936 	0 	21458.3985841823 	0 	-0.00064849853515625 	75.783112 	0 	0 	0 	720 	800 	800 	5789 	-320693 	90761 	-370000 	0 	0 	0 	0 	0 	0 	0 	0 	
3587128241 	320741 	320741 	-1239.3699 	1530 	1530 	-108.30963 	90760.9736175537 	90761 	73.858841 	370000 	370000 	-894.0567 	0 	0 	-2473.6177 	0.0221061706542969 	0 	75.783112 	0 	0 	0 	720 	800 	800 	5789 	-320693 	90761 	-370000 	0 	0 	0 	0 	-27 	0 	0 	0 	3587128241 	320741 	320741 	0 	0 	0 	0 	0 	-1239.3699 	1530 	1530 	0 	0 	0 	0 	0 	-108.30963 	90760.9736175537 	90761 	0 	0 	85833.5943367292 	0 	0.0263824462890625 	73.858841 	370000 	370000 	0 	0 	0 	0 	0 	-894.0567 	0 	0 	0 	0 	0 	0 	0 	-2473.6177 	0.0221061706542969 	0 	-10.7290176742936 	0 	-64375.1957525469 	0 	-0.0221061706542969 	75.783112 	0 	0 	0 	720 	800 	800 	5789 	-320693 	90761 	-370000 	0 	0 	0 	0 	-27 	0 	0 	0 	
3587128251 	320741 	320741 	-1239.3699 	1530 	1530 	-108.30963 	90761.0165328979 	90761 	73.858841 	370000 	370000 	-894.0567 	0 	0 	-2473.6177 	-0.0208091735839844 	0 	75.783112 	0 	0 	0 	720 	800 	800 	5789 	-320693 	90761 	-370000 	0 	0 	0 	0 	-27 	0 	0 	0 	3587128251 	320741 	320741 	0 	0 	0 	0 	0 	-1239.3699 	1530 	1530 	0 	0 	0 	0 	0 	-108.30963 	90761.0165328979 	90761 	10.7290176742936 	0 	-64375.1957525469 	0 	-0.0165328979492188 	73.858841 	370000 	370000 	0 	0 	0 	0 	0 	-894.0567 	0 	0 	25.0004230998441 	0 	50001.6925999681 	0 	0 	-2473.6177 	-0.0208091735839844 	0 	-21.4580353485871 	0 	42916.7971683646 	0 	0.0208091735839844 	75.783112 	0 	0 	0 	720 	800 	800 	5789 	-320693 	90761 	-370000 	0 	0 	0 	0 	-27 	0 	0 	0 	
3587128261 	320741 	320741 	-1239.3699 	1530 	1530 	-108.30963 	90760.9950752258 	90761 	73.858841 	370000 	370000 	-894.0567 	0.0499999998137355 	0 	-2473.6177 	-0.0208091735839844 	0 	75.783112 	0 	0 	0 	720 	800 	800 	5789 	-320693 	90761 	-370000 	0 	0 	0 	0 	-27 	0 	0 	0 	3587128261 	320741 	320741 	0 	0 	0 	0 	0 	-1239.3699 	1530 	1530 	0 	0 	0 	0 	0 	-108.30963 	90760.9950752258 	90761 	-10.7290176742936 	0 	21458.3985841823 	0 	0.00492477416992188 	73.858841 	370000 	370000 	0 	0 	0 	0 	0 	-894.0567 	0.0499999998137355 	0 	0 	0 	-100003.385199936 	0 	-0.0499999998137355 	-2473.6177 	-0.0208091735839844 	0 	10.7290176742936 	0 	21458.3985841823 	0 	0.0208091735839844 	75.783112 	0 	0 	0 	720 	800 	800 	5789 	-320693 	90761 	-370000 	0 	0 	0 	0 	-27 	0 	0 	0 	
3587128271 	320741 	320741 	-1239.3699 	1530 	1530 	-108.30963 	90760.9950752258 	90761 	73.858841 	370000 	370000 	-894.0567 	0 	0 	-2473.6177 	0.00064849853515625 	0 	75.783112 	0 	0 	0 	720 	800 	800 	5789 	-320693 	90761 	-370000 	0 	0 	0 	0 	-27 	0 	0 	0 	3587128271 	320741 	320741 	0 	0 	0 	0 	0 	-1239.3699 	1530 	1530 	0 	0 	0 	0 	0 	-108.30963 	90760.9950752258 	90761 	0 	0 	0 	0 	0.00492477416992188 	73.858841 	370000 	370000 	0 	0 	0 	0 	0 	-894.0567 	0 	0 	-25.0004230998441 	0 	50001.6925999681 	0 	0 	-2473.6177 	0.00064849853515625 	0 	0 	0 	-42916.7971683646 	0 	-0.00064849853515625 	75.783112 	0 	0 	0 	720 	800 	800 	5789 	-320693 	90761 	-370000 	0 	0 	0 	0 	-27 	0 	0 	0 	
3587128281 	320741 	320741 	-1239.3699 	1530 	1530 	-108.30963 	90760.9950752258 	90761 	73.858841 	370000 	370000 	-894.0567 	0 	0 	-2473.6177 	-0.0208091735839844 	0 	75.783112 	0 	0 	0 	720 	800 	800 	5789 	-320693 	90761 	-370000 	0 	0 	0 	0 	-27 	0 	-31 	0 	3587128281 	320741 	320741 	0 	0 	0 	0 	0 	-1239.3699 	1530 	1530 	0 	0 	0 	0 	0 	-108.30963 	90760.9950752258 	90761 	0 	0 	0 	0 	0.00492477416992188 	73.858841 	370000 	370000 	0 	0 	0 	0 	0 	-894.0567 	0 	0 	25.0004230998441 	0 	50001.6925999681 	0 	0 	-2473.6177 	-0.0208091735839844 	0 	10.7290176742936 	0 	64375.1957525469 	0 	0.0208091735839844 	75.783112 	0 	0 	0 	720 	800 	800 	5789 	-320693 	90761 	-370000 	0 	0 	0 	0 	-27 	0 	-31 	0 	
3587128291 	320741 	320741 	-1239.3699 	1530 	1530 	-108.30963 	90760.9950752258 	90761 	73.858841 	370000 	370000 	-894.0567 	0.0499999998137355 	0 	-2473.6177 	0.0221061706542969 	0 	75.783112 	0 	0 	0 	720 	800 	800 	5789 	-320693 	90761 	-370000 	0 	0 	0 	0 	-27 	0 	-31 	13 	3587128291 	320741 	320741 	0 	0 	0 	0 	0 	-1239.3699 	1530 	1530 	0 	0 	0 	0 	0 	-108.30963 	90760.9950752258 	90761 	0 	0 	0 	0 	0.00492477416992188 	73.858841 	370000 	370000 	0 	0 	0 	0 	0 	-894.0567 	0.0499999998137355 	0 	25.0004230998441 	0 	-50001.6925999681 	0 	-0.0499999998137355 	-2473.6177 	0.0221061706542969 	0 	10.7290176742936 	0 	-64375.1957525469 	0 	-0.0221061706542969 	75.783112 	0 	0 	0 	720 	800 	800 	5789 	-320693 	90761 	-370000 	0 	0 	0 	0 	-27 	0 	-31 	13 	
3587128301 	320741 	320741 	-1239.3699 	1530 	1530 	-108.30963 	90760.9950752258 	90761 	73.858841 	370000 	370000 	-894.0567 	0.0499999998137355 	0 	-2473.6177 	0.00064849853515625 	0 	75.783112 	0 	0 	0 	720 	800 	800 	5789 	-320693 	90761 	-370000 	0 	0 	0 	0 	-27 	0 	-31 	13 	3587128301 	320741 	320741 	0 	0 	0 	0 	0 	-1239.3699 	1530 	1530 	0 	0 	0 	0 	0 	-108.30963 	90760.9950752258 	90761 	-10.7290176742936 	0 	-21458.3985841823 	0 	0.00492477416992188 	73.858841 	370000 	370000 	0 	0 	0 	0 	0 	-894.0567 	0.0499999998137355 	0 	-25.0004230998441 	0 	-50001.6925999681 	0 	-0.0499999998137355 	-2473.6177 	0.00064849853515625 	0 	-10.7290176742936 	0 	21458.3985841823 	0 	-0.00064849853515625 	75.783112 	0 	0 	0 	720 	800 	800 	5789 	-320693 	90761 	-370000 	0 	0 	0 	0 	-27 	0 	-31 	13 	
3587128311 	320741 	320741 	-1239.3699 	1530 	1530 	-108.30963 	90760.9736175537 	90761 	73.858841 	370000 	370000 	-894.0567 	0 	0 	-2473.6177 	0.00064849853515625 	0 	75.783112 	0 	0 	0 	720 	800 	800 	5789 	-320693 	90761 	-370000 	0 	0 	0 	0 	-27 	0 	-31 	13 	3587128311 	320741 	320741 	0 	0 	0 	0 	0 	-1239.3699 	1530 	1530 	0 	0 	0 	0 	0 	-108.30963 	90760.9736175537 	90761 	0 	0 	42916.7971683646 	0 	0.0263824462890625 	73.858841 	370000 	370000 	0 	0 	0 	0 	0 	-894.0567 	0 	0 	-25.0004230998441 	0 	50001.6925999681 	0 	0 	-2473.6177 	0.00064849853515625 	0 	-10.7290176742936 	0 	-21458.3985841823 	0 	-0.00064849853515625 	75.783112 	0 	0 	0 	720 	800 	800 	5789 	-320693 	90761 	-370000 	0 	0 	0 	0 	-27 	0 	-31 	13 	
3587128321 	320741 	320741 	-1239.3699 	1530 	1530 	-108.30963 	90760.9950752258 	90761 	73.858841 	370000 	370000 	-894.0567 	0 	0 	-2473.6177 	-0.0208091735839844 	0 	75.783112 	0 	0 	0 	720 	800 	800 	5789 	-320693 	90761 	-370000 	0 	0 	0 	0 	-27 	0 	-31 	13 	3587128321 	320741 	320741 	0 	0 	0 	0 	0 	-1239.3699 	1530 	1530 	0 	0 	0 	0 	0 	-108.30963 	90760.9950752258 	90761 	0 	0 	-42916.7971683646 	0 	0.00492477416992188 	73.858841 	370000 	370000 	0 	0 	0 	0 	0 	-894.0567 	0 	0 	0 	0 	0 	0 	0 	-2473.6177 	-0.0208091735839844 	0 	0 	0 	42916.7971683646 	0 	0.0208091735839844 	75.783112 	0 	0 	0 	720 	800 	800 	5789 	-320693 	90761 	-370000 	0 	0 	0 	0 	-27 	0 	-31 	13 	
3587128331 	320741 	320741 	-1239.3699 	1530 	1530 	-108.30963 	90760.9736175537 	90761 	73.858841 	370000 	370000 	-894.0567 	0 	0 	-2473.6177 	0.00064849853515625 	0 	75.783112 	0 	0 	0 	720 	800 	800 	5789 	-320693 	90761 	-370000 	0 	0 	0 	0 	-27 	0 	-31 	13 	3587128331 	320741 	320741 	0 	0 	0 	0 	0 	-1239.3699 	1530 	1530 	0 	0 	0 	0 	0 	-108.30963 	90760.9736175537 	90761 	0 	0 	42916.7971683646 	0 	0.0263824462890625 	73.858841 	370000 	370000 	0 	0 	0 	0 	0 	-894.0567 	0 	0 	0 	0 	0 	0 	0 	-2473.6177 	0.00064849853515625 	0 	21.4580353485871 	0 	0 	0 	-0.00064849853515625 	75.783112 	0 	0 	0 	720 	800 	800 	5789 	-320693 	90761 	-370000 	0 	0 	0 	0 	-27 	0 	-31 	13 	
3587128341 	320741 	320741 	-1239.3699 	1530 	1530 	-108.30963 	90760.9950752258 	90761 	73.858841 	370000 	370000 	-894.0567 	0 	0 	-2473.6177 	0.0221061706542969 	0 	75.783112 	0 	0 	0 	720 	800 	800 	5789 	-320693 	90761 	-370000 	0 	0 	0 	0 	-27 	0 	-31 	13 	3587128341 	320741 	320741 	0 	0 	0 	0 	0 	-1239.3699 	1530 	1530 	0 	0 	0 	0 	0 	-108.30963 	90760.9950752258 	90761 	10.7290176742936 	0 	-21458.3985841823 	0 	0.00492477416992188 	73.858841 	370000 	370000 	0 	0 	0 	0 	0 	-894.0567 	0 	0 	0 	0 	0 	0 	0 	-2473.6177 	0.0221061706542969 	0 	0 	0 	-42916.7971683646 	0 	-0.0221061706542969 	75.783112 	0 	0 	0 	720 	800 	800 	5789 	-320693 	90761 	-370000 	0 	0 	0 	0 	-27 	0 	-31 	13 	
3587128351 	320741 	320741 	-1239.3699 	1530 	1530 	-108.30963 	90760.9950752258 	90761 	73.858841 	370000 	370000 	-894.0567 	0 	0 	-2473.6177 	0.00064849853515625 	0 	75.783112 	0 	0 	0 	720 	800 	800 	5789 	-320693 	90761 	-370000 	0 	0 	0 	0 	-27 	0 	-31 	13 	3587128351 	320741 	320741 	0 	0 	0 	0 	0 	-1239.3699 	1530 	1530 	0 	0 	0 	0 	0 	-108.30963 	90760.9950752258 	90761 	0 	0 	0 	0 	0.00492477416992188 	73.858841 	370000 	370000 	0 	0 	0 	0 	0 	-894.0567 	0 	0 	0 	0 	0 	0 	0 	-2473.6177 	0.00064849853515625 	0 	-10.7290176742936 	0 	21458.3985841823 	0 	-0.00064849853515625 	75.783112 	0 	0 	0 	720 	800 	800 	5789 	-320693 	90761 	-370000 	0 	0 	0 	0 	-27 	0 	-31 	13 	
3587128361 	320741 	320741 	-1239.3699 	1530 	1530 	-108.30963 	90760.9950752258 	90761 	73.858841 	370000 	370000 	-894.0567 	0 	0 	-2473.6177 	0.00064849853515625 	0 	75.783112 	0 	0 	0 	720 	800 	800 	5789 	-320693 	90761 	-370000 	0 	0 	0 	0 	-27 	0 	-31 	13 	3587128361 	320741 	320741 	0 	0 	0 	0 	0 	-1239.3699 	1530 	1530 	0 	0 	0 	0 	0 	-108.30963 	90760.9950752258 	90761 	0 	0 	0 	0 	0.00492477416992188 	73.858841 	370000 	370000 	0 	0 	0 	0 	0 	-894.0567 	0 	0 	0 	0 	0 	0 	0 	-2473.6177 	0.00064849853515625 	0 	0 	0 	0 	0 	-0.00064849853515625 	75.783112 	0 	0 	0 	720 	800 	800 	5789 	-320693 	90761 	-370000 	0 	0 	0 	0 	-27 	0 	-31 	13 	
3587128371 	320741 	320741 	-1239.3699 	1530 	1530 	-108.30963 	90760.9950752258 	90761 	73.858841 	370000 	370000 	-894.0567 	0 	0 	-2473.6177 	0.00064849853515625 	0 	75.783112 	0 	0 	0 	720 	800 	800 	5789 	-320693 	90761 	-370000 	0 	0 	0 	0 	-27 	0 	-31 	13 	3587128371 	320741 	320741 	0 	0 	0 	0 	0 	-1239.3699 	1530 	1530 	0 	0 	0 	0 	0 	-108.30963 	90760.9950752258 	90761 	0 	0 	0 	0 	0.00492477416992188 	73.858841 	370000 	370000 	0 	0 	0 	0 	0 	-894.0567 	0 	0 	0 	0 	0 	0 	0 	-2473.6177 	0.00064849853515625 	0 	0 	0 	0 	0 	-0.00064849853515625 	75.783112 	0 	0 	0 	720 	800 	800 	5789 	-320693 	90761 	-370000 	0 	0 	0 	0 	-27 	0 	-31 	13 	
3587128381 	320741 	320741 	-1239.3699 	1530 	1530 	-108.30963 	90760.9950752258 	90761 	73.858841 	370000 	370000 	-894.0567 	0 	0 	-2473.6177 	0.00064849853515625 	0 	75.783112 	0 	0 	0 	720 	800 	800 	5789 	-320693 	90761 	-370000 	0 	0 	0 	0 	-27 	0 	-31 	13 	3587128381 	320741 	320741 	0 	0 	0 	0 	0 	-1239.3699 	1530 	1530 	0 	0 	0 	0 	0 	-108.30963 	90760.9950752258 	90761 	0 	0 	0 	0 	0.00492477416992188 	73.858841 	370000 	370000 	0 	0 	0 	0 	0 	-894.0567 	0 	0 	0 	0 	0 	0 	0 	-2473.6177 	0.00064849853515625 	0 	0 	0 	0 	0 	-0.00064849853515625 	75.783112 	0 	0 	0 	720 	800 	800 	5789 	-320693 	90761 	-370000 	0 	0 	0 	0 	-27 	0 	-31 	13 	
3587128391 	320741 	320741 	-1239.3699 	1530 	1530 	-108.30963 	90760.9950752258 	90761 	73.858841 	370000 	370000 	-894.0567 	0 	0 	-2473.6177 	0.00064849853515625 	0 	75.783112 	0 	0 	0 	720 	800 	800 	5789 	-320693 	90761 	-370000 	0 	0 	0 	0 	-27 	0 	-31 	13 	3587128391 	320741 	320741 	25.0004230998441 	0 	50001.6925999681 	0 	0 	-1239.3699 	1530 	1530 	0 	0 	0 	0 	0 	-108.30963 	90760.9950752258 	90761 	0 	0 	0 	0 	0.00492477416992188 	73.858841 	370000 	370000 	0 	0 	0 	0 	0 	-894.0567 	0 	0 	0 	0 	0 	0 	0 	-2473.6177 	0.00064849853515625 	0 	0 	0 	0 	0 	-0.00064849853515625 	75.783112 	0 	0 	0 	720 	800 	800 	5789 	-320693 	90761 	-370000 	0 	0 	0 	0 	-27 	0 	-31 	13 	
3587128401 	320741.05 	320741 	-1239.3699 	1530 	1530 	-108.30963 	90760.9950752258 	90761 	73.858841 	370000 	370000 	-894.0567 	0 	0 	-2473.6177 	0.00064849853515625 	0 	75.783112 	0 	0 	0 	720 	800 	800 	5789 	-320693 	90761 	-370000 	0 	0 	0 	0 	-27 	0 	-31 	13 	3587128401 	320741.05 	320741 	0 	0 	-100003.385199936 	0 	-0.0499999998137355 	-1239.3699 	1530 	1530 	0 	0 	0 	0 	0 	-108.30963 	90760.9950752258 	90761 	0 	0 	0 	0 	0.00492477416992188 	73.858841 	370000 	370000 	0 	0 	0 	0 	0 	-894.0567 	0 	0 	0 	0 	0 	0 	0 	-2473.6177 	0.00064849853515625 	0 	10.7290176742936 	0 	21458.3985841823 	0 	-0.00064849853515625 	75.783112 	0 	0 	0 	720 	800 	800 	5789 	-320693 	90761 	-370000 	0 	0 	0 	0 	-27 	0 	-31 	13 	
3587128411 	320741 	320741 	-1239.3699 	1530 	1530 	-108.30963 	90760.9950752258 	90761 	73.858841 	370000 	370000 	-894.0567 	0 	0 	-2473.6177 	0.0221061706542969 	0 	75.783112 	0 	0 	0 	720 	800 	800 	5789 	-320693 	90761 	-370000 	0 	0 	0 	0 	0 	0 	-31 	13 	3587128411 	320741 	320741 	0 	0 	100003.385199936 	0 	0 	-1239.3699 	1530 	1530 	0 	0 	0 	0 	0 	-108.30963 	90760.9950752258 	90761 	0 	0 	0 	0 	0.00492477416992188 	73.858841 	370000 	370000 	0 	0 	0 	0 	0 	-894.0567 	0 	0 	0 	0 	0 	0 	0 	-2473.6177 	0.0221061706542969 	0 	10.7290176742936 	0 	-21458.3985841823 	0 	-0.0221061706542969 	75.783112 	0 	0 	0 	720 	800 	800 	5789 	-320693 	90761 	-370000 	0 	0 	0 	0 	0 	0 	-31 	13 	
3587128421 	320741.05 	320741 	-1239.3699 	1530 	1530 	-108.30963 	90760.9950752258 	90761 	73.858841 	370000 	370000 	-894.0567 	0 	0 	-2473.6177 	0.0221061706542969 	0 	75.783112 	0 	0 	0 	720 	800 	800 	5789 	-320693 	90761 	-370000 	0 	0 	0 	0 	0 	0 	-31 	13 	3587128421 	320741.05 	320741 	0 	0 	-100003.385199936 	0 	-0.0499999998137355 	-1239.3699 	1530 	1530 	0 	0 	0 	0 	0 	-108.30963 	90760.9950752258 	90761 	0 	0 	0 	0 	0.00492477416992188 	73.858841 	370000 	370000 	0 	0 	0 	0 	0 	-894.0567 	0 	0 	25.0004230998441 	0 	50001.6925999681 	0 	0 	-2473.6177 	0.0221061706542969 	0 	-10.7290176742936 	0 	-21458.3985841823 	0 	-0.0221061706542969 	75.783112 	0 	0 	0 	720 	800 	800 	5789 	-320693 	90761 	-370000 	0 	0 	0 	0 	0 	0 	-31 	13 	
3587128431 	320741 	320741 	-1239.3699 	1530 	1530 	-108.30963 	90760.9950752258 	90761 	73.858841 	370000 	370000 	-894.0567 	0.0499999998137355 	0 	-2473.6177 	0.00064849853515625 	0 	75.783112 	0 	0 	0 	720 	800 	800 	5789 	-320693 	90761 	-370000 	0 	0 	0 	0 	0 	0 	-31 	13 	3587128431 	320741 	320741 	-25.0004230998441 	0 	50001.6925999681 	0 	0 	-1239.3699 	1530 	1530 	0 	0 	0 	0 	0 	-108.30963 	90760.9950752258 	90761 	-10.7290176742936 	0 	-21458.3985841823 	0 	0.00492477416992188 	73.858841 	370000 	370000 	0 	0 	0 	0 	0 	-894.0567 	0.0499999998137355 	0 	-25.0004235655132 	0 	-150005.078731259 	0 	-0.0499999998137355 	-2473.6177 	0.00064849853515625 	0 	0 	0 	42916.7971683646 	0 	-0.00064849853515625 	75.783112 	0 	0 	0 	720 	800 	800 	5789 	-320693 	90761 	-370000 	0 	0 	0 	0 	0 	0 	-31 	13 	
3587128441 	320741 	320741 	-1239.3699 	1530 	1530 	-108.30963 	90760.9736175537 	90761 	73.858841 	370000 	370000 	-894.0567 	-0.0500000007450581 	0 	-2473.6177 	0.0221061706542969 	0 	75.783112 	0 	0 	0 	720 	800 	800 	5789 	-320693 	90761 	-370000 	0 	0 	0 	0 	0 	0 	-31 	13 	3587128441 	320741 	320741 	0 	0 	0 	0 	0 	-1239.3699 	1530 	1530 	0 	0 	0 	0 	0 	-108.30963 	90760.9736175537 	90761 	10.7290176742936 	0 	64375.1957525469 	0 	0.0263824462890625 	73.858841 	370000 	370000 	0 	0 	0 	0 	0 	-894.0567 	-0.0500000007450581 	0 	-25.0004230998441 	0 	150005.079662613 	0 	0.0500000007450581 	-2473.6177 	0.0221061706542969 	0 	0 	0 	-42916.7971683646 	0 	-0.0221061706542969 	75.783112 	0 	0 	0 	720 	800 	800 	5789 	-320693 	90761 	-370000 	0 	0 	0 	0 	0 	0 	-31 	13 	
3587128451 	320741 	320741 	-1239.3699 	1530 	1530 	-108.30963 	90761.0165328979 	90761 	73.858841 	370000 	370000 	-894.0567 	0 	0 	-2473.6177 	0.00064849853515625 	0 	75.783112 	0 	0 	0 	720 	800 	800 	5789 	-320693 	90761 	-370000 	0 	0 	0 	0 	0 	0 	-31 	13 	3587128451 	320741 	320741 	0 	0 	0 	0 	0 	-1239.3699 	1530 	1530 	0 	0 	0 	0 	0 	-108.30963 	90761.0165328979 	90761 	10.7290176742936 	0 	-64375.1957525469 	0 	-0.0165328979492188 	73.858841 	370000 	370000 	0 	0 	0 	0 	0 	-894.0567 	0 	0 	25.0004235655132 	0 	-50001.6935313222 	0 	0 	-2473.6177 	0.00064849853515625 	0 	-10.7290176742936 	0 	21458.3985841823 	0 	-0.00064849853515625 	75.783112 	0 	0 	0 	720 	800 	800 	5789 	-320693 	90761 	-370000 	0 	0 	0 	0 	0 	0 	-31 	13 	
3587128461 	320741 	320741 	-1239.3699 	1530 	1530 	-108.30963 	90760.9950752258 	90761 	73.858841 	370000 	370000 	-894.0567 	0 	0 	-2473.6177 	0.00064849853515625 	0 	75.783112 	0 	0 	0 	720 	800 	800 	5789 	-320693 	90761 	-370000 	0 	0 	0 	0 	0 	0 	-31 	0 	3587128461 	320741 	320741 	0 	0 	0 	0 	0 	-1239.3699 	1530 	1530 	0 	0 	0 	0 	0 	-108.30963 	90760.9950752258 	90761 	0 	0 	42916.7971683646 	0 	0.00492477416992188 	73.858841 	370000 	370000 	0 	0 	0 	0 	0 	-894.0567 	0 	0 	0 	0 	0 	0 	0 	-2473.6177 	0.00064849853515625 	0 	0 	0 	0 	0 	-0.00064849853515625 	75.783112 	0 	0 	0 	720 	800 	800 	5789 	-320693 	90761 	-370000 	0 	0 	0 	0 	0 	0 	-31 	0 	
3587128471 	320741 	320741 	-1239.3699 	1530 	1530 	-108.30963 	90761.0165328979 	90761 	73.858841 	370000 	370000 	-894.0567 	0 	0 	-2473.6177 	0.00064849853515625 	0 	75.783112 	0 	0 	0 	720 	800 	800 	5789 	-320693 	90761 	-370000 	0 	0 	0 	0 	0 	0 	-31 	0 	3587128471 	320741 	320741 	0 	0 	0 	0 	0 	-1239.3699 	1530 	1530 	0 	0 	0 	0 	0 	-108.30963 	90761.0165328979 	90761 	0 	0 	-42916.7971683646 	0 	-0.0165328979492188 	73.858841 	370000 	370000 	0 	0 	0 	0 	0 	-894.0567 	0 	0 	0 	0 	0 	0 	0 	-2473.6177 	0.00064849853515625 	0 	-10.7290176742936 	0 	-21458.3985841823 	0 	-0.00064849853515625 	75.783112 	0 	0 	0 	720 	800 	800 	5789 	-320693 	90761 	-370000 	0 	0 	0 	0 	0 	0 	-31 	0 	
3587128481 	320741 	320741 	-1239.3699 	1530 	1530 	-108.30963 	90760.9950752258 	90761 	73.858841 	370000 	370000 	-894.0567 	0 	0 	-2473.6177 	-0.0208091735839844 	0 	75.783112 	0 	0 	0 	720 	800 	800 	5789 	-320693 	90761 	-370000 	0 	0 	0 	0 	0 	0 	-31 	0 	3587128481 	320741 	320741 	25.0004230998441 	0 	50001.6925999681 	0 	0 	-1239.3699 	1530 	1530 	0 	0 	0 	0 	0 	-108.30963 	90760.9950752258 	90761 	-10.7290176742936 	0 	21458.3985841823 	0 	0.00492477416992188 	73.858841 	370000 	370000 	0 	0 	0 	0 	0 	-894.0567 	0 	0 	-25.0004235655132 	0 	-50001.6935313222 	0 	0 	-2473.6177 	-0.0208091735839844 	0 	10.7290176742936 	0 	64375.1957525469 	0 	0.0208091735839844 	75.783112 	0 	0 	0 	720 	800 	800 	5789 	-320693 	90761 	-370000 	0 	0 	0 	0 	0 	0 	-31 	0 	
3587128491 	320741.05 	320741 	-1239.3699 	1530 	1530 	-108.30963 	90760.9950752258 	90761 	73.858841 	370000 	370000 	-894.0567 	-0.0500000007450581 	0 	-2473.6177 	0.0221061706542969 	0 	75.783112 	0 	0 	0 	720 	800 	800 	5789 	-320693 	90761 	-370000 	0 	0 	0 	0 	0 	0 	-31 	0 	3587128491 	320741.05 	320741 	0 	0 	-100003.385199936 	0 	-0.0499999998137355 	-1239.3699 	1530 	1530 	0 	0 	0 	0 	0 	-108.30963 	90760.9950752258 	90761 	10.7290176742936 	0 	21458.3985841823 	0 	0.00492477416992188 	73.858841 	370000 	370000 	0 	0 	0 	0 	0 	-894.0567 	-0.0500000007450581 	0 	0 	0 	100003.387062644 	0 	0.0500000007450581 	-2473.6177 	0.0221061706542969 	0 	10.7290176742936 	0 	-64375.1957525469 	0 	-0.0221061706542969 	75.783112 	0 	0 	0 	720 	800 	800 	5789 	-320693 	90761 	-370000 	0 	0 	0 	0 	0 	0 	-31 	0 	
3587128501 	320741 	320741 	-1239.3699 	1530 	1530 	-108.30963 	90761.0165328979 	90761 	73.858841 	370000 	370000 	-894.0567 	0 	0 	-2473.6177 	0.00064849853515625 	0 	75.783112 	0 	0 	0 	720 	800 	800 	5789 	-320693 	90761 	-370000 	0 	0 	0 	0 	0 	0 	-31 	0 	3587128501 	320741 	320741 	-25.0004230998441 	0 	50001.6925999681 	0 	0 	-1239.3699 	1530 	1530 	0 	0 	0 	0 	0 	-108.30963 	90761.0165328979 	90761 	0 	0 	-42916.7971683646 	0 	-0.0165328979492188 	73.858841 	370000 	370000 	0 	0 	0 	0 	0 	-894.0567 	0 	0 	0 	0 	-100003.387062644 	0 	0 	-2473.6177 	0.00064849853515625 	0 	-10.7290176742936 	0 	21458.3985841823 	0 	-0.00064849853515625 	75.783112 	0 	0 	0 	720 	800 	800 	5789 	-320693 	90761 	-370000 	0 	0 	0 	0 	0 	0 	-31 	0 	
3587128511 	320741 	320741 	-1239.3699 	1530 	1530 	-108.30963 	90760.9950752258 	90761 	73.858841 	370000 	370000 	-894.0567 	-0.0500000007450581 	0 	-2473.6177 	0.00064849853515625 	0 	75.783112 	0 	0 	0 	720 	800 	800 	5789 	-320693 	90761 	-370000 	0 	0 	0 	0 	0 	0 	-31 	0 	3587128511 	320741 	320741 	0 	0 	0 	0 	0 	-1239.3699 	1530 	1530 	0 	0 	0 	0 	0 	-108.30963 	90760.9950752258 	90761 	0 	0 	42916.7971683646 	0 	0.00492477416992188 	73.858841 	370000 	370000 	0 	0 	0 	0 	0 	-894.0567 	-0.0500000007450581 	0 	0 	0 	100003.387062644 	0 	0.0500000007450581 	-2473.6177 	0.00064849853515625 	0 	0 	0 	0 	0 	-0.00064849853515625 	75.783112 	0 	0 	0 	720 	800 	800 	5789 	-320693 	90761 	-370000 	0 	0 	0 	0 	0 	0 	-31 	0 	
3587128521 	320741 	320741 	-1239.3699 	1530 	1530 	-108.30963 	90761.0165328979 	90761 	73.858841 	370000 	370000 	-894.0567 	0 	0 	-2473.6177 	0.00064849853515625 	0 	75.783112 	0 	0 	0 	720 	800 	800 	5789 	-320693 	90761 	-370000 	0 	0 	0 	0 	0 	0 	-31 	0 	3587128521 	320741 	320741 	25.0004230998441 	0 	50001.6925999681 	0 	0 	-1239.3699 	1530 	1530 	0 	0 	0 	0 	0 	-108.30963 	90761.0165328979 	90761 	-10.7290176742936 	0 	-64375.1957525469 	0 	-0.0165328979492188 	73.858841 	370000 	370000 	0 	0 	0 	0 	0 	-894.0567 	0 	0 	25.0004235655132 	0 	-50001.6935313222 	0 	0 	-2473.6177 	0.00064849853515625 	0 	-10.7290176742936 	0 	-21458.3985841823 	0 	-0.00064849853515625 	75.783112 	0 	0 	0 	720 	800 	800 	5789 	-320693 	90761 	-370000 	0 	0 	0 	0 	0 	0 	-31 	0 	
3587128531 	320741.05 	320741 	-1239.3699 	1530 	1530 	-108.30963 	90760.9736175537 	90761 	73.858841 	370000 	370000 	-894.0567 	0 	0 	-2473.6177 	-0.0208091735839844 	0 	75.783112 	0 	0 	0 	720 	800 	800 	5789 	-320693 	90761 	-370000 	0 	0 	0 	0 	0 	0 	-31 	0 	3587128531 	320741.05 	320741 	0 	0 	-100003.385199936 	0 	-0.0499999998137355 	-1239.3699 	1530 	1530 	0 	0 	0 	0 	0 	-108.30963 	90760.9736175537 	90761 	-21.4580353485871 	0 	42916.7971683646 	0 	0.0263824462890625 	73.858841 	370000 	370000 	0 	0 	0 	0 	0 	-894.0567 	0 	0 	0 	0 	0 	0 	0 	-2473.6177 	-0.0208091735839844 	0 	0 	0 	42916.7971683646 	0 	0.0208091735839844 	75.783112 	0 	0 	0 	720 	800 	800 	5789 	-320693 	90761 	-370000 	0 	0 	0 	0 	0 	0 	-31 	0 	
3587128541 	320741 	320741 	-1239.3699 	1530 	1530 	-108.30963 	90760.9736175537 	90761 	73.858841 	370000 	370000 	-894.0567 	0 	0 	-2473.6177 	0.00064849853515625 	0 	75.783112 	0 	0 	0 	720 	800 	800 	5789 	-320693 	90761 	-370000 	0 	0 	0 	0 	0 	0 	-31 	0 	3587128541 	320741 	320741 	-25.0004230998441 	0 	50001.6925999681 	0 	0 	-1239.3699 	1530 	1530 	0 	0 	0 	0 	0 	-108.30963 	90760.9736175537 	90761 	10.7290176742936 	0 	21458.3985841823 	0 	0.0263824462890625 	73.858841 	370000 	370000 	0 	0 	0 	0 	0 	-894.0567 	0 	0 	0 	0 	0 	0 	0 	-2473.6177 	0.00064849853515625 	0 	10.7290176742936 	0 	-21458.3985841823 	0 	-0.00064849853515625 	75.783112 	0 	0 	0 	720 	800 	800 	5789 	-320693 	90761 	-370000 	0 	0 	0 	0 	0 	0 	-31 	0 	
3587128551 	320741 	320741 	-1239.3699 	1530 	1530 	-108.30963 	90760.9950752258 	90761 	73.858841 	370000 	370000 	-894.0567 	0 	0 	-2473.6177 	0.00064849853515625 	0 	75.783112 	0 	0 	0 	720 	800 	800 	5789 	-320693 	90761 	-370000 	0 	0 	0 	0 	0 	0 	-31 	0 	3587128551 	320741 	320741 	0 	0 	0 	0 	0 	-1239.3699 	1530 	1530 	0 	0 	0 	0 	0 	-108.30963 	90760.9950752258 	90761 	21.4580353485871 	0 	0 	0 	0.00492477416992188 	73.858841 	370000 	370000 	0 	0 	0 	0 	0 	-894.0567 	0 	0 	0 	0 	0 	0 	0 	-2473.6177 	0.00064849853515625 	0 	0 	0 	0 	0 	-0.00064849853515625 	75.783112 	0 	0 	0 	720 	800 	800 	5789 	-320693 	90761 	-370000 	0 	0 	0 	0 	0 	0 	-31 	0 	
3587128561 	320741 	320741 	-1239.3699 	1530 	1530 	-108.30963 	90761.0165328979 	90761 	73.858841 	370000 	370000 	-894.0567 	0 	0 	-2473.6177 	0.00064849853515625 	0 	75.783112 	0 	0 	0 	720 	800 	800 	5789 	-320693 	90761 	-370000 	0 	0 	0 	0 	0 	0 	-31 	0 	3587128561 	320741 	320741 	0 	0 	0 	0 	0 	-1239.3699 	1530 	1530 	0 	0 	0 	0 	0 	-108.30963 	90761.0165328979 	90761 	0 	0 	-42916.7971683646 	0 	-0.0165328979492188 	73.858841 	370000 	370000 	0 	0 	0 	0 	0 	-894.0567 	0 	0 	25.0004230998441 	0 	50001.6925999681 	0 	0 	-2473.6177 	0.00064849853515625 	0 	0 	0 	0 	0 	-0.00064849853515625 	75.783112 	0 	0 	0 	720 	800 	800 	5789 	-320693 	90761 	-370000 	0 	0 	0 	0 	0 	0 	-31 	0 	
3587128571 	320741 	320741 	-1239.3699 	1530 	1530 	-108.30963 	90760.9950752258 	90761 	73.858841 	370000 	370000 	-894.0567 	0.0499999998137355 	0 	-2473.6177 	0.00064849853515625 	0 	75.783112 	0 	0 	0 	720 	800 	800 	5789 	-320693 	90761 	-370000 	0 	0 	0 	0 	13 	0 	-31 	0 	3587128571 	320741 	320741 	0 	0 	0 	0 	0 	-1239.3699 	1530 	1530 	0 	0 	0 	0 	0 	-108.30963 	90760.9950752258 	90761 	-10.7290176742936 	0 	21458.3985841823 	0 	0.00492477416992188 	73.858841 	370000 	370000 	0 	0 	0 	0 	0 	-894.0567 	0.0499999998137355 	0 	0 	0 	-100003.385199936 	0 	-0.0499999998137355 	-2473.6177 	0.00064849853515625 	0 	0 	0 	0 	0 	-0.00064849853515625 	75.783112 	0 	0 	0 	720 	800 	800 	5789 	-320693 	90761 	-370000 	0 	0 	0 	0 	13 	0 	-31 	0 	
3587128581 	320741 	320741 	-1239.3699 	1530 	1530 	-108.30963 	90760.9950752258 	90761 	73.858841 	370000 	370000 	-894.0567 	0 	0 	-2473.6177 	0.00064849853515625 	0 	75.783112 	0 	0 	0 	720 	800 	800 	5789 	-320693 	90761 	-370000 	0 	0 	0 	0 	13 	0 	-31 	0 	3587128581 	320741 	320741 	0 	0 	0 	0 	0 	-1239.3699 	1530 	1530 	0 	0 	0 	0 	0 	-108.30963 	90760.9950752258 	90761 	0 	0 	0 	0 	0.00492477416992188 	73.858841 	370000 	370000 	0 	0 	0 	0 	0 	-894.0567 	0 	0 	-25.0004230998441 	0 	50001.6925999681 	0 	0 	-2473.6177 	0.00064849853515625 	0 	0 	0 	0 	0 	-0.00064849853515625 	75.783112 	0 	0 	0 	720 	800 	800 	5789 	-320693 	90761 	-370000 	0 	0 	0 	0 	13 	0 	-31 	0 	
3587128591 	320741 	320741 	-1239.3699 	1530 	1530 	-108.30963 	90760.9950752258 	90761 	73.858841 	370000 	370000 	-894.0567 	0 	0 	-2473.6177 	0.00064849853515625 	0 	75.783112 	0 	0 	0 	720 	800 	800 	5789 	-320693 	90761 	-370000 	0 	0 	0 	0 	13 	0 	-31 	0 	3587128591 	320741 	320741 	0 	0 	0 	0 	0 	-1239.3699 	1530 	1530 	0 	0 	0 	0 	0 	-108.30963 	90760.9950752258 	90761 	0 	0 	0 	0 	0.00492477416992188 	73.858841 	370000 	370000 	0 	0 	0 	0 	0 	-894.0567 	0 	0 	0 	0 	0 	0 	0 	-2473.6177 	0.00064849853515625 	0 	0 	0 	0 	0 	-0.00064849853515625 	75.783112 	0 	0 	0 	720 	800 	800 	5789 	-320693 	90761 	-370000 	0 	0 	0 	0 	13 	0 	-31 	0 	
3587128601 	320741 	320741 	-1239.3699 	1530 	1530 	-108.30963 	90760.9950752258 	90761 	73.858841 	370000 	370000 	-894.0567 	0 	0 	-2473.6177 	0.00064849853515625 	0 	75.783112 	0 	0 	0 	720 	800 	800 	5789 	-320693 	90761 	-370000 	0 	0 	0 	0 	13 	0 	-31 	0 	3587128601 	320741 	320741 	0 	0 	0 	0 	0 	-1239.3699 	1530 	1530 	0 	0 	0 	0 	0 	-108.30963 	90760.9950752258 	90761 	0 	0 	0 	0 	0.00492477416992188 	73.858841 	370000 	370000 	0 	0 	0 	0 	0 	-894.0567 	0 	0 	0 	0 	0 	0 	0 	-2473.6177 	0.00064849853515625 	0 	0 	0 	0 	0 	-0.00064849853515625 	75.783112 	0 	0 	0 	720 	800 	800 	5789 	-320693 	90761 	-370000 	0 	0 	0 	0 	13 	0 	-31 	0 	
3587128611 	320741 	320741 	-1239.3699 	1530 	1530 	-108.30963 	90760.9950752258 	90761 	73.858841 	370000 	370000 	-894.0567 	0 	0 	-2473.6177 	0.00064849853515625 	0 	75.783112 	0 	0 	0 	720 	800 	800 	5789 	-320693 	90761 	-370000 	0 	0 	0 	0 	13 	0 	0 	0 	3587128611 	320741 	320741 	-25.0004233326786 	0 	-50001.6930656452 	0 	0 	-1239.3699 	1530 	1530 	0 	0 	0 	0 	0 	-108.30963 	90760.9950752258 	90761 	0 	0 	0 	0 	0.00492477416992188 	73.858841 	370000 	370000 	0 	0 	0 	0 	0 	-894.0567 	0 	0 	-25.0004235655132 	0 	-50001.6935313222 	0 	0 	-2473.6177 	0.00064849853515625 	0 	0 	0 	0 	0 	-0.00064849853515625 	75.783112 	0 	0 	0 	720 	800 	800 	5789 	-320693 	90761 	-370000 	0 	0 	0 	0 	13 	0 	0 	0 	
3587128621 	320740.95 	320741 	-1239.3699 	1530 	1530 	-108.30963 	90760.9950752258 	90761 	73.858841 	370000 	370000 	-894.0567 	-0.0500000007450581 	0 	-2473.6177 	0.00064849853515625 	0 	75.783112 	0 	0 	0 	720 	800 	800 	5789 	-320693 	90761 	-370000 	0 	0 	0 	0 	13 	0 	0 	0 	3587128621 	320740.95 	320741 	25.0004230998441 	0 	150005.078731259 	0 	0.0500000002793968 	-1239.3699 	1530 	1530 	0 	0 	0 	0 	0 	-108.30963 	90760.9950752258 	90761 	-10.7290176742936 	0 	-21458.3985841823 	0 	0.00492477416992188 	73.858841 	370000 	370000 	0 	0 	0 	0 	0 	-894.0567 	-0.0500000007450581 	0 	0 	0 	100003.387062644 	0 	0.0500000007450581 	-2473.6177 	0.00064849853515625 	0 	0 	0 	0 	0 	-0.00064849853515625 	75.783112 	0 	0 	0 	720 	800 	800 	5789 	-320693 	90761 	-370000 	0 	0 	0 	0 	13 	0 	0 	0 	
3587128631 	320741.05 	320741 	-1239.3699 	1530 	1530 	-108.30963 	90760.9736175537 	90761 	73.858841 	370000 	370000 	-894.0567 	0 	0 	-2473.6177 	0.00064849853515625 	0 	75.783112 	0 	0 	0 	720 	800 	800 	5789 	-320693 	90761 	-370000 	0 	0 	0 	0 	13 	0 	0 	0 	3587128631 	320741.05 	320741 	50.0008464325227 	0 	-100003.385665613 	0 	-0.0499999998137355 	-1239.3699 	1530 	1530 	0 	0 	0 	0 	0 	-108.30963 	90760.9736175537 	90761 	0 	0 	42916.7971683646 	0 	0.0263824462890625 	73.858841 	370000 	370000 	0 	0 	0 	0 	0 	-894.0567 	0 	0 	25.0004235655132 	0 	-50001.6935313222 	0 	0 	-2473.6177 	0.00064849853515625 	0 	0 	0 	0 	0 	-0.00064849853515625 	75.783112 	0 	0 	0 	720 	800 	800 	5789 	-320693 	90761 	-370000 	0 	0 	0 	0 	13 	0 	0 	0 	
3587128641 	320741.05 	320741 	-1239.3699 	1530 	1530 	-108.30963 	90760.9950752258 	90761 	73.858841 	370000 	370000 	-894.0567 	0 	0 	-2473.6177 	0.00064849853515625 	0 	75.783112 	0 	0 	0 	720 	800 	800 	5789 	-320693 	90761 	-370000 	0 	0 	0 	0 	13 	0 	0 	0 	3587128641 	320741.05 	320741 	-25.0004230998441 	0 	-50001.6925999681 	0 	-0.0499999998137355 	-1239.3699 	1530 	1530 	0 	0 	0 	0 	0 	-108.30963 	90760.9950752258 	90761 	10.7290176742936 	0 	-21458.3985841823 	0 	0.00492477416992188 	73.858841 	370000 	370000 	0 	0 	0 	0 	0 	-894.0567 	0 	0 	0 	0 	0 	0 	0 	-2473.6177 	0.00064849853515625 	0 	10.7290176742936 	0 	21458.3985841823 	0 	-0.00064849853515625 	75.783112 	0 	0 	0 	720 	800 	800 	5789 	-320693 	90761 	-370000 	0 	0 	0 	0 	13 	0 	0 	0 	
3587128651 	320741 	320741 	-1239.3699 	1530 	1530 	-108.30963 	90760.9950752258 	90761 	73.858841 	370000 	370000 	-894.0567 	0 	0 	-2473.6177 	0.0221061706542969 	0 	75.783112 	0 	0 	0 	720 	800 	800 	5789 	-320693 	90761 	-370000 	0 	0 	0 	0 	13 	0 	0 	0 	3587128651 	320741 	320741 	0 	0 	100003.385199936 	0 	0 	-1239.3699 	1530 	1530 	0 	0 	0 	0 	0 	-108.30963 	90760.9950752258 	90761 	-10.7290176742936 	0 	-21458.3985841823 	0 	0.00492477416992188 	73.858841 	370000 	370000 	0 	0 	0 	0 	0 	-894.0567 	0 	0 	0 	0 	0 	0 	0 	-2473.6177 	0.0221061706542969 	0 	-10.7290176742936 	0 	-64375.1957525469 	0 	-0.0221061706542969 	75.783112 	0 	0 	0 	720 	800 	800 	5789 	-320693 	90761 	-370000 	0 	0 	0 	0 	13 	0 	0 	0 	
3587128661 	320741.05 	320741 	-1239.3699 	1530 	1530 	-108.30963 	90760.9736175537 	90761 	73.858841 	370000 	370000 	-894.0567 	0 	0 	-2473.6177 	-0.0208091735839844 	0 	75.783112 	0 	0 	0 	720 	800 	800 	5789 	-320693 	90761 	-370000 	0 	0 	0 	0 	13 	0 	0 	0 	3587128661 	320741.05 	320741 	0 	0 	-100003.385199936 	0 	-0.0499999998137355 	-1239.3699 	1530 	1530 	-25.0004232162614 	0 	-50001.6928328067 	0 	0 	-108.30963 	90760.9736175537 	90761 	0 	0 	42916.7971683646 	0 	0.0263824462890625 	73.858841 	370000 	370000 	0 	0 	0 	0 	0 	-894.0567 	0 	0 	0 	0 	0 	0 	0 	-2473.6177 	-0.0208091735839844 	0 	-10.7290176742936 	0 	64375.1957525469 	0 	0.0208091735839844 	75.783112 	0 	0 	0 	720 	800 	800 	5789 	-320693 	90761 	-370000 	0 	0 	0 	0 	13 	0 	0 	0 	
3587128671 	320741 	320741 	-1239.3699 	1529.94999999995 	1530 	-108.30963 	90760.9950752258 	90761 	73.858841 	370000 	370000 	-894.0567 	0 	0 	-2473.6177 	0.00064849853515625 	0 	75.783112 	0 	0 	0 	720 	800 	800 	5789 	-320693 	90761 	-370000 	0 	0 	0 	0 	13 	0 	0 	0 	3587128671 	320741 	320741 	-25.0004230998441 	0 	50001.6925999681 	0 	0 	-1239.3699 	1529.94999999995 	1530 	0 	0 	100003.385665613 	0 	0.0500000000465661 	-108.30963 	90760.9950752258 	90761 	10.7290176742936 	0 	-21458.3985841823 	0 	0.00492477416992188 	73.858841 	370000 	370000 	0 	0 	0 	0 	0 	-894.0567 	0 	0 	0 	0 	0 	0 	0 	-2473.6177 	0.00064849853515625 	0 	21.4580353485871 	0 	0 	0 	-0.00064849853515625 	75.783112 	0 	0 	0 	720 	800 	800 	5789 	-320693 	90761 	-370000 	0 	0 	0 	0 	13 	0 	0 	0 	
3587128681 	320741 	320741 	-1239.3699 	1530 	1530 	-108.30963 	90760.9950752258 	90761 	73.858841 	370000 	370000 	-894.0567 	0 	0 	-2473.6177 	0.0221061706542969 	0 	75.783112 	0 	0 	0 	720 	800 	800 	5789 	-320693 	90761 	-370000 	0 	0 	0 	0 	13 	0 	0 	0 	3587128681 	320741 	320741 	0 	0 	0 	0 	0 	-1239.3699 	1530 	1530 	25.0004232162614 	0 	-50001.6928328067 	0 	0 	-108.30963 	90760.9950752258 	90761 	10.7290176742936 	0 	21458.3985841823 	0 	0.00492477416992188 	73.858841 	370000 	370000 	0 	0 	0 	0 	0 	-894.0567 	0 	0 	0 	0 	0 	0 	0 	-2473.6177 	0.0221061706542969 	0 	0 	0 	-42916.7971683646 	0 	-0.0221061706542969 	75.783112 	0 	0 	0 	720 	800 	800 	5789 	-320693 	90761 	-370000 	0 	0 	0 	0 	13 	0 	0 	0 	
3587128691 	320741 	320741 	-1239.3699 	1530 	1530 	-108.30963 	90761.0165328979 	90761 	73.858841 	370000 	370000 	-894.0567 	0 	0 	-2473.6177 	0.00064849853515625 	0 	75.783112 	0 	0 	0 	720 	800 	800 	5789 	-320693 	90761 	-370000 	0 	0 	0 	0 	13 	0 	0 	0 	3587128691 	320741 	320741 	0 	0 	0 	0 	0 	-1239.3699 	1530 	1530 	0 	0 	0 	0 	0 	-108.30963 	90761.0165328979 	90761 	-21.4580353485871 	0 	-85833.5943367292 	0 	-0.0165328979492188 	73.858841 	370000 	370000 	0 	0 	0 	0 	0 	-894.0567 	0 	0 	0 	0 	0 	0 	0 	-2473.6177 	0.00064849853515625 	0 	-21.4580353485871 	0 	0 	0 	-0.00064849853515625 	75.783112 	0 	0 	0 	720 	800 	800 	5789 	-320693 	90761 	-370000 	0 	0 	0 	0 	13 	0 	0 	0 	
3587128701 	320741 	320741 	-1239.3699 	1530 	1530 	-108.30963 	90760.9521598816 	90761 	73.858841 	370000 	370000 	-894.0567 	0 	0 	-2473.6177 	-0.0208091735839844 	0 	75.783112 	0 	0 	0 	720 	800 	800 	5789 	-320693 	90761 	-370000 	0 	0 	0 	0 	13 	0 	0 	0 	3587128701 	320741 	320741 	0 	0 	0 	0 	0 	-1239.3699 	1530 	1530 	0 	0 	0 	0 	0 	-108.30963 	90760.9521598816 	90761 	-10.7290176742936 	0 	107291.992920911 	0 	0.0478401184082031 	73.858841 	370000 	370000 	0 	0 	0 	0 	0 	-894.0567 	0 	0 	0 	0 	0 	0 	0 	-2473.6177 	-0.0208091735839844 	0 	0 	0 	42916.7971683646 	0 	0.0208091735839844 	75.783112 	0 	0 	0 	720 	800 	800 	5789 	-320693 	90761 	-370000 	0 	0 	0 	0 	13 	0 	0 	0 	
3587128711 	320741 	320741 	-1239.3699 	1530 	1530 	-108.30963 	90760.9950752258 	90761 	73.858841 	370000 	370000 	-894.0567 	0 	0 	-2473.6177 	0.00064849853515625 	0 	75.783112 	0 	0 	0 	720 	800 	800 	5789 	-320693 	90761 	-370000 	0 	0 	0 	0 	13 	0 	0 	0 	3587128711 	320741 	320741 	0 	0 	0 	0 	0 	-1239.3699 	1530 	1530 	0 	0 	0 	0 	0 	-108.30963 	90760.9950752258 	90761 	21.4580353485871 	0 	-42916.7971683646 	0 	0.00492477416992188 	73.858841 	370000 	370000 	0 	0 	0 	0 	0 	-894.0567 	0 	0 	0 	0 	0 	0 	0 	-2473.6177 	0.00064849853515625 	0 	10.7290176742936 	0 	-21458.3985841823 	0 	-0.00064849853515625 	75.783112 	0 	0 	0 	720 	800 	800 	5789 	-320693 	90761 	-370000 	0 	0 	0 	0 	13 	0 	0 	0 	
3587128721 	320741 	320741 	-1239.3699 	1530 	1530 	-108.30963 	90760.9950752258 	90761 	73.858841 	370000 	370000 	-894.0567 	0 	0 	-2473.6177 	0.00064849853515625 	0 	75.783112 	0 	0 	0 	720 	800 	800 	5789 	-320693 	90761 	-370000 	0 	0 	0 	0 	13 	0 	0 	0 	3587128721 	320741 	320741 	0 	0 	0 	0 	0 	-1239.3699 	1530 	1530 	0 	0 	0 	0 	0 	-108.30963 	90760.9950752258 	90761 	10.7290176742936 	0 	21458.3985841823 	0 	0.00492477416992188 	73.858841 	370000 	370000 	0 	0 	0 	0 	0 	-894.0567 	0 	0 	0 	0 	0 	0 	0 	-2473.6177 	0.00064849853515625 	0 	-10.7290176742936 	0 	-21458.3985841823 	0 	-0.00064849853515625 	75.783112 	0 	0 	0 	720 	800 	800 	5789 	-320693 	90761 	-370000 	0 	0 	0 	0 	13 	0 	0 	0 	
3587128731 	320741 	320741 	-1239.3699 	1530 	1530 	-108.30963 	90761.0165328979 	90761 	73.858841 	370000 	370000 	-894.0567 	0 	0 	-2473.6177 	-0.0208091735839844 	0 	75.783112 	0 	0 	0 	720 	800 	800 	5789 	-320693 	90761 	-370000 	0 	0 	0 	0 	0 	0 	0 	0 	3587128731 	320741 	320741 	0 	0 	0 	0 	0 	-1239.3699 	1530 	1530 	0 	0 	0 	0 	0 	-108.30963 	90761.0165328979 	90761 	0 	0 	-42916.7971683646 	0 	-0.0165328979492188 	73.858841 	370000 	370000 	0 	0 	0 	0 	0 	-894.0567 	0 	0 	0 	0 	0 	0 	0 	-2473.6177 	-0.0208091735839844 	0 	-10.7290176742936 	0 	21458.3985841823 	0 	0.0208091735839844 	75.783112 	0 	0 	0 	720 	800 	800 	5789 	-320693 	90761 	-370000 	0 	0 	0 	0 	0 	0 	0 	0 	
3587128741 	320741 	320741 	-1239.3699 	1530 	1530 	-108.30963 	90760.9950752258 	90761 	73.858841 	370000 	370000 	-894.0567 	0 	0 	-2473.6177 	-0.0208091735839844 	0 	75.783112 	0 	0 	0 	720 	800 	800 	5789 	-320693 	90761 	-370000 	0 	0 	0 	0 	0 	0 	0 	0 	3587128741 	320741 	320741 	0 	0 	0 	0 	0 	-1239.3699 	1530 	1530 	0 	0 	0 	0 	0 	-108.30963 	90760.9950752258 	90761 	0 	0 	42916.7971683646 	0 	0.00492477416992188 	73.858841 	370000 	370000 	0 	0 	0 	0 	0 	-894.0567 	0 	0 	0 	0 	0 	0 	0 	-2473.6177 	-0.0208091735839844 	0 	21.4580353485871 	0 	42916.7971683646 	0 	0.0208091735839844 	75.783112 	0 	0 	0 	720 	800 	800 	5789 	-320693 	90761 	-370000 	0 	0 	0 	0 	0 	0 	0 	0 	
3587128751 	320741 	320741 	-1239.3699 	1530 	1530 	-108.30963 	90761.0165328979 	90761 	73.858841 	370000 	370000 	-894.0567 	0 	0 	-2473.6177 	0.0221061706542969 	0 	75.783112 	0 	0 	0 	720 	800 	800 	5789 	-320693 	90761 	-370000 	0 	0 	0 	0 	0 	0 	0 	0 	3587128751 	320741 	320741 	0 	0 	0 	0 	0 	-1239.3699 	1530 	1530 	0 	0 	0 	0 	0 	-108.30963 	90761.0165328979 	90761 	10.7290176742936 	0 	-21458.3985841823 	0 	-0.0165328979492188 	73.858841 	370000 	370000 	0 	0 	0 	0 	0 	-894.0567 	0 	0 	0 	0 	0 	0 	0 	-2473.6177 	0.0221061706542969 	0 	21.4580353485871 	0 	-42916.7971683646 	0 	-0.0221061706542969 	75.783112 	0 	0 	0 	720 	800 	800 	5789 	-320693 	90761 	-370000 	0 	0 	0 	0 	0 	0 	0 	0 	
3587128761 	320741 	320741 	-1239.3699 	1530 	1530 	-108.30963 	90761.0165328979 	90761 	73.858841 	370000 	370000 	-894.0567 	0 	0 	-2473.6177 	0.0221061706542969 	0 	75.783112 	0 	0 	0 	720 	800 	800 	5789 	-320693 	90761 	-370000 	0 	0 	0 	0 	0 	0 	0 	0 	3587128761 	320741 	320741 	0 	0 	0 	0 	0 	-1239.3699 	1530 	1530 	0 	0 	0 	0 	0 	-108.30963 	90761.0165328979 	90761 	-21.4580353485871 	0 	-42916.7971683646 	0 	-0.0165328979492188 	73.858841 	370000 	370000 	0 	0 	0 	0 	0 	-894.0567 	0 	0 	0 	0 	0 	0 	0 	-2473.6177 	0.0221061706542969 	0 	-10.7290176742936 	0 	-21458.3985841823 	0 	-0.0221061706542969 	75.783112 	0 	0 	0 	720 	800 	800 	5789 	-320693 	90761 	-370000 	0 	0 	0 	0 	0 	0 	0 	0 	
3587128771 	320741 	320741 	-1239.3699 	1530 	1530 	-108.30963 	90760.9736175537 	90761 	73.858841 	370000 	370000 	-894.0567 	0 	0 	-2473.6177 	0.00064849853515625 	0 	75.783112 	0 	0 	0 	720 	800 	800 	5789 	-320693 	90761 	-370000 	0 	0 	0 	0 	0 	0 	31 	0 	3587128771 	320741 	320741 	0 	0 	0 	0 	0 	-1239.3699 	1530 	1530 	0 	0 	0 	0 	0 	-108.30963 	90760.9736175537 	90761 	-10.7290176742936 	0 	64375.1957525469 	0 	0.0263824462890625 	73.858841 	370000 	370000 	0 	0 	0 	0 	0 	-894.0567 	0 	0 	0 	0 	0 	0 	0 	-2473.6177 	0.00064849853515625 	0 	-21.4580353485871 	0 	0 	0 	-0.00064849853515625 	75.783112 	0 	0 	0 	720 	800 	800 	5789 	-320693 	90761 	-370000 	0 	0 	0 	0 	0 	0 	31 	0 	
3587128781 	320741 	320741 	-1239.3699 	1530 	1530 	-108.30963 	90760.9950752258 	90761 	73.858841 	370000 	370000 	-894.0567 	0 	0 	-2473.6177 	-0.0208091735839844 	0 	75.783112 	0 	0 	0 	720 	800 	800 	5789 	-320693 	90761 	-370000 	0 	0 	0 	0 	0 	0 	31 	-13 	3587128781 	320741 	320741 	0 	0 	0 	0 	0 	-1239.3699 	1530 	1530 	0 	0 	0 	0 	0 	-108.30963 	90760.9950752258 	90761 	10.7290176742936 	0 	-21458.3985841823 	0 	0.00492477416992188 	73.858841 	370000 	370000 	0 	0 	0 	0 	0 	-894.0567 	0 	0 	0 	0 	0 	0 	0 	-2473.6177 	-0.0208091735839844 	0 	0 	0 	42916.7971683646 	0 	0.0208091735839844 	75.783112 	0 	0 	0 	720 	800 	800 	5789 	-320693 	90761 	-370000 	0 	0 	0 	0 	0 	0 	31 	-13 	
3587128791 	320741 	320741 	-1239.3699 	1530 	1530 	-108.30963 	90760.9950752258 	90761 	73.858841 	370000 	370000 	-894.0567 	0 	0 	-2473.6177 	0.00064849853515625 	0 	75.783112 	0 	0 	0 	720 	800 	800 	5789 	-320693 	90761 	-370000 	0 	0 	0 	0 	0 	0 	31 	-13 	3587128791 	320741 	320741 	0 	0 	0 	0 	0 	-1239.3699 	1530 	1530 	0 	0 	0 	0 	0 	-108.30963 	90760.9950752258 	90761 	0 	0 	0 	0 	0.00492477416992188 	73.858841 	370000 	370000 	0 	0 	0 	0 	0 	-894.0567 	0 	0 	0 	0 	0 	0 	0 	-2473.6177 	0.00064849853515625 	0 	10.7290176742936 	0 	-21458.3985841823 	0 	-0.00064849853515625 	75.783112 	0 	0 	0 	720 	800 	800 	5789 	-320693 	90761 	-370000 	0 	0 	0 	0 	0 	0 	31 	-13 	
3587128801 	320741 	320741 	-1239.3699 	1530 	1530 	-108.30963 	90760.9950752258 	90761 	73.858841 	370000 	370000 	-894.0567 	0 	0 	-2473.6177 	0.00064849853515625 	0 	75.783112 	0 	0 	0 	720 	800 	800 	5789 	-320693 	90761 	-370000 	0 	0 	0 	0 	0 	0 	31 	-13 	3587128801 	320741 	320741 	0 	0 	0 	0 	0 	-1239.3699 	1530 	1530 	0 	0 	0 	0 	0 	-108.30963 	90760.9950752258 	90761 	0 	0 	0 	0 	0.00492477416992188 	73.858841 	370000 	370000 	0 	0 	0 	0 	0 	-894.0567 	0 	0 	0 	0 	0 	0 	0 	-2473.6177 	0.00064849853515625 	0 	0 	0 	0 	0 	-0.00064849853515625 	75.783112 	0 	0 	0 	720 	800 	800 	5789 	-320693 	90761 	-370000 	0 	0 	0 	0 	0 	0 	31 	-13 	
3587128811 	320741 	320741 	-1239.3699 	1530 	1530 	-108.30963 	90760.9950752258 	90761 	73.858841 	370000 	370000 	-894.0567 	0 	0 	-2473.6177 	0.00064849853515625 	0 	75.783112 	0 	0 	0 	720 	800 	800 	5789 	-320693 	90761 	-370000 	0 	0 	0 	0 	0 	0 	31 	-13 	3587128811 	320741 	320741 	0 	0 	0 	0 	0 	-1239.3699 	1530 	1530 	0 	0 	0 	0 	0 	-108.30963 	90760.9950752258 	90761 	0 	0 	0 	0 	0.00492477416992188 	73.858841 	370000 	370000 	0 	0 	0 	0 	0 	-894.0567 	0 	0 	-25.0004235655132 	0 	-50001.6935313222 	0 	0 	-2473.6177 	0.00064849853515625 	0 	10.7290176742936 	0 	21458.3985841823 	0 	-0.00064849853515625 	75.783112 	0 	0 	0 	720 	800 	800 	5789 	-320693 	90761 	-370000 	0 	0 	0 	0 	0 	0 	31 	-13 	
3587128821 	320741 	320741 	-1239.3699 	1530 	1530 	-108.30963 	90760.9950752258 	90761 	73.858841 	370000 	370000 	-894.0567 	-0.0500000007450581 	0 	-2473.6177 	0.0221061706542969 	0 	75.783112 	0 	0 	0 	720 	800 	800 	5789 	-320693 	90761 	-370000 	0 	0 	0 	0 	0 	0 	31 	-13 	3587128821 	320741 	320741 	-25.0004233326786 	0 	-50001.6930656452 	0 	0 	-1239.3699 	1530 	1530 	0 	0 	0 	0 	0 	-108.30963 	90760.9950752258 	90761 	10.7290176742936 	0 	21458.3985841823 	0 	0.00492477416992188 	73.858841 	370000 	370000 	0 	0 	0 	0 	0 	-894.0567 	-0.0500000007450581 	0 	0 	0 	100003.387062644 	0 	0.0500000007450581 	-2473.6177 	0.0221061706542969 	0 	0 	0 	-42916.7971683646 	0 	-0.0221061706542969 	75.783112 	0 	0 	0 	720 	800 	800 	5789 	-320693 	90761 	-370000 	0 	0 	0 	0 	0 	0 	31 	-13 	
3587128831 	320740.95 	320741 	-1239.3699 	1530 	1530 	-108.30963 	90761.0165328979 	90761 	73.858841 	370000 	370000 	-894.0567 	0 	0 	-2473.6177 	0.00064849853515625 	0 	75.783112 	0 	0 	0 	720 	800 	800 	5789 	-320693 	90761 	-370000 	0 	0 	0 	0 	0 	0 	31 	-13 	3587128831 	320740.95 	320741 	0 	0 	100003.38613129 	0 	0.0500000002793968 	-1239.3699 	1530 	1530 	0 	0 	0 	0 	0 	-108.30963 	90761.0165328979 	90761 	0 	0 	-42916.7971683646 	0 	-0.0165328979492188 	73.858841 	370000 	370000 	0 	0 	0 	0 	0 	-894.0567 	0 	0 	50.0008466653573 	0 	-0.000931354105216245 	0 	0 	-2473.6177 	0.00064849853515625 	0 	-21.4580353485871 	0 	0 	0 	-0.00064849853515625 	75.783112 	0 	0 	0 	720 	800 	800 	5789 	-320693 	90761 	-370000 	0 	0 	0 	0 	0 	0 	31 	-13 	
3587128841 	320741 	320741 	-1239.3699 	1530 	1530 	-108.30963 	90760.9950752258 	90761 	73.858841 	370000 	370000 	-894.0567 	0.0499999998137355 	0 	-2473.6177 	-0.0208091735839844 	0 	75.783112 	0 	0 	0 	720 	800 	800 	5789 	-320693 	90761 	-370000 	0 	0 	0 	0 	0 	0 	31 	-13 	3587128841 	320741 	320741 	25.0004233326786 	0 	-50001.6930656452 	0 	0 	-1239.3699 	1530 	1530 	0 	0 	0 	0 	0 	-108.30963 	90760.9950752258 	90761 	-10.7290176742936 	0 	21458.3985841823 	0 	0.00492477416992188 	73.858841 	370000 	370000 	0 	0 	0 	0 	0 	-894.0567 	0.0499999998137355 	0 	0 	0 	-100003.385199936 	0 	-0.0499999998137355 	-2473.6177 	-0.0208091735839844 	0 	0 	0 	42916.7971683646 	0 	0.0208091735839844 	75.783112 	0 	0 	0 	720 	800 	800 	5789 	-320693 	90761 	-370000 	0 	0 	0 	0 	0 	0 	31 	-13 	
3587128851 	320741 	320741 	-1239.3699 	1530 	1530 	-108.30963 	90760.9950752258 	90761 	73.858841 	370000 	370000 	-894.0567 	0 	0 	-2473.6177 	0.00064849853515625 	0 	75.783112 	0 	0 	0 	720 	800 	800 	5789 	-320693 	90761 	-370000 	0 	0 	0 	0 	0 	0 	31 	-13 	3587128851 	320741 	320741 	0 	0 	0 	0 	0 	-1239.3699 	1530 	1530 	0 	0 	0 	0 	0 	-108.30963 	90760.9950752258 	90761 	0 	0 	0 	0 	0.00492477416992188 	73.858841 	370000 	370000 	0 	0 	0 	0 	0 	-894.0567 	0 	0 	-25.0004230998441 	0 	50001.6925999681 	0 	0 	-2473.6177 	0.00064849853515625 	0 	10.7290176742936 	0 	-21458.3985841823 	0 	-0.00064849853515625 	75.783112 	0 	0 	0 	720 	800 	800 	5789 	-320693 	90761 	-370000 	0 	0 	0 	0 	0 	0 	31 	-13 	
3587128861 	320741 	320741 	-1239.3699 	1530 	1530 	-108.30963 	90760.9950752258 	90761 	73.858841 	370000 	370000 	-894.0567 	0 	0 	-2473.6177 	0.00064849853515625 	0 	75.783112 	0 	0 	0 	720 	800 	800 	5789 	-320693 	90761 	-370000 	0 	0 	0 	0 	0 	0 	31 	-13 	3587128861 	320741 	320741 	0 	0 	0 	0 	0 	-1239.3699 	1530 	1530 	0 	0 	0 	0 	0 	-108.30963 	90760.9950752258 	90761 	0 	0 	0 	0 	0.00492477416992188 	73.858841 	370000 	370000 	0 	0 	0 	0 	0 	-894.0567 	0 	0 	0 	0 	0 	0 	0 	-2473.6177 	0.00064849853515625 	0 	10.7290176742936 	0 	21458.3985841823 	0 	-0.00064849853515625 	75.783112 	0 	0 	0 	720 	800 	800 	5789 	-320693 	90761 	-370000 	0 	0 	0 	0 	0 	0 	31 	-13 	
3587128871 	320741 	320741 	-1239.3699 	1530 	1530 	-108.30963 	90760.9950752258 	90761 	73.858841 	370000 	370000 	-894.0567 	0 	0 	-2473.6177 	0.0221061706542969 	0 	75.783112 	0 	0 	0 	720 	800 	800 	5789 	-320693 	90761 	-370000 	0 	0 	-31 	0 	0 	0 	31 	-13 	3587128871 	320741 	320741 	0 	0 	0 	0 	0 	-1239.3699 	1530 	1530 	0 	0 	0 	0 	0 	-108.30963 	90760.9950752258 	90761 	0 	0 	0 	0 	0.00492477416992188 	73.858841 	370000 	370000 	0 	0 	0 	0 	0 	-894.0567 	0 	0 	0 	0 	0 	0 	0 	-2473.6177 	0.0221061706542969 	0 	10.7290176742936 	0 	-21458.3985841823 	0 	-0.0221061706542969 	75.783112 	0 	0 	0 	720 	800 	800 	5789 	-320693 	90761 	-370000 	0 	0 	-31 	0 	0 	0 	31 	-13 	
3587128881 	320741 	320741 	-1239.3699 	1530 	1530 	-108.30963 	90760.9950752258 	90761 	73.858841 	370000 	370000 	-894.0567 	0 	0 	-2473.6177 	0.0221061706542969 	0 	75.783112 	0 	0 	0 	720 	800 	800 	5789 	-320693 	90761 	-370000 	0 	0 	-31 	0 	0 	0 	31 	-13 	3587128881 	320741 	320741 	0 	0 	0 	0 	0 	-1239.3699 	1530 	1530 	0 	0 	0 	0 	0 	-108.30963 	90760.9950752258 	90761 	0 	0 	0 	0 	0.00492477416992188 	73.858841 	370000 	370000 	0 	0 	0 	0 	0 	-894.0567 	0 	0 	0 	0 	0 	0 	0 	-2473.6177 	0.0221061706542969 	0 	-10.7290176742936 	0 	-21458.3985841823 	0 	-0.0221061706542969 	75.783112 	0 	0 	0 	720 	800 	800 	5789 	-320693 	90761 	-370000 	0 	0 	-31 	0 	0 	0 	31 	-13 	
3587128891 	320741 	320741 	-1239.3699 	1530 	1530 	-108.30963 	90760.9950752258 	90761 	73.858841 	370000 	370000 	-894.0567 	0 	0 	-2473.6177 	0.00064849853515625 	0 	75.783112 	0 	0 	0 	720 	800 	800 	5789 	-320693 	90761 	-370000 	0 	0 	-31 	0 	-13 	0 	31 	-13 	3587128891 	320741 	320741 	0 	0 	0 	0 	0 	-1239.3699 	1530 	1530 	0 	0 	0 	0 	0 	-108.30963 	90760.9950752258 	90761 	-10.7290176742936 	0 	-21458.3985841823 	0 	0.00492477416992188 	73.858841 	370000 	370000 	0 	0 	0 	0 	0 	-894.0567 	0 	0 	0 	0 	0 	0 	0 	-2473.6177 	0.00064849853515625 	0 	-10.7290176742936 	0 	21458.3985841823 	0 	-0.00064849853515625 	75.783112 	0 	0 	0 	720 	800 	800 	5789 	-320693 	90761 	-370000 	0 	0 	-31 	0 	-13 	0 	31 	-13 	
3587128901 	320741 	320741 	-1239.3699 	1530 	1530 	-108.30963 	90760.9736175537 	90761 	73.858841 	370000 	370000 	-894.0567 	0 	0 	-2473.6177 	0.00064849853515625 	0 	75.783112 	0 	0 	0 	720 	800 	800 	5789 	-320693 	90761 	-370000 	0 	0 	-31 	0 	-13 	0 	31 	-13 	3587128901 	320741 	320741 	0 	0 	0 	0 	0 	-1239.3699 	1530 	1530 	0 	0 	0 	0 	0 	-108.30963 	90760.9736175537 	90761 	0 	0 	42916.7971683646 	0 	0.0263824462890625 	73.858841 	370000 	370000 	0 	0 	0 	0 	0 	-894.0567 	0 	0 	0 	0 	0 	0 	0 	-2473.6177 	0.00064849853515625 	0 	-10.7290176742936 	0 	-21458.3985841823 	0 	-0.00064849853515625 	75.783112 	0 	0 	0 	720 	800 	800 	5789 	-320693 	90761 	-370000 	0 	0 	-31 	0 	-13 	0 	31 	-13 	
3587128911 	320741 	320741 	-1239.3699 	1530 	1530 	-108.30963 	90760.9950752258 	90761 	73.858841 	370000 	370000 	-894.0567 	0 	0 	-2473.6177 	-0.0208091735839844 	0 	75.783112 	0 	0 	0 	720 	800 	800 	5789 	-320693 	90761 	-370000 	0 	0 	-31 	0 	-13 	0 	31 	-13 	3587128911 	320741 	320741 	0 	0 	0 	0 	0 	-1239.3699 	1530 	1530 	0 	0 	0 	0 	0 	-108.30963 	90760.9950752258 	90761 	21.4580353485871 	0 	0 	0 	0.00492477416992188 	73.858841 	370000 	370000 	0 	0 	0 	0 	0 	-894.0567 	0 	0 	0 	0 	0 	0 	0 	-2473.6177 	-0.0208091735839844 	0 	0 	0 	42916.7971683646 	0 	0.0208091735839844 	75.783112 	0 	0 	0 	720 	800 	800 	5789 	-320693 	90761 	-370000 	0 	0 	-31 	0 	-13 	0 	31 	-13 	
3587128921 	320741 	320741 	-1239.3699 	1530 	1530 	-108.30963 	90761.0165328979 	90761 	73.858841 	370000 	370000 	-894.0567 	0 	0 	-2473.6177 	0.00064849853515625 	0 	75.783112 	0 	0 	0 	720 	800 	800 	5789 	-320693 	90761 	-370000 	0 	0 	-31 	0 	-13 	0 	31 	-13 	3587128921 	320741 	320741 	0 	0 	0 	0 	0 	-1239.3699 	1530 	1530 	0 	0 	0 	0 	0 	-108.30963 	90761.0165328979 	90761 	10.7290176742936 	0 	-21458.3985841823 	0 	-0.0165328979492188 	73.858841 	370000 	370000 	0 	0 	0 	0 	0 	-894.0567 	0 	0 	0 	0 	0 	0 	0 	-2473.6177 	0.00064849853515625 	0 	32.1870530228807 	0 	21458.3985841823 	0 	-0.00064849853515625 	75.783112 	0 	0 	0 	720 	800 	800 	5789 	-320693 	90761 	-370000 	0 	0 	-31 	0 	-13 	0 	31 	-13 	
3587128931 	320741 	320741 	-1239.3699 	1530 	1530 	-108.30963 	90761.0165328979 	90761 	73.858841 	370000 	370000 	-894.0567 	0 	0 	-2473.6177 	0.0435638427734375 	0 	75.783112 	0 	0 	0 	720 	800 	800 	5789 	-320693 	90761 	-370000 	0 	0 	-31 	0 	-13 	0 	0 	-13 	3587128931 	320741 	320741 	0 	0 	0 	0 	0 	-1239.3699 	1530 	1530 	0 	0 	0 	0 	0 	-108.30963 	90761.0165328979 	90761 	-10.7290176742936 	0 	-21458.3985841823 	0 	-0.0165328979492188 	73.858841 	370000 	370000 	0 	0 	0 	0 	0 	-894.0567 	0 	0 	0 	0 	0 	0 	0 	-2473.6177 	0.0435638427734375 	0 	0 	0 	-85833.5943367292 	0 	-0.0435638427734375 	75.783112 	0 	0 	0 	720 	800 	800 	5789 	-320693 	90761 	-370000 	0 	0 	-31 	0 	-13 	0 	0 	-13 	
3587128941 	320741 	320741 	-1239.3699 	1530 	1530 	-108.30963 	90760.9950752258 	90761 	73.858841 	370000 	370000 	-894.0567 	0 	0 	-2473.6177 	0.00064849853515625 	0 	75.783112 	0 	0 	0 	720 	800 	800 	5789 	-320693 	90761 	-370000 	0 	0 	-31 	0 	-13 	0 	0 	-13 	3587128941 	320741 	320741 	0 	0 	0 	0 	0 	-1239.3699 	1530 	1530 	0 	0 	0 	0 	0 	-108.30963 	90760.9950752258 	90761 	-21.4580353485871 	0 	0 	0 	0.00492477416992188 	73.858841 	370000 	370000 	0 	0 	0 	0 	0 	-894.0567 	0 	0 	0 	0 	0 	0 	0 	-2473.6177 	0.00064849853515625 	0 	-21.4580353485871 	0 	42916.7971683646 	0 	-0.00064849853515625 	75.783112 	0 	0 	0 	720 	800 	800 	5789 	-320693 	90761 	-370000 	0 	0 	-31 	0 	-13 	0 	0 	-13 	
3587128951 	320741 	320741 	-1239.3699 	1530 	1530 	-108.30963 	90760.9736175537 	90761 	73.858841 	370000 	370000 	-894.0567 	0 	0 	-2473.6177 	0.00064849853515625 	0 	75.783112 	0 	0 	0 	720 	800 	800 	5789 	-320693 	90761 	-370000 	0 	0 	-31 	0 	-13 	0 	0 	-13 	3587128951 	320741 	320741 	0 	0 	0 	0 	0 	-1239.3699 	1530 	1530 	0 	0 	0 	0 	0 	-108.30963 	90760.9736175537 	90761 	0 	0 	42916.7971683646 	0 	0.0263824462890625 	73.858841 	370000 	370000 	0 	0 	0 	0 	0 	-894.0567 	0 	0 	0 	0 	0 	0 	0 	-2473.6177 	0.00064849853515625 	0 	-10.7290176742936 	0 	-21458.3985841823 	0 	-0.00064849853515625 	75.783112 	0 	0 	0 	720 	800 	800 	5789 	-320693 	90761 	-370000 	0 	0 	-31 	0 	-13 	0 	0 	-13 	
3587128961 	320741 	320741 	-1239.3699 	1530 	1530 	-108.30963 	90760.9950752258 	90761 	73.858841 	370000 	370000 	-894.0567 	0 	0 	-2473.6177 	-0.0208091735839844 	0 	75.783112 	0 	0 	0 	720 	800 	800 	5789 	-320693 	90761 	-370000 	0 	0 	-31 	0 	-13 	0 	0 	-13 	3587128961 	320741 	320741 	0 	0 	0 	0 	0 	-1239.3699 	1530 	1530 	0 	0 	0 	0 	0 	-108.30963 	90760.9950752258 	90761 	10.7290176742936 	0 	-21458.3985841823 	0 	0.00492477416992188 	73.858841 	370000 	370000 	0 	0 	0 	0 	0 	-894.0567 	0 	0 	0 	0 	0 	0 	0 	-2473.6177 	-0.0208091735839844 	0 	-10.7290176742936 	0 	21458.3985841823 	0 	0.0208091735839844 	75.783112 	0 	0 	0 	720 	800 	800 	5789 	-320693 	90761 	-370000 	0 	0 	-31 	0 	-13 	0 	0 	-13 	
3587128971 	320741 	320741 	-1239.3699 	1530 	1530 	-108.30963 	90760.9950752258 	90761 	73.858841 	370000 	370000 	-894.0567 	0 	0 	-2473.6177 	-0.0208091735839844 	0 	75.783112 	0 	0 	0 	720 	800 	800 	5789 	-320693 	90761 	-370000 	0 	0 	-31 	0 	-13 	0 	0 	-13 	3587128971 	320741 	320741 	0 	0 	0 	0 	0 	-1239.3699 	1530 	1530 	0 	0 	0 	0 	0 	-108.30963 	90760.9950752258 	90761 	-10.7290176742936 	0 	-21458.3985841823 	0 	0.00492477416992188 	73.858841 	370000 	370000 	0 	0 	0 	0 	0 	-894.0567 	0 	0 	0 	0 	0 	0 	0 	-2473.6177 	-0.0208091735839844 	0 	21.4580353485871 	0 	42916.7971683646 	0 	0.0208091735839844 	75.783112 	0 	0 	0 	720 	800 	800 	5789 	-320693 	90761 	-370000 	0 	0 	-31 	0 	-13 	0 	0 	-13 	
3587128981 	320741 	320741 	-1239.3699 	1530 	1530 	-108.30963 	90760.9736175537 	90761 	73.858841 	370000 	370000 	-894.0567 	0 	0 	-2473.6177 	0.0221061706542969 	0 	75.783112 	0 	0 	0 	720 	800 	800 	5789 	-320693 	90761 	-370000 	0 	0 	-31 	0 	-13 	0 	0 	-13 	3587128981 	320741 	320741 	0 	0 	0 	0 	0 	-1239.3699 	1530 	1530 	0 	0 	0 	0 	0 	-108.30963 	90760.9736175537 	90761 	10.7290176742936 	0 	64375.1957525469 	0 	0.0263824462890625 	73.858841 	370000 	370000 	0 	0 	0 	0 	0 	-894.0567 	0 	0 	0 	0 	0 	0 	0 	-2473.6177 	0.0221061706542969 	0 	21.4580353485871 	0 	-42916.7971683646 	0 	-0.0221061706542969 	75.783112 	0 	0 	0 	720 	800 	800 	5789 	-320693 	90761 	-370000 	0 	0 	-31 	0 	-13 	0 	0 	-13 	
3587128991 	320741 	320741 	-1239.3699 	1530 	1530 	-108.30963 	90761.0165328979 	90761 	73.858841 	370000 	370000 	-894.0567 	0 	0 	-2473.6177 	0.0221061706542969 	0 	75.783112 	0 	0 	0 	720 	800 	800 	5789 	-320693 	90761 	-370000 	0 	0 	-31 	0 	-13 	0 	0 	-13 	3587128991 	320741 	320741 	0 	0 	0 	0 	0 	-1239.3699 	1530 	1530 	0 	0 	0 	0 	0 	-108.30963 	90761.0165328979 	90761 	10.7290176742936 	0 	-64375.1957525469 	0 	-0.0165328979492188 	73.858841 	370000 	370000 	0 	0 	0 	0 	0 	-894.0567 	0 	0 	0 	0 	0 	0 	0 	-2473.6177 	0.0221061706542969 	0 	-21.4580353485871 	0 	-42916.7971683646 	0 	-0.0221061706542969 	75.783112 	0 	0 	0 	720 	800 	800 	5789 	-320693 	90761 	-370000 	0 	0 	-31 	0 	-13 	0 	0 	-13 	
3587129001 	320741 	320741 	-1239.3699 	1530 	1530 	-108.30963 	90760.9950752258 	90761 	73.858841 	370000 	370000 	-894.0567 	0 	0 	-2473.6177 	-0.0208091735839844 	0 	75.783112 	0 	0 	0 	720 	800 	800 	5789 	-320693 	90761 	-370000 	0 	0 	-31 	0 	-13 	0 	0 	-13 	3587129001 	320741 	320741 	-25.0004233326786 	0 	-50001.6930656452 	0 	0 	-1239.3699 	1530 	1530 	0 	0 	0 	0 	0 	-108.30963 	90760.9950752258 	90761 	-10.7290176742936 	0 	21458.3985841823 	0 	0.00492477416992188 	73.858841 	370000 	370000 	0 	0 	0 	0 	0 	-894.0567 	0 	0 	0 	0 	0 	0 	0 	-2473.6177 	-0.0208091735839844 	0 	-10.7290176742936 	0 	64375.1957525469 	0 	0.0208091735839844 	75.783112 	0 	0 	0 	720 	800 	800 	5789 	-320693 	90761 	-370000 	0 	0 	-31 	0 	-13 	0 	0 	-13 	
3587129011 	320740.95 	320741 	-1239.3699 	1530 	1530 	-108.30963 	90760.9950752258 	90761 	73.858841 	370000 	370000 	-894.0567 	0 	0 	-2473.6177 	0.00064849853515625 	0 	75.783112 	0 	0 	0 	720 	800 	800 	5789 	-320693 	90761 	-370000 	0 	0 	-31 	0 	-13 	0 	0 	-13 	3587129011 	320740.95 	320741 	0 	0 	100003.38613129 	0 	0.0500000002793968 	-1239.3699 	1530 	1530 	0 	0 	0 	0 	0 	-108.30963 	90760.9950752258 	90761 	0 	0 	0 	0 	0.00492477416992188 	73.858841 	370000 	370000 	0 	0 	0 	0 	0 	-894.0567 	0 	0 	-25.0004235655132 	0 	-50001.6935313222 	0 	0 	-2473.6177 	0.00064849853515625 	0 	0 	0 	-42916.7971683646 	0 	-0.00064849853515625 	75.783112 	0 	0 	0 	720 	800 	800 	5789 	-320693 	90761 	-370000 	0 	0 	-31 	0 	-13 	0 	0 	-13 	
3587129021 	320741 	320741 	-1239.3699 	1530 	1530 	-108.30963 	90760.9950752258 	90761 	73.858841 	370000 	370000 	-894.0567 	-0.0500000007450581 	0 	-2473.6177 	-0.0208091735839844 	0 	75.783112 	0 	0 	0 	720 	800 	800 	5789 	-320693 	90761 	-370000 	0 	0 	-31 	0 	-13 	0 	0 	-13 	3587129021 	320741 	320741 	25.0004233326786 	0 	-50001.6930656452 	0 	0 	-1239.3699 	1530 	1530 	0 	0 	0 	0 	0 	-108.30963 	90760.9950752258 	90761 	0 	0 	0 	0 	0.00492477416992188 	73.858841 	370000 	370000 	0 	0 	0 	0 	0 	-894.0567 	-0.0500000007450581 	0 	25.0004230998441 	0 	150005.079662613 	0 	0.0500000007450581 	-2473.6177 	-0.0208091735839844 	0 	10.7290176742936 	0 	64375.1957525469 	0 	0.0208091735839844 	75.783112 	0 	0 	0 	720 	800 	800 	5789 	-320693 	90761 	-370000 	0 	0 	-31 	0 	-13 	0 	0 	-13 	
3587129031 	320741 	320741 	-1239.3699 	1530 	1530 	-108.30963 	90760.9950752258 	90761 	73.858841 	370000 	370000 	-894.0567 	0.0499999998137355 	0 	-2473.6177 	0.0221061706542969 	0 	75.783112 	0 	0 	0 	720 	800 	800 	5789 	-320693 	90761 	-370000 	0 	0 	31 	0 	-13 	0 	0 	-13 	3587129031 	320741 	320741 	0 	0 	0 	0 	0 	-1239.3699 	1530 	1530 	0 	0 	0 	0 	0 	-108.30963 	90760.9950752258 	90761 	-10.7290176742936 	0 	-21458.3985841823 	0 	0.00492477416992188 	73.858841 	370000 	370000 	0 	0 	0 	0 	0 	-894.0567 	0.0499999998137355 	0 	25.0004235655132 	0 	-150005.078731259 	0 	-0.0499999998137355 	-2473.6177 	0.0221061706542969 	0 	10.7290176742936 	0 	-64375.1957525469 	0 	-0.0221061706542969 	75.783112 	0 	0 	0 	720 	800 	800 	5789 	-320693 	90761 	-370000 	0 	0 	31 	0 	-13 	0 	0 	-13 	
3587129041 	320741 	320741 	-1239.3699 	1530 	1530 	-108.30963 	90760.9736175537 	90761 	73.858841 	370000 	370000 	-894.0567 	0 	0 	-2473.6177 	0.00064849853515625 	0 	75.783112 	0 	0 	0 	720 	800 	800 	5789 	-320693 	90761 	-370000 	0 	0 	31 	0 	-13 	0 	0 	-13 	3587129041 	320741 	320741 	0 	0 	0 	0 	0 	-1239.3699 	1530 	1530 	0 	0 	0 	0 	0 	-108.30963 	90760.9736175537 	90761 	0 	0 	42916.7971683646 	0 	0.0263824462890625 	73.858841 	370000 	370000 	0 	0 	0 	0 	0 	-894.0567 	0 	0 	-25.0004230998441 	0 	50001.6925999681 	0 	0 	-2473.6177 	0.00064849853515625 	0 	-10.7290176742936 	0 	21458.3985841823 	0 	-0.00064849853515625 	75.783112 	0 	0 	0 	720 	800 	800 	5789 	-320693 	90761 	-370000 	0 	0 	31 	0 	-13 	0 	0 	-13 	
3587129051 	320741 	320741 	-1239.3699 	1530 	1530 	-108.30963 	90760.9950752258 	90761 	73.858841 	370000 	370000 	-894.0567 	0 	0 	-2473.6177 	0.00064849853515625 	0 	75.783112 	0 	0 	0 	720 	800 	800 	5789 	-320693 	90761 	-370000 	0 	0 	31 	0 	-13 	0 	0 	-13 	3587129051 	320741 	320741 	0 	0 	0 	0 	0 	-1239.3699 	1530 	1530 	0 	0 	0 	0 	0 	-108.30963 	90760.9950752258 	90761 	21.4580353485871 	0 	0 	0 	0.00492477416992188 	73.858841 	370000 	370000 	0 	0 	0 	0 	0 	-894.0567 	0 	0 	0 	0 	0 	0 	0 	-2473.6177 	0.00064849853515625 	0 	0 	0 	0 	0 	-0.00064849853515625 	75.783112 	0 	0 	0 	720 	800 	800 	5789 	-320693 	90761 	-370000 	0 	0 	31 	0 	-13 	0 	0 	-13 	
3587129061 	320741 	320741 	-1239.3699 	1530 	1530 	-108.30963 	90761.0165328979 	90761 	73.858841 	370000 	370000 	-894.0567 	0 	0 	-2473.6177 	0.00064849853515625 	0 	75.783112 	0 	0 	0 	720 	800 	800 	5789 	-320693 	90761 	-370000 	0 	0 	31 	0 	13 	0 	0 	-13 	3587129061 	320741 	320741 	0 	0 	0 	0 	0 	-1239.3699 	1530 	1530 	0 	0 	0 	0 	0 	-108.30963 	90761.0165328979 	90761 	0 	0 	-42916.7971683646 	0 	-0.0165328979492188 	73.858841 	370000 	370000 	0 	0 	0 	0 	0 	-894.0567 	0 	0 	0 	0 	0 	0 	0 	-2473.6177 	0.00064849853515625 	0 	-10.7290176742936 	0 	-21458.3985841823 	0 	-0.00064849853515625 	75.783112 	0 	0 	0 	720 	800 	800 	5789 	-320693 	90761 	-370000 	0 	0 	31 	0 	13 	0 	0 	-13 	
3587129071 	320741 	320741 	-1239.3699 	1530 	1530 	-108.30963 	90760.9950752258 	90761 	73.858841 	370000 	370000 	-894.0567 	0 	0 	-2473.6177 	-0.0208091735839844 	0 	75.783112 	0 	0 	0 	720 	800 	800 	5789 	-320693 	90761 	-370000 	0 	0 	31 	0 	13 	0 	0 	-13 	3587129071 	320741 	320741 	0 	0 	0 	0 	0 	-1239.3699 	1530 	1530 	0 	0 	0 	0 	0 	-108.30963 	90760.9950752258 	90761 	-10.7290176742936 	0 	21458.3985841823 	0 	0.00492477416992188 	73.858841 	370000 	370000 	0 	0 	0 	0 	0 	-894.0567 	0 	0 	0 	0 	0 	0 	0 	-2473.6177 	-0.0208091735839844 	0 	0 	0 	42916.7971683646 	0 	0.0208091735839844 	75.783112 	0 	0 	0 	720 	800 	800 	5789 	-320693 	90761 	-370000 	0 	0 	31 	0 	13 	0 	0 	-13 	
3587129081 	320741 	320741 	-1239.3699 	1530 	1530 	-108.30963 	90760.9950752258 	90761 	73.858841 	370000 	370000 	-894.0567 	0 	0 	-2473.6177 	0.00064849853515625 	0 	75.783112 	0 	0 	0 	720 	800 	800 	5789 	-320693 	90761 	-370000 	0 	0 	31 	0 	13 	0 	0 	-13 	3587129081 	320741 	320741 	0 	0 	0 	0 	0 	-1239.3699 	1530 	1530 	0 	0 	0 	0 	0 	-108.30963 	90760.9950752258 	90761 	0 	0 	0 	0 	0.00492477416992188 	73.858841 	370000 	370000 	0 	0 	0 	0 	0 	-894.0567 	0 	0 	0 	0 	0 	0 	0 	-2473.6177 	0.00064849853515625 	0 	0 	0 	-42916.7971683646 	0 	-0.00064849853515625 	75.783112 	0 	0 	0 	720 	800 	800 	5789 	-320693 	90761 	-370000 	0 	0 	31 	0 	13 	0 	0 	-13 	
3587129091 	320741 	320741 	-1239.3699 	1530 	1530 	-108.30963 	90760.9950752258 	90761 	73.858841 	370000 	370000 	-894.0567 	0 	0 	-2473.6177 	-0.0208091735839844 	0 	75.783112 	0 	0 	0 	720 	800 	800 	5789 	-320693 	90761 	-370000 	0 	0 	31 	0 	13 	0 	0 	-13 	3587129091 	320741 	320741 	0 	0 	0 	0 	0 	-1239.3699 	1530 	1530 	-25.0004232162614 	0 	-50001.6928328067 	0 	0 	-108.30963 	90760.9950752258 	90761 	0 	0 	0 	0 	0.00492477416992188 	73.858841 	370000 	370000 	0 	0 	0 	0 	0 	-894.0567 	0 	0 	0 	0 	0 	0 	0 	-2473.6177 	-0.0208091735839844 	0 	10.7290176742936 	0 	64375.1957525469 	0 	0.0208091735839844 	75.783112 	0 	0 	0 	720 	800 	800 	5789 	-320693 	90761 	-370000 	0 	0 	31 	0 	13 	0 	0 	-13 	
3587129101 	320741 	320741 	-1239.3699 	1529.94999999995 	1530 	-108.30963 	90760.9950752258 	90761 	73.858841 	370000 	370000 	-894.0567 	0 	0 	-2473.6177 	0.0221061706542969 	0 	75.783112 	0 	0 	0 	720 	800 	800 	5789 	-320693 	90761 	-370000 	0 	0 	31 	0 	13 	0 	0 	-13 	3587129101 	320741 	320741 	-25.0004233326786 	0 	-50001.6930656452 	0 	0 	-1239.3699 	1529.94999999995 	1530 	0 	0 	100003.385665613 	0 	0.0500000000465661 	-108.30963 	90760.9950752258 	90761 	-10.7290176742936 	0 	-21458.3985841823 	0 	0.00492477416992188 	73.858841 	370000 	370000 	0 	0 	0 	0 	0 	-894.0567 	0 	0 	0 	0 	0 	0 	0 	-2473.6177 	0.0221061706542969 	0 	0 	0 	-85833.5943367292 	0 	-0.0221061706542969 	75.783112 	0 	0 	0 	720 	800 	800 	5789 	-320693 	90761 	-370000 	0 	0 	31 	0 	13 	0 	0 	-13 	
3587129111 	320740.95 	320741 	-1239.3699 	1530 	1530 	-108.30963 	90760.9736175537 	90761 	73.858841 	370000 	370000 	-894.0567 	0 	0 	-2473.6177 	-0.0208091735839844 	0 	75.783112 	0 	0 	0 	720 	800 	800 	5789 	-320693 	90761 	-370000 	0 	0 	31 	0 	13 	0 	0 	0 	3587129111 	320740.95 	320741 	0 	0 	100003.38613129 	0 	0.0500000002793968 	-1239.3699 	1530 	1530 	25.0004232162614 	0 	-50001.6928328067 	0 	0 	-108.30963 	90760.9736175537 	90761 	-10.7290176742936 	0 	21458.3985841823 	0 	0.0263824462890625 	73.858841 	370000 	370000 	0 	0 	0 	0 	0 	-894.0567 	0 	0 	0 	0 	0 	0 	0 	-2473.6177 	-0.0208091735839844 	0 	-10.7290176742936 	0 	64375.1957525469 	0 	0.0208091735839844 	75.783112 	0 	0 	0 	720 	800 	800 	5789 	-320693 	90761 	-370000 	0 	0 	31 	0 	13 	0 	0 	0 	
3587129121 	320741 	320741 	-1239.3699 	1530 	1530 	-108.30963 	90760.9736175537 	90761 	73.858841 	370000 	370000 	-894.0567 	0 	0 	-2473.6177 	0.00064849853515625 	0 	75.783112 	0 	0 	0 	720 	800 	800 	5789 	-320693 	90761 	-370000 	0 	0 	31 	0 	13 	0 	0 	0 	3587129121 	320741 	320741 	25.0004233326786 	0 	-50001.6930656452 	0 	0 	-1239.3699 	1530 	1530 	0 	0 	0 	0 	0 	-108.30963 	90760.9736175537 	90761 	10.7290176742936 	0 	21458.3985841823 	0 	0.0263824462890625 	73.858841 	370000 	370000 	0 	0 	0 	0 	0 	-894.0567 	0 	0 	0 	0 	0 	0 	0 	-2473.6177 	0.00064849853515625 	0 	0 	0 	-42916.7971683646 	0 	-0.00064849853515625 	75.783112 	0 	0 	0 	720 	800 	800 	5789 	-320693 	90761 	-370000 	0 	0 	31 	0 	13 	0 	0 	0 	
3587129131 	320741 	320741 	-1239.3699 	1530 	1530 	-108.30963 	90760.9950752258 	90761 	73.858841 	370000 	370000 	-894.0567 	0 	0 	-2473.6177 	-0.0208091735839844 	0 	75.783112 	0 	0 	0 	720 	800 	800 	5789 	-320693 	90761 	-370000 	0 	0 	31 	0 	13 	0 	0 	0 	3587129131 	320741 	320741 	0 	0 	0 	0 	0 	-1239.3699 	1530 	1530 	0 	0 	0 	0 	0 	-108.30963 	90760.9950752258 	90761 	10.7290176742936 	0 	-21458.3985841823 	0 	0.00492477416992188 	73.858841 	370000 	370000 	0 	0 	0 	0 	0 	-894.0567 	0 	0 	-25.0004235655132 	0 	-50001.6935313222 	0 	0 	-2473.6177 	-0.0208091735839844 	0 	-10.7290176742936 	0 	21458.3985841823 	0 	0.0208091735839844 	75.783112 	0 	0 	0 	720 	800 	800 	5789 	-320693 	90761 	-370000 	0 	0 	31 	0 	13 	0 	0 	0 	
3587129141 	320741 	320741 	-1239.3699 	1530 	1530 	-108.30963 	90760.9950752258 	90761 	73.858841 	370000 	370000 	-894.0567 	-0.0500000007450581 	0 	-2473.6177 	-0.0208091735839844 	0 	75.783112 	0 	0 	0 	720 	800 	800 	5789 	-320693 	90761 	-370000 	0 	0 	31 	0 	13 	0 	0 	0 	3587129141 	320741 	320741 	0 	0 	0 	0 	0 	-1239.3699 	1530 	1530 	0 	0 	0 	0 	0 	-108.30963 	90760.9950752258 	90761 	10.7290176742936 	0 	21458.3985841823 	0 	0.00492477416992188 	73.858841 	370000 	370000 	0 	0 	0 	0 	0 	-894.0567 	-0.0500000007450581 	0 	0 	0 	100003.387062644 	0 	0.0500000007450581 	-2473.6177 	-0.0208091735839844 	0 	10.7290176742936 	0 	21458.3985841823 	0 	0.0208091735839844 	75.783112 	0 	0 	0 	720 	800 	800 	5789 	-320693 	90761 	-370000 	0 	0 	31 	0 	13 	0 	0 	0 	
3587129151 	320741 	320741 	-1239.3699 	1530 	1530 	-108.30963 	90761.0165328979 	90761 	73.858841 	370000 	370000 	-894.0567 	0 	0 	-2473.6177 	0.00064849853515625 	0 	75.783112 	0 	0 	0 	720 	800 	800 	5789 	-320693 	90761 	-370000 	0 	0 	31 	0 	13 	0 	0 	0 	3587129151 	320741 	320741 	0 	0 	0 	0 	0 	-1239.3699 	1530 	1530 	0 	0 	0 	0 	0 	-108.30963 	90761.0165328979 	90761 	10.7290176742936 	0 	-21458.3985841823 	0 	-0.0165328979492188 	73.858841 	370000 	370000 	0 	0 	0 	0 	0 	-894.0567 	0 	0 	0 	0 	-100003.387062644 	0 	0 	-2473.6177 	0.00064849853515625 	0 	10.7290176742936 	0 	-21458.3985841823 	0 	-0.00064849853515625 	75.783112 	0 	0 	0 	720 	800 	800 	5789 	-320693 	90761 	-370000 	0 	0 	31 	0 	13 	0 	0 	0 	
3587129161 	320741 	320741 	-1239.3699 	1530 	1530 	-108.30963 	90761.0165328979 	90761 	73.858841 	370000 	370000 	-894.0567 	-0.0500000007450581 	0 	-2473.6177 	0.00064849853515625 	0 	75.783112 	0 	0 	0 	720 	800 	800 	5789 	-320693 	90761 	-370000 	0 	0 	31 	0 	13 	0 	0 	0 	3587129161 	320741 	320741 	0 	0 	0 	0 	0 	-1239.3699 	1530 	1530 	0 	0 	0 	0 	0 	-108.30963 	90761.0165328979 	90761 	-10.7290176742936 	0 	-21458.3985841823 	0 	-0.0165328979492188 	73.858841 	370000 	370000 	0 	0 	0 	0 	0 	-894.0567 	-0.0500000007450581 	0 	0 	0 	100003.387062644 	0 	0.0500000007450581 	-2473.6177 	0.00064849853515625 	0 	0 	0 	0 	0 	-0.00064849853515625 	75.783112 	0 	0 	0 	720 	800 	800 	5789 	-320693 	90761 	-370000 	0 	0 	31 	0 	13 	0 	0 	0 	
3587129171 	320741 	320741 	-1239.3699 	1530 	1530 	-108.30963 	90760.9950752258 	90761 	73.858841 	370000 	370000 	-894.0567 	0 	0 	-2473.6177 	0.00064849853515625 	0 	75.783112 	0 	0 	0 	720 	800 	800 	5789 	-320693 	90761 	-370000 	0 	0 	31 	0 	13 	0 	0 	0 	3587129171 	320741 	320741 	0 	0 	0 	0 	0 	-1239.3699 	1530 	1530 	0 	0 	0 	0 	0 	-108.30963 	90760.9950752258 	90761 	0 	0 	42916.7971683646 	0 	0.00492477416992188 	73.858841 	370000 	370000 	0 	0 	0 	0 	0 	-894.0567 	0 	0 	25.0004235655132 	0 	-50001.6935313222 	0 	0 	-2473.6177 	0.00064849853515625 	0 	10.7290176742936 	0 	21458.3985841823 	0 	-0.00064849853515625 	75.783112 	0 	0 	0 	720 	800 	800 	5789 	-320693 	90761 	-370000 	0 	0 	31 	0 	13 	0 	0 	0 	
3587129181 	320741 	320741 	-1239.3699 	1530 	1530 	-108.30963 	90761.0165328979 	90761 	73.858841 	370000 	370000 	-894.0567 	0 	0 	-2473.6177 	0.0221061706542969 	0 	75.783112 	0 	0 	0 	720 	800 	800 	5789 	-320693 	90761 	-370000 	0 	0 	31 	0 	13 	0 	0 	0 	3587129181 	320741 	320741 	0 	0 	0 	0 	0 	-1239.3699 	1530 	1530 	0 	0 	0 	0 	0 	-108.30963 	90761.0165328979 	90761 	0 	0 	-42916.7971683646 	0 	-0.0165328979492188 	73.858841 	370000 	370000 	0 	0 	0 	0 	0 	-894.0567 	0 	0 	0 	0 	0 	0 	0 	-2473.6177 	0.0221061706542969 	0 	-10.7290176742936 	0 	-64375.1957525469 	0 	-0.0221061706542969 	75.783112 	0 	0 	0 	720 	800 	800 	5789 	-320693 	90761 	-370000 	0 	0 	31 	0 	13 	0 	0 	0 	
3587129191 	320741 	320741 	-1239.3699 	1530 	1530 	-108.30963 	90760.9950752258 	90761 	73.858841 	370000 	370000 	-894.0567 	0 	0 	-2473.6177 	-0.0208091735839844 	0 	75.783112 	0 	0 	0 	720 	800 	800 	5789 	-320693 	90761 	-370000 	0 	0 	0 	0 	13 	0 	0 	0 	3587129191 	320741 	320741 	-25.0004233326786 	0 	-50001.6930656452 	0 	0 	-1239.3699 	1530 	1530 	0 	0 	0 	0 	0 	-108.30963 	90760.9950752258 	90761 	-10.7290176742936 	0 	21458.3985841823 	0 	0.00492477416992188 	73.858841 	370000 	370000 	0 	0 	0 	0 	0 	-894.0567 	0 	0 	0 	0 	0 	0 	0 	-2473.6177 	-0.0208091735839844 	0 	-21.4580353485871 	0 	42916.7971683646 	0 	0.0208091735839844 	75.783112 	0 	0 	0 	720 	800 	800 	5789 	-320693 	90761 	-370000 	0 	0 	0 	0 	13 	0 	0 	0 	
3587129201 	320740.95 	320741 	-1239.3699 	1530 	1530 	-108.30963 	90760.9950752258 	90761 	73.858841 	370000 	370000 	-894.0567 	0 	0 	-2473.6177 	-0.0208091735839844 	0 	75.783112 	0 	0 	0 	720 	800 	800 	5789 	-320693 	90761 	-370000 	0 	0 	0 	0 	13 	0 	0 	0 	3587129201 	320740.95 	320741 	0 	0 	100003.38613129 	0 	0.0500000002793968 	-1239.3699 	1530 	1530 	0 	0 	0 	0 	0 	-108.30963 	90760.9950752258 	90761 	0 	0 	0 	0 	0.00492477416992188 	73.858841 	370000 	370000 	0 	0 	0 	0 	0 	-894.0567 	0 	0 	0 	0 	0 	0 	0 	-2473.6177 	-0.0208091735839844 	0 	10.7290176742936 	0 	21458.3985841823 	0 	0.0208091735839844 	75.783112 	0 	0 	0 	720 	800 	800 	5789 	-320693 	90761 	-370000 	0 	0 	0 	0 	13 	0 	0 	0 	
3587129211 	320741 	320741 	-1239.3699 	1530 	1530 	-108.30963 	90760.9950752258 	90761 	73.858841 	370000 	370000 	-894.0567 	0 	0 	-2473.6177 	0.00064849853515625 	0 	75.783112 	0 	0 	0 	720 	800 	800 	5789 	-320693 	90761 	-370000 	0 	0 	0 	0 	13 	0 	0 	0 	3587129211 	320741 	320741 	25.0004233326786 	0 	-50001.6930656452 	0 	0 	-1239.3699 	1530 	1530 	0 	0 	0 	0 	0 	-108.30963 	90760.9950752258 	90761 	0 	0 	0 	0 	0.00492477416992188 	73.858841 	370000 	370000 	0 	0 	0 	0 	0 	-894.0567 	0 	0 	0 	0 	0 	0 	0 	-2473.6177 	0.00064849853515625 	0 	21.4580353485871 	0 	0 	0 	-0.00064849853515625 	75.783112 	0 	0 	0 	720 	800 	800 	5789 	-320693 	90761 	-370000 	0 	0 	0 	0 	13 	0 	0 	0 	
3587129221 	320741 	320741 	-1239.3699 	1530 	1530 	-108.30963 	90760.9950752258 	90761 	73.858841 	370000 	370000 	-894.0567 	0 	0 	-2473.6177 	0.0221061706542969 	0 	75.783112 	0 	0 	0 	720 	800 	800 	5789 	-320693 	90761 	-370000 	0 	0 	0 	0 	0 	0 	0 	0 	3587129221 	320741 	320741 	0 	0 	0 	0 	0 	-1239.3699 	1530 	1530 	0 	0 	0 	0 	0 	-108.30963 	90760.9950752258 	90761 	-10.7290176742936 	0 	-21458.3985841823 	0 	0.00492477416992188 	73.858841 	370000 	370000 	0 	0 	0 	0 	0 	-894.0567 	0 	0 	25.0004230998441 	0 	50001.6925999681 	0 	0 	-2473.6177 	0.0221061706542969 	0 	0 	0 	-42916.7971683646 	0 	-0.0221061706542969 	75.783112 	0 	0 	0 	720 	800 	800 	5789 	-320693 	90761 	-370000 	0 	0 	0 	0 	0 	0 	0 	0 	
3587129231 	320741 	320741 	-1239.3699 	1530 	1530 	-108.30963 	90760.9736175537 	90761 	73.858841 	370000 	370000 	-894.0567 	0.0499999998137355 	0 	-2473.6177 	0.00064849853515625 	0 	75.783112 	0 	0 	0 	720 	800 	800 	5789 	-320693 	90761 	-370000 	0 	0 	0 	0 	0 	0 	0 	0 	3587129231 	320741 	320741 	0 	0 	0 	0 	0 	-1239.3699 	1530 	1530 	0 	0 	0 	0 	0 	-108.30963 	90760.9736175537 	90761 	0 	0 	42916.7971683646 	0 	0.0263824462890625 	73.858841 	370000 	370000 	0 	0 	0 	0 	0 	-894.0567 	0.0499999998137355 	0 	0 	0 	-100003.385199936 	0 	-0.0499999998137355 	-2473.6177 	0.00064849853515625 	0 	-10.7290176742936 	0 	21458.3985841823 	0 	-0.00064849853515625 	75.783112 	0 	0 	0 	720 	800 	800 	5789 	-320693 	90761 	-370000 	0 	0 	0 	0 	0 	0 	0 	0 	
3587129241 	320741 	320741 	-1239.3699 	1530 	1530 	-108.30963 	90760.9950752258 	90761 	73.858841 	370000 	370000 	-894.0567 	0 	0 	-2473.6177 	0.00064849853515625 	0 	75.783112 	0 	0 	0 	720 	800 	800 	5789 	-320693 	90761 	-370000 	0 	0 	0 	0 	0 	0 	0 	0 	3587129241 	320741 	320741 	0 	0 	0 	0 	0 	-1239.3699 	1530 	1530 	0 	0 	0 	0 	0 	-108.30963 	90760.9950752258 	90761 	10.7290176742936 	0 	-21458.3985841823 	0 	0.00492477416992188 	73.858841 	370000 	370000 	0 	0 	0 	0 	0 	-894.0567 	0 	0 	0 	0 	100003.385199936 	0 	0 	-2473.6177 	0.00064849853515625 	0 	0 	0 	0 	0 	-0.00064849853515625 	75.783112 	0 	0 	0 	720 	800 	800 	5789 	-320693 	90761 	-370000 	0 	0 	0 	0 	0 	0 	0 	0 	
3587129251 	320741 	320741 	-1239.3699 	1530 	1530 	-108.30963 	90760.9950752258 	90761 	73.858841 	370000 	370000 	-894.0567 	0.0499999998137355 	0 	-2473.6177 	0.00064849853515625 	0 	75.783112 	0 	0 	0 	720 	800 	800 	5789 	-320693 	90761 	-370000 	0 	0 	0 	0 	0 	0 	0 	0 	3587129251 	320741 	320741 	0 	0 	0 	0 	0 	-1239.3699 	1530 	1530 	0 	0 	0 	0 	0 	-108.30963 	90760.9950752258 	90761 	0 	0 	0 	0 	0.00492477416992188 	73.858841 	370000 	370000 	0 	0 	0 	0 	0 	-894.0567 	0.0499999998137355 	0 	0 	0 	-100003.385199936 	0 	-0.0499999998137355 	-2473.6177 	0.00064849853515625 	0 	-10.7290176742936 	0 	-21458.3985841823 	0 	-0.00064849853515625 	75.783112 	0 	0 	0 	720 	800 	800 	5789 	-320693 	90761 	-370000 	0 	0 	0 	0 	0 	0 	0 	0 	
3587129261 	320741 	320741 	-1239.3699 	1530 	1530 	-108.30963 	90760.9950752258 	90761 	73.858841 	370000 	370000 	-894.0567 	0 	0 	-2473.6177 	-0.0208091735839844 	0 	75.783112 	0 	0 	0 	720 	800 	800 	5789 	-320693 	90761 	-370000 	0 	0 	0 	0 	0 	0 	31 	0 	3587129261 	320741 	320741 	0 	0 	0 	0 	0 	-1239.3699 	1530 	1530 	0 	0 	0 	0 	0 	-108.30963 	90760.9950752258 	90761 	10.7290176742936 	0 	21458.3985841823 	0 	0.00492477416992188 	73.858841 	370000 	370000 	0 	0 	0 	0 	0 	-894.0567 	0 	0 	-25.0004230998441 	0 	50001.6925999681 	0 	0 	-2473.6177 	-0.0208091735839844 	0 	0 	0 	42916.7971683646 	0 	0.0208091735839844 	75.783112 	0 	0 	0 	720 	800 	800 	5789 	-320693 	90761 	-370000 	0 	0 	0 	0 	0 	0 	31 	0 	
3587129271 	320741 	320741 	-1239.3699 	1530 	1530 	-108.30963 	90761.0165328979 	90761 	73.858841 	370000 	370000 	-894.0567 	0 	0 	-2473.6177 	0.00064849853515625 	0 	75.783112 	0 	0 	0 	720 	800 	800 	5789 	-320693 	90761 	-370000 	0 	0 	0 	0 	0 	0 	31 	13 	3587129271 	320741 	320741 	0 	0 	0 	0 	0 	-1239.3699 	1530 	1530 	0 	0 	0 	0 	0 	-108.30963 	90761.0165328979 	90761 	0 	0 	-42916.7971683646 	0 	-0.0165328979492188 	73.858841 	370000 	370000 	0 	0 	0 	0 	0 	-894.0567 	0 	0 	0 	0 	0 	0 	0 	-2473.6177 	0.00064849853515625 	0 	10.7290176742936 	0 	-21458.3985841823 	0 	-0.00064849853515625 	75.783112 	0 	0 	0 	720 	800 	800 	5789 	-320693 	90761 	-370000 	0 	0 	0 	0 	0 	0 	31 	13 	
3587129281 	320741 	320741 	-1239.3699 	1530 	1530 	-108.30963 	90760.9950752258 	90761 	73.858841 	370000 	370000 	-894.0567 	0 	0 	-2473.6177 	0.00064849853515625 	0 	75.783112 	0 	0 	0 	720 	800 	800 	5789 	-320693 	90761 	-370000 	0 	0 	0 	0 	0 	0 	31 	13 	3587129281 	320741 	320741 	0 	0 	0 	0 	0 	-1239.3699 	1530 	1530 	0 	0 	0 	0 	0 	-108.30963 	90760.9950752258 	90761 	0 	0 	42916.7971683646 	0 	0.00492477416992188 	73.858841 	370000 	370000 	0 	0 	0 	0 	0 	-894.0567 	0 	0 	0 	0 	0 	0 	0 	-2473.6177 	0.00064849853515625 	0 	0 	0 	0 	0 	-0.00064849853515625 	75.783112 	0 	0 	0 	720 	800 	800 	5789 	-320693 	90761 	-370000 	0 	0 	0 	0 	0 	0 	31 	13 	
3587129291 	320741 	320741 	-1239.3699 	1530 	1530 	-108.30963 	90761.0165328979 	90761 	73.858841 	370000 	370000 	-894.0567 	0 	0 	-2473.6177 	0.00064849853515625 	0 	75.783112 	0 	0 	0 	720 	800 	800 	5789 	-320693 	90761 	-370000 	0 	0 	0 	0 	0 	0 	31 	13 	3587129291 	320741 	320741 	0 	0 	0 	0 	0 	-1239.3699 	1530 	1530 	0 	0 	0 	0 	0 	-108.30963 	90761.0165328979 	90761 	0 	0 	-42916.7971683646 	0 	-0.0165328979492188 	73.858841 	370000 	370000 	0 	0 	0 	0 	0 	-894.0567 	0 	0 	0 	0 	0 	0 	0 	-2473.6177 	0.00064849853515625 	0 	0 	0 	0 	0 	-0.00064849853515625 	75.783112 	0 	0 	0 	720 	800 	800 	5789 	-320693 	90761 	-370000 	0 	0 	0 	0 	0 	0 	31 	13 	
3587129301 	320741 	320741 	-1239.3699 	1530 	1530 	-108.30963 	90760.9950752258 	90761 	73.858841 	370000 	370000 	-894.0567 	0 	0 	-2473.6177 	0.00064849853515625 	0 	75.783112 	0 	0 	0 	720 	800 	800 	5789 	-320693 	90761 	-370000 	0 	0 	0 	0 	0 	0 	31 	13 	3587129301 	320741 	320741 	0 	0 	0 	0 	0 	-1239.3699 	1530 	1530 	0 	0 	0 	0 	0 	-108.30963 	90760.9950752258 	90761 	0 	0 	42916.7971683646 	0 	0.00492477416992188 	73.858841 	370000 	370000 	0 	0 	0 	0 	0 	-894.0567 	0 	0 	-25.0004235655132 	0 	-50001.6935313222 	0 	0 	-2473.6177 	0.00064849853515625 	0 	0 	0 	0 	0 	-0.00064849853515625 	75.783112 	0 	0 	0 	720 	800 	800 	5789 	-320693 	90761 	-370000 	0 	0 	0 	0 	0 	0 	31 	13 	
3587129311 	320741 	320741 	-1239.3699 	1530 	1530 	-108.30963 	90761.0165328979 	90761 	73.858841 	370000 	370000 	-894.0567 	-0.0500000007450581 	0 	-2473.6177 	0.00064849853515625 	0 	75.783112 	0 	0 	0 	720 	800 	800 	5789 	-320693 	90761 	-370000 	0 	0 	0 	0 	0 	0 	31 	13 	3587129311 	320741 	320741 	0 	0 	0 	0 	0 	-1239.3699 	1530 	1530 	0 	0 	0 	0 	0 	-108.30963 	90761.0165328979 	90761 	-10.7290176742936 	0 	-64375.1957525469 	0 	-0.0165328979492188 	73.858841 	370000 	370000 	0 	0 	0 	0 	0 	-894.0567 	-0.0500000007450581 	0 	0 	0 	100003.387062644 	0 	0.0500000007450581 	-2473.6177 	0.00064849853515625 	0 	0 	0 	0 	0 	-0.00064849853515625 	75.783112 	0 	0 	0 	720 	800 	800 	5789 	-320693 	90761 	-370000 	0 	0 	0 	0 	0 	0 	31 	13 	
3587129321 	320741 	320741 	-1239.3699 	1530 	1530 	-108.30963 	90760.9736175537 	90761 	73.858841 	370000 	370000 	-894.0567 	0 	0 	-2473.6177 	0.00064849853515625 	0 	75.783112 	0 	0 	0 	720 	800 	800 	5789 	-320693 	90761 	-370000 	0 	0 	0 	0 	0 	0 	31 	13 	3587129321 	320741 	320741 	0 	0 	0 	0 	0 	-1239.3699 	1530 	1530 	0 	0 	0 	0 	0 	-108.30963 	90760.9736175537 	90761 	-10.7290176742936 	0 	64375.1957525469 	0 	0.0263824462890625 	73.858841 	370000 	370000 	0 	0 	0 	0 	0 	-894.0567 	0 	0 	25.0004235655132 	0 	-50001.6935313222 	0 	0 	-2473.6177 	0.00064849853515625 	0 	10.7290176742936 	0 	21458.3985841823 	0 	-0.00064849853515625 	75.783112 	0 	0 	0 	720 	800 	800 	5789 	-320693 	90761 	-370000 	0 	0 	0 	0 	0 	0 	31 	13 	
3587129331 	320741 	320741 	-1239.3699 	1530 	1530 	-108.30963 	90760.9950752258 	90761 	73.858841 	370000 	370000 	-894.0567 	0 	0 	-2473.6177 	0.0221061706542969 	0 	75.783112 	0 	0 	0 	720 	800 	800 	5789 	-320693 	90761 	-370000 	0 	0 	0 	0 	0 	0 	31 	13 	3587129331 	320741 	320741 	0 	0 	0 	0 	0 	-1239.3699 	1530 	1530 	0 	0 	0 	0 	0 	-108.30963 	90760.9950752258 	90761 	10.7290176742936 	0 	-21458.3985841823 	0 	0.00492477416992188 	73.858841 	370000 	370000 	0 	0 	0 	0 	0 	-894.0567 	0 	0 	0 	0 	0 	0 	0 	-2473.6177 	0.0221061706542969 	0 	0 	0 	-42916.7971683646 	0 	-0.0221061706542969 	75.783112 	0 	0 	0 	720 	800 	800 	5789 	-320693 	90761 	-370000 	0 	0 	0 	0 	0 	0 	31 	13 	
3587129341 	320741 	320741 	-1239.3699 	1530 	1530 	-108.30963 	90760.9950752258 	90761 	73.858841 	370000 	370000 	-894.0567 	0 	0 	-2473.6177 	0.00064849853515625 	0 	75.783112 	0 	0 	0 	720 	800 	800 	5789 	-320693 	90761 	-370000 	0 	0 	0 	0 	0 	0 	31 	13 	3587129341 	320741 	320741 	0 	0 	0 	0 	0 	-1239.3699 	1530 	1530 	0 	0 	0 	0 	0 	-108.30963 	90760.9950752258 	90761 	10.7290176742936 	0 	21458.3985841823 	0 	0.00492477416992188 	73.858841 	370000 	370000 	0 	0 	0 	0 	0 	-894.0567 	0 	0 	0 	0 	0 	0 	0 	-2473.6177 	0.00064849853515625 	0 	-21.4580353485871 	0 	0 	0 	-0.00064849853515625 	75.783112 	0 	0 	0 	720 	800 	800 	5789 	-320693 	90761 	-370000 	0 	0 	0 	0 	0 	0 	31 	13 	
3587129351 	320741 	320741 	-1239.3699 	1530 	1530 	-108.30963 	90761.0165328979 	90761 	73.858841 	370000 	370000 	-894.0567 	0 	0 	-2473.6177 	-0.0208091735839844 	0 	75.783112 	0 	0 	0 	720 	800 	800 	5789 	-320693 	90761 	-370000 	0 	0 	0 	0 	0 	0 	31 	13 	3587129351 	320741 	320741 	0 	0 	0 	0 	0 	-1239.3699 	1530 	1530 	0 	0 	0 	0 	0 	-108.30963 	90761.0165328979 	90761 	0 	0 	-42916.7971683646 	0 	-0.0165328979492188 	73.858841 	370000 	370000 	0 	0 	0 	0 	0 	-894.0567 	0 	0 	-25.0004235655132 	0 	-50001.6935313222 	0 	0 	-2473.6177 	-0.0208091735839844 	0 	0 	0 	42916.7971683646 	0 	0.0208091735839844 	75.783112 	0 	0 	0 	720 	800 	800 	5789 	-320693 	90761 	-370000 	0 	0 	0 	0 	0 	0 	31 	13 	
3587129361 	320741 	320741 	-1239.3699 	1530 	1530 	-108.30963 	90760.9950752258 	90761 	73.858841 	370000 	370000 	-894.0567 	-0.0500000007450581 	0 	-2473.6177 	0.00064849853515625 	0 	75.783112 	0 	0 	0 	720 	800 	800 	5789 	-320693 	90761 	-370000 	0 	0 	0 	0 	0 	0 	31 	13 	3587129361 	320741 	320741 	0 	0 	0 	0 	0 	-1239.3699 	1530 	1530 	0 	0 	0 	0 	0 	-108.30963 	90760.9950752258 	90761 	-10.7290176742936 	0 	21458.3985841823 	0 	0.00492477416992188 	73.858841 	370000 	370000 	0 	0 	0 	0 	0 	-894.0567 	-0.0500000007450581 	0 	0 	0 	100003.387062644 	0 	0.0500000007450581 	-2473.6177 	0.00064849853515625 	0 	0 	0 	-42916.7971683646 	0 	-0.00064849853515625 	75.783112 	0 	0 	0 	720 	800 	800 	5789 	-320693 	90761 	-370000 	0 	0 	0 	0 	0 	0 	31 	13 	
3587129371 	320741 	320741 	-1239.3699 	1530 	1530 	-108.30963 	90760.9950752258 	90761 	73.858841 	370000 	370000 	-894.0567 	0 	0 	-2473.6177 	-0.0208091735839844 	0 	75.783112 	0 	0 	0 	720 	800 	800 	5789 	-320693 	90761 	-370000 	0 	0 	0 	0 	0 	0 	31 	13 	3587129371 	320741 	320741 	0 	0 	0 	0 	0 	-1239.3699 	1530 	1530 	0 	0 	0 	0 	0 	-108.30963 	90760.9950752258 	90761 	0 	0 	0 	0 	0.00492477416992188 	73.858841 	370000 	370000 	0 	0 	0 	0 	0 	-894.0567 	0 	0 	25.0004235655132 	0 	-50001.6935313222 	0 	0 	-2473.6177 	-0.0208091735839844 	0 	0 	0 	42916.7971683646 	0 	0.0208091735839844 	75.783112 	0 	0 	0 	720 	800 	800 	5789 	-320693 	90761 	-370000 	0 	0 	0 	0 	0 	0 	31 	13 	
3587129381 	320741 	320741 	-1239.3699 	1530 	1530 	-108.30963 	90760.9950752258 	90761 	73.858841 	370000 	370000 	-894.0567 	0 	0 	-2473.6177 	0.00064849853515625 	0 	75.783112 	0 	0 	0 	720 	800 	800 	5789 	-320693 	90761 	-370000 	0 	0 	0 	0 	0 	0 	31 	13 	3587129381 	320741 	320741 	0 	0 	0 	0 	0 	-1239.3699 	1530 	1530 	0 	0 	0 	0 	0 	-108.30963 	90760.9950752258 	90761 	0 	0 	0 	0 	0.00492477416992188 	73.858841 	370000 	370000 	0 	0 	0 	0 	0 	-894.0567 	0 	0 	0 	0 	0 	0 	0 	-2473.6177 	0.00064849853515625 	0 	0 	0 	-42916.7971683646 	0 	-0.00064849853515625 	75.783112 	0 	0 	0 	720 	800 	800 	5789 	-320693 	90761 	-370000 	0 	0 	0 	0 	0 	0 	31 	13 	
3587129391 	320741 	320741 	-1239.3699 	1530 	1530 	-108.30963 	90760.9950752258 	90761 	73.858841 	370000 	370000 	-894.0567 	0 	0 	-2473.6177 	-0.0208091735839844 	0 	75.783112 	0 	0 	0 	720 	800 	800 	5789 	-320693 	90761 	-370000 	0 	0 	0 	0 	0 	0 	31 	13 	3587129391 	320741 	320741 	0 	0 	0 	0 	0 	-1239.3699 	1530 	1530 	0 	0 	0 	0 	0 	-108.30963 	90760.9950752258 	90761 	10.7290176742936 	0 	21458.3985841823 	0 	0.00492477416992188 	73.858841 	370000 	370000 	0 	0 	0 	0 	0 	-894.0567 	0 	0 	0 	0 	0 	0 	0 	-2473.6177 	-0.0208091735839844 	0 	0 	0 	42916.7971683646 	0 	0.0208091735839844 	75.783112 	0 	0 	0 	720 	800 	800 	5789 	-320693 	90761 	-370000 	0 	0 	0 	0 	0 	0 	31 	13 	
3587129401 	320741 	320741 	-1239.3699 	1530 	1530 	-108.30963 	90761.0165328979 	90761 	73.858841 	370000 	370000 	-894.0567 	0 	0 	-2473.6177 	0.00064849853515625 	0 	75.783112 	0 	0 	0 	720 	800 	800 	5789 	-320693 	90761 	-370000 	0 	0 	0 	0 	0 	0 	31 	13 	3587129401 	320741 	320741 	0 	0 	0 	0 	0 	-1239.3699 	1530 	1530 	0 	0 	0 	0 	0 	-108.30963 	90761.0165328979 	90761 	10.7290176742936 	0 	-21458.3985841823 	0 	-0.0165328979492188 	73.858841 	370000 	370000 	0 	0 	0 	0 	0 	-894.0567 	0 	0 	0 	0 	0 	0 	0 	-2473.6177 	0.00064849853515625 	0 	0 	0 	-42916.7971683646 	0 	-0.00064849853515625 	75.783112 	0 	0 	0 	720 	800 	800 	5789 	-320693 	90761 	-370000 	0 	0 	0 	0 	0 	0 	31 	13 	
3587129411 	320741 	320741 	-1239.3699 	1530 	1530 	-108.30963 	90761.0165328979 	90761 	73.858841 	370000 	370000 	-894.0567 	0 	0 	-2473.6177 	-0.0208091735839844 	0 	75.783112 	0 	0 	0 	720 	800 	800 	5789 	-320693 	90761 	-370000 	0 	0 	0 	0 	0 	0 	31 	13 	3587129411 	320741 	320741 	0 	0 	0 	0 	0 	-1239.3699 	1530 	1530 	0 	0 	0 	0 	0 	-108.30963 	90761.0165328979 	90761 	-10.7290176742936 	0 	-21458.3985841823 	0 	-0.0165328979492188 	73.858841 	370000 	370000 	0 	0 	0 	0 	0 	-894.0567 	0 	0 	0 	0 	0 	0 	0 	-2473.6177 	-0.0208091735839844 	0 	0 	0 	42916.7971683646 	0 	0.0208091735839844 	75.783112 	0 	0 	0 	720 	800 	800 	5789 	-320693 	90761 	-370000 	0 	0 	0 	0 	0 	0 	31 	13 	
3587129421 	320741 	320741 	-1239.3699 	1530 	1530 	-108.30963 	90760.9950752258 	90761 	73.858841 	370000 	370000 	-894.0567 	0 	0 	-2473.6177 	0.00064849853515625 	0 	75.783112 	0 	0 	0 	720 	800 	800 	5789 	-320693 	90761 	-370000 	0 	0 	0 	0 	0 	0 	0 	13 	3587129421 	320741 	320741 	0 	0 	0 	0 	0 	-1239.3699 	1530 	1530 	0 	0 	0 	0 	0 	-108.30963 	90760.9950752258 	90761 	-10.7290176742936 	0 	21458.3985841823 	0 	0.00492477416992188 	73.858841 	370000 	370000 	0 	0 	0 	0 	0 	-894.0567 	0 	0 	0 	0 	0 	0 	0 	-2473.6177 	0.00064849853515625 	0 	21.4580353485871 	0 	0 	0 	-0.00064849853515625 	75.783112 	0 	0 	0 	720 	800 	800 	5789 	-320693 	90761 	-370000 	0 	0 	0 	0 	0 	0 	0 	13 	
3587129431 	320741 	320741 	-1239.3699 	1530 	1530 	-108.30963 	90760.9950752258 	90761 	73.858841 	370000 	370000 	-894.0567 	0 	0 	-2473.6177 	0.0221061706542969 	0 	75.783112 	0 	0 	0 	720 	800 	800 	5789 	-320693 	90761 	-370000 	0 	0 	0 	0 	0 	0 	0 	13 	3587129431 	320741 	320741 	0 	0 	0 	0 	0 	-1239.3699 	1530 	1530 	0 	0 	0 	0 	0 	-108.30963 	90760.9950752258 	90761 	0 	0 	0 	0 	0.00492477416992188 	73.858841 	370000 	370000 	0 	0 	0 	0 	0 	-894.0567 	0 	0 	0 	0 	0 	0 	0 	-2473.6177 	0.0221061706542969 	0 	0 	0 	-42916.7971683646 	0 	-0.0221061706542969 	75.783112 	0 	0 	0 	720 	800 	800 	5789 	-320693 	90761 	-370000 	0 	0 	0 	0 	0 	0 	0 	13 	
3587129441 	320741 	320741 	-1239.3699 	1530 	1530 	-108.30963 	90760.9950752258 	90761 	73.858841 	370000 	370000 	-894.0567 	0 	0 	-2473.6177 	0.00064849853515625 	0 	75.783112 	0 	0 	0 	720 	800 	800 	5789 	-320693 	90761 	-370000 	0 	0 	0 	0 	0 	0 	0 	13 	3587129441 	320741 	320741 	0 	0 	0 	0 	0 	-1239.3699 	1530 	1530 	0 	0 	0 	0 	0 	-108.30963 	90760.9950752258 	90761 	10.7290176742936 	0 	21458.3985841823 	0 	0.00492477416992188 	73.858841 	370000 	370000 	0 	0 	0 	0 	0 	-894.0567 	0 	0 	0 	0 	0 	0 	0 	-2473.6177 	0.00064849853515625 	0 	0 	0 	42916.7971683646 	0 	-0.00064849853515625 	75.783112 	0 	0 	0 	720 	800 	800 	5789 	-320693 	90761 	-370000 	0 	0 	0 	0 	0 	0 	0 	13 	
3587129451 	320741 	320741 	-1239.3699 	1530 	1530 	-108.30963 	90761.0165328979 	90761 	73.858841 	370000 	370000 	-894.0567 	0 	0 	-2473.6177 	0.0221061706542969 	0 	75.783112 	0 	0 	0 	720 	800 	800 	5789 	-320693 	90761 	-370000 	0 	0 	0 	0 	0 	0 	0 	13 	3587129451 	320741 	320741 	0 	0 	0 	0 	0 	-1239.3699 	1530 	1530 	0 	0 	0 	0 	0 	-108.30963 	90761.0165328979 	90761 	0 	0 	-42916.7971683646 	0 	-0.0165328979492188 	73.858841 	370000 	370000 	0 	0 	0 	0 	0 	-894.0567 	0 	0 	0 	0 	0 	0 	0 	-2473.6177 	0.0221061706542969 	0 	10.7290176742936 	0 	-21458.3985841823 	0 	-0.0221061706542969 	75.783112 	0 	0 	0 	720 	800 	800 	5789 	-320693 	90761 	-370000 	0 	0 	0 	0 	0 	0 	0 	13 	
3587129461 	320741 	320741 	-1239.3699 	1530 	1530 	-108.30963 	90760.9950752258 	90761 	73.858841 	370000 	370000 	-894.0567 	0 	0 	-2473.6177 	0.0221061706542969 	0 	75.783112 	0 	0 	0 	720 	800 	800 	5789 	-320693 	90761 	-370000 	0 	0 	0 	0 	0 	0 	0 	13 	3587129461 	320741 	320741 	0 	0 	0 	0 	0 	-1239.3699 	1530 	1530 	0 	0 	0 	0 	0 	-108.30963 	90760.9950752258 	90761 	-10.7290176742936 	0 	21458.3985841823 	0 	0.00492477416992188 	73.858841 	370000 	370000 	0 	0 	0 	0 	0 	-894.0567 	0 	0 	0 	0 	0 	0 	0 	-2473.6177 	0.0221061706542969 	0 	-10.7290176742936 	0 	-21458.3985841823 	0 	-0.0221061706542969 	75.783112 	0 	0 	0 	720 	800 	800 	5789 	-320693 	90761 	-370000 	0 	0 	0 	0 	0 	0 	0 	13 	
3587129471 	320741 	320741 	-1239.3699 	1530 	1530 	-108.30963 	90760.9950752258 	90761 	73.858841 	370000 	370000 	-894.0567 	0 	0 	-2473.6177 	0.00064849853515625 	0 	75.783112 	0 	0 	0 	720 	800 	800 	5789 	-320693 	90761 	-370000 	0 	0 	0 	0 	0 	0 	0 	13 	3587129471 	320741 	320741 	-25.0004233326786 	0 	-50001.6930656452 	0 	0 	-1239.3699 	1530 	1530 	0 	0 	0 	0 	0 	-108.30963 	90760.9950752258 	90761 	-10.7290176742936 	0 	-21458.3985841823 	0 	0.00492477416992188 	73.858841 	370000 	370000 	0 	0 	0 	0 	0 	-894.0567 	0 	0 	0 	0 	0 	0 	0 	-2473.6177 	0.00064849853515625 	0 	-10.7290176742936 	0 	21458.3985841823 	0 	-0.00064849853515625 	75.783112 	0 	0 	0 	720 	800 	800 	5789 	-320693 	90761 	-370000 	0 	0 	0 	0 	0 	0 	0 	13 	
3587129481 	320740.95 	320741 	-1239.3699 	1530 	1530 	-108.30963 	90760.9736175537 	90761 	73.858841 	370000 	370000 	-894.0567 	0 	0 	-2473.6177 	0.00064849853515625 	0 	75.783112 	0 	0 	0 	720 	800 	800 	5789 	-320693 	90761 	-370000 	0 	0 	0 	0 	0 	0 	0 	13 	3587129481 	320740.95 	320741 	0 	0 	100003.38613129 	0 	0.0500000002793968 	-1239.3699 	1530 	1530 	0 	0 	0 	0 	0 	-108.30963 	90760.9736175537 	90761 	-10.7290176742936 	0 	21458.3985841823 	0 	0.0263824462890625 	73.858841 	370000 	370000 	0 	0 	0 	0 	0 	-894.0567 	0 	0 	0 	0 	0 	0 	0 	-2473.6177 	0.00064849853515625 	0 	0 	0 	0 	0 	-0.00064849853515625 	75.783112 	0 	0 	0 	720 	800 	800 	5789 	-320693 	90761 	-370000 	0 	0 	0 	0 	0 	0 	0 	13 	
3587129491 	320741 	320741 	-1239.3699 	1530 	1530 	-108.30963 	90760.9736175537 	90761 	73.858841 	370000 	370000 	-894.0567 	0 	0 	-2473.6177 	0.00064849853515625 	0 	75.783112 	0 	0 	0 	720 	800 	800 	5789 	-320693 	90761 	-370000 	0 	0 	0 	0 	0 	0 	0 	13 	3587129491 	320741 	320741 	25.0004233326786 	0 	-50001.6930656452 	0 	0 	-1239.3699 	1530 	1530 	-25.0004232162614 	0 	-50001.6928328067 	0 	0 	-108.30963 	90760.9736175537 	90761 	10.7290176742936 	0 	21458.3985841823 	0 	0.0263824462890625 	73.858841 	370000 	370000 	0 	0 	0 	0 	0 	-894.0567 	0 	0 	0 	0 	0 	0 	0 	-2473.6177 	0.00064849853515625 	0 	0 	0 	0 	0 	-0.00064849853515625 	75.783112 	0 	0 	0 	720 	800 	800 	5789 	-320693 	90761 	-370000 	0 	0 	0 	0 	0 	0 	0 	13 	
3587129501 	320741 	320741 	-1239.3699 	1529.94999999995 	1530 	-108.30963 	90760.9950752258 	90761 	73.858841 	370000 	370000 	-894.0567 	0 	0 	-2473.6177 	0.00064849853515625 	0 	75.783112 	0 	0 	0 	720 	800 	800 	5789 	-320693 	90761 	-370000 	0 	0 	0 	0 	0 	0 	0 	13 	3587129501 	320741 	320741 	0 	0 	0 	0 	0 	-1239.3699 	1529.94999999995 	1530 	0 	0 	100003.385665613 	0 	0.0500000000465661 	-108.30963 	90760.9950752258 	90761 	10.7290176742936 	0 	-21458.3985841823 	0 	0.00492477416992188 	73.858841 	370000 	370000 	0 	0 	0 	0 	0 	-894.0567 	0 	0 	0 	0 	0 	0 	0 	-2473.6177 	0.00064849853515625 	0 	0 	0 	0 	0 	-0.00064849853515625 	75.783112 	0 	0 	0 	720 	800 	800 	5789 	-320693 	90761 	-370000 	0 	0 	0 	0 	0 	0 	0 	13 	
3587129511 	320741 	320741 	-1239.3699 	1530 	1530 	-108.30963 	90760.9950752258 	90761 	73.858841 	370000 	370000 	-894.0567 	0 	0 	-2473.6177 	0.00064849853515625 	0 	75.783112 	0 	0 	0 	720 	800 	800 	5789 	-320693 	90761 	-370000 	0 	0 	0 	0 	0 	0 	0 	13 	3587129511 	320741 	320741 	0 	0 	0 	0 	0 	-1239.3699 	1530 	1530 	25.0004232162614 	0 	-50001.6928328067 	0 	0 	-108.30963 	90760.9950752258 	90761 	0 	0 	0 	0 	0.00492477416992188 	73.858841 	370000 	370000 	0 	0 	0 	0 	0 	-894.0567 	0 	0 	0 	0 	0 	0 	0 	-2473.6177 	0.00064849853515625 	0 	0 	0 	0 	0 	-0.00064849853515625 	75.783112 	0 	0 	0 	720 	800 	800 	5789 	-320693 	90761 	-370000 	0 	0 	0 	0 	0 	0 	0 	13 	
3587129521 	320741 	320741 	-1239.3699 	1530 	1530 	-108.30963 	90760.9950752258 	90761 	73.858841 	370000 	370000 	-894.0567 	0 	0 	-2473.6177 	0.00064849853515625 	0 	75.783112 	0 	0 	0 	720 	800 	800 	5789 	-320693 	90761 	-370000 	0 	0 	0 	0 	0 	0 	0 	13 	3587129521 	320741 	320741 	0 	0 	0 	0 	0 	-1239.3699 	1530 	1530 	0 	0 	0 	0 	0 	-108.30963 	90760.9950752258 	90761 	-10.7290176742936 	0 	-21458.3985841823 	0 	0.00492477416992188 	73.858841 	370000 	370000 	0 	0 	0 	0 	0 	-894.0567 	0 	0 	0 	0 	0 	0 	0 	-2473.6177 	0.00064849853515625 	0 	0 	0 	0 	0 	-0.00064849853515625 	75.783112 	0 	0 	0 	720 	800 	800 	5789 	-320693 	90761 	-370000 	0 	0 	0 	0 	0 	0 	0 	13 	
3587129531 	320741 	320741 	-1239.3699 	1530 	1530 	-108.30963 	90760.9736175537 	90761 	73.858841 	370000 	370000 	-894.0567 	0 	0 	-2473.6177 	0.00064849853515625 	0 	75.783112 	0 	0 	0 	720 	800 	800 	5789 	-320693 	90761 	-370000 	0 	0 	0 	0 	0 	0 	0 	13 	3587129531 	320741 	320741 	0 	0 	0 	0 	0 	-1239.3699 	1530 	1530 	0 	0 	0 	0 	0 	-108.30963 	90760.9736175537 	90761 	0 	0 	42916.7971683646 	0 	0.0263824462890625 	73.858841 	370000 	370000 	0 	0 	0 	0 	0 	-894.0567 	0 	0 	25.0004230998441 	0 	50001.6925999681 	0 	0 	-2473.6177 	0.00064849853515625 	0 	0 	0 	0 	0 	-0.00064849853515625 	75.783112 	0 	0 	0 	720 	800 	800 	5789 	-320693 	90761 	-370000 	0 	0 	0 	0 	0 	0 	0 	13 	
3587129541 	320741 	320741 	-1239.3699 	1530 	1530 	-108.30963 	90760.9950752258 	90761 	73.858841 	370000 	370000 	-894.0567 	0.0499999998137355 	0 	-2473.6177 	0.00064849853515625 	0 	75.783112 	0 	0 	0 	720 	800 	800 	5789 	-320693 	90761 	-370000 	0 	0 	0 	0 	-13 	0 	0 	13 	3587129541 	320741 	320741 	0 	0 	0 	0 	0 	-1239.3699 	1530 	1530 	0 	0 	0 	0 	0 	-108.30963 	90760.9950752258 	90761 	10.7290176742936 	0 	-21458.3985841823 	0 	0.00492477416992188 	73.858841 	370000 	370000 	0 	0 	0 	0 	0 	-894.0567 	0.0499999998137355 	0 	25.0004230998441 	0 	-50001.6925999681 	0 	-0.0499999998137355 	-2473.6177 	0.00064849853515625 	0 	10.7290176742936 	0 	21458.3985841823 	0 	-0.00064849853515625 	75.783112 	0 	0 	0 	720 	800 	800 	5789 	-320693 	90761 	-370000 	0 	0 	0 	0 	-13 	0 	0 	13 	
3587129551 	320741 	320741 	-1239.3699 	1530 	1530 	-108.30963 	90760.9950752258 	90761 	73.858841 	370000 	370000 	-894.0567 	0.0499999998137355 	0 	-2473.6177 	0.0221061706542969 	0 	75.783112 	0 	0 	0 	720 	800 	800 	5789 	-320693 	90761 	-370000 	0 	0 	0 	0 	-13 	0 	0 	13 	3587129551 	320741 	320741 	0 	0 	0 	0 	0 	-1239.3699 	1530 	1530 	0 	0 	0 	0 	0 	-108.30963 	90760.9950752258 	90761 	0 	0 	0 	0 	0.00492477416992188 	73.858841 	370000 	370000 	0 	0 	0 	0 	0 	-894.0567 	0.0499999998137355 	0 	-25.0004230998441 	0 	-50001.6925999681 	0 	-0.0499999998137355 	-2473.6177 	0.0221061706542969 	0 	0 	0 	-42916.7971683646 	0 	-0.0221061706542969 	75.783112 	0 	0 	0 	720 	800 	800 	5789 	-320693 	90761 	-370000 	0 	0 	0 	0 	-13 	0 	0 	13 	
3587129561 	320741 	320741 	-1239.3699 	1530 	1530 	-108.30963 	90760.9950752258 	90761 	73.858841 	370000 	370000 	-894.0567 	0 	0 	-2473.6177 	0.00064849853515625 	0 	75.783112 	0 	0 	0 	720 	800 	800 	5789 	-320693 	90761 	-370000 	0 	0 	0 	0 	-13 	0 	0 	13 	3587129561 	320741 	320741 	0 	0 	0 	0 	0 	-1239.3699 	1530 	1530 	0 	0 	0 	0 	0 	-108.30963 	90760.9950752258 	90761 	10.7290176742936 	0 	21458.3985841823 	0 	0.00492477416992188 	73.858841 	370000 	370000 	0 	0 	0 	0 	0 	-894.0567 	0 	0 	-25.0004230998441 	0 	50001.6925999681 	0 	0 	-2473.6177 	0.00064849853515625 	0 	-10.7290176742936 	0 	21458.3985841823 	0 	-0.00064849853515625 	75.783112 	0 	0 	0 	720 	800 	800 	5789 	-320693 	90761 	-370000 	0 	0 	0 	0 	-13 	0 	0 	13 	
3587129571 	320741 	320741 	-1239.3699 	1530 	1530 	-108.30963 	90761.0165328979 	90761 	73.858841 	370000 	370000 	-894.0567 	0 	0 	-2473.6177 	0.00064849853515625 	0 	75.783112 	0 	0 	0 	720 	800 	800 	5789 	-320693 	90761 	-370000 	0 	0 	0 	0 	-13 	0 	0 	13 	3587129571 	320741 	320741 	0 	0 	0 	0 	0 	-1239.3699 	1530 	1530 	0 	0 	0 	0 	0 	-108.30963 	90761.0165328979 	90761 	0 	0 	-42916.7971683646 	0 	-0.0165328979492188 	73.858841 	370000 	370000 	0 	0 	0 	0 	0 	-894.0567 	0 	0 	0 	0 	0 	0 	0 	-2473.6177 	0.00064849853515625 	0 	0 	0 	0 	0 	-0.00064849853515625 	75.783112 	0 	0 	0 	720 	800 	800 	5789 	-320693 	90761 	-370000 	0 	0 	0 	0 	-13 	0 	0 	13 	
3587129581 	320741 	320741 	-1239.3699 	1530 	1530 	-108.30963 	90760.9950752258 	90761 	73.858841 	370000 	370000 	-894.0567 	0 	0 	-2473.6177 	0.00064849853515625 	0 	75.783112 	0 	0 	0 	720 	800 	800 	5789 	-320693 	90761 	-370000 	0 	0 	0 	0 	-13 	0 	0 	13 	3587129581 	320741 	320741 	-25.0004233326786 	0 	-50001.6930656452 	0 	0 	-1239.3699 	1530 	1530 	0 	0 	0 	0 	0 	-108.30963 	90760.9950752258 	90761 	-10.7290176742936 	0 	21458.3985841823 	0 	0.00492477416992188 	73.858841 	370000 	370000 	0 	0 	0 	0 	0 	-894.0567 	0 	0 	0 	0 	0 	0 	0 	-2473.6177 	0.00064849853515625 	0 	0 	0 	0 	0 	-0.00064849853515625 	75.783112 	0 	0 	0 	720 	800 	800 	5789 	-320693 	90761 	-370000 	0 	0 	0 	0 	-13 	0 	0 	13 	
3587129591 	320740.95 	320741 	-1239.3699 	1530 	1530 	-108.30963 	90760.9950752258 	90761 	73.858841 	370000 	370000 	-894.0567 	0 	0 	-2473.6177 	0.00064849853515625 	0 	75.783112 	0 	0 	0 	720 	800 	800 	5789 	-320693 	90761 	-370000 	0 	0 	0 	0 	-13 	0 	0 	0 	3587129591 	320740.95 	320741 	0 	0 	100003.38613129 	0 	0.0500000002793968 	-1239.3699 	1530 	1530 	0 	0 	0 	0 	0 	-108.30963 	90760.9950752258 	90761 	10.7290176742936 	0 	21458.3985841823 	0 	0.00492477416992188 	73.858841 	370000 	370000 	0 	0 	0 	0 	0 	-894.0567 	0 	0 	0 	0 	0 	0 	0 	-2473.6177 	0.00064849853515625 	0 	0 	0 	0 	0 	-0.00064849853515625 	75.783112 	0 	0 	0 	720 	800 	800 	5789 	-320693 	90761 	-370000 	0 	0 	0 	0 	-13 	0 	0 	0 	
3587129601 	320741 	320741 	-1239.3699 	1530 	1530 	-108.30963 	90761.0165328979 	90761 	73.858841 	370000 	370000 	-894.0567 	0 	0 	-2473.6177 	0.00064849853515625 	0 	75.783112 	0 	0 	0 	720 	800 	800 	5789 	-320693 	90761 	-370000 	0 	0 	0 	0 	-13 	0 	0 	0 	3587129601 	320741 	320741 	25.0004233326786 	0 	-50001.6930656452 	0 	0 	-1239.3699 	1530 	1530 	0 	0 	0 	0 	0 	-108.30963 	90761.0165328979 	90761 	0 	0 	-42916.7971683646 	0 	-0.0165328979492188 	73.858841 	370000 	370000 	0 	0 	0 	0 	0 	-894.0567 	0 	0 	0 	0 	0 	0 	0 	-2473.6177 	0.00064849853515625 	0 	0 	0 	0 	0 	-0.00064849853515625 	75.783112 	0 	0 	0 	720 	800 	800 	5789 	-320693 	90761 	-370000 	0 	0 	0 	0 	-13 	0 	0 	0 	
3587129611 	320741 	320741 	-1239.3699 	1530 	1530 	-108.30963 	90760.9950752258 	90761 	73.858841 	370000 	370000 	-894.0567 	0 	0 	-2473.6177 	0.00064849853515625 	0 	75.783112 	0 	0 	0 	720 	800 	800 	5789 	-320693 	90761 	-370000 	0 	0 	0 	0 	-13 	0 	0 	0 	3587129611 	320741 	320741 	0 	0 	0 	0 	0 	-1239.3699 	1530 	1530 	0 	0 	0 	0 	0 	-108.30963 	90760.9950752258 	90761 	-10.7290176742936 	0 	21458.3985841823 	0 	0.00492477416992188 	73.858841 	370000 	370000 	0 	0 	0 	0 	0 	-894.0567 	0 	0 	0 	0 	0 	0 	0 	-2473.6177 	0.00064849853515625 	0 	10.7290176742936 	0 	21458.3985841823 	0 	-0.00064849853515625 	75.783112 	0 	0 	0 	720 	800 	800 	5789 	-320693 	90761 	-370000 	0 	0 	0 	0 	-13 	0 	0 	0 	
3587129621 	320741 	320741 	-1239.3699 	1530 	1530 	-108.30963 	90760.9950752258 	90761 	73.858841 	370000 	370000 	-894.0567 	0 	0 	-2473.6177 	0.0221061706542969 	0 	75.783112 	0 	0 	0 	720 	800 	800 	5789 	-320693 	90761 	-370000 	0 	0 	0 	0 	-13 	0 	0 	0 	3587129621 	320741 	320741 	0 	0 	0 	0 	0 	-1239.3699 	1530 	1530 	0 	0 	0 	0 	0 	-108.30963 	90760.9950752258 	90761 	10.7290176742936 	0 	21458.3985841823 	0 	0.00492477416992188 	73.858841 	370000 	370000 	0 	0 	0 	0 	0 	-894.0567 	0 	0 	0 	0 	0 	0 	0 	-2473.6177 	0.0221061706542969 	0 	-10.7290176742936 	0 	-64375.1957525469 	0 	-0.0221061706542969 	75.783112 	0 	0 	0 	720 	800 	800 	5789 	-320693 	90761 	-370000 	0 	0 	0 	0 	-13 	0 	0 	0 	
3587129631 	320741 	320741 	-1239.3699 	1530 	1530 	-108.30963 	90761.0165328979 	90761 	73.858841 	370000 	370000 	-894.0567 	0 	0 	-2473.6177 	-0.0208091735839844 	0 	75.783112 	0 	0 	0 	720 	800 	800 	5789 	-320693 	90761 	-370000 	0 	0 	0 	0 	-13 	0 	0 	0 	3587129631 	320741 	320741 	0 	0 	0 	0 	0 	-1239.3699 	1530 	1530 	0 	0 	0 	0 	0 	-108.30963 	90761.0165328979 	90761 	10.7290176742936 	0 	-21458.3985841823 	0 	-0.0165328979492188 	73.858841 	370000 	370000 	0 	0 	0 	0 	0 	-894.0567 	0 	0 	0 	0 	0 	0 	0 	-2473.6177 	-0.0208091735839844 	0 	-10.7290176742936 	0 	64375.1957525469 	0 	0.0208091735839844 	75.783112 	0 	0 	0 	720 	800 	800 	5789 	-320693 	90761 	-370000 	0 	0 	0 	0 	-13 	0 	0 	0 	
3587129641 	320741 	320741 	-1239.3699 	1530 	1530 	-108.30963 	90761.0165328979 	90761 	73.858841 	370000 	370000 	-894.0567 	0 	0 	-2473.6177 	0.00064849853515625 	0 	75.783112 	0 	0 	0 	720 	800 	800 	5789 	-320693 	90761 	-370000 	0 	0 	0 	0 	-13 	0 	0 	0 	3587129641 	320741 	320741 	0 	0 	0 	0 	0 	-1239.3699 	1530 	1530 	25.000423187157 	0 	50001.692774597 	0 	0 	-108.30963 	90761.0165328979 	90761 	0 	0 	0 	0 	-0.0165328979492188 	73.858841 	370000 	370000 	0 	0 	0 	0 	0 	-894.0567 	0 	0 	0 	0 	0 	0 	0 	-2473.6177 	0.00064849853515625 	0 	10.7290176742936 	0 	-21458.3985841823 	0 	-0.00064849853515625 	75.783112 	0 	0 	0 	720 	800 	800 	5789 	-320693 	90761 	-370000 	0 	0 	0 	0 	-13 	0 	0 	0 	
3587129651 	320741 	320741 	-1239.3699 	1530.04999999999 	1530 	-108.30963 	90761.0165328979 	90761 	73.858841 	370000 	370000 	-894.0567 	0 	0 	-2473.6177 	0.00064849853515625 	0 	75.783112 	0 	0 	0 	720 	800 	800 	5789 	-320693 	90761 	-370000 	0 	0 	0 	0 	-13 	0 	0 	0 	3587129651 	320741 	320741 	0 	0 	0 	0 	0 	-1239.3699 	1530.04999999999 	1530 	0 	0 	-100003.385549194 	0 	-0.0499999999883585 	-108.30963 	90761.0165328979 	90761 	-21.4580353485871 	0 	-42916.7971683646 	0 	-0.0165328979492188 	73.858841 	370000 	370000 	0 	0 	0 	0 	0 	-894.0567 	0 	0 	0 	0 	0 	0 	0 	-2473.6177 	0.00064849853515625 	0 	0 	0 	0 	0 	-0.00064849853515625 	75.783112 	0 	0 	0 	720 	800 	800 	5789 	-320693 	90761 	-370000 	0 	0 	0 	0 	-13 	0 	0 	0 	
3587129661 	320741 	320741 	-1239.3699 	1530 	1530 	-108.30963 	90760.9736175537 	90761 	73.858841 	370000 	370000 	-894.0567 	0 	0 	-2473.6177 	0.00064849853515625 	0 	75.783112 	0 	0 	0 	720 	800 	800 	5789 	-320693 	90761 	-370000 	0 	0 	0 	0 	-13 	0 	0 	0 	3587129661 	320741 	320741 	0 	0 	0 	0 	0 	-1239.3699 	1530 	1530 	-25.000423187157 	0 	50001.692774597 	0 	0 	-108.30963 	90760.9736175537 	90761 	-21.4580353485871 	0 	42916.7971683646 	0 	0.0263824462890625 	73.858841 	370000 	370000 	0 	0 	0 	0 	0 	-894.0567 	0 	0 	0 	0 	0 	0 	0 	-2473.6177 	0.00064849853515625 	0 	0 	0 	0 	0 	-0.00064849853515625 	75.783112 	0 	0 	0 	720 	800 	800 	5789 	-320693 	90761 	-370000 	0 	0 	0 	0 	-13 	0 	0 	0 	
3587129671 	320741 	320741 	-1239.3699 	1530 	1530 	-108.30963 	90760.9736175537 	90761 	73.858841 	370000 	370000 	-894.0567 	0 	0 	-2473.6177 	0.00064849853515625 	0 	75.783112 	0 	0 	0 	720 	800 	800 	5789 	-320693 	90761 	-370000 	0 	0 	0 	0 	-13 	0 	0 	0 	3587129671 	320741 	320741 	0 	0 	0 	0 	0 	-1239.3699 	1530 	1530 	0 	0 	0 	0 	0 	-108.30963 	90760.9736175537 	90761 	10.7290176742936 	0 	21458.3985841823 	0 	0.0263824462890625 	73.858841 	370000 	370000 	0 	0 	0 	0 	0 	-894.0567 	0 	0 	0 	0 	0 	0 	0 	-2473.6177 	0.00064849853515625 	0 	0 	0 	0 	0 	-0.00064849853515625 	75.783112 	0 	0 	0 	720 	800 	800 	5789 	-320693 	90761 	-370000 	0 	0 	0 	0 	-13 	0 	0 	0 	
3587129681 	320741 	320741 	-1239.3699 	1530 	1530 	-108.30963 	90760.9950752258 	90761 	73.858841 	370000 	370000 	-894.0567 	0 	0 	-2473.6177 	0.00064849853515625 	0 	75.783112 	0 	0 	0 	720 	800 	800 	5789 	-320693 	90761 	-370000 	0 	0 	0 	0 	-13 	0 	0 	0 	3587129681 	320741 	320741 	0 	0 	0 	0 	0 	-1239.3699 	1530 	1530 	0 	0 	0 	0 	0 	-108.30963 	90760.9950752258 	90761 	21.4580353485871 	0 	0 	0 	0.00492477416992188 	73.858841 	370000 	370000 	0 	0 	0 	0 	0 	-894.0567 	0 	0 	0 	0 	0 	0 	0 	-2473.6177 	0.00064849853515625 	0 	0 	0 	0 	0 	-0.00064849853515625 	75.783112 	0 	0 	0 	720 	800 	800 	5789 	-320693 	90761 	-370000 	0 	0 	0 	0 	-13 	0 	0 	0 	
3587129691 	320741 	320741 	-1239.3699 	1530 	1530 	-108.30963 	90761.0165328979 	90761 	73.858841 	370000 	370000 	-894.0567 	0 	0 	-2473.6177 	0.00064849853515625 	0 	75.783112 	0 	0 	0 	720 	800 	800 	5789 	-320693 	90761 	-370000 	0 	0 	0 	0 	-13 	0 	0 	0 	3587129691 	320741 	320741 	0 	0 	0 	0 	0 	-1239.3699 	1530 	1530 	0 	0 	0 	0 	0 	-108.30963 	90761.0165328979 	90761 	21.4580353485871 	0 	0 	0 	-0.0165328979492188 	73.858841 	370000 	370000 	0 	0 	0 	0 	0 	-894.0567 	0 	0 	0 	0 	0 	0 	0 	-2473.6177 	0.00064849853515625 	0 	0 	0 	0 	0 	-0.00064849853515625 	75.783112 	0 	0 	0 	720 	800 	800 	5789 	-320693 	90761 	-370000 	0 	0 	0 	0 	-13 	0 	0 	0 	
